paper_id,method_id,method_structure,lineage,dataset,dataset_version,config_label,outcome,raw_score,random_ref,human_ref,env_steps,replay_ratio,batch_size,learning_rate,n_step,discount,hidden_dim,num_layers,imagination_horizon,num_simulations,model_params,n_seeds,eval_episodes,sticky_actions,data_augmentation,checkpoint_selection,source,value_type,notes
1903.00374,SimPLe,"[""encode@input"", ""predict@distribution"", ""reconstruct@distribution"", ""sample@latent""]",world_model_imagination,alien,atari100k,main,6.223,616.9,184.8,7128.0,102400,missing,missing,missing,not_applicable,0.99,missing,missing,50,not_applicable,74,5,missing,no,missing,last,arXiv:1903.00374 Table 2 [SimPLe] game as printed: Alien; refs Table 2,derived_hns_from_reported_mean,"raw score; mean (std) over 5 training runs; Table 3 'SimPLe' column repeats the 'Ours, SD long' numbers"
1903.00374,SimPLe,"[""encode@input"", ""predict@distribution"", ""reconstruct@distribution"", ""sample@latent""]",world_model_imagination,amidar,atari100k,main,3.659,74.3,11.8,1720.0,102400,missing,missing,missing,not_applicable,0.99,missing,missing,50,not_applicable,74,5,missing,no,missing,last,arXiv:1903.00374 Table 2 [SimPLe] game as printed: Amidar; refs Table 2,derived_hns_from_reported_mean,"raw score; mean (std) over 5 training runs; Table 3 'SimPLe' column repeats the 'Ours, SD long' numbers"
1903.00374,SimPLe,"[""encode@input"", ""predict@distribution"", ""reconstruct@distribution"", ""sample@latent""]",world_model_imagination,assault,atari100k,main,57.741,527.2,233.7,742.0,102400,missing,missing,missing,not_applicable,0.99,missing,missing,50,not_applicable,74,5,missing,no,missing,last,arXiv:1903.00374 Table 2 [SimPLe] game as printed: Assault; refs Table 2,derived_hns_from_reported_mean,"raw score; mean (std) over 5 training runs; Table 3 'SimPLe' column repeats the 'Ours, SD long' numbers"
1903.00374,SimPLe,"[""encode@input"", ""predict@distribution"", ""reconstruct@distribution"", ""sample@latent""]",world_model_imagination,asterix,atari100k,main,10.655,1128.3,248.8,8503.0,102400,missing,missing,missing,not_applicable,0.99,missing,missing,50,not_applicable,74,5,missing,no,missing,last,arXiv:1903.00374 Table 2 [SimPLe] game as printed: Asterix; refs Table 2,derived_hns_from_reported_mean,"raw score; mean (std) over 5 training runs; Table 3 'SimPLe' column repeats the 'Ours, SD long' numbers"
1903.00374,SimPLe,"[""encode@input"", ""predict@distribution"", ""reconstruct@distribution"", ""sample@latent""]",world_model_imagination,bankheist,atari100k,main,2.602,34.2,15.0,753.0,102400,missing,missing,missing,not_applicable,0.99,missing,missing,50,not_applicable,74,5,missing,no,missing,last,arXiv:1903.00374 Table 2 [SimPLe] game as printed: BankHeist; refs Table 2,derived_hns_from_reported_mean,"raw score; mean (std) over 5 training runs; Table 3 'SimPLe' column repeats the 'Ours, SD long' numbers"
1903.00374,SimPLe,"[""encode@input"", ""predict@distribution"", ""reconstruct@distribution"", ""sample@latent""]",world_model_imagination,battlezone,atari100k,main,3.313,4031.2,2895.0,37188.0,102400,missing,missing,missing,not_applicable,0.99,missing,missing,50,not_applicable,74,5,missing,no,missing,last,arXiv:1903.00374 Table 2 [SimPLe] game as printed: BattleZone; refs Table 2,derived_hns_from_reported_mean,"raw score; mean (std) over 5 training runs; Table 3 'SimPLe' column repeats the 'Ours, SD long' numbers"
1903.00374,SimPLe,"[""encode@input"", ""predict@distribution"", ""reconstruct@distribution"", ""sample@latent""]",world_model_imagination,boxing,atari100k,main,64.103,7.8,0.3,12.0,102400,missing,missing,missing,not_applicable,0.99,missing,missing,50,not_applicable,74,5,missing,no,missing,last,arXiv:1903.00374 Table 2 [SimPLe] game as printed: Boxing; refs Table 2,derived_hns_from_reported_mean,"raw score; mean (std) over 5 training runs; Table 3 'SimPLe' column repeats the 'Ours, SD long' numbers"
1903.00374,SimPLe,"[""encode@input"", ""predict@distribution"", ""reconstruct@distribution"", ""sample@latent""]",world_model_imagination,breakout,atari100k,main,53.265,16.4,0.9,30.0,102400,missing,missing,missing,not_applicable,0.99,missing,missing,50,not_applicable,74,5,missing,no,missing,last,arXiv:1903.00374 Table 2 [SimPLe] game as printed: Breakout; refs Table 2,derived_hns_from_reported_mean,"raw score; mean (std) over 5 training runs; Table 3 'SimPLe' column repeats the 'Ours, SD long' numbers"
1903.00374,SimPLe,"[""encode@input"", ""predict@distribution"", ""reconstruct@distribution"", ""sample@latent""]",world_model_imagination,choppercommand,atari100k,main,4.591,979.4,671.0,7388.0,102400,missing,missing,missing,not_applicable,0.99,missing,missing,50,not_applicable,74,5,missing,no,missing,last,arXiv:1903.00374 Table 2 [SimPLe] game as printed: ChopperCommand; refs Table 2,derived_hns_from_reported_mean,"raw score; mean (std) over 5 training runs; Table 3 'SimPLe' column repeats the 'Ours, SD long' numbers"
1903.00374,SimPLe,"[""encode@input"", ""predict@distribution"", ""reconstruct@distribution"", ""sample@latent""]",world_model_imagination,crazyclimber,atari100k,main,193.91,62583.6,7339.5,35829.0,102400,missing,missing,missing,not_applicable,0.99,missing,missing,50,not_applicable,74,5,missing,no,missing,last,arXiv:1903.00374 Table 2 [SimPLe] game as printed: CrazyClimber; refs Table 2,derived_hns_from_reported_mean,"raw score; mean (std) over 5 training runs; Table 3 'SimPLe' column repeats the 'Ours, SD long' numbers"
1903.00374,SimPLe,"[""encode@input"", ""predict@distribution"", ""reconstruct@distribution"", ""sample@latent""]",world_model_imagination,demonattack,atari100k,main,3.719,208.1,140.0,1971.0,102400,missing,missing,missing,not_applicable,0.99,missing,missing,50,not_applicable,74,5,missing,no,missing,last,arXiv:1903.00374 Table 2 [SimPLe] game as printed: DemonAttack; refs Table 2,derived_hns_from_reported_mean,"raw score; mean (std) over 5 training runs; Table 3 'SimPLe' column repeats the 'Ours, SD long' numbers"
1903.00374,SimPLe,"[""encode@input"", ""predict@distribution"", ""reconstruct@distribution"", ""sample@latent""]",world_model_imagination,freeway,atari100k,main,55.667,16.7,0.0,30.0,102400,missing,missing,missing,not_applicable,0.99,missing,missing,50,not_applicable,74,5,missing,no,missing,last,arXiv:1903.00374 Table 2 [SimPLe] game as printed: Freeway; refs Table 2,derived_hns_from_reported_mean,"raw score; mean (std) over 5 training runs; Table 3 'SimPLe' column repeats the 'Ours, SD long' numbers"
1903.00374,SimPLe,"[""encode@input"", ""predict@distribution"", ""reconstruct@distribution"", ""sample@latent""]",world_model_imagination,gopher,atari100k,main,16.2,596.8,245.9,2412.0,102400,missing,missing,missing,not_applicable,0.99,missing,missing,50,not_applicable,74,5,missing,no,missing,last,arXiv:1903.00374 Table 2 [SimPLe] game as printed: Gopher; refs Table 2,derived_hns_from_reported_mean,"raw score; mean (std) over 5 training runs; Table 3 'SimPLe' column repeats the 'Ours, SD long' numbers"
1903.00374,SimPLe,"[""encode@input"", ""predict@distribution"", ""reconstruct@distribution"", ""sample@latent""]",world_model_imagination,hero,atari100k,main,7.947,2656.6,224.6,30826.0,102400,missing,missing,missing,not_applicable,0.99,missing,missing,50,not_applicable,74,5,missing,no,missing,last,arXiv:1903.00374 Table 2 [SimPLe] game as printed: Hero; refs Table 2,derived_hns_from_reported_mean,"raw score; mean (std) over 5 training runs; Table 3 'SimPLe' column repeats the 'Ours, SD long' numbers"
1903.00374,SimPLe,"[""encode@input"", ""predict@distribution"", ""reconstruct@distribution"", ""sample@latent""]",world_model_imagination,jamesbond,atari100k,main,26.041,100.5,29.2,303.0,102400,missing,missing,missing,not_applicable,0.99,missing,missing,50,not_applicable,74,5,missing,no,missing,last,arXiv:1903.00374 Table 2 [SimPLe] game as printed: Jamesbond; refs Table 2,derived_hns_from_reported_mean,"raw score; mean (std) over 5 training runs; Table 3 'SimPLe' column repeats the 'Ours, SD long' numbers"
1903.00374,SimPLe,"[""encode@input"", ""predict@distribution"", ""reconstruct@distribution"", ""sample@latent""]",world_model_imagination,kangaroo,atari100k,main,0.307,51.2,42.0,3035.0,102400,missing,missing,missing,not_applicable,0.99,missing,missing,50,not_applicable,74,5,missing,no,missing,last,arXiv:1903.00374 Table 2 [SimPLe] game as printed: Kangaroo; refs Table 2,derived_hns_from_reported_mean,"raw score; mean (std) over 5 training runs; Table 3 'SimPLe' column repeats the 'Ours, SD long' numbers"
1903.00374,SimPLe,"[""encode@input"", ""predict@distribution"", ""reconstruct@distribution"", ""sample@latent""]",world_model_imagination,krull,atari100k,main,58.92,2204.8,1543.3,2666.0,102400,missing,missing,missing,not_applicable,0.99,missing,missing,50,not_applicable,74,5,missing,no,missing,last,arXiv:1903.00374 Table 2 [SimPLe] game as printed: Krull; refs Table 2,derived_hns_from_reported_mean,"raw score; mean (std) over 5 training runs; Table 3 'SimPLe' column repeats the 'Ours, SD long' numbers"
1903.00374,SimPLe,"[""encode@input"", ""predict@distribution"", ""reconstruct@distribution"", ""sample@latent""]",world_model_imagination,kungfumaster,atari100k,main,64.405,14862.5,616.5,22736.0,102400,missing,missing,missing,not_applicable,0.99,missing,missing,50,not_applicable,74,5,missing,no,missing,last,arXiv:1903.00374 Table 2 [SimPLe] game as printed: KungFuMaster; refs Table 2,derived_hns_from_reported_mean,"raw score; mean (std) over 5 training runs; Table 3 'SimPLe' column repeats the 'Ours, SD long' numbers"
1903.00374,SimPLe,"[""encode@input"", ""predict@distribution"", ""reconstruct@distribution"", ""sample@latent""]",world_model_imagination,mspacman,atari100k,main,18.533,1480.0,235.2,6952.0,102400,missing,missing,missing,not_applicable,0.99,missing,missing,50,not_applicable,74,5,missing,no,missing,last,arXiv:1903.00374 Table 2 [SimPLe] game as printed: MsPacman; refs Table 2,derived_hns_from_reported_mean,"raw score; mean (std) over 5 training runs; Table 3 'SimPLe' column repeats the 'Ours, SD long' numbers"
1903.00374,SimPLe,"[""encode@input"", ""predict@distribution"", ""reconstruct@distribution"", ""sample@latent""]",world_model_imagination,pong,atari100k,main,93.785,12.8,-20.4,15.0,102400,missing,missing,missing,not_applicable,0.99,missing,missing,50,not_applicable,74,5,missing,no,missing,last,arXiv:1903.00374 Table 2 [SimPLe] game as printed: Pong; refs Table 2,derived_hns_from_reported_mean,"raw score; mean (std) over 5 training runs; Table 3 'SimPLe' column repeats the 'Ours, SD long' numbers"
1903.00374,SimPLe,"[""encode@input"", ""predict@distribution"", ""reconstruct@distribution"", ""sample@latent""]",world_model_imagination,privateeye,atari100k,main,0.012,35.0,26.6,69571.0,102400,missing,missing,missing,not_applicable,0.99,missing,missing,50,not_applicable,74,5,missing,no,missing,last,arXiv:1903.00374 Table 2 [SimPLe] game as printed: PrivateEye; refs Table 2,derived_hns_from_reported_mean,"raw score; mean (std) over 5 training runs; Table 3 'SimPLe' column repeats the 'Ours, SD long' numbers"
1903.00374,SimPLe,"[""encode@input"", ""predict@distribution"", ""reconstruct@distribution"", ""sample@latent""]",world_model_imagination,qbert,atari100k,main,8.448,1288.8,166.1,13455.0,102400,missing,missing,missing,not_applicable,0.99,missing,missing,50,not_applicable,74,5,missing,no,missing,last,arXiv:1903.00374 Table 2 [SimPLe] game as printed: Qbert; refs Table 2,derived_hns_from_reported_mean,"raw score; mean (std) over 5 training runs; Table 3 'SimPLe' column repeats the 'Ours, SD long' numbers"
1903.00374,SimPLe,"[""encode@input"", ""predict@distribution"", ""reconstruct@distribution"", ""sample@latent""]",world_model_imagination,roadrunner,atari100k,main,71.901,5640.6,0.0,7845.0,102400,missing,missing,missing,not_applicable,0.99,missing,missing,50,not_applicable,74,5,missing,no,missing,last,arXiv:1903.00374 Table 2 [SimPLe] game as printed: RoadRunner; refs Table 2,derived_hns_from_reported_mean,"raw score; mean (std) over 5 training runs; Table 3 'SimPLe' column repeats the 'Ours, SD long' numbers"
1903.00374,SimPLe,"[""encode@input"", ""predict@distribution"", ""reconstruct@distribution"", ""sample@latent""]",world_model_imagination,seaquest,atari100k,main,1.482,683.3,61.1,42055.0,102400,missing,missing,missing,not_applicable,0.99,missing,missing,50,not_applicable,74,5,missing,no,missing,last,arXiv:1903.00374 Table 2 [SimPLe] game as printed: Seaquest; refs Table 2,derived_hns_from_reported_mean,"raw score; mean (std) over 5 training runs; Table 3 'SimPLe' column repeats the 'Ours, SD long' numbers"
1903.00374,SimPLe,"[""encode@input"", ""predict@distribution"", ""reconstruct@distribution"", ""sample@latent""]",world_model_imagination,upndown,atari100k,main,25.542,3350.3,488.4,11693.0,102400,missing,missing,missing,not_applicable,0.99,missing,missing,50,not_applicable,74,5,missing,no,missing,last,arXiv:1903.00374 Table 2 [SimPLe] game as printed: UpNDown; refs Table 2,derived_hns_from_reported_mean,"raw score; mean (std) over 5 training runs; Table 3 'SimPLe' column repeats the 'Ours, SD long' numbers"
1906.05243,DER,"[""correct@policy"", ""sample@trajectory"", ""train@value""]",model_free_value,alien,atari100k,main,7.422,739.9,227.8,7127.7,100000,1,32,0.0001,20,0.99,256,missing,not_applicable,not_applicable,missing,5,missing,no,no,last,arXiv:1906.05243 Table 1 [Data-efficient Rainbow (DER)] game as printed: alien; refs Table 1,derived_hns_from_reported_mean,"raw mean episode return at end of training, averaged across 5 seeds; no std printed"
1906.05243,DER,"[""correct@policy"", ""sample@trajectory"", ""train@value""]",model_free_value,amidar,atari100k,main,10.667,188.6,5.8,1719.5,100000,1,32,0.0001,20,0.99,256,missing,not_applicable,not_applicable,missing,5,missing,no,no,last,arXiv:1906.05243 Table 1 [Data-efficient Rainbow (DER)] game as printed: amidar; refs Table 1,derived_hns_from_reported_mean,"raw mean episode return at end of training, averaged across 5 seeds; no std printed"
1906.05243,DER,"[""correct@policy"", ""sample@trajectory"", ""train@value""]",model_free_value,assault,atari100k,main,40.185,431.2,222.4,742.0,100000,1,32,0.0001,20,0.99,256,missing,not_applicable,not_applicable,missing,5,missing,no,no,last,arXiv:1906.05243 Table 1 [Data-efficient Rainbow (DER)] game as printed: assault; refs Table 1,derived_hns_from_reported_mean,"raw mean episode return at end of training, averaged across 5 seeds; no std printed"
1906.05243,DER,"[""correct@policy"", ""sample@trajectory"", ""train@value""]",model_free_value,asterix,atari100k,main,3.145,470.8,210.0,8503.3,100000,1,32,0.0001,20,0.99,256,missing,not_applicable,not_applicable,missing,5,missing,no,no,last,arXiv:1906.05243 Table 1 [Data-efficient Rainbow (DER)] game as printed: asterix; refs Table 1,derived_hns_from_reported_mean,"raw mean episode return at end of training, averaged across 5 seeds; no std printed"
1906.05243,DER,"[""correct@policy"", ""sample@trajectory"", ""train@value""]",model_free_value,bankheist,atari100k,main,4.98,51.0,14.2,753.1,100000,1,32,0.0001,20,0.99,256,missing,not_applicable,not_applicable,missing,5,missing,no,no,last,arXiv:1906.05243 Table 1 [Data-efficient Rainbow (DER)] game as printed: bank_heist; refs Table 1,derived_hns_from_reported_mean,"raw mean episode return at end of training, averaged across 5 seeds; no std printed"
1906.05243,DER,"[""correct@policy"", ""sample@trajectory"", ""train@value""]",model_free_value,battlezone,atari100k,main,22.294,10124.6,2360.0,37187.5,100000,1,32,0.0001,20,0.99,256,missing,not_applicable,not_applicable,missing,5,missing,no,no,last,arXiv:1906.05243 Table 1 [Data-efficient Rainbow (DER)] game as printed: battle_zone; refs Table 1,derived_hns_from_reported_mean,"raw mean episode return at end of training, averaged across 5 seeds; no std printed"
1906.05243,DER,"[""correct@policy"", ""sample@trajectory"", ""train@value""]",model_free_value,boxing,atari100k,main,0.833,0.2,0.1,12.1,100000,1,32,0.0001,20,0.99,256,missing,not_applicable,not_applicable,missing,5,missing,no,no,last,arXiv:1906.05243 Table 1 [Data-efficient Rainbow (DER)] game as printed: boxing; refs Table 1,derived_hns_from_reported_mean,"raw mean episode return at end of training, averaged across 5 seeds; no std printed"
1906.05243,DER,"[""correct@policy"", ""sample@trajectory"", ""train@value""]",model_free_value,breakout,atari100k,main,0.694,1.9,1.7,30.5,100000,1,32,0.0001,20,0.99,256,missing,not_applicable,not_applicable,missing,5,missing,no,no,last,arXiv:1906.05243 Table 1 [Data-efficient Rainbow (DER)] game as printed: breakout; refs Table 1,derived_hns_from_reported_mean,"raw mean episode return at end of training, averaged across 5 seeds; no std printed"
1906.05243,DER,"[""correct@policy"", ""sample@trajectory"", ""train@value""]",model_free_value,choppercommand,atari100k,main,0.772,861.8,811.0,7387.8,100000,1,32,0.0001,20,0.99,256,missing,not_applicable,not_applicable,missing,5,missing,no,no,last,arXiv:1906.05243 Table 1 [Data-efficient Rainbow (DER)] game as printed: chopper_command; refs Table 1,derived_hns_from_reported_mean,"raw mean episode return at end of training, averaged across 5 seeds; no std printed"
1906.05243,DER,"[""correct@policy"", ""sample@trajectory"", ""train@value""]",model_free_value,crazyclimber,atari100k,main,21.577,16185.3,10780.5,35829.4,100000,1,32,0.0001,20,0.99,256,missing,not_applicable,not_applicable,missing,5,missing,no,no,last,arXiv:1906.05243 Table 1 [Data-efficient Rainbow (DER)] game as printed: crazy_climber; refs Table 1,derived_hns_from_reported_mean,"raw mean episode return at end of training, averaged across 5 seeds; no std printed"
1906.05243,DER,"[""correct@policy"", ""sample@trajectory"", ""train@value""]",model_free_value,demonattack,atari100k,main,19.567,508.0,152.1,1971.0,100000,1,32,0.0001,20,0.99,256,missing,not_applicable,not_applicable,missing,5,missing,no,no,last,arXiv:1906.05243 Table 1 [Data-efficient Rainbow (DER)] game as printed: demon_attack; refs Table 1,derived_hns_from_reported_mean,"raw mean episode return at end of training, averaged across 5 seeds; no std printed"
1906.05243,DER,"[""correct@policy"", ""sample@trajectory"", ""train@value""]",model_free_value,freeway,atari100k,main,94.257,27.9,0.0,29.6,100000,1,32,0.0001,20,0.99,256,missing,not_applicable,not_applicable,missing,5,missing,no,no,last,arXiv:1906.05243 Table 1 [Data-efficient Rainbow (DER)] game as printed: freeway; refs Table 1,derived_hns_from_reported_mean,"raw mean episode return at end of training, averaged across 5 seeds; no std printed"
1906.05243,DER,"[""correct@policy"", ""sample@trajectory"", ""train@value""]",model_free_value,frostbite,atari100k,main,18.775,866.8,65.2,4334.7,100000,1,32,0.0001,20,0.99,256,missing,not_applicable,not_applicable,missing,5,missing,no,no,last,arXiv:1906.05243 Table 1 [Data-efficient Rainbow (DER)] game as printed: frostbite; refs Table 1,derived_hns_from_reported_mean,"raw mean episode return at end of training, averaged across 5 seeds; no std printed"
1906.05243,DER,"[""correct@policy"", ""sample@trajectory"", ""train@value""]",model_free_value,gopher,atari100k,main,4.265,349.5,257.6,2412.5,100000,1,32,0.0001,20,0.99,256,missing,not_applicable,not_applicable,missing,5,missing,no,no,last,arXiv:1906.05243 Table 1 [Data-efficient Rainbow (DER)] game as printed: gopher; refs Table 1,derived_hns_from_reported_mean,"raw mean episode return at end of training, averaged across 5 seeds; no std printed"
1906.05243,DER,"[""correct@policy"", ""sample@trajectory"", ""train@value""]",model_free_value,hero,atari100k,main,19.564,6857.0,1027.0,30826.4,100000,1,32,0.0001,20,0.99,256,missing,not_applicable,not_applicable,missing,5,missing,no,no,last,arXiv:1906.05243 Table 1 [Data-efficient Rainbow (DER)] game as printed: hero; refs Table 1,derived_hns_from_reported_mean,"raw mean episode return at end of training, averaged across 5 seeds; no std printed"
1906.05243,DER,"[""correct@policy"", ""sample@trajectory"", ""train@value""]",model_free_value,jamesbond,atari100k,main,99.562,301.6,29.0,302.8,100000,1,32,0.0001,20,0.99,256,missing,not_applicable,not_applicable,missing,5,missing,no,no,last,arXiv:1906.05243 Table 1 [Data-efficient Rainbow (DER)] game as printed: jamesbond; refs Table 1,derived_hns_from_reported_mean,"raw mean episode return at end of training, averaged across 5 seeds; no std printed"
1906.05243,DER,"[""correct@policy"", ""sample@trajectory"", ""train@value""]",model_free_value,kangaroo,atari100k,main,24.381,779.3,52.0,3035.0,100000,1,32,0.0001,20,0.99,256,missing,not_applicable,not_applicable,missing,5,missing,no,no,last,arXiv:1906.05243 Table 1 [Data-efficient Rainbow (DER)] game as printed: kangaroo; refs Table 1,derived_hns_from_reported_mean,"raw mean episode return at end of training, averaged across 5 seeds; no std printed"
1906.05243,DER,"[""correct@policy"", ""sample@trajectory"", ""train@value""]",model_free_value,krull,atari100k,main,117.424,2851.5,1598.0,2665.5,100000,1,32,0.0001,20,0.99,256,missing,not_applicable,not_applicable,missing,5,missing,no,no,last,arXiv:1906.05243 Table 1 [Data-efficient Rainbow (DER)] game as printed: krull; refs Table 1,derived_hns_from_reported_mean,"raw mean episode return at end of training, averaged across 5 seeds; no std printed"
1906.05243,DER,"[""correct@policy"", ""sample@trajectory"", ""train@value""]",model_free_value,kungfumaster,atari100k,main,62.673,14346.1,258.5,22736.3,100000,1,32,0.0001,20,0.99,256,missing,not_applicable,not_applicable,missing,5,missing,no,no,last,arXiv:1906.05243 Table 1 [Data-efficient Rainbow (DER)] game as printed: kung_fu_master; refs Table 1,derived_hns_from_reported_mean,"raw mean episode return at end of training, averaged across 5 seeds; no std printed"
1906.05243,DER,"[""correct@policy"", ""sample@trajectory"", ""train@value""]",model_free_value,mspacman,atari100k,main,13.497,1204.1,307.3,6951.6,100000,1,32,0.0001,20,0.99,256,missing,not_applicable,not_applicable,missing,5,missing,no,no,last,arXiv:1906.05243 Table 1 [Data-efficient Rainbow (DER)] game as printed: ms_pacman; refs Table 1,derived_hns_from_reported_mean,"raw mean episode return at end of training, averaged across 5 seeds; no std printed"
1906.05243,DER,"[""correct@policy"", ""sample@trajectory"", ""train@value""]",model_free_value,pong,atari100k,main,3.966,-19.3,-20.7,14.6,100000,1,32,0.0001,20,0.99,256,missing,not_applicable,not_applicable,missing,5,missing,no,no,last,arXiv:1906.05243 Table 1 [Data-efficient Rainbow (DER)] game as printed: pong; refs Table 1,derived_hns_from_reported_mean,"raw mean episode return at end of training, averaged across 5 seeds; no std printed"
1906.05243,DER,"[""correct@policy"", ""sample@trajectory"", ""train@value""]",model_free_value,privateeye,atari100k,main,0.105,97.8,24.9,69571.3,100000,1,32,0.0001,20,0.99,256,missing,not_applicable,not_applicable,missing,5,missing,no,no,last,arXiv:1906.05243 Table 1 [Data-efficient Rainbow (DER)] game as printed: private_eye; refs Table 1,derived_hns_from_reported_mean,"raw mean episode return at end of training, averaged across 5 seeds; no std printed"
1906.05243,DER,"[""correct@policy"", ""sample@trajectory"", ""train@value""]",model_free_value,qbert,atari100k,main,7.441,1152.9,163.9,13455.0,100000,1,32,0.0001,20,0.99,256,missing,not_applicable,not_applicable,missing,5,missing,no,no,last,arXiv:1906.05243 Table 1 [Data-efficient Rainbow (DER)] game as printed: qbert; refs Table 1,derived_hns_from_reported_mean,"raw mean episode return at end of training, averaged across 5 seeds; no std printed"
1906.05243,DER,"[""correct@policy"", ""sample@trajectory"", ""train@value""]",model_free_value,roadrunner,atari100k,main,122.404,9600.0,11.5,7845.0,100000,1,32,0.0001,20,0.99,256,missing,not_applicable,not_applicable,missing,5,missing,no,no,last,arXiv:1906.05243 Table 1 [Data-efficient Rainbow (DER)] game as printed: road_runner; refs Table 1,derived_hns_from_reported_mean,"raw mean episode return at end of training, averaged across 5 seeds; no std printed"
1906.05243,DER,"[""correct@policy"", ""sample@trajectory"", ""train@value""]",model_free_value,seaquest,atari100k,main,0.68,354.1,68.4,42054.7,100000,1,32,0.0001,20,0.99,256,missing,not_applicable,not_applicable,missing,5,missing,no,no,last,arXiv:1906.05243 Table 1 [Data-efficient Rainbow (DER)] game as printed: seaquest; refs Table 1,derived_hns_from_reported_mean,"raw mean episode return at end of training, averaged across 5 seeds; no std printed"
1906.05243,DER,"[""correct@policy"", ""sample@trajectory"", ""train@value""]",model_free_value,upndown,atari100k,main,21.004,2877.4,533.4,11693.2,100000,1,32,0.0001,20,0.99,256,missing,not_applicable,not_applicable,missing,5,missing,no,no,last,arXiv:1906.05243 Table 1 [Data-efficient Rainbow (DER)] game as printed: up_n_down; refs Table 1,derived_hns_from_reported_mean,"raw mean episode return at end of training, averaged across 5 seeds; no std printed"
2003.10181,OTRainbow,"[""correct@parameter"", ""replay@other:OTRainbow"", ""simulate@other:OTRainbow""]",model_free_value,alien,atari100k,main,9.565,824.7,184.8,6875.0,100000,8,missing,missing,missing,missing,missing,missing,not_applicable,not_applicable,missing,missing,missing,missing,no,last,arXiv:2003.10181 Table 1 [OTRainbow (Overtrained Rainbow)] game as printed: Alien; refs Table 1,derived_hns_from_reported_mean,raw mean score after 100k interactions; number of seeds not stated; no std
2003.10181,OTRainbow,"[""correct@parameter"", ""replay@other:OTRainbow"", ""simulate@other:OTRainbow""]",model_free_value,amidar,atari100k,main,4.266,82.8,11.8,1676.0,100000,8,missing,missing,missing,missing,missing,missing,not_applicable,not_applicable,missing,missing,missing,missing,no,last,arXiv:2003.10181 Table 1 [OTRainbow (Overtrained Rainbow)] game as printed: Amidar; refs Table 1,derived_hns_from_reported_mean,raw mean score after 100k interactions; number of seeds not stated; no std
2003.10181,OTRainbow,"[""correct@parameter"", ""replay@other:OTRainbow"", ""simulate@other:OTRainbow""]",model_free_value,assault,atari100k,main,8.267,351.9,248.8,1496.0,100000,8,missing,missing,missing,missing,missing,missing,not_applicable,not_applicable,missing,missing,missing,missing,no,last,arXiv:2003.10181 Table 1 [OTRainbow (Overtrained Rainbow)] game as printed: Assault; refs Table 1,derived_hns_from_reported_mean,raw mean score after 100k interactions; number of seeds not stated; no std
2003.10181,OTRainbow,"[""correct@parameter"", ""replay@other:OTRainbow"", ""simulate@other:OTRainbow""]",model_free_value,asterix,atari100k,main,4.774,628.5,233.7,8503.0,100000,8,missing,missing,missing,missing,missing,missing,not_applicable,not_applicable,missing,missing,missing,missing,no,last,arXiv:2003.10181 Table 1 [OTRainbow (Overtrained Rainbow)] game as printed: Asterix; refs Table 1,derived_hns_from_reported_mean,raw mean score after 100k interactions; number of seeds not stated; no std
2003.10181,OTRainbow,"[""correct@parameter"", ""replay@other:OTRainbow"", ""simulate@other:OTRainbow""]",model_free_value,bankheist,atari100k,main,23.228,182.1,15.0,734.4,100000,8,missing,missing,missing,missing,missing,missing,not_applicable,not_applicable,missing,missing,missing,missing,no,last,arXiv:2003.10181 Table 1 [OTRainbow (Overtrained Rainbow)] game as printed: BankHeist; refs Table 1,derived_hns_from_reported_mean,raw mean score after 100k interactions; number of seeds not stated; no std
2003.10181,OTRainbow,"[""correct@parameter"", ""replay@other:OTRainbow"", ""simulate@other:OTRainbow""]",model_free_value,battlezone,atari100k,main,3.339,4060.6,2895.0,37800.0,100000,8,missing,missing,missing,missing,missing,missing,not_applicable,not_applicable,missing,missing,missing,missing,no,last,arXiv:2003.10181 Table 1 [OTRainbow (Overtrained Rainbow)] game as printed: BattleZone; refs Table 1,derived_hns_from_reported_mean,raw mean score after 100k interactions; number of seeds not stated; no std
2003.10181,OTRainbow,"[""correct@parameter"", ""replay@other:OTRainbow"", ""simulate@other:OTRainbow""]",model_free_value,boxing,atari100k,main,55.0,2.5,0.3,4.3,100000,8,missing,missing,missing,missing,missing,missing,not_applicable,not_applicable,missing,missing,missing,missing,no,last,arXiv:2003.10181 Table 1 [OTRainbow (Overtrained Rainbow)] game as printed: Boxing; refs Table 1,derived_hns_from_reported_mean,raw mean score after 100k interactions; number of seeds not stated; no std
2003.10181,OTRainbow,"[""correct@parameter"", ""replay@other:OTRainbow"", ""simulate@other:OTRainbow""]",model_free_value,breakout,atari100k,main,28.932,9.84,0.9,31.8,100000,8,missing,missing,missing,missing,missing,missing,not_applicable,not_applicable,missing,missing,missing,missing,no,last,arXiv:2003.10181 Table 1 [OTRainbow (Overtrained Rainbow)] game as printed: Breakout; refs Table 1,derived_hns_from_reported_mean,raw mean score after 100k interactions; number of seeds not stated; no std
2003.10181,OTRainbow,"[""correct@parameter"", ""replay@other:OTRainbow"", ""simulate@other:OTRainbow""]",model_free_value,choppercommand,atari100k,main,3.934,1033.33,671.0,9882.0,100000,8,missing,missing,missing,missing,missing,missing,not_applicable,not_applicable,missing,missing,missing,missing,no,last,arXiv:2003.10181 Table 1 [OTRainbow (Overtrained Rainbow)] game as printed: ChopperCommand; refs Table 1,derived_hns_from_reported_mean,raw mean score after 100k interactions; number of seeds not stated; no std
2003.10181,OTRainbow,"[""correct@parameter"", ""replay@other:OTRainbow"", ""simulate@other:OTRainbow""]",model_free_value,crazyclimber,atari100k,main,49.832,21327.8,7339.0,35411.0,100000,8,missing,missing,missing,missing,missing,missing,not_applicable,not_applicable,missing,missing,missing,missing,no,last,arXiv:2003.10181 Table 1 [OTRainbow (Overtrained Rainbow)] game as printed: CrazyClimber; refs Table 1,derived_hns_from_reported_mean,raw mean score after 100k interactions; number of seeds not stated; no std
2003.10181,OTRainbow,"[""correct@parameter"", ""replay@other:OTRainbow"", ""simulate@other:OTRainbow""]",model_free_value,demonattack,atari100k,main,17.534,711.8,140.0,3401.0,100000,8,missing,missing,missing,missing,missing,missing,not_applicable,not_applicable,missing,missing,missing,missing,no,last,arXiv:2003.10181 Table 1 [OTRainbow (Overtrained Rainbow)] game as printed: DemonAttack; refs Table 1,derived_hns_from_reported_mean,raw mean score after 100k interactions; number of seeds not stated; no std
2003.10181,OTRainbow,"[""correct@parameter"", ""replay@other:OTRainbow"", ""simulate@other:OTRainbow""]",model_free_value,freeway,atari100k,main,84.459,25.0,0.0,29.6,100000,8,missing,missing,missing,missing,missing,missing,not_applicable,not_applicable,missing,missing,missing,missing,no,last,arXiv:2003.10181 Table 1 [OTRainbow (Overtrained Rainbow)] game as printed: Freeway; refs Table 1,derived_hns_from_reported_mean,raw mean score after 100k interactions; number of seeds not stated; no std
2003.10181,OTRainbow,"[""correct@parameter"", ""replay@other:OTRainbow"", ""simulate@other:OTRainbow""]",model_free_value,frostbite,atari100k,main,3.699,231.6,74.0,4335.0,100000,8,missing,missing,missing,missing,missing,missing,not_applicable,not_applicable,missing,missing,missing,missing,no,last,arXiv:2003.10181 Table 1 [OTRainbow (Overtrained Rainbow)] game as printed: Frostbite; refs Table 1,derived_hns_from_reported_mean,raw mean score after 100k interactions; number of seeds not stated; no std
2003.10181,OTRainbow,"[""correct@parameter"", ""replay@other:OTRainbow"", ""simulate@other:OTRainbow""]",model_free_value,gopher,atari100k,main,25.642,778.0,245.9,2321.0,100000,8,missing,missing,missing,missing,missing,missing,not_applicable,not_applicable,missing,missing,missing,missing,no,last,arXiv:2003.10181 Table 1 [OTRainbow (Overtrained Rainbow)] game as printed: Gopher; refs Table 1,derived_hns_from_reported_mean,raw mean score after 100k interactions; number of seeds not stated; no std
2003.10181,OTRainbow,"[""correct@parameter"", ""replay@other:OTRainbow"", ""simulate@other:OTRainbow""]",model_free_value,hero,atari100k,main,24.411,6458.8,224.6,25763.0,100000,8,missing,missing,missing,missing,missing,missing,not_applicable,not_applicable,missing,missing,missing,missing,no,last,arXiv:2003.10181 Table 1 [OTRainbow (Overtrained Rainbow)] game as printed: Hero; refs Table 1,derived_hns_from_reported_mean,raw mean score after 100k interactions; number of seeds not stated; no std
2003.10181,OTRainbow,"[""correct@parameter"", ""replay@other:OTRainbow"", ""simulate@other:OTRainbow""]",model_free_value,jamesbond,atari100k,main,22.013,112.3,29.2,406.7,100000,8,missing,missing,missing,missing,missing,missing,not_applicable,not_applicable,missing,missing,missing,missing,no,last,arXiv:2003.10181 Table 1 [OTRainbow (Overtrained Rainbow)] game as printed: Jamesbond; refs Table 1,derived_hns_from_reported_mean,raw mean score after 100k interactions; number of seeds not stated; no std
2003.10181,OTRainbow,"[""correct@parameter"", ""replay@other:OTRainbow"", ""simulate@other:OTRainbow""]",model_free_value,kangaroo,atari100k,main,18.824,605.4,42.0,3035.0,100000,8,missing,missing,missing,missing,missing,missing,not_applicable,not_applicable,missing,missing,missing,missing,no,last,arXiv:2003.10181 Table 1 [OTRainbow (Overtrained Rainbow)] game as printed: Kangaroo; refs Table 1,derived_hns_from_reported_mean,raw mean score after 100k interactions; number of seeds not stated; no std
2003.10181,OTRainbow,"[""correct@parameter"", ""replay@other:OTRainbow"", ""simulate@other:OTRainbow""]",model_free_value,krull,atari100k,main,203.663,3277.9,1543.3,2395.0,100000,8,missing,missing,missing,missing,missing,missing,not_applicable,not_applicable,missing,missing,missing,missing,no,last,arXiv:2003.10181 Table 1 [OTRainbow (Overtrained Rainbow)] game as printed: Krull; refs Table 1,derived_hns_from_reported_mean,raw mean score after 100k interactions; number of seeds not stated; no std
2003.10181,OTRainbow,"[""correct@parameter"", ""replay@other:OTRainbow"", ""simulate@other:OTRainbow""]",model_free_value,kungfumaster,atari100k,main,23.082,5722.2,616.5,22736.0,100000,8,missing,missing,missing,missing,missing,missing,not_applicable,not_applicable,missing,missing,missing,missing,no,last,arXiv:2003.10181 Table 1 [OTRainbow (Overtrained Rainbow)] game as printed: KungFuMaster; refs Table 1,derived_hns_from_reported_mean,raw mean score after 100k interactions; number of seeds not stated; no std
2003.10181,OTRainbow,"[""correct@parameter"", ""replay@other:OTRainbow"", ""simulate@other:OTRainbow""]",model_free_value,mspacman,atari100k,main,4.572,941.9,235.2,15693.0,100000,8,missing,missing,missing,missing,missing,missing,not_applicable,not_applicable,missing,missing,missing,missing,no,last,arXiv:2003.10181 Table 1 [OTRainbow (Overtrained Rainbow)] game as printed: MsPacman; refs Table 1,derived_hns_from_reported_mean,raw mean score after 100k interactions; number of seeds not stated; no std
2003.10181,OTRainbow,"[""correct@parameter"", ""replay@other:OTRainbow"", ""simulate@other:OTRainbow""]",model_free_value,pong,atari100k,main,73.064,1.3,-20.4,9.3,100000,8,missing,missing,missing,missing,missing,missing,not_applicable,not_applicable,missing,missing,missing,missing,no,last,arXiv:2003.10181 Table 1 [OTRainbow (Overtrained Rainbow)] game as printed: Pong; refs Table 1,derived_hns_from_reported_mean,raw mean score after 100k interactions; number of seeds not stated; no std
2003.10181,OTRainbow,"[""correct@parameter"", ""replay@other:OTRainbow"", ""simulate@other:OTRainbow""]",model_free_value,privateeye,atari100k,main,0.106,100.0,26.6,69571.0,100000,8,missing,missing,missing,missing,missing,missing,not_applicable,not_applicable,missing,missing,missing,missing,no,last,arXiv:2003.10181 Table 1 [OTRainbow (Overtrained Rainbow)] game as printed: PrivateEye; refs Table 1,derived_hns_from_reported_mean,raw mean score after 100k interactions; number of seeds not stated; no std
2003.10181,OTRainbow,"[""correct@parameter"", ""replay@other:OTRainbow"", ""simulate@other:OTRainbow""]",model_free_value,qbert,atari100k,main,2.583,509.3,166.1,13455.0,100000,8,missing,missing,missing,missing,missing,missing,not_applicable,not_applicable,missing,missing,missing,missing,no,last,arXiv:2003.10181 Table 1 [OTRainbow (Overtrained Rainbow)] game as printed: Qbert; refs Table 1,derived_hns_from_reported_mean,raw mean score after 100k interactions; number of seeds not stated; no std
2003.10181,OTRainbow,"[""correct@parameter"", ""replay@other:OTRainbow"", ""simulate@other:OTRainbow""]",model_free_value,roadrunner,atari100k,main,34.375,2696.7,0.0,7845.0,100000,8,missing,missing,missing,missing,missing,missing,not_applicable,not_applicable,missing,missing,missing,missing,no,last,arXiv:2003.10181 Table 1 [OTRainbow (Overtrained Rainbow)] game as printed: RoadRunner; refs Table 1,derived_hns_from_reported_mean,raw mean score after 100k interactions; number of seeds not stated; no std
2003.10181,OTRainbow,"[""correct@parameter"", ""replay@other:OTRainbow"", ""simulate@other:OTRainbow""]",model_free_value,seaquest,atari100k,main,1.122,286.92,61.1,20182.0,100000,8,missing,missing,missing,missing,missing,missing,not_applicable,not_applicable,missing,missing,missing,missing,no,last,arXiv:2003.10181 Table 1 [OTRainbow (Overtrained Rainbow)] game as printed: Seaquest; refs Table 1,derived_hns_from_reported_mean,raw mean score after 100k interactions; number of seeds not stated; no std
2003.10181,OTRainbow,"[""correct@parameter"", ""replay@other:OTRainbow"", ""simulate@other:OTRainbow""]",model_free_value,upndown,atari100k,main,27.453,2847.6,488.4,9082.0,100000,8,missing,missing,missing,missing,missing,missing,not_applicable,not_applicable,missing,missing,missing,missing,no,last,arXiv:2003.10181 Table 1 [OTRainbow (Overtrained Rainbow)] game as printed: UpNDown; refs Table 1,derived_hns_from_reported_mean,raw mean score after 100k interactions; number of seeds not stated; no std
2004.04136,CURL,"[""augment@input"", ""discriminate@state"", ""encode@input"", ""reconstruct@sample""]",model_free_representation,alien,atari100k,main,4.788,558.2,227.8,7127.7,100000,1,32,0.0001,20,0.99,256,missing,not_applicable,not_applicable,missing,20,missing,missing,yes,last,arXiv:2004.04136 Table 2 (std from Table 6/7) [CURL (on Efficient Rainbow)] game as printed: Alien; refs Table 2,derived_hns_from_reported_mean,"raw score, mean over 20 seeds; std across the 20 runs from Table 6/7 last rows"
2004.04136,CURL,"[""augment@input"", ""discriminate@state"", ""encode@input"", ""reconstruct@sample""]",model_free_representation,amidar,atari100k,main,7.954,142.1,5.8,1719.5,100000,1,32,0.0001,20,0.99,256,missing,not_applicable,not_applicable,missing,20,missing,missing,yes,last,arXiv:2004.04136 Table 2 (std from Table 6/7) [CURL (on Efficient Rainbow)] game as printed: Amidar; refs Table 2,derived_hns_from_reported_mean,"raw score, mean over 20 seeds; std across the 20 runs from Table 6/7 last rows"
2004.04136,CURL,"[""augment@input"", ""discriminate@state"", ""encode@input"", ""reconstruct@sample""]",model_free_representation,assault,atari100k,main,72.787,600.6,222.4,742.0,100000,1,32,0.0001,20,0.99,256,missing,not_applicable,not_applicable,missing,20,missing,missing,yes,last,arXiv:2004.04136 Table 2 (std from Table 6/7) [CURL (on Efficient Rainbow)] game as printed: Assault; refs Table 2,derived_hns_from_reported_mean,"raw score, mean over 20 seeds; std across the 20 runs from Table 6/7 last rows"
2004.04136,CURL,"[""augment@input"", ""discriminate@state"", ""encode@input"", ""reconstruct@sample""]",model_free_representation,asterix,atari100k,main,6.324,734.5,210.0,8503.3,100000,1,32,0.0001,20,0.99,256,missing,not_applicable,not_applicable,missing,20,missing,missing,yes,last,arXiv:2004.04136 Table 2 (std from Table 6/7) [CURL (on Efficient Rainbow)] game as printed: Asterix; refs Table 2,derived_hns_from_reported_mean,"raw score, mean over 20 seeds; std across the 20 runs from Table 6/7 last rows"
2004.04136,CURL,"[""augment@input"", ""discriminate@state"", ""encode@input"", ""reconstruct@sample""]",model_free_representation,bankheist,atari100k,main,15.888,131.6,14.2,753.1,100000,1,32,0.0001,20,0.99,256,missing,not_applicable,not_applicable,missing,20,missing,missing,yes,last,arXiv:2004.04136 Table 2 (std from Table 6/7) [CURL (on Efficient Rainbow)] game as printed: BankHeist; refs Table 2,derived_hns_from_reported_mean,"raw score, mean over 20 seeds; std across the 20 runs from Table 6/7 last rows"
2004.04136,CURL,"[""augment@input"", ""discriminate@state"", ""encode@input"", ""reconstruct@sample""]",model_free_representation,battlezone,atari100k,main,35.92,14870.0,2360.0,37187.5,100000,1,32,0.0001,20,0.99,256,missing,not_applicable,not_applicable,missing,20,missing,missing,yes,last,arXiv:2004.04136 Table 2 (std from Table 6/7) [CURL (on Efficient Rainbow)] game as printed: BattleZone; refs Table 2,derived_hns_from_reported_mean,"raw score, mean over 20 seeds; std across the 20 runs from Table 6/7 last rows"
2004.04136,CURL,"[""augment@input"", ""discriminate@state"", ""encode@input"", ""reconstruct@sample""]",model_free_representation,boxing,atari100k,main,9.167,1.2,0.1,12.1,100000,1,32,0.0001,20,0.99,256,missing,not_applicable,not_applicable,missing,20,missing,missing,yes,last,arXiv:2004.04136 Table 2 (std from Table 6/7) [CURL (on Efficient Rainbow)] game as printed: Boxing; refs Table 2,derived_hns_from_reported_mean,"raw score, mean over 20 seeds; std across the 20 runs from Table 6/7 last rows"
2004.04136,CURL,"[""augment@input"", ""discriminate@state"", ""encode@input"", ""reconstruct@sample""]",model_free_representation,breakout,atari100k,main,11.111,4.9,1.7,30.5,100000,1,32,0.0001,20,0.99,256,missing,not_applicable,not_applicable,missing,20,missing,missing,yes,last,arXiv:2004.04136 Table 2 (std from Table 6/7) [CURL (on Efficient Rainbow)] game as printed: Breakout; refs Table 2,derived_hns_from_reported_mean,"raw score, mean over 20 seeds; std across the 20 runs from Table 6/7 last rows"
2004.04136,CURL,"[""augment@input"", ""discriminate@state"", ""encode@input"", ""reconstruct@sample""]",model_free_representation,choppercommand,atari100k,main,3.763,1058.5,811.0,7387.8,100000,1,32,0.0001,20,0.99,256,missing,not_applicable,not_applicable,missing,20,missing,missing,yes,last,arXiv:2004.04136 Table 2 (std from Table 6/7) [CURL (on Efficient Rainbow)] game as printed: ChopperCommand; refs Table 2,derived_hns_from_reported_mean,"raw score, mean over 20 seeds; std across the 20 runs from Table 6/7 last rows"
2004.04136,CURL,"[""augment@input"", ""discriminate@state"", ""encode@input"", ""reconstruct@sample""]",model_free_representation,crazyclimber,atari100k,main,5.453,12146.5,10780.5,35829.4,100000,1,32,0.0001,20,0.99,256,missing,not_applicable,not_applicable,missing,20,missing,missing,yes,last,arXiv:2004.04136 Table 2 (std from Table 6/7) [CURL (on Efficient Rainbow)] game as printed: CrazyClimber; refs Table 2,derived_hns_from_reported_mean,"raw score, mean over 20 seeds; std across the 20 runs from Table 6/7 last rows"
2004.04136,CURL,"[""augment@input"", ""discriminate@state"", ""encode@input"", ""reconstruct@sample""]",model_free_representation,demonattack,atari100k,main,36.588,817.6,152.1,1971.0,100000,1,32,0.0001,20,0.99,256,missing,not_applicable,not_applicable,missing,20,missing,missing,yes,last,arXiv:2004.04136 Table 2 (std from Table 6/7) [CURL (on Efficient Rainbow)] game as printed: DemonAttack; refs Table 2,derived_hns_from_reported_mean,"raw score, mean over 20 seeds; std across the 20 runs from Table 6/7 last rows"
2004.04136,CURL,"[""augment@input"", ""discriminate@state"", ""encode@input"", ""reconstruct@sample""]",model_free_representation,freeway,atari100k,main,90.203,26.7,0.0,29.6,100000,1,32,0.0001,20,0.99,256,missing,not_applicable,not_applicable,missing,20,missing,missing,yes,last,arXiv:2004.04136 Table 2 (std from Table 6/7) [CURL (on Efficient Rainbow)] game as printed: Freeway; refs Table 2,derived_hns_from_reported_mean,"raw score, mean over 20 seeds; std across the 20 runs from Table 6/7 last rows"
2004.04136,CURL,"[""augment@input"", ""discriminate@state"", ""encode@input"", ""reconstruct@sample""]",model_free_representation,frostbite,atari100k,main,26.141,1181.3,65.2,4334.7,100000,1,32,0.0001,20,0.99,256,missing,not_applicable,not_applicable,missing,20,missing,missing,yes,last,arXiv:2004.04136 Table 2 (std from Table 6/7) [CURL (on Efficient Rainbow)] game as printed: Frostbite; refs Table 2,derived_hns_from_reported_mean,"raw score, mean over 20 seeds; std across the 20 runs from Table 6/7 last rows"
2004.04136,CURL,"[""augment@input"", ""discriminate@state"", ""encode@input"", ""reconstruct@sample""]",model_free_representation,gopher,atari100k,main,19.105,669.3,257.6,2412.5,100000,1,32,0.0001,20,0.99,256,missing,not_applicable,not_applicable,missing,20,missing,missing,yes,last,arXiv:2004.04136 Table 2 (std from Table 6/7) [CURL (on Efficient Rainbow)] game as printed: Gopher; refs Table 2,derived_hns_from_reported_mean,"raw score, mean over 20 seeds; std across the 20 runs from Table 6/7 last rows"
2004.04136,CURL,"[""augment@input"", ""discriminate@state"", ""encode@input"", ""reconstruct@sample""]",model_free_representation,hero,atari100k,main,17.626,6279.3,1027.0,30826.4,100000,1,32,0.0001,20,0.99,256,missing,not_applicable,not_applicable,missing,20,missing,missing,yes,last,arXiv:2004.04136 Table 2 (std from Table 6/7) [CURL (on Efficient Rainbow)] game as printed: Hero; refs Table 2,derived_hns_from_reported_mean,"raw score, mean over 20 seeds; std across the 20 runs from Table 6/7 last rows"
2004.04136,CURL,"[""augment@input"", ""discriminate@state"", ""encode@input"", ""reconstruct@sample""]",model_free_representation,jamesbond,atari100k,main,161.432,471.0,29.0,302.8,100000,1,32,0.0001,20,0.99,256,missing,not_applicable,not_applicable,missing,20,missing,missing,yes,last,arXiv:2004.04136 Table 2 (std from Table 6/7) [CURL (on Efficient Rainbow)] game as printed: JamesBond; refs Table 2,derived_hns_from_reported_mean,"raw score, mean over 20 seeds; std across the 20 runs from Table 6/7 last rows"
2004.04136,CURL,"[""augment@input"", ""discriminate@state"", ""encode@input"", ""reconstruct@sample""]",model_free_representation,kangaroo,atari100k,main,27.506,872.5,52.0,3035.0,100000,1,32,0.0001,20,0.99,256,missing,not_applicable,not_applicable,missing,20,missing,missing,yes,last,arXiv:2004.04136 Table 2 (std from Table 6/7) [CURL (on Efficient Rainbow)] game as printed: Kangaroo; refs Table 2,derived_hns_from_reported_mean,"raw score, mean over 20 seeds; std across the 20 runs from Table 6/7 last rows"
2004.04136,CURL,"[""augment@input"", ""discriminate@state"", ""encode@input"", ""reconstruct@sample""]",model_free_representation,krull,atari100k,main,246.52,4229.6,1598.0,2665.5,100000,1,32,0.0001,20,0.99,256,missing,not_applicable,not_applicable,missing,20,missing,missing,yes,last,arXiv:2004.04136 Table 2 (std from Table 6/7) [CURL (on Efficient Rainbow)] game as printed: Krull; refs Table 2,derived_hns_from_reported_mean,"raw score, mean over 20 seeds; std across the 20 runs from Table 6/7 last rows"
2004.04136,CURL,"[""augment@input"", ""discriminate@state"", ""encode@input"", ""reconstruct@sample""]",model_free_representation,kungfumaster,atari100k,main,62.503,14307.8,258.5,22736.3,100000,1,32,0.0001,20,0.99,256,missing,not_applicable,not_applicable,missing,20,missing,missing,yes,last,arXiv:2004.04136 Table 2 (std from Table 6/7) [CURL (on Efficient Rainbow)] game as printed: KungFuMaster; refs Table 2,derived_hns_from_reported_mean,"raw score, mean over 20 seeds; std across the 20 runs from Table 6/7 last rows"
2004.04136,CURL,"[""augment@input"", ""discriminate@state"", ""encode@input"", ""reconstruct@sample""]",model_free_representation,mspacman,atari100k,main,17.431,1465.5,307.3,6951.6,100000,1,32,0.0001,20,0.99,256,missing,not_applicable,not_applicable,missing,20,missing,missing,yes,last,arXiv:2004.04136 Table 2 (std from Table 6/7) [CURL (on Efficient Rainbow)] game as printed: MsPacman; refs Table 2,derived_hns_from_reported_mean,"raw score, mean over 20 seeds; std across the 20 runs from Table 6/7 last rows"
2004.04136,CURL,"[""augment@input"", ""discriminate@state"", ""encode@input"", ""reconstruct@sample""]",model_free_representation,pong,atari100k,main,11.898,-16.5,-20.7,14.6,100000,1,32,0.0001,20,0.99,256,missing,not_applicable,not_applicable,missing,20,missing,missing,yes,last,arXiv:2004.04136 Table 2 (std from Table 6/7) [CURL (on Efficient Rainbow)] game as printed: Pong; refs Table 2,derived_hns_from_reported_mean,"raw score, mean over 20 seeds; std across the 20 runs from Table 6/7 last rows"
2004.04136,CURL,"[""augment@input"", ""discriminate@state"", ""encode@input"", ""reconstruct@sample""]",model_free_representation,privateeye,atari100k,main,0.278,218.4,24.9,69571.3,100000,1,32,0.0001,20,0.99,256,missing,not_applicable,not_applicable,missing,20,missing,missing,yes,last,arXiv:2004.04136 Table 2 (std from Table 6/7) [CURL (on Efficient Rainbow)] game as printed: PrivateEye; refs Table 2,derived_hns_from_reported_mean,"raw score, mean over 20 seeds; std across the 20 runs from Table 6/7 last rows"
2004.04136,CURL,"[""augment@input"", ""discriminate@state"", ""encode@input"", ""reconstruct@sample""]",model_free_representation,qbert,atari100k,main,6.61,1042.4,163.9,13455.0,100000,1,32,0.0001,20,0.99,256,missing,not_applicable,not_applicable,missing,20,missing,missing,yes,last,arXiv:2004.04136 Table 2 (std from Table 6/7) [CURL (on Efficient Rainbow)] game as printed: Qbert; refs Table 2,derived_hns_from_reported_mean,"raw score, mean over 20 seeds; std across the 20 runs from Table 6/7 last rows"
2004.04136,CURL,"[""augment@input"", ""discriminate@state"", ""encode@input"", ""reconstruct@sample""]",model_free_representation,roadrunner,atari100k,main,72.12,5661.0,11.5,7845.0,100000,1,32,0.0001,20,0.99,256,missing,not_applicable,not_applicable,missing,20,missing,missing,yes,last,arXiv:2004.04136 Table 2 (std from Table 6/7) [CURL (on Efficient Rainbow)] game as printed: RoadRunner; refs Table 2,derived_hns_from_reported_mean,"raw score, mean over 20 seeds; std across the 20 runs from Table 6/7 last rows"
2004.04136,CURL,"[""augment@input"", ""discriminate@state"", ""encode@input"", ""reconstruct@sample""]",model_free_representation,seaquest,atari100k,main,0.753,384.5,68.4,42054.7,100000,1,32,0.0001,20,0.99,256,missing,not_applicable,not_applicable,missing,20,missing,missing,yes,last,arXiv:2004.04136 Table 2 (std from Table 6/7) [CURL (on Efficient Rainbow)] game as printed: Seaquest; refs Table 2,derived_hns_from_reported_mean,"raw score, mean over 20 seeds; std across the 20 runs from Table 6/7 last rows"
2004.04136,CURL,"[""augment@input"", ""discriminate@state"", ""encode@input"", ""reconstruct@sample""]",model_free_representation,upndown,atari100k,main,21.701,2955.2,533.4,11693.2,100000,1,32,0.0001,20,0.99,256,missing,not_applicable,not_applicable,missing,20,missing,missing,yes,last,arXiv:2004.04136 Table 2 (std from Table 6/7) [CURL (on Efficient Rainbow)] game as printed: UpNDown; refs Table 2,derived_hns_from_reported_mean,"raw score, mean over 20 seeds; std across the 20 runs from Table 6/7 last rows"
2004.13649,DrQ,"[""average q function@value"", ""average target@other:DrQ"", ""transform@input""]",model_free_representation,alien,atari100k,main,7.875,771.2,227.8,7127.7,100000,1,32,0.0001,10,0.99,512,3,not_applicable,not_applicable,missing,5,missing,missing,yes,last,arXiv:2004.13649 Table 5 [DrQ (Eff. DQN + DrQ)] game as printed: Alien; refs ,derived_hns_from_reported_mean,raw mean episode return; column 'Eff. DQN +DrQ (Ours)' (last column); no per-game std reported
2004.13649,DrQ,"[""average q function@value"", ""average target@other:DrQ"", ""transform@input""]",model_free_representation,amidar,atari100k,main,5.66,102.8,5.8,1719.5,100000,1,32,0.0001,10,0.99,512,3,not_applicable,not_applicable,missing,5,missing,missing,yes,last,arXiv:2004.13649 Table 5 [DrQ (Eff. DQN + DrQ)] game as printed: Amidar; refs ,derived_hns_from_reported_mean,raw mean episode return; column 'Eff. DQN +DrQ (Ours)' (last column); no per-game std reported
2004.13649,DrQ,"[""average q function@value"", ""average target@other:DrQ"", ""transform@input""]",model_free_representation,assault,atari100k,main,44.265,452.4,222.4,742.0,100000,1,32,0.0001,10,0.99,512,3,not_applicable,not_applicable,missing,5,missing,missing,yes,last,arXiv:2004.13649 Table 5 [DrQ (Eff. DQN + DrQ)] game as printed: Assault; refs ,derived_hns_from_reported_mean,raw mean episode return; column 'Eff. DQN +DrQ (Ours)' (last column); no per-game std reported
2004.13649,DrQ,"[""average q function@value"", ""average target@other:DrQ"", ""transform@input""]",model_free_representation,asterix,atari100k,main,4.745,603.5,210.0,8503.3,100000,1,32,0.0001,10,0.99,512,3,not_applicable,not_applicable,missing,5,missing,missing,yes,last,arXiv:2004.13649 Table 5 [DrQ (Eff. DQN + DrQ)] game as printed: Asterix; refs ,derived_hns_from_reported_mean,raw mean episode return; column 'Eff. DQN +DrQ (Ours)' (last column); no per-game std reported
2004.13649,DrQ,"[""average q function@value"", ""average target@other:DrQ"", ""transform@input""]",model_free_representation,bankheist,atari100k,main,20.937,168.9,14.2,753.1,100000,1,32,0.0001,10,0.99,512,3,not_applicable,not_applicable,missing,5,missing,missing,yes,last,arXiv:2004.13649 Table 5 [DrQ (Eff. DQN + DrQ)] game as printed: BankHeist; refs ,derived_hns_from_reported_mean,raw mean episode return; column 'Eff. DQN +DrQ (Ours)' (last column); no per-game std reported
2004.13649,DrQ,"[""average q function@value"", ""average target@other:DrQ"", ""transform@input""]",model_free_representation,battlezone,atari100k,main,30.418,12954.0,2360.0,37187.5,100000,1,32,0.0001,10,0.99,512,3,not_applicable,not_applicable,missing,5,missing,missing,yes,last,arXiv:2004.13649 Table 5 [DrQ (Eff. DQN + DrQ)] game as printed: BattleZone; refs ,derived_hns_from_reported_mean,raw mean episode return; column 'Eff. DQN +DrQ (Ours)' (last column); no per-game std reported
2004.13649,DrQ,"[""average q function@value"", ""average target@other:DrQ"", ""transform@input""]",model_free_representation,boxing,atari100k,main,49.167,6.0,0.1,12.1,100000,1,32,0.0001,10,0.99,512,3,not_applicable,not_applicable,missing,5,missing,missing,yes,last,arXiv:2004.13649 Table 5 [DrQ (Eff. DQN + DrQ)] game as printed: Boxing; refs ,derived_hns_from_reported_mean,raw mean episode return; column 'Eff. DQN +DrQ (Ours)' (last column); no per-game std reported
2004.13649,DrQ,"[""average q function@value"", ""average target@other:DrQ"", ""transform@input""]",model_free_representation,breakout,atari100k,main,50.0,16.1,1.7,30.5,100000,1,32,0.0001,10,0.99,512,3,not_applicable,not_applicable,missing,5,missing,missing,yes,last,arXiv:2004.13649 Table 5 [DrQ (Eff. DQN + DrQ)] game as printed: Breakout; refs ,derived_hns_from_reported_mean,raw mean episode return; column 'Eff. DQN +DrQ (Ours)' (last column); no per-game std reported
2004.13649,DrQ,"[""average q function@value"", ""average target@other:DrQ"", ""transform@input""]",model_free_representation,choppercommand,atari100k,main,-0.467,780.3,811.0,7387.8,100000,1,32,0.0001,10,0.99,512,3,not_applicable,not_applicable,missing,5,missing,missing,yes,last,arXiv:2004.13649 Table 5 [DrQ (Eff. DQN + DrQ)] game as printed: ChopperCommand; refs ,derived_hns_from_reported_mean,raw mean episode return; column 'Eff. DQN +DrQ (Ours)' (last column); no per-game std reported
2004.13649,DrQ,"[""average q function@value"", ""average target@other:DrQ"", ""transform@input""]",model_free_representation,crazyclimber,atari100k,main,38.868,20516.5,10780.5,35829.4,100000,1,32,0.0001,10,0.99,512,3,not_applicable,not_applicable,missing,5,missing,missing,yes,last,arXiv:2004.13649 Table 5 [DrQ (Eff. DQN + DrQ)] game as printed: CrazyClimber; refs ,derived_hns_from_reported_mean,raw mean episode return; column 'Eff. DQN +DrQ (Ours)' (last column); no per-game std reported
2004.13649,DrQ,"[""average q function@value"", ""average target@other:DrQ"", ""transform@input""]",model_free_representation,demonattack,atari100k,main,52.851,1113.4,152.1,1971.0,100000,1,32,0.0001,10,0.99,512,3,not_applicable,not_applicable,missing,5,missing,missing,yes,last,arXiv:2004.13649 Table 5 [DrQ (Eff. DQN + DrQ)] game as printed: DemonAttack; refs ,derived_hns_from_reported_mean,raw mean episode return; column 'Eff. DQN +DrQ (Ours)' (last column); no per-game std reported
2004.13649,DrQ,"[""average q function@value"", ""average target@other:DrQ"", ""transform@input""]",model_free_representation,freeway,atari100k,main,33.108,9.8,0.0,29.6,100000,1,32,0.0001,10,0.99,512,3,not_applicable,not_applicable,missing,5,missing,missing,yes,last,arXiv:2004.13649 Table 5 [DrQ (Eff. DQN + DrQ)] game as printed: Freeway; refs ,derived_hns_from_reported_mean,raw mean episode return; column 'Eff. DQN +DrQ (Ours)' (last column); no per-game std reported
2004.13649,DrQ,"[""average q function@value"", ""average target@other:DrQ"", ""transform@input""]",model_free_representation,frostbite,atari100k,main,6.228,331.1,65.2,4334.7,100000,1,32,0.0001,10,0.99,512,3,not_applicable,not_applicable,missing,5,missing,missing,yes,last,arXiv:2004.13649 Table 5 [DrQ (Eff. DQN + DrQ)] game as printed: Frostbite; refs ,derived_hns_from_reported_mean,raw mean episode return; column 'Eff. DQN +DrQ (Ours)' (last column); no per-game std reported
2004.13649,DrQ,"[""average q function@value"", ""average target@other:DrQ"", ""transform@input""]",model_free_representation,gopher,atari100k,main,17.574,636.3,257.6,2412.5,100000,1,32,0.0001,10,0.99,512,3,not_applicable,not_applicable,missing,5,missing,missing,yes,last,arXiv:2004.13649 Table 5 [DrQ (Eff. DQN + DrQ)] game as printed: Gopher; refs ,derived_hns_from_reported_mean,raw mean episode return; column 'Eff. DQN +DrQ (Ours)' (last column); no per-game std reported
2004.13649,DrQ,"[""average q function@value"", ""average target@other:DrQ"", ""transform@input""]",model_free_representation,hero,atari100k,main,9.092,3736.3,1027.0,30826.4,100000,1,32,0.0001,10,0.99,512,3,not_applicable,not_applicable,missing,5,missing,missing,yes,last,arXiv:2004.13649 Table 5 [DrQ (Eff. DQN + DrQ)] game as printed: Hero; refs ,derived_hns_from_reported_mean,raw mean episode return; column 'Eff. DQN +DrQ (Ours)' (last column); no per-game std reported
2004.13649,DrQ,"[""average q function@value"", ""average target@other:DrQ"", ""transform@input""]",model_free_representation,jamesbond,atari100k,main,75.603,236.0,29.0,302.8,100000,1,32,0.0001,10,0.99,512,3,not_applicable,not_applicable,missing,5,missing,missing,yes,last,arXiv:2004.13649 Table 5 [DrQ (Eff. DQN + DrQ)] game as printed: Jamesbond; refs ,derived_hns_from_reported_mean,raw mean episode return; column 'Eff. DQN +DrQ (Ours)' (last column); no per-game std reported
2004.13649,DrQ,"[""average q function@value"", ""average target@other:DrQ"", ""transform@input""]",model_free_representation,kangaroo,atari100k,main,29.789,940.6,52.0,3035.0,100000,1,32,0.0001,10,0.99,512,3,not_applicable,not_applicable,missing,5,missing,missing,yes,last,arXiv:2004.13649 Table 5 [DrQ (Eff. DQN + DrQ)] game as printed: Kangaroo; refs ,derived_hns_from_reported_mean,raw mean episode return; column 'Eff. DQN +DrQ (Ours)' (last column); no per-game std reported
2004.13649,DrQ,"[""average q function@value"", ""average target@other:DrQ"", ""transform@input""]",model_free_representation,krull,atari100k,main,226.707,4018.1,1598.0,2665.5,100000,1,32,0.0001,10,0.99,512,3,not_applicable,not_applicable,missing,5,missing,missing,yes,last,arXiv:2004.13649 Table 5 [DrQ (Eff. DQN + DrQ)] game as printed: Krull; refs ,derived_hns_from_reported_mean,raw mean episode return; column 'Eff. DQN +DrQ (Ours)' (last column); no per-game std reported
2004.13649,DrQ,"[""average q function@value"", ""average target@other:DrQ"", ""transform@input""]",model_free_representation,kungfumaster,atari100k,main,39.383,9111.0,258.5,22736.3,100000,1,32,0.0001,10,0.99,512,3,not_applicable,not_applicable,missing,5,missing,missing,yes,last,arXiv:2004.13649 Table 5 [DrQ (Eff. DQN + DrQ)] game as printed: KungFuMaster; refs ,derived_hns_from_reported_mean,raw mean episode return; column 'Eff. DQN +DrQ (Ours)' (last column); no per-game std reported
2004.13649,DrQ,"[""average q function@value"", ""average target@other:DrQ"", ""transform@input""]",model_free_representation,mspacman,atari100k,main,9.831,960.5,307.3,6951.6,100000,1,32,0.0001,10,0.99,512,3,not_applicable,not_applicable,missing,5,missing,missing,yes,last,arXiv:2004.13649 Table 5 [DrQ (Eff. DQN + DrQ)] game as printed: MsPacman; refs ,derived_hns_from_reported_mean,raw mean episode return; column 'Eff. DQN +DrQ (Ours)' (last column); no per-game std reported
2004.13649,DrQ,"[""average q function@value"", ""average target@other:DrQ"", ""transform@input""]",model_free_representation,pong,atari100k,main,34.561,-8.5,-20.7,14.6,100000,1,32,0.0001,10,0.99,512,3,not_applicable,not_applicable,missing,5,missing,missing,yes,last,arXiv:2004.13649 Table 5 [DrQ (Eff. DQN + DrQ)] game as printed: Pong; refs ,derived_hns_from_reported_mean,raw mean episode return; column 'Eff. DQN +DrQ (Ours)' (last column); no per-game std reported
2004.13649,DrQ,"[""average q function@value"", ""average target@other:DrQ"", ""transform@input""]",model_free_representation,privateeye,atari100k,main,-0.055,-13.6,24.9,69571.3,100000,1,32,0.0001,10,0.99,512,3,not_applicable,not_applicable,missing,5,missing,missing,yes,last,arXiv:2004.13649 Table 5 [DrQ (Eff. DQN + DrQ)] game as printed: PrivateEye; refs ,derived_hns_from_reported_mean,raw mean episode return; column 'Eff. DQN +DrQ (Ours)' (last column); no per-game std reported
2004.13649,DrQ,"[""average q function@value"", ""average target@other:DrQ"", ""transform@input""]",model_free_representation,qbert,atari100k,main,5.195,854.4,163.9,13455.0,100000,1,32,0.0001,10,0.99,512,3,not_applicable,not_applicable,missing,5,missing,missing,yes,last,arXiv:2004.13649 Table 5 [DrQ (Eff. DQN + DrQ)] game as printed: Qbert; refs ,derived_hns_from_reported_mean,raw mean episode return; column 'Eff. DQN +DrQ (Ours)' (last column); no per-game std reported
2004.13649,DrQ,"[""average q function@value"", ""average target@other:DrQ"", ""transform@input""]",model_free_representation,roadrunner,atari100k,main,113.405,8895.1,11.5,7845.0,100000,1,32,0.0001,10,0.99,512,3,not_applicable,not_applicable,missing,5,missing,missing,yes,last,arXiv:2004.13649 Table 5 [DrQ (Eff. DQN + DrQ)] game as printed: RoadRunner; refs ,derived_hns_from_reported_mean,raw mean episode return; column 'Eff. DQN +DrQ (Ours)' (last column); no per-game std reported
2004.13649,DrQ,"[""average q function@value"", ""average target@other:DrQ"", ""transform@input""]",model_free_representation,seaquest,atari100k,main,0.554,301.2,68.4,42054.7,100000,1,32,0.0001,10,0.99,512,3,not_applicable,not_applicable,missing,5,missing,missing,yes,last,arXiv:2004.13649 Table 5 [DrQ (Eff. DQN + DrQ)] game as printed: Seaquest; refs ,derived_hns_from_reported_mean,raw mean episode return; column 'Eff. DQN +DrQ (Ours)' (last column); no per-game std reported
2004.13649,DrQ,"[""average q function@value"", ""average target@other:DrQ"", ""transform@input""]",model_free_representation,upndown,atari100k,main,23.723,3180.8,533.4,11693.2,100000,1,32,0.0001,10,0.99,512,3,not_applicable,not_applicable,missing,5,missing,missing,yes,last,arXiv:2004.13649 Table 5 [DrQ (Eff. DQN + DrQ)] game as printed: UpNDown; refs ,derived_hns_from_reported_mean,raw mean episode return; column 'Eff. DQN +DrQ (Ours)' (last column); no per-game std reported
2007.05929,SPR,"[""encode@state"", ""evaluate@distribution"", ""predict@latent"", ""project@latent""]",model_free_representation,alien,atari100k,main,8.315,801.5,227.8,7127.7,100000,2,32,0.0001,10,0.99,missing,3,not_applicable,not_applicable,missing,10,100,missing,yes,last,arXiv:2007.05929 Table 4 [SPR] game as printed: Alien; refs ,derived_hns_from_reported_mean,raw mean episodic return; column 'SPR'; no per-game std reported
2007.05929,SPR,"[""encode@state"", ""evaluate@distribution"", ""predict@latent"", ""project@latent""]",model_free_representation,alien,atari100k,no_aug,8.977,847.2,227.8,7127.7,100000,2,32,0.0001,10,0.99,missing,3,not_applicable,not_applicable,missing,10,100,missing,no,last,arXiv:2007.05929 Table 4 [SPR] game as printed: Alien; refs ,derived_hns_from_reported_mean,raw mean episodic return; column 'SPR (no Aug)'; no per-game std reported
2007.05929,SPR,"[""encode@state"", ""evaluate@distribution"", ""predict@latent"", ""project@latent""]",model_free_representation,amidar,atari100k,main,9.949,176.3,5.8,1719.5,100000,2,32,0.0001,10,0.99,missing,3,not_applicable,not_applicable,missing,10,100,missing,yes,last,arXiv:2007.05929 Table 4 [SPR] game as printed: Amidar; refs ,derived_hns_from_reported_mean,raw mean episodic return; column 'SPR'; no per-game std reported
2007.05929,SPR,"[""encode@state"", ""evaluate@distribution"", ""predict@latent"", ""project@latent""]",model_free_representation,amidar,atari100k,no_aug,7.989,142.7,5.8,1719.5,100000,2,32,0.0001,10,0.99,missing,3,not_applicable,not_applicable,missing,10,100,missing,no,last,arXiv:2007.05929 Table 4 [SPR] game as printed: Amidar; refs ,derived_hns_from_reported_mean,raw mean episodic return; column 'SPR (no Aug)'; no per-game std reported
2007.05929,SPR,"[""encode@state"", ""evaluate@distribution"", ""predict@latent"", ""project@latent""]",model_free_representation,assault,atari100k,main,67.09,571.0,222.4,742.0,100000,2,32,0.0001,10,0.99,missing,3,not_applicable,not_applicable,missing,10,100,missing,yes,last,arXiv:2007.05929 Table 4 [SPR] game as printed: Assault; refs ,derived_hns_from_reported_mean,raw mean episodic return; column 'SPR'; no per-game std reported
2007.05929,SPR,"[""encode@state"", ""evaluate@distribution"", ""predict@latent"", ""project@latent""]",model_free_representation,assault,atari100k,no_aug,85.181,665.0,222.4,742.0,100000,2,32,0.0001,10,0.99,missing,3,not_applicable,not_applicable,missing,10,100,missing,no,last,arXiv:2007.05929 Table 4 [SPR] game as printed: Assault; refs ,derived_hns_from_reported_mean,raw mean episodic return; column 'SPR (no Aug)'; no per-game std reported
2007.05929,SPR,"[""encode@state"", ""evaluate@distribution"", ""predict@latent"", ""project@latent""]",model_free_representation,asterix,atari100k,main,9.258,977.8,210.0,8503.3,100000,2,32,0.0001,10,0.99,missing,3,not_applicable,not_applicable,missing,10,100,missing,yes,last,arXiv:2007.05929 Table 4 [SPR] game as printed: Asterix; refs ,derived_hns_from_reported_mean,raw mean episodic return; column 'SPR'; no per-game std reported
2007.05929,SPR,"[""encode@state"", ""evaluate@distribution"", ""predict@latent"", ""project@latent""]",model_free_representation,asterix,atari100k,no_aug,7.358,820.2,210.0,8503.3,100000,2,32,0.0001,10,0.99,missing,3,not_applicable,not_applicable,missing,10,100,missing,no,last,arXiv:2007.05929 Table 4 [SPR] game as printed: Asterix; refs ,derived_hns_from_reported_mean,raw mean episodic return; column 'SPR (no Aug)'; no per-game std reported
2007.05929,SPR,"[""encode@state"", ""evaluate@distribution"", ""predict@latent"", ""project@latent""]",model_free_representation,bankheist,atari100k,main,49.628,380.9,14.2,753.1,100000,2,32,0.0001,10,0.99,missing,3,not_applicable,not_applicable,missing,10,100,missing,yes,last,arXiv:2007.05929 Table 4 [SPR] game as printed: Bank Heist; refs ,derived_hns_from_reported_mean,raw mean episodic return; column 'SPR'; no per-game std reported
2007.05929,SPR,"[""encode@state"", ""evaluate@distribution"", ""predict@latent"", ""project@latent""]",model_free_representation,bankheist,atari100k,no_aug,55.677,425.6,14.2,753.1,100000,2,32,0.0001,10,0.99,missing,3,not_applicable,not_applicable,missing,10,100,missing,no,last,arXiv:2007.05929 Table 4 [SPR] game as printed: Bank Heist; refs ,derived_hns_from_reported_mean,raw mean episodic return; column 'SPR (no Aug)'; no per-game std reported
2007.05929,SPR,"[""encode@state"", ""evaluate@distribution"", ""predict@latent"", ""project@latent""]",model_free_representation,battlezone,atari100k,main,41.034,16651.0,2360.0,37187.5,100000,2,32,0.0001,10,0.99,missing,3,not_applicable,not_applicable,missing,10,100,missing,yes,last,arXiv:2007.05929 Table 4 [SPR] game as printed: BattleZone; refs ,derived_hns_from_reported_mean,raw mean episodic return; column 'SPR'; no per-game std reported
2007.05929,SPR,"[""encode@state"", ""evaluate@distribution"", ""predict@latent"", ""project@latent""]",model_free_representation,battlezone,atari100k,no_aug,24.056,10738.0,2360.0,37187.5,100000,2,32,0.0001,10,0.99,missing,3,not_applicable,not_applicable,missing,10,100,missing,no,last,arXiv:2007.05929 Table 4 [SPR] game as printed: BattleZone; refs ,derived_hns_from_reported_mean,raw mean episodic return; column 'SPR (no Aug)'; no per-game std reported
2007.05929,SPR,"[""encode@state"", ""evaluate@distribution"", ""predict@latent"", ""project@latent""]",model_free_representation,boxing,atari100k,main,297.5,35.8,0.1,12.1,100000,2,32,0.0001,10,0.99,missing,3,not_applicable,not_applicable,missing,10,100,missing,yes,last,arXiv:2007.05929 Table 4 [SPR] game as printed: Boxing; refs ,derived_hns_from_reported_mean,raw mean episodic return; column 'SPR'; no per-game std reported
2007.05929,SPR,"[""encode@state"", ""evaluate@distribution"", ""predict@latent"", ""project@latent""]",model_free_representation,boxing,atari100k,no_aug,105.0,12.7,0.1,12.1,100000,2,32,0.0001,10,0.99,missing,3,not_applicable,not_applicable,missing,10,100,missing,no,last,arXiv:2007.05929 Table 4 [SPR] game as printed: Boxing; refs ,derived_hns_from_reported_mean,raw mean episodic return; column 'SPR (no Aug)'; no per-game std reported
2007.05929,SPR,"[""encode@state"", ""evaluate@distribution"", ""predict@latent"", ""project@latent""]",model_free_representation,breakout,atari100k,main,53.472,17.1,1.7,30.5,100000,2,32,0.0001,10,0.99,missing,3,not_applicable,not_applicable,missing,10,100,missing,yes,last,arXiv:2007.05929 Table 4 [SPR] game as printed: Breakout; refs ,derived_hns_from_reported_mean,raw mean episodic return; column 'SPR'; no per-game std reported
2007.05929,SPR,"[""encode@state"", ""evaluate@distribution"", ""predict@latent"", ""project@latent""]",model_free_representation,breakout,atari100k,no_aug,38.889,12.9,1.7,30.5,100000,2,32,0.0001,10,0.99,missing,3,not_applicable,not_applicable,missing,10,100,missing,no,last,arXiv:2007.05929 Table 4 [SPR] game as printed: Breakout; refs ,derived_hns_from_reported_mean,raw mean episodic return; column 'SPR (no Aug)'; no per-game std reported
2007.05929,SPR,"[""encode@state"", ""evaluate@distribution"", ""predict@latent"", ""project@latent""]",model_free_representation,choppercommand,atari100k,main,2.491,974.8,811.0,7387.8,100000,2,32,0.0001,10,0.99,missing,3,not_applicable,not_applicable,missing,10,100,missing,yes,last,arXiv:2007.05929 Table 4 [SPR] game as printed: ChopperCommand; refs ,derived_hns_from_reported_mean,raw mean episodic return; column 'SPR'; no per-game std reported
2007.05929,SPR,"[""encode@state"", ""evaluate@distribution"", ""predict@latent"", ""project@latent""]",model_free_representation,choppercommand,atari100k,no_aug,-2.185,667.3,811.0,7387.8,100000,2,32,0.0001,10,0.99,missing,3,not_applicable,not_applicable,missing,10,100,missing,no,last,arXiv:2007.05929 Table 4 [SPR] game as printed: ChopperCommand; refs ,derived_hns_from_reported_mean,raw mean episodic return; column 'SPR (no Aug)'; no per-game std reported
2007.05929,SPR,"[""encode@state"", ""evaluate@distribution"", ""predict@latent"", ""project@latent""]",model_free_representation,crazyclimber,atari100k,main,128.321,42923.6,10780.5,35829.4,100000,2,32,0.0001,10,0.99,missing,3,not_applicable,not_applicable,missing,10,100,missing,yes,last,arXiv:2007.05929 Table 4 [SPR] game as printed: Crazy Climber; refs ,derived_hns_from_reported_mean,raw mean episodic return; column 'SPR'; no per-game std reported
2007.05929,SPR,"[""encode@state"", ""evaluate@distribution"", ""predict@latent"", ""project@latent""]",model_free_representation,crazyclimber,atari100k,no_aug,130.187,43391.0,10780.5,35829.4,100000,2,32,0.0001,10,0.99,missing,3,not_applicable,not_applicable,missing,10,100,missing,no,last,arXiv:2007.05929 Table 4 [SPR] game as printed: Crazy Climber; refs ,derived_hns_from_reported_mean,raw mean episodic return; column 'SPR (no Aug)'; no per-game std reported
2007.05929,SPR,"[""encode@state"", ""evaluate@distribution"", ""predict@latent"", ""project@latent""]",model_free_representation,demonattack,atari100k,main,21.612,545.2,152.1,1971.0,100000,2,32,0.0001,10,0.99,missing,3,not_applicable,not_applicable,missing,10,100,missing,yes,last,arXiv:2007.05929 Table 4 [SPR] game as printed: Demon Attack; refs ,derived_hns_from_reported_mean,raw mean episodic return; column 'SPR'; no per-game std reported
2007.05929,SPR,"[""encode@state"", ""evaluate@distribution"", ""predict@latent"", ""project@latent""]",model_free_representation,demonattack,atari100k,no_aug,11.985,370.1,152.1,1971.0,100000,2,32,0.0001,10,0.99,missing,3,not_applicable,not_applicable,missing,10,100,missing,no,last,arXiv:2007.05929 Table 4 [SPR] game as printed: Demon Attack; refs ,derived_hns_from_reported_mean,raw mean episodic return; column 'SPR (no Aug)'; no per-game std reported
2007.05929,SPR,"[""encode@state"", ""evaluate@distribution"", ""predict@latent"", ""project@latent""]",model_free_representation,freeway,atari100k,main,82.432,24.4,0.0,29.6,100000,2,32,0.0001,10,0.99,missing,3,not_applicable,not_applicable,missing,10,100,missing,yes,last,arXiv:2007.05929 Table 4 [SPR] game as printed: Freeway; refs ,derived_hns_from_reported_mean,raw mean episodic return; column 'SPR'; no per-game std reported
2007.05929,SPR,"[""encode@state"", ""evaluate@distribution"", ""predict@latent"", ""project@latent""]",model_free_representation,freeway,atari100k,no_aug,54.392,16.1,0.0,29.6,100000,2,32,0.0001,10,0.99,missing,3,not_applicable,not_applicable,missing,10,100,missing,no,last,arXiv:2007.05929 Table 4 [SPR] game as printed: Freeway; refs ,derived_hns_from_reported_mean,raw mean episodic return; column 'SPR (no Aug)'; no per-game std reported
2007.05929,SPR,"[""encode@state"", ""evaluate@distribution"", ""predict@latent"", ""project@latent""]",model_free_representation,frostbite,atari100k,main,41.136,1821.5,65.2,4334.7,100000,2,32,0.0001,10,0.99,missing,3,not_applicable,not_applicable,missing,10,100,missing,yes,last,arXiv:2007.05929 Table 4 [SPR] game as printed: Frostbite; refs ,derived_hns_from_reported_mean,raw mean episodic return; column 'SPR'; no per-game std reported
2007.05929,SPR,"[""encode@state"", ""evaluate@distribution"", ""predict@latent"", ""project@latent""]",model_free_representation,frostbite,atari100k,no_aug,37.292,1657.4,65.2,4334.7,100000,2,32,0.0001,10,0.99,missing,3,not_applicable,not_applicable,missing,10,100,missing,no,last,arXiv:2007.05929 Table 4 [SPR] game as printed: Frostbite; refs ,derived_hns_from_reported_mean,raw mean episodic return; column 'SPR (no Aug)'; no per-game std reported
2007.05929,SPR,"[""encode@state"", ""evaluate@distribution"", ""predict@latent"", ""project@latent""]",model_free_representation,gopher,atari100k,main,21.235,715.2,257.6,2412.5,100000,2,32,0.0001,10,0.99,missing,3,not_applicable,not_applicable,missing,10,100,missing,yes,last,arXiv:2007.05929 Table 4 [SPR] game as printed: Gopher; refs ,derived_hns_from_reported_mean,raw mean episodic return; column 'SPR'; no per-game std reported
2007.05929,SPR,"[""encode@state"", ""evaluate@distribution"", ""predict@latent"", ""project@latent""]",model_free_representation,gopher,atari100k,no_aug,23.987,774.5,257.6,2412.5,100000,2,32,0.0001,10,0.99,missing,3,not_applicable,not_applicable,missing,10,100,missing,no,last,arXiv:2007.05929 Table 4 [SPR] game as printed: Gopher; refs ,derived_hns_from_reported_mean,raw mean episodic return; column 'SPR (no Aug)'; no per-game std reported
2007.05929,SPR,"[""encode@state"", ""evaluate@distribution"", ""predict@latent"", ""project@latent""]",model_free_representation,hero,atari100k,main,20.108,7019.2,1027.0,30826.4,100000,2,32,0.0001,10,0.99,missing,3,not_applicable,not_applicable,missing,10,100,missing,yes,last,arXiv:2007.05929 Table 4 [SPR] game as printed: Hero; refs ,derived_hns_from_reported_mean,raw mean episodic return; column 'SPR'; no per-game std reported
2007.05929,SPR,"[""encode@state"", ""evaluate@distribution"", ""predict@latent"", ""project@latent""]",model_free_representation,hero,atari100k,no_aug,15.706,5707.4,1027.0,30826.4,100000,2,32,0.0001,10,0.99,missing,3,not_applicable,not_applicable,missing,10,100,missing,no,last,arXiv:2007.05929 Table 4 [SPR] game as printed: Hero; refs ,derived_hns_from_reported_mean,raw mean episodic return; column 'SPR (no Aug)'; no per-game std reported
2007.05929,SPR,"[""encode@state"", ""evaluate@distribution"", ""predict@latent"", ""project@latent""]",model_free_representation,jamesbond,atari100k,main,122.863,365.4,29.0,302.8,100000,2,32,0.0001,10,0.99,missing,3,not_applicable,not_applicable,missing,10,100,missing,yes,last,arXiv:2007.05929 Table 4 [SPR] game as printed: Jamesbond; refs ,derived_hns_from_reported_mean,raw mean episodic return; column 'SPR'; no per-game std reported
2007.05929,SPR,"[""encode@state"", ""evaluate@distribution"", ""predict@latent"", ""project@latent""]",model_free_representation,jamesbond,atari100k,no_aug,123.521,367.2,29.0,302.8,100000,2,32,0.0001,10,0.99,missing,3,not_applicable,not_applicable,missing,10,100,missing,no,last,arXiv:2007.05929 Table 4 [SPR] game as printed: Jamesbond; refs ,derived_hns_from_reported_mean,raw mean episodic return; column 'SPR (no Aug)'; no per-game std reported
2007.05929,SPR,"[""encode@state"", ""evaluate@distribution"", ""predict@latent"", ""project@latent""]",model_free_representation,kangaroo,atari100k,main,108.093,3276.4,52.0,3035.0,100000,2,32,0.0001,10,0.99,missing,3,not_applicable,not_applicable,missing,10,100,missing,yes,last,arXiv:2007.05929 Table 4 [SPR] game as printed: Kangaroo; refs ,derived_hns_from_reported_mean,raw mean episodic return; column 'SPR'; no per-game std reported
2007.05929,SPR,"[""encode@state"", ""evaluate@distribution"", ""predict@latent"", ""project@latent""]",model_free_representation,kangaroo,atari100k,no_aug,43.832,1359.5,52.0,3035.0,100000,2,32,0.0001,10,0.99,missing,3,not_applicable,not_applicable,missing,10,100,missing,no,last,arXiv:2007.05929 Table 4 [SPR] game as printed: Kangaroo; refs ,derived_hns_from_reported_mean,raw mean episodic return; column 'SPR (no Aug)'; no per-game std reported
2007.05929,SPR,"[""encode@state"", ""evaluate@distribution"", ""predict@latent"", ""project@latent""]",model_free_representation,krull,atari100k,main,195.869,3688.9,1598.0,2665.5,100000,2,32,0.0001,10,0.99,missing,3,not_applicable,not_applicable,missing,10,100,missing,yes,last,arXiv:2007.05929 Table 4 [SPR] game as printed: Krull; refs ,derived_hns_from_reported_mean,raw mean episodic return; column 'SPR'; no per-game std reported
2007.05929,SPR,"[""encode@state"", ""evaluate@distribution"", ""predict@latent"", ""project@latent""]",model_free_representation,krull,atari100k,no_aug,142.867,3123.1,1598.0,2665.5,100000,2,32,0.0001,10,0.99,missing,3,not_applicable,not_applicable,missing,10,100,missing,no,last,arXiv:2007.05929 Table 4 [SPR] game as printed: Krull; refs ,derived_hns_from_reported_mean,raw mean episodic return; column 'SPR (no Aug)'; no per-game std reported
2007.05929,SPR,"[""encode@state"", ""evaluate@distribution"", ""predict@latent"", ""project@latent""]",model_free_representation,kungfumaster,atari100k,main,57.542,13192.7,258.5,22736.3,100000,2,32,0.0001,10,0.99,missing,3,not_applicable,not_applicable,missing,10,100,missing,yes,last,arXiv:2007.05929 Table 4 [SPR] game as printed: Kung Fu Master; refs ,derived_hns_from_reported_mean,raw mean episodic return; column 'SPR'; no per-game std reported
2007.05929,SPR,"[""encode@state"", ""evaluate@distribution"", ""predict@latent"", ""project@latent""]",model_free_representation,kungfumaster,atari100k,no_aug,67.672,15469.7,258.5,22736.3,100000,2,32,0.0001,10,0.99,missing,3,not_applicable,not_applicable,missing,10,100,missing,no,last,arXiv:2007.05929 Table 4 [SPR] game as printed: Kung Fu Master; refs ,derived_hns_from_reported_mean,raw mean episodic return; column 'SPR (no Aug)'; no per-game std reported
2007.05929,SPR,"[""encode@state"", ""evaluate@distribution"", ""predict@latent"", ""project@latent""]",model_free_representation,mspacman,atari100k,main,15.139,1313.2,307.3,6951.6,100000,2,32,0.0001,10,0.99,missing,3,not_applicable,not_applicable,missing,10,100,missing,yes,last,arXiv:2007.05929 Table 4 [SPR] game as printed: Ms Pacman; refs ,derived_hns_from_reported_mean,raw mean episodic return; column 'SPR'; no per-game std reported
2007.05929,SPR,"[""encode@state"", ""evaluate@distribution"", ""predict@latent"", ""project@latent""]",model_free_representation,mspacman,atari100k,no_aug,14.153,1247.7,307.3,6951.6,100000,2,32,0.0001,10,0.99,missing,3,not_applicable,not_applicable,missing,10,100,missing,no,last,arXiv:2007.05929 Table 4 [SPR] game as printed: Ms Pacman; refs ,derived_hns_from_reported_mean,raw mean episodic return; column 'SPR (no Aug)'; no per-game std reported
2007.05929,SPR,"[""encode@state"", ""evaluate@distribution"", ""predict@latent"", ""project@latent""]",model_free_representation,pong,atari100k,main,41.926,-5.9,-20.7,14.6,100000,2,32,0.0001,10,0.99,missing,3,not_applicable,not_applicable,missing,10,100,missing,yes,last,arXiv:2007.05929 Table 4 [SPR] game as printed: Pong; refs ,derived_hns_from_reported_mean,raw mean episodic return; column 'SPR'; no per-game std reported
2007.05929,SPR,"[""encode@state"", ""evaluate@distribution"", ""predict@latent"", ""project@latent""]",model_free_representation,pong,atari100k,no_aug,13.314,-16.0,-20.7,14.6,100000,2,32,0.0001,10,0.99,missing,3,not_applicable,not_applicable,missing,10,100,missing,no,last,arXiv:2007.05929 Table 4 [SPR] game as printed: Pong; refs ,derived_hns_from_reported_mean,raw mean episodic return; column 'SPR (no Aug)'; no per-game std reported
2007.05929,SPR,"[""encode@state"", ""evaluate@distribution"", ""predict@latent"", ""project@latent""]",model_free_representation,privateeye,atari100k,main,0.142,124.0,24.9,69571.3,100000,2,32,0.0001,10,0.99,missing,3,not_applicable,not_applicable,missing,10,100,missing,yes,last,arXiv:2007.05929 Table 4 [SPR] game as printed: Private Eye; refs ,derived_hns_from_reported_mean,raw mean episodic return; column 'SPR'; no per-game std reported
2007.05929,SPR,"[""encode@state"", ""evaluate@distribution"", ""predict@latent"", ""project@latent""]",model_free_representation,privateeye,atari100k,no_aug,0.04,52.6,24.9,69571.3,100000,2,32,0.0001,10,0.99,missing,3,not_applicable,not_applicable,missing,10,100,missing,no,last,arXiv:2007.05929 Table 4 [SPR] game as printed: Private Eye; refs ,derived_hns_from_reported_mean,raw mean episodic return; column 'SPR (no Aug)'; no per-game std reported
2007.05929,SPR,"[""encode@state"", ""evaluate@distribution"", ""predict@latent"", ""project@latent""]",model_free_representation,qbert,atari100k,main,3.801,669.1,163.9,13455.0,100000,2,32,0.0001,10,0.99,missing,3,not_applicable,not_applicable,missing,10,100,missing,yes,last,arXiv:2007.05929 Table 4 [SPR] game as printed: Qbert; refs ,derived_hns_from_reported_mean,raw mean episodic return; column 'SPR'; no per-game std reported
2007.05929,SPR,"[""encode@state"", ""evaluate@distribution"", ""predict@latent"", ""project@latent""]",model_free_representation,qbert,atari100k,no_aug,3.331,606.6,163.9,13455.0,100000,2,32,0.0001,10,0.99,missing,3,not_applicable,not_applicable,missing,10,100,missing,no,last,arXiv:2007.05929 Table 4 [SPR] game as printed: Qbert; refs ,derived_hns_from_reported_mean,raw mean episodic return; column 'SPR (no Aug)'; no per-game std reported
2007.05929,SPR,"[""encode@state"", ""evaluate@distribution"", ""predict@latent"", ""project@latent""]",model_free_representation,roadrunner,atari100k,main,181.388,14220.5,11.5,7845.0,100000,2,32,0.0001,10,0.99,missing,3,not_applicable,not_applicable,missing,10,100,missing,yes,last,arXiv:2007.05929 Table 4 [SPR] game as printed: Road Runner; refs ,derived_hns_from_reported_mean,raw mean episodic return; column 'SPR'; no per-game std reported
2007.05929,SPR,"[""encode@state"", ""evaluate@distribution"", ""predict@latent"", ""project@latent""]",model_free_representation,roadrunner,atari100k,no_aug,134.033,10511.0,11.5,7845.0,100000,2,32,0.0001,10,0.99,missing,3,not_applicable,not_applicable,missing,10,100,missing,no,last,arXiv:2007.05929 Table 4 [SPR] game as printed: Road Runner; refs ,derived_hns_from_reported_mean,raw mean episodic return; column 'SPR (no Aug)'; no per-game std reported
2007.05929,SPR,"[""encode@state"", ""evaluate@distribution"", ""predict@latent"", ""project@latent""]",model_free_representation,seaquest,atari100k,main,1.226,583.1,68.4,42054.7,100000,2,32,0.0001,10,0.99,missing,3,not_applicable,not_applicable,missing,10,100,missing,yes,last,arXiv:2007.05929 Table 4 [SPR] game as printed: Seaquest; refs ,derived_hns_from_reported_mean,raw mean episodic return; column 'SPR'; no per-game std reported
2007.05929,SPR,"[""encode@state"", ""evaluate@distribution"", ""predict@latent"", ""project@latent""]",model_free_representation,seaquest,atari100k,no_aug,1.22,580.8,68.4,42054.7,100000,2,32,0.0001,10,0.99,missing,3,not_applicable,not_applicable,missing,10,100,missing,no,last,arXiv:2007.05929 Table 4 [SPR] game as printed: Seaquest; refs ,derived_hns_from_reported_mean,raw mean episodic return; column 'SPR (no Aug)'; no per-game std reported
2007.05929,SPR,"[""encode@state"", ""evaluate@distribution"", ""predict@latent"", ""project@latent""]",model_free_representation,upndown,atari100k,main,247.362,28138.5,533.4,11693.2,100000,2,32,0.0001,10,0.99,missing,3,not_applicable,not_applicable,missing,10,100,missing,yes,last,arXiv:2007.05929 Table 4 [SPR] game as printed: Up N Down; refs ,derived_hns_from_reported_mean,raw mean episodic return; column 'SPR'; no per-game std reported
2007.05929,SPR,"[""encode@state"", ""evaluate@distribution"", ""predict@latent"", ""project@latent""]",model_free_representation,upndown,atari100k,no_aug,54.402,6604.6,533.4,11693.2,100000,2,32,0.0001,10,0.99,missing,3,not_applicable,not_applicable,missing,10,100,missing,no,last,arXiv:2007.05929 Table 4 [SPR] game as printed: Up N Down; refs ,derived_hns_from_reported_mean,raw mean episodic return; column 'SPR (no Aug)'; no per-game std reported
2106.04152,PlayVirtual,"[""backward predict@latent"", ""cycle consistency@state"", ""predict@latent""]",model_free_representation,alien,atari100k,main,10.435,947.8,227.8,7127.7,100000,2,32,0.0001,10,0.99,256,3,not_applicable,not_applicable,missing,15,100,missing,yes,last,arXiv:2106.04152 Table 1 [PlayVirtual] game as printed: Alien; refs ,derived_hns_from_reported_mean,raw score (mean over 15 seeds); std from Table 8 (15 seeds): Alien               138.8       231.7       Crazy Climber   6275.9       4664.4      Kung Fu Master   4095.1      6198.7
2106.04152,PlayVirtual,"[""backward predict@latent"", ""cycle consistency@state"", ""predict@latent""]",model_free_representation,amidar,atari100k,main,9.307,165.3,5.8,1719.5,100000,2,32,0.0001,10,0.99,256,3,not_applicable,not_applicable,missing,15,100,missing,yes,last,arXiv:2106.04152 Table 1 [PlayVirtual] game as printed: Amidar; refs ,derived_hns_from_reported_mean,raw score (mean over 15 seeds); std from Table 8 (15 seeds): Amidar                43.0       41.3       Demon Attack     207.6        332.4      Ms Pacman         546.9       330.7
2106.04152,PlayVirtual,"[""backward predict@latent"", ""cycle consistency@state"", ""predict@latent""]",model_free_representation,assault,atari100k,main,92.36,702.3,222.4,742.0,100000,2,32,0.0001,10,0.99,256,3,not_applicable,not_applicable,missing,15,100,missing,yes,last,arXiv:2106.04152 Table 1 [PlayVirtual] game as printed: Assault; refs ,derived_hns_from_reported_mean,raw score (mean over 15 seeds); std from Table 8 (15 seeds): Assault              138.8       50.2       Freeway           15.3         13.9      Pong               6.5         13.2
2106.04152,PlayVirtual,"[""backward predict@latent"", ""cycle consistency@state"", ""predict@latent""]",model_free_representation,asterix,atari100k,main,8.721,933.3,210.0,8503.3,100000,2,32,0.0001,10,0.99,256,3,not_applicable,not_applicable,missing,15,100,missing,yes,last,arXiv:2106.04152 Table 1 [PlayVirtual] game as printed: Asterix; refs ,derived_hns_from_reported_mean,raw score (mean over 15 seeds); std from Table 8 (15 seeds): Asterix              229.8      170.5       Frostbite       1075.0       1196.3      Private Eye        0.0        23.5
2106.04152,PlayVirtual,"[""backward predict@latent"", ""cycle consistency@state"", ""predict@latent""]",model_free_representation,bankheist,atari100k,main,31.357,245.9,14.2,753.1,100000,2,32,0.0001,10,0.99,256,3,not_applicable,not_applicable,missing,15,100,missing,yes,last,arXiv:2106.04152 Table 1 [PlayVirtual] game as printed: Bank Heist; refs ,derived_hns_from_reported_mean,raw score (mean over 15 seeds); std from Table 8 (15 seeds): Bank Heist            97.2      160.9       Gopher           251.9        276.6      Qbert            1053.2       952.6
2106.04152,PlayVirtual,"[""backward predict@latent"", ""cycle consistency@state"", ""predict@latent""]",model_free_representation,battlezone,atari100k,main,31.297,13260.0,2360.0,37187.5,100000,2,32,0.0001,10,0.99,256,3,not_applicable,not_applicable,missing,15,100,missing,yes,last,arXiv:2106.04152 Table 1 [PlayVirtual] game as printed: Battle Zone; refs ,derived_hns_from_reported_mean,raw score (mean over 15 seeds); std from Table 8 (15 seeds): Battle Zone         4027.3      5261.6      Hero            2940.3       2130.9      Road Runner      3940.8      3765.5
2106.04152,PlayVirtual,"[""backward predict@latent"", ""cycle consistency@state"", ""predict@latent""]",model_free_representation,boxing,atari100k,main,318.333,38.3,0.1,12.1,100000,2,32,0.0001,10,0.99,256,3,not_applicable,not_applicable,missing,15,100,missing,yes,last,arXiv:2106.04152 Table 1 [PlayVirtual] game as printed: Boxing; refs ,derived_hns_from_reported_mean,raw score (mean over 15 seeds); std from Table 8 (15 seeds): Boxing                13.6       19.9       Jamesbond         47.3         75.3      Seaquest          111.9       126.9
2106.04152,PlayVirtual,"[""backward predict@latent"", ""cycle consistency@state"", ""predict@latent""]",model_free_representation,breakout,atari100k,main,65.625,20.6,1.7,30.5,100000,2,32,0.0001,10,0.99,256,3,not_applicable,not_applicable,missing,15,100,missing,yes,last,arXiv:2106.04152 Table 1 [PlayVirtual] game as printed: Breakout; refs ,derived_hns_from_reported_mean,raw score (mean over 15 seeds); std from Table 8 (15 seeds): Breakout              3.9         4.4       Kangaroo        3551.8       3183.0      Up N Down        2848.4      10398.1
2106.04152,PlayVirtual,"[""backward predict@latent"", ""cycle consistency@state"", ""predict@latent""]",model_free_representation,choppercommand,atari100k,main,1.694,922.4,811.0,7387.8,100000,2,32,0.0001,10,0.99,256,3,not_applicable,not_applicable,missing,15,100,missing,yes,last,arXiv:2106.04152 Table 1 [PlayVirtual] game as printed: Chopper Command; refs ,derived_hns_from_reported_mean,raw score (mean over 15 seeds); std from Table 8 (15 seeds): Chopper Command      337.0      318.7       Krull            323.7        524.6
2106.04152,PlayVirtual,"[""backward predict@latent"", ""cycle consistency@state"", ""predict@latent""]",model_free_representation,crazyclimber,atari100k,main,49.488,23176.7,10780.5,35829.4,100000,2,32,0.0001,10,0.99,256,3,not_applicable,not_applicable,missing,15,100,missing,yes,last,arXiv:2106.04152 Table 1 [PlayVirtual] game as printed: Crazy Climber; refs ,derived_hns_from_reported_mean,raw score (mean over 15 seeds); std from Table 8 (15 seeds): Alien               138.8       231.7       Crazy Climber   6275.9       4664.4      Kung Fu Master   4095.1      6198.7
2106.04152,PlayVirtual,"[""backward predict@latent"", ""cycle consistency@state"", ""predict@latent""]",model_free_representation,demonattack,atari100k,main,53.857,1131.7,152.1,1971.0,100000,2,32,0.0001,10,0.99,256,3,not_applicable,not_applicable,missing,15,100,missing,yes,last,arXiv:2106.04152 Table 1 [PlayVirtual] game as printed: Demon Attack; refs ,derived_hns_from_reported_mean,raw score (mean over 15 seeds); std from Table 8 (15 seeds): Amidar                43.0       41.3       Demon Attack     207.6        332.4      Ms Pacman         546.9       330.7
2106.04152,PlayVirtual,"[""backward predict@latent"", ""cycle consistency@state"", ""predict@latent""]",model_free_representation,freeway,atari100k,main,54.392,16.1,0.0,29.6,100000,2,32,0.0001,10,0.99,256,3,not_applicable,not_applicable,missing,15,100,missing,yes,last,arXiv:2106.04152 Table 1 [PlayVirtual] game as printed: Freeway; refs ,derived_hns_from_reported_mean,raw score (mean over 15 seeds); std from Table 8 (15 seeds): Assault              138.8       50.2       Freeway           15.3         13.9      Pong               6.5         13.2
2106.04152,PlayVirtual,"[""backward predict@latent"", ""cycle consistency@state"", ""predict@latent""]",model_free_representation,frostbite,atari100k,main,44.958,1984.7,65.2,4334.7,100000,2,32,0.0001,10,0.99,256,3,not_applicable,not_applicable,missing,15,100,missing,yes,last,arXiv:2106.04152 Table 1 [PlayVirtual] game as printed: Frostbite; refs ,derived_hns_from_reported_mean,raw score (mean over 15 seeds); std from Table 8 (15 seeds): Asterix              229.8      170.5       Frostbite       1075.0       1196.3      Private Eye        0.0        23.5
2106.04152,PlayVirtual,"[""backward predict@latent"", ""cycle consistency@state"", ""predict@latent""]",model_free_representation,gopher,atari100k,main,19.801,684.3,257.6,2412.5,100000,2,32,0.0001,10,0.99,256,3,not_applicable,not_applicable,missing,15,100,missing,yes,last,arXiv:2106.04152 Table 1 [PlayVirtual] game as printed: Gopher; refs ,derived_hns_from_reported_mean,raw score (mean over 15 seeds); std from Table 8 (15 seeds): Bank Heist            97.2      160.9       Gopher           251.9        276.6      Qbert            1053.2       952.6
2106.04152,PlayVirtual,"[""backward predict@latent"", ""cycle consistency@state"", ""predict@latent""]",model_free_representation,hero,atari100k,main,25.405,8597.5,1027.0,30826.4,100000,2,32,0.0001,10,0.99,256,3,not_applicable,not_applicable,missing,15,100,missing,yes,last,arXiv:2106.04152 Table 1 [PlayVirtual] game as printed: Hero; refs ,derived_hns_from_reported_mean,raw score (mean over 15 seeds); std from Table 8 (15 seeds): Battle Zone         4027.3      5261.6      Hero            2940.3       2130.9      Road Runner      3940.8      3765.5
2106.04152,PlayVirtual,"[""backward predict@latent"", ""cycle consistency@state"", ""predict@latent""]",model_free_representation,jamesbond,atari100k,main,133.565,394.7,29.0,302.8,100000,2,32,0.0001,10,0.99,256,3,not_applicable,not_applicable,missing,15,100,missing,yes,last,arXiv:2106.04152 Table 1 [PlayVirtual] game as printed: Jamesbond; refs ,derived_hns_from_reported_mean,raw score (mean over 15 seeds); std from Table 8 (15 seeds): Boxing                13.6       19.9       Jamesbond         47.3         75.3      Seaquest          111.9       126.9
2106.04152,PlayVirtual,"[""backward predict@latent"", ""cycle consistency@state"", ""predict@latent""]",model_free_representation,kangaroo,atari100k,main,78.2,2384.7,52.0,3035.0,100000,2,32,0.0001,10,0.99,256,3,not_applicable,not_applicable,missing,15,100,missing,yes,last,arXiv:2106.04152 Table 1 [PlayVirtual] game as printed: Kangaroo; refs ,derived_hns_from_reported_mean,raw score (mean over 15 seeds); std from Table 8 (15 seeds): Breakout              3.9         4.4       Kangaroo        3551.8       3183.0      Up N Down        2848.4      10398.1
2106.04152,PlayVirtual,"[""backward predict@latent"", ""cycle consistency@state"", ""predict@latent""]",model_free_representation,krull,atari100k,main,213.836,3880.7,1598.0,2665.5,100000,2,32,0.0001,10,0.99,256,3,not_applicable,not_applicable,missing,15,100,missing,yes,last,arXiv:2106.04152 Table 1 [PlayVirtual] game as printed: Krull; refs ,derived_hns_from_reported_mean,raw score (mean over 15 seeds); std from Table 8 (15 seeds): Chopper Command      337.0      318.7       Krull            323.7        524.6
2106.04152,PlayVirtual,"[""backward predict@latent"", ""cycle consistency@state"", ""predict@latent""]",model_free_representation,kungfumaster,atari100k,main,62.286,14259.0,258.5,22736.3,100000,2,32,0.0001,10,0.99,256,3,not_applicable,not_applicable,missing,15,100,missing,yes,last,arXiv:2106.04152 Table 1 [PlayVirtual] game as printed: Kung Fu Master; refs ,derived_hns_from_reported_mean,raw score (mean over 15 seeds); std from Table 8 (15 seeds): Alien               138.8       231.7       Crazy Climber   6275.9       4664.4      Kung Fu Master   4095.1      6198.7
2106.04152,PlayVirtual,"[""backward predict@latent"", ""cycle consistency@state"", ""predict@latent""]",model_free_representation,mspacman,atari100k,main,15.473,1335.4,307.3,6951.6,100000,2,32,0.0001,10,0.99,256,3,not_applicable,not_applicable,missing,15,100,missing,yes,last,arXiv:2106.04152 Table 1 [PlayVirtual] game as printed: Ms Pacman; refs ,derived_hns_from_reported_mean,raw score (mean over 15 seeds); std from Table 8 (15 seeds): Amidar                43.0       41.3       Demon Attack     207.6        332.4      Ms Pacman         546.9       330.7
2106.04152,PlayVirtual,"[""backward predict@latent"", ""cycle consistency@state"", ""predict@latent""]",model_free_representation,pong,atari100k,main,50.142,-3.0,-20.7,14.6,100000,2,32,0.0001,10,0.99,256,3,not_applicable,not_applicable,missing,15,100,missing,yes,last,arXiv:2106.04152 Table 1 [PlayVirtual] game as printed: Pong; refs ,derived_hns_from_reported_mean,raw score (mean over 15 seeds); std from Table 8 (15 seeds): Assault              138.8       50.2       Freeway           15.3         13.9      Pong               6.5         13.2
2106.04152,PlayVirtual,"[""backward predict@latent"", ""cycle consistency@state"", ""predict@latent""]",model_free_representation,privateeye,atari100k,main,0.099,93.9,24.9,69571.3,100000,2,32,0.0001,10,0.99,256,3,not_applicable,not_applicable,missing,15,100,missing,yes,last,arXiv:2106.04152 Table 1 [PlayVirtual] game as printed: Private Eye; refs ,derived_hns_from_reported_mean,raw score (mean over 15 seeds); std from Table 8 (15 seeds): Asterix              229.8      170.5       Frostbite       1075.0       1196.3      Private Eye        0.0        23.5
2106.04152,PlayVirtual,"[""backward predict@latent"", ""cycle consistency@state"", ""predict@latent""]",model_free_representation,qbert,atari100k,main,26.004,3620.1,163.9,13455.0,100000,2,32,0.0001,10,0.99,256,3,not_applicable,not_applicable,missing,15,100,missing,yes,last,arXiv:2106.04152 Table 1 [PlayVirtual] game as printed: Qbert; refs ,derived_hns_from_reported_mean,raw score (mean over 15 seeds); std from Table 8 (15 seeds): Bank Heist            97.2      160.9       Gopher           251.9        276.6      Qbert            1053.2       952.6
2106.04152,PlayVirtual,"[""backward predict@latent"", ""cycle consistency@state"", ""predict@latent""]",model_free_representation,roadrunner,atari100k,main,172.624,13534.0,11.5,7845.0,100000,2,32,0.0001,10,0.99,256,3,not_applicable,not_applicable,missing,15,100,missing,yes,last,arXiv:2106.04152 Table 1 [PlayVirtual] game as printed: Road Runner; refs ,derived_hns_from_reported_mean,raw score (mean over 15 seeds); std from Table 8 (15 seeds): Battle Zone         4027.3      5261.6      Hero            2940.3       2130.9      Road Runner      3940.8      3765.5
2106.04152,PlayVirtual,"[""backward predict@latent"", ""cycle consistency@state"", ""predict@latent""]",model_free_representation,seaquest,atari100k,main,1.094,527.7,68.4,42054.7,100000,2,32,0.0001,10,0.99,256,3,not_applicable,not_applicable,missing,15,100,missing,yes,last,arXiv:2106.04152 Table 1 [PlayVirtual] game as printed: Seaquest; refs ,derived_hns_from_reported_mean,raw score (mean over 15 seeds); std from Table 8 (15 seeds): Boxing                13.6       19.9       Jamesbond         47.3         75.3      Seaquest          111.9       126.9
2106.04152,PlayVirtual,"[""backward predict@latent"", ""cycle consistency@state"", ""predict@latent""]",model_free_representation,upndown,atari100k,main,86.846,10225.2,533.4,11693.2,100000,2,32,0.0001,10,0.99,256,3,not_applicable,not_applicable,missing,15,100,missing,yes,last,arXiv:2106.04152 Table 1 [PlayVirtual] game as printed: Up N Down; refs ,derived_hns_from_reported_mean,raw score (mean over 15 seeds); std from Table 8 (15 seeds): Breakout              3.9         4.4       Kangaroo        3551.8       3183.0      Up N Down        2848.4      10398.1
2201.12096,MLR,"[""encode@input"", ""mask@input"", ""reconstruct@latent""]",model_free_representation,alien,atari100k,main,11.048,990.1,227.8,7127.7,100000,2,32,0.0001,10,0.99,256,3,not_applicable,not_applicable,missing,3,100,missing,yes,last,arXiv:2201.12096 Table 5 [MLR] game as printed: Alien; refs ,derived_hns_from_reported_mean,"raw score (mean over 3 seeds, 100 eval episodes each); std from Table 6 (3 seeds): Alien                                                     61.2                79.2                               Crazy Climber                     12980.1                 2334.5                        Kung Fu Master                           5026.9               971.8"
2201.12096,MLR,"[""encode@input"", ""mask@input"", ""reconstruct@latent""]",model_free_representation,amidar,atari100k,main,12.949,227.7,5.8,1719.5,100000,2,32,0.0001,10,0.99,256,3,not_applicable,not_applicable,missing,3,100,missing,yes,last,arXiv:2201.12096 Table 5 [MLR] game as printed: Amidar; refs ,derived_hns_from_reported_mean,"raw score (mean over 3 seeds, 100 eval episodes each); std from Table 6 (3 seeds): Amidar                                                    70.7                48.0                               Demon Attack                        89.8                  149.7                         Ms Pacman                                 124.3               249.4"
2201.12096,MLR,"[""encode@input"", ""mask@input"", ""reconstruct@latent""]",model_free_representation,assault,atari100k,main,81.082,643.7,222.4,742.0,100000,2,32,0.0001,10,0.99,256,3,not_applicable,not_applicable,missing,3,100,missing,yes,last,arXiv:2201.12096 Table 5 [MLR] game as printed: Assault; refs ,derived_hns_from_reported_mean,"raw score (mean over 3 seeds, 100 eval episodes each); std from Table 6 (3 seeds): Assault                                                    4.3                28.0                               Freeway                              0.3                    1.0                         Pong                                       11.5                 3.1"
2201.12096,MLR,"[""encode@input"", ""mask@input"", ""reconstruct@latent""]",model_free_representation,asterix,atari100k,main,8.123,883.7,210.0,8503.3,100000,2,32,0.0001,10,0.99,256,3,not_applicable,not_applicable,missing,3,100,missing,yes,last,arXiv:2201.12096 Table 5 [MLR] game as printed: Asterix; refs ,derived_hns_from_reported_mean,"raw score (mean over 3 seeds, 100 eval episodes each); std from Table 6 (3 seeds): Asterix                                                    32.1               43.3                               Frostbite                         1295.3                  607.3                         Private Eye                               11.5                 0.0"
2201.12096,MLR,"[""encode@input"", ""mask@input"", ""reconstruct@latent""]",model_free_representation,bankheist,atari100k,main,22.479,180.3,14.2,753.1,100000,2,32,0.0001,10,0.99,256,3,not_applicable,not_applicable,missing,3,100,missing,yes,last,arXiv:2201.12096 Table 5 [MLR] game as printed: Bank Heist; refs ,derived_hns_from_reported_mean,"raw score (mean over 3 seeds, 100 eval episodes each); std from Table 6 (3 seeds): Bank Heist                                                39.2                49.7                               Gopher                               7.9                   266.0                        Qbert                                     346.6                96.3"
2201.12096,MLR,"[""encode@input"", ""mask@input"", ""reconstruct@latent""]",model_free_representation,battlezone,atari100k,main,39.394,16080.0,2360.0,37187.5,100000,2,32,0.0001,10,0.99,256,3,not_applicable,not_applicable,missing,3,100,missing,yes,last,arXiv:2201.12096 Table 5 [MLR] game as printed: Battle Zone; refs ,derived_hns_from_reported_mean,"raw score (mean over 3 seeds, 100 eval episodes each); std from Table 6 (3 seeds): Battle Zone                                              2070.2              1139.6                              Hero                              2562.3                  692.0                         Road Runner                              4632.6               669.1"
2201.12096,MLR,"[""encode@input"", ""mask@input"", ""reconstruct@latent""]",model_free_representation,boxing,atari100k,main,219.167,26.4,0.1,12.1,100000,2,32,0.0001,10,0.99,256,3,not_applicable,not_applicable,missing,3,100,missing,yes,last,arXiv:2201.12096 Table 5 [MLR] game as printed: Boxing; refs ,derived_hns_from_reported_mean,"raw score (mean over 3 seeds, 100 eval episodes each); std from Table 6 (3 seeds): Boxing                                                     7.3                 7.4                               Jamesbond                          108.2                   20.8                         Seaquest                                  107.1                92.2"
2201.12096,MLR,"[""encode@input"", ""mask@input"", ""reconstruct@latent""]",model_free_representation,breakout,atari100k,main,52.431,16.8,1.7,30.5,100000,2,32,0.0001,10,0.99,256,3,not_applicable,not_applicable,missing,3,100,missing,yes,last,arXiv:2201.12096 Table 5 [MLR] game as printed: Breakout; refs ,derived_hns_from_reported_mean,"raw score (mean over 3 seeds, 100 eval episodes each); std from Table 6 (3 seeds): Breakout                                                    1.8                1.4                               Kangaroo                          3801.2                  3025.9                        Up N Down                                 919.3               531.5"
2201.12096,MLR,"[""encode@input"", ""mask@input"", ""reconstruct@latent""]",model_free_representation,choppercommand,atari100k,main,1.516,910.7,811.0,7387.8,100000,2,32,0.0001,10,0.99,256,3,not_applicable,not_applicable,missing,3,100,missing,yes,last,arXiv:2201.12096 Table 5 [MLR] game as printed: Chopper Cmd; refs ,derived_hns_from_reported_mean,"raw score (mean over 3 seeds, 100 eval episodes each); std from Table 6 (3 seeds): Chopper Command                                           119.9               242.1                              Krull                              605.9                  792.0; Table 5 prints 'Chopper Cmd', Table 6 prints 'Chopper Command'"
2201.12096,MLR,"[""encode@input"", ""mask@input"", ""reconstruct@latent""]",model_free_representation,crazyclimber,atari100k,main,55.303,24633.3,10780.5,35829.4,100000,2,32,0.0001,10,0.99,256,3,not_applicable,not_applicable,missing,3,100,missing,yes,last,arXiv:2201.12096 Table 5 [MLR] game as printed: Crazy Climber; refs ,derived_hns_from_reported_mean,"raw score (mean over 3 seeds, 100 eval episodes each); std from Table 6 (3 seeds): Alien                                                     61.2                79.2                               Crazy Climber                     12980.1                 2334.5                        Kung Fu Master                           5026.9               971.8"
2201.12096,MLR,"[""encode@input"", ""mask@input"", ""reconstruct@latent""]",model_free_representation,demonattack,atari100k,main,38.622,854.6,152.1,1971.0,100000,2,32,0.0001,10,0.99,256,3,not_applicable,not_applicable,missing,3,100,missing,yes,last,arXiv:2201.12096 Table 5 [MLR] game as printed: Demon Attack; refs ,derived_hns_from_reported_mean,"raw score (mean over 3 seeds, 100 eval episodes each); std from Table 6 (3 seeds): Amidar                                                    70.7                48.0                               Demon Attack                        89.8                  149.7                         Ms Pacman                                 124.3               249.4"
2201.12096,MLR,"[""encode@input"", ""mask@input"", ""reconstruct@latent""]",model_free_representation,freeway,atari100k,main,102.027,30.2,0.0,29.6,100000,2,32,0.0001,10,0.99,256,3,not_applicable,not_applicable,missing,3,100,missing,yes,last,arXiv:2201.12096 Table 5 [MLR] game as printed: Freeway; refs ,derived_hns_from_reported_mean,"raw score (mean over 3 seeds, 100 eval episodes each); std from Table 6 (3 seeds): Assault                                                    4.3                28.0                               Freeway                              0.3                    1.0                         Pong                                       11.5                 3.1"
2201.12096,MLR,"[""encode@input"", ""mask@input"", ""reconstruct@latent""]",model_free_representation,frostbite,atari100k,main,54.243,2381.1,65.2,4334.7,100000,2,32,0.0001,10,0.99,256,3,not_applicable,not_applicable,missing,3,100,missing,yes,last,arXiv:2201.12096 Table 5 [MLR] game as printed: Frostbite; refs ,derived_hns_from_reported_mean,"raw score (mean over 3 seeds, 100 eval episodes each); std from Table 6 (3 seeds): Asterix                                                    32.1               43.3                               Frostbite                         1295.3                  607.3                         Private Eye                               11.5                 0.0"
2201.12096,MLR,"[""encode@input"", ""mask@input"", ""reconstruct@latent""]",model_free_representation,gopher,atari100k,main,26.205,822.3,257.6,2412.5,100000,2,32,0.0001,10,0.99,256,3,not_applicable,not_applicable,missing,3,100,missing,yes,last,arXiv:2201.12096 Table 5 [MLR] game as printed: Gopher; refs ,derived_hns_from_reported_mean,"raw score (mean over 3 seeds, 100 eval episodes each); std from Table 6 (3 seeds): Bank Heist                                                39.2                49.7                               Gopher                               7.9                   266.0                        Qbert                                     346.6                96.3"
2201.12096,MLR,"[""encode@input"", ""mask@input"", ""reconstruct@latent""]",model_free_representation,hero,atari100k,main,23.129,7919.3,1027.0,30826.4,100000,2,32,0.0001,10,0.99,256,3,not_applicable,not_applicable,missing,3,100,missing,yes,last,arXiv:2201.12096 Table 5 [MLR] game as printed: Hero; refs ,derived_hns_from_reported_mean,"raw score (mean over 3 seeds, 100 eval episodes each); std from Table 6 (3 seeds): Battle Zone                                              2070.2              1139.6                              Hero                              2562.3                  692.0                         Road Runner                              4632.6               669.1"
2201.12096,MLR,"[""encode@input"", ""mask@input"", ""reconstruct@latent""]",model_free_representation,jamesbond,atari100k,main,143.974,423.2,29.0,302.8,100000,2,32,0.0001,10,0.99,256,3,not_applicable,not_applicable,missing,3,100,missing,yes,last,arXiv:2201.12096 Table 5 [MLR] game as printed: Jamesbond; refs ,derived_hns_from_reported_mean,"raw score (mean over 3 seeds, 100 eval episodes each); std from Table 6 (3 seeds): Boxing                                                     7.3                 7.4                               Jamesbond                          108.2                   20.8                         Seaquest                                  107.1                92.2"
2201.12096,MLR,"[""encode@input"", ""mask@input"", ""reconstruct@latent""]",model_free_representation,kangaroo,atari100k,main,283.741,8516.0,52.0,3035.0,100000,2,32,0.0001,10,0.99,256,3,not_applicable,not_applicable,missing,3,100,missing,yes,last,arXiv:2201.12096 Table 5 [MLR] game as printed: Kangaroo; refs ,derived_hns_from_reported_mean,"raw score (mean over 3 seeds, 100 eval episodes each); std from Table 6 (3 seeds): Breakout                                                    1.8                1.4                               Kangaroo                          3801.2                  3025.9                        Up N Down                                 919.3               531.5"
2201.12096,MLR,"[""encode@input"", ""mask@input"", ""reconstruct@latent""]",model_free_representation,krull,atari100k,main,217.808,3923.1,1598.0,2665.5,100000,2,32,0.0001,10,0.99,256,3,not_applicable,not_applicable,missing,3,100,missing,yes,last,arXiv:2201.12096 Table 5 [MLR] game as printed: Krull; refs ,derived_hns_from_reported_mean,"raw score (mean over 3 seeds, 100 eval episodes each); std from Table 6 (3 seeds): Chopper Command                                           119.9               242.1                              Krull                              605.9                  792.0"
2201.12096,MLR,"[""encode@input"", ""mask@input"", ""reconstruct@latent""]",model_free_representation,kungfumaster,atari100k,main,46.239,10652.0,258.5,22736.3,100000,2,32,0.0001,10,0.99,256,3,not_applicable,not_applicable,missing,3,100,missing,yes,last,arXiv:2201.12096 Table 5 [MLR] game as printed: Kung Fu Master; refs ,derived_hns_from_reported_mean,"raw score (mean over 3 seeds, 100 eval episodes each); std from Table 6 (3 seeds): Alien                                                     61.2                79.2                               Crazy Climber                     12980.1                 2334.5                        Kung Fu Master                           5026.9               971.8"
2201.12096,MLR,"[""encode@input"", ""mask@input"", ""reconstruct@latent""]",model_free_representation,mspacman,atari100k,main,17.669,1481.3,307.3,6951.6,100000,2,32,0.0001,10,0.99,256,3,not_applicable,not_applicable,missing,3,100,missing,yes,last,arXiv:2201.12096 Table 5 [MLR] game as printed: Ms Pacman; refs ,derived_hns_from_reported_mean,"raw score (mean over 3 seeds, 100 eval episodes each); std from Table 6 (3 seeds): Amidar                                                    70.7                48.0                               Demon Attack                        89.8                  149.7                         Ms Pacman                                 124.3               249.4"
2201.12096,MLR,"[""encode@input"", ""mask@input"", ""reconstruct@latent""]",model_free_representation,pong,atari100k,main,72.521,4.9,-20.7,14.6,100000,2,32,0.0001,10,0.99,256,3,not_applicable,not_applicable,missing,3,100,missing,yes,last,arXiv:2201.12096 Table 5 [MLR] game as printed: Pong; refs ,derived_hns_from_reported_mean,"raw score (mean over 3 seeds, 100 eval episodes each); std from Table 6 (3 seeds): Assault                                                    4.3                28.0                               Freeway                              0.3                    1.0                         Pong                                       11.5                 3.1"
2201.12096,MLR,"[""encode@input"", ""mask@input"", ""reconstruct@latent""]",model_free_representation,privateeye,atari100k,main,0.108,100.0,24.9,69571.3,100000,2,32,0.0001,10,0.99,256,3,not_applicable,not_applicable,missing,3,100,missing,yes,last,arXiv:2201.12096 Table 5 [MLR] game as printed: Private Eye; refs ,derived_hns_from_reported_mean,"raw score (mean over 3 seeds, 100 eval episodes each); std from Table 6 (3 seeds): Asterix                                                    32.1               43.3                               Frostbite                         1295.3                  607.3                         Private Eye                               11.5                 0.0"
2201.12096,MLR,"[""encode@input"", ""mask@input"", ""reconstruct@latent""]",model_free_representation,qbert,atari100k,main,24.426,3410.4,163.9,13455.0,100000,2,32,0.0001,10,0.99,256,3,not_applicable,not_applicable,missing,3,100,missing,yes,last,arXiv:2201.12096 Table 5 [MLR] game as printed: Qbert; refs ,derived_hns_from_reported_mean,"raw score (mean over 3 seeds, 100 eval episodes each); std from Table 6 (3 seeds): Bank Heist                                                39.2                49.7                               Gopher                               7.9                   266.0                        Qbert                                     346.6                96.3"
2201.12096,MLR,"[""encode@input"", ""mask@input"", ""reconstruct@latent""]",model_free_representation,roadrunner,atari100k,main,153.676,12049.7,11.5,7845.0,100000,2,32,0.0001,10,0.99,256,3,not_applicable,not_applicable,missing,3,100,missing,yes,last,arXiv:2201.12096 Table 5 [MLR] game as printed: Road Runner; refs ,derived_hns_from_reported_mean,"raw score (mean over 3 seeds, 100 eval episodes each); std from Table 6 (3 seeds): Battle Zone                                              2070.2              1139.6                              Hero                              2562.3                  692.0                         Road Runner                              4632.6               669.1"
2201.12096,MLR,"[""encode@input"", ""mask@input"", ""reconstruct@latent""]",model_free_representation,seaquest,atari100k,main,1.334,628.3,68.4,42054.7,100000,2,32,0.0001,10,0.99,256,3,not_applicable,not_applicable,missing,3,100,missing,yes,last,arXiv:2201.12096 Table 5 [MLR] game as printed: Seaquest; refs ,derived_hns_from_reported_mean,"raw score (mean over 3 seeds, 100 eval episodes each); std from Table 6 (3 seeds): Boxing                                                     7.3                 7.4                               Jamesbond                          108.2                   20.8                         Seaquest                                  107.1                92.2"
2201.12096,MLR,"[""encode@input"", ""mask@input"", ""reconstruct@latent""]",model_free_representation,upndown,atari100k,main,55.04,6675.7,533.4,11693.2,100000,2,32,0.0001,10,0.99,256,3,not_applicable,not_applicable,missing,3,100,missing,yes,last,arXiv:2201.12096 Table 5 [MLR] game as printed: Up N Down; refs ,derived_hns_from_reported_mean,"raw score (mean over 3 seeds, 100 eval episodes each); std from Table 6 (3 seeds): Breakout                                                    1.8                1.4                               Kangaroo                          3801.2                  3025.9                        Up N Down                                 919.3               531.5"
2111.00210,EfficientZero,"[""predict@state"", ""simulate@trajectory"", ""train@latent""]",mcts_planning,alien,atari100k,main,8.416,808.5,227.8,7127.7,100000,1.2,256,0.2,5,0.9974,missing,missing,not_applicable,50,missing,3,32,missing,yes,missing,arXiv:2111.00210 Table 1 [EfficientZero] game as printed: Alien; refs ,derived_hns_from_reported_mean,"raw score; column 'Ours'; mean of 3 runs each evaluated over 32 seeds; std taken from Table 10 (Mean 808.5, Std 204.4)"
2111.00210,EfficientZero,"[""predict@state"", ""simulate@trajectory"", ""train@latent""]",mcts_planning,amidar,atari100k,main,8.333,148.6,5.8,1719.5,100000,1.2,256,0.2,5,0.9974,missing,missing,not_applicable,50,missing,3,32,missing,yes,missing,arXiv:2111.00210 Table 1 [EfficientZero] game as printed: Amidar; refs ,derived_hns_from_reported_mean,"raw score; column 'Ours'; mean of 3 runs each evaluated over 32 seeds; std taken from Table 10 (Mean 148.6, Std 35.9)"
2111.00210,EfficientZero,"[""predict@state"", ""simulate@trajectory"", ""train@latent""]",mcts_planning,assault,atari100k,main,200.289,1263.1,222.4,742.0,100000,1.2,256,0.2,5,0.9974,missing,missing,not_applicable,50,missing,3,32,missing,yes,missing,arXiv:2111.00210 Table 1 [EfficientZero] game as printed: Assault; refs ,derived_hns_from_reported_mean,"raw score; column 'Ours'; mean of 3 runs each evaluated over 32 seeds; std taken from Table 10 (Mean 1263.1, Std 124.3)"
2111.00210,EfficientZero,"[""predict@state"", ""simulate@trajectory"", ""train@latent""]",mcts_planning,asterix,atari100k,main,305.642,25557.8,210.0,8503.3,100000,1.2,256,0.2,5,0.9974,missing,missing,not_applicable,50,missing,3,32,missing,yes,missing,arXiv:2111.00210 Table 1 [EfficientZero] game as printed: Asterix; refs ,derived_hns_from_reported_mean,"raw score; column 'Ours'; mean of 3 runs each evaluated over 32 seeds; std taken from Table 10 (Mean 25557.8, Std 12565.7)"
2111.00210,EfficientZero,"[""predict@state"", ""simulate@trajectory"", ""train@latent""]",mcts_planning,bankheist,atari100k,main,45.581,351.0,14.2,753.1,100000,1.2,256,0.2,5,0.9974,missing,missing,not_applicable,50,missing,3,32,missing,yes,missing,arXiv:2111.00210 Table 1 [EfficientZero] game as printed: Bank Heist; refs ,derived_hns_from_reported_mean,"raw score; column 'Ours'; mean of 3 runs each evaluated over 32 seeds; std taken from Table 10 (Mean 351.0, Std 10.9)"
2111.00210,EfficientZero,"[""predict@state"", ""simulate@trajectory"", ""train@latent""]",mcts_planning,battlezone,atari100k,main,33.052,13871.2,2360.0,37187.5,100000,1.2,256,0.2,5,0.9974,missing,missing,not_applicable,50,missing,3,32,missing,yes,missing,arXiv:2111.00210 Table 1 [EfficientZero] game as printed: BattleZone; refs ,derived_hns_from_reported_mean,"raw score; column 'Ours'; mean of 3 runs each evaluated over 32 seeds; std taken from Table 10 (Mean 13871.2, Std 2068.5)"
2111.00210,EfficientZero,"[""predict@state"", ""simulate@trajectory"", ""train@latent""]",mcts_planning,boxing,atari100k,main,438.333,52.7,0.1,12.1,100000,1.2,256,0.2,5,0.9974,missing,missing,not_applicable,50,missing,3,32,missing,yes,missing,arXiv:2111.00210 Table 1 [EfficientZero] game as printed: Boxing; refs ,derived_hns_from_reported_mean,"raw score; column 'Ours'; mean of 3 runs each evaluated over 32 seeds; std taken from Table 10 (Mean 52.7, Std 7.0)"
2111.00210,EfficientZero,"[""predict@state"", ""simulate@trajectory"", ""train@latent""]",mcts_planning,breakout,atari100k,main,1431.944,414.1,1.7,30.5,100000,1.2,256,0.2,5,0.9974,missing,missing,not_applicable,50,missing,3,32,missing,yes,missing,arXiv:2111.00210 Table 1 [EfficientZero] game as printed: Breakout; refs ,derived_hns_from_reported_mean,"raw score; column 'Ours'; mean of 3 runs each evaluated over 32 seeds; std taken from Table 10 (Mean 414.1, Std 17.4)"
2111.00210,EfficientZero,"[""predict@state"", ""simulate@trajectory"", ""train@latent""]",mcts_planning,choppercommand,atari100k,main,4.657,1117.3,811.0,7387.8,100000,1.2,256,0.2,5,0.9974,missing,missing,not_applicable,50,missing,3,32,missing,yes,missing,arXiv:2111.00210 Table 1 [EfficientZero] game as printed: ChopperCmd; refs ,derived_hns_from_reported_mean,"raw score; column 'Ours'; mean of 3 runs each evaluated over 32 seeds; std taken from Table 10 (Mean 1117.3, Std 234.8)"
2111.00210,EfficientZero,"[""predict@state"", ""simulate@trajectory"", ""train@latent""]",mcts_planning,crazyclimber,atari100k,main,292.068,83940.2,10780.5,35829.4,100000,1.2,256,0.2,5,0.9974,missing,missing,not_applicable,50,missing,3,32,missing,yes,missing,arXiv:2111.00210 Table 1 [EfficientZero] game as printed: Crazy Climber; refs ,derived_hns_from_reported_mean,"raw score; column 'Ours'; mean of 3 runs each evaluated over 32 seeds; std taken from Table 10 (Mean 83940.2, Std 13774.6)"
2111.00210,EfficientZero,"[""predict@state"", ""simulate@trajectory"", ""train@latent""]",mcts_planning,demonattack,atari100k,main,706.57,13003.9,152.1,1971.0,100000,1.2,256,0.2,5,0.9974,missing,missing,not_applicable,50,missing,3,32,missing,yes,missing,arXiv:2111.00210 Table 1 [EfficientZero] game as printed: Demon Attack; refs ,derived_hns_from_reported_mean,"raw score; column 'Ours'; mean of 3 runs each evaluated over 32 seeds; std taken from Table 10 (Mean 13003.9, Std 1151.5)"
2111.00210,EfficientZero,"[""predict@state"", ""simulate@trajectory"", ""train@latent""]",mcts_planning,freeway,atari100k,main,73.649,21.8,0.0,29.6,100000,1.2,256,0.2,5,0.9974,missing,missing,not_applicable,50,missing,3,32,missing,yes,missing,arXiv:2111.00210 Table 1 [EfficientZero] game as printed: Freeway; refs ,derived_hns_from_reported_mean,"raw score; column 'Ours'; mean of 3 runs each evaluated over 32 seeds; std taken from Table 10 (Mean 21.8, Std 0.0)"
2111.00210,EfficientZero,"[""predict@state"", ""simulate@trajectory"", ""train@latent""]",mcts_planning,frostbite,atari100k,main,5.413,296.3,65.2,4334.7,100000,1.2,256,0.2,5,0.9974,missing,missing,not_applicable,50,missing,3,32,missing,yes,missing,arXiv:2111.00210 Table 1 [EfficientZero] game as printed: Frostbite; refs ,derived_hns_from_reported_mean,"raw score; column 'Ours'; mean of 3 runs each evaluated over 32 seeds; std taken from Table 10 (Mean 296.3, Std 79.4)"
2111.00210,EfficientZero,"[""predict@state"", ""simulate@trajectory"", ""train@latent""]",mcts_planning,gopher,atari100k,main,139.343,3260.3,257.6,2412.5,100000,1.2,256,0.2,5,0.9974,missing,missing,not_applicable,50,missing,3,32,missing,yes,missing,arXiv:2111.00210 Table 1 [EfficientZero] game as printed: Gopher; refs ,derived_hns_from_reported_mean,"raw score; column 'Ours'; mean of 3 runs each evaluated over 32 seeds; std taken from Table 10 (Mean 3260.3, Std 557.2)"
2111.00210,EfficientZero,"[""predict@state"", ""simulate@trajectory"", ""train@latent""]",mcts_planning,hero,atari100k,main,27.816,9315.9,1027.0,30826.4,100000,1.2,256,0.2,5,0.9974,missing,missing,not_applicable,50,missing,3,32,missing,yes,missing,arXiv:2111.00210 Table 1 [EfficientZero] game as printed: Hero; refs ,derived_hns_from_reported_mean,"raw score; column 'Ours'; mean of 3 runs each evaluated over 32 seeds; std taken from Table 10 (Mean 9315.9, Std 2151.5)"
2111.00210,EfficientZero,"[""predict@state"", ""simulate@trajectory"", ""train@latent""]",mcts_planning,jamesbond,atari100k,main,178.232,517.0,29.0,302.8,100000,1.2,256,0.2,5,0.9974,missing,missing,not_applicable,50,missing,3,32,missing,yes,missing,arXiv:2111.00210 Table 1 [EfficientZero] game as printed: Jamesbond; refs ,derived_hns_from_reported_mean,"raw score; column 'Ours'; mean of 3 runs each evaluated over 32 seeds; std taken from Table 10 (Mean 517.0, Std 74.2)"
2111.00210,EfficientZero,"[""predict@state"", ""simulate@trajectory"", ""train@latent""]",mcts_planning,kangaroo,atari100k,main,22.531,724.1,52.0,3035.0,100000,1.2,256,0.2,5,0.9974,missing,missing,not_applicable,50,missing,3,32,missing,yes,missing,arXiv:2111.00210 Table 1 [EfficientZero] game as printed: Kangaroo; refs ,derived_hns_from_reported_mean,"raw score; column 'Ours'; mean of 3 runs each evaluated over 32 seeds; std taken from Table 10 (Mean 724.1, Std 212.1)"
2111.00210,EfficientZero,"[""predict@state"", ""simulate@trajectory"", ""train@latent""]",mcts_planning,krull,atari100k,main,380.824,5663.3,1598.0,2665.5,100000,1.2,256,0.2,5,0.9974,missing,missing,not_applicable,50,missing,3,32,missing,yes,missing,arXiv:2111.00210 Table 1 [EfficientZero] game as printed: Krull; refs ,derived_hns_from_reported_mean,"raw score; column 'Ours'; mean of 3 runs each evaluated over 32 seeds; std taken from Table 10 (Mean 5663.3, Std 724.1)"
2111.00210,EfficientZero,"[""predict@state"", ""simulate@trajectory"", ""train@latent""]",mcts_planning,kungfumaster,atari100k,main,136.518,30944.8,258.5,22736.3,100000,1.2,256,0.2,5,0.9974,missing,missing,not_applicable,50,missing,3,32,missing,yes,missing,arXiv:2111.00210 Table 1 [EfficientZero] game as printed: Kung Fu Master; refs ,derived_hns_from_reported_mean,"raw score; column 'Ours'; mean of 3 runs each evaluated over 32 seeds; std taken from Table 10 (Mean 30944.8, Std 4188.7)"
2111.00210,EfficientZero,"[""predict@state"", ""simulate@trajectory"", ""train@latent""]",mcts_planning,mspacman,atari100k,main,14.658,1281.2,307.3,6951.6,100000,1.2,256,0.2,5,0.9974,missing,missing,not_applicable,50,missing,3,32,missing,yes,missing,arXiv:2111.00210 Table 1 [EfficientZero] game as printed: Ms Pacman; refs ,derived_hns_from_reported_mean,"raw score; column 'Ours'; mean of 3 runs each evaluated over 32 seeds; std taken from Table 10 (Mean 1281.2, Std 130.4)"
2111.00210,EfficientZero,"[""predict@state"", ""simulate@trajectory"", ""train@latent""]",mcts_planning,pong,atari100k,main,115.581,20.1,-20.7,14.6,100000,1.2,256,0.2,5,0.9974,missing,missing,not_applicable,50,missing,3,32,missing,yes,missing,arXiv:2111.00210 Table 1 [EfficientZero] game as printed: Pong; refs ,derived_hns_from_reported_mean,"raw score; column 'Ours'; mean of 3 runs each evaluated over 32 seeds; std taken from Table 10 (Mean 20.1, Std 1.0)"
2111.00210,EfficientZero,"[""predict@state"", ""simulate@trajectory"", ""train@latent""]",mcts_planning,privateeye,atari100k,main,0.103,96.7,24.9,69571.3,100000,1.2,256,0.2,5,0.9974,missing,missing,not_applicable,50,missing,3,32,missing,yes,missing,arXiv:2111.00210 Table 1 [EfficientZero] game as printed: Private Eye; refs ,derived_hns_from_reported_mean,"raw score; column 'Ours'; mean of 3 runs each evaluated over 32 seeds; std taken from Table 10 (Mean 96.7, Std 4.7)"
2111.00210,EfficientZero,"[""predict@state"", ""simulate@trajectory"", ""train@latent""]",mcts_planning,qbert,atari100k,main,102.46,13781.9,163.9,13455.0,100000,1.2,256,0.2,5,0.9974,missing,missing,not_applicable,50,missing,3,32,missing,yes,missing,arXiv:2111.00210 Table 1 [EfficientZero] game as printed: Qbert; refs ,derived_hns_from_reported_mean,"raw score; column 'Ours'; mean of 3 runs each evaluated over 32 seeds; Table 10 lists Mean 14448.5 Std 881.7 for this game, which does NOT match Table 1 value 13781.9 -> std omitted"
2111.00210,EfficientZero,"[""predict@state"", ""simulate@trajectory"", ""train@latent""]",mcts_planning,roadrunner,atari100k,main,226.461,17751.3,11.5,7845.0,100000,1.2,256,0.2,5,0.9974,missing,missing,not_applicable,50,missing,3,32,missing,yes,missing,arXiv:2111.00210 Table 1 [EfficientZero] game as printed: Road Runner; refs ,derived_hns_from_reported_mean,"raw score; column 'Ours'; mean of 3 runs each evaluated over 32 seeds; std taken from Table 10 (Mean 17751.3, Std 1989.2)"
2111.00210,EfficientZero,"[""predict@state"", ""simulate@trajectory"", ""train@latent""]",mcts_planning,seaquest,atari100k,main,2.457,1100.2,68.4,42054.7,100000,1.2,256,0.2,5,0.9974,missing,missing,not_applicable,50,missing,3,32,missing,yes,missing,arXiv:2111.00210 Table 1 [EfficientZero] game as printed: Seaquest; refs ,derived_hns_from_reported_mean,"raw score; column 'Ours'; mean of 3 runs each evaluated over 32 seeds; std taken from Table 10 (Mean 1100.2, Std 61.7)"
2111.00210,EfficientZero,"[""predict@state"", ""simulate@trajectory"", ""train@latent""]",mcts_planning,upndown,atari100k,main,149.92,17264.2,533.4,11693.2,100000,1.2,256,0.2,5,0.9974,missing,missing,not_applicable,50,missing,3,32,missing,yes,missing,arXiv:2111.00210 Table 1 [EfficientZero] game as printed: Up N Down; refs ,derived_hns_from_reported_mean,"raw score; column 'Ours'; mean of 3 runs each evaluated over 32 seeds; std taken from Table 10 (Mean 17264.2, Std 6521.9)"
2111.00210,EfficientZero,"[""predict@state"", ""simulate@trajectory"", ""train@latent""]",mcts_planning,asterix,atari100k,no_aug,164.88,13884.0,210.0,8503.3,100000,1.2,256,0.2,5,0.9974,missing,missing,not_applicable,50,missing,missing,32,missing,no,missing,arXiv:2111.00210 Table 8 [EfficientZero] game as printed: Asterix; refs ,derived_hns_from_reported_mean,raw score; seeds not stated
2111.00210,EfficientZero,"[""predict@state"", ""simulate@trajectory"", ""train@latent""]",mcts_planning,breakout,atari100k,no_aug,1262.153,365.2,1.7,30.5,100000,1.2,256,0.2,5,0.9974,missing,missing,not_applicable,50,missing,missing,32,missing,no,missing,arXiv:2111.00210 Table 8 [EfficientZero] game as printed: Breakout; refs ,derived_hns_from_reported_mean,raw score; seeds not stated
2111.00210,EfficientZero,"[""predict@state"", ""simulate@trajectory"", ""train@latent""]",mcts_planning,demonattack,atari100k,no_aug,471.598,8730.0,152.1,1971.0,100000,1.2,256,0.2,5,0.9974,missing,missing,not_applicable,50,missing,missing,32,missing,no,missing,arXiv:2111.00210 Table 8 [EfficientZero] game as printed: Demon Attack; refs ,derived_hns_from_reported_mean,raw score; seeds not stated
2111.00210,EfficientZero,"[""predict@state"", ""simulate@trajectory"", ""train@latent""]",mcts_planning,gopher,atari100k,no_aug,72.679,1823.75,257.6,2412.5,100000,1.2,256,0.2,5,0.9974,missing,missing,not_applicable,50,missing,missing,32,missing,no,missing,arXiv:2111.00210 Table 8 [EfficientZero] game as printed: Gopher; refs ,derived_hns_from_reported_mean,raw score; seeds not stated
2111.00210,EfficientZero,"[""predict@state"", ""simulate@trajectory"", ""train@latent""]",mcts_planning,pong,atari100k,no_aug,98.017,13.9,-20.7,14.6,100000,1.2,256,0.2,5,0.9974,missing,missing,not_applicable,50,missing,missing,32,missing,no,missing,arXiv:2111.00210 Table 8 [EfficientZero] game as printed: Pong; refs ,derived_hns_from_reported_mean,raw score; seeds not stated
2111.00210,EfficientZero,"[""predict@state"", ""simulate@trajectory"", ""train@latent""]",mcts_planning,qbert,atari100k,no_aug,106.252,14286.0,163.9,13455.0,100000,1.2,256,0.2,5,0.9974,missing,missing,not_applicable,50,missing,missing,32,missing,no,missing,arXiv:2111.00210 Table 8 [EfficientZero] game as printed: Qbert; refs ,derived_hns_from_reported_mean,raw score; seeds not stated
2111.00210,EfficientZero,"[""predict@state"", ""simulate@trajectory"", ""train@latent""]",mcts_planning,seaquest,atari100k,no_aug,2.517,1125.0,68.4,42054.7,100000,1.2,256,0.2,5,0.9974,missing,missing,not_applicable,50,missing,missing,32,missing,no,missing,arXiv:2111.00210 Table 8 [EfficientZero] game as printed: Seaquest; refs ,derived_hns_from_reported_mean,raw score; seeds not stated
2111.00210,EfficientZero,"[""predict@state"", ""simulate@trajectory"", ""train@latent""]",mcts_planning,upndown,atari100k,no_aug,141.997,16380.0,533.4,11693.2,100000,1.2,256,0.2,5,0.9974,missing,missing,not_applicable,50,missing,missing,32,missing,no,missing,arXiv:2111.00210 Table 8 [EfficientZero] game as printed: Up N Down; refs ,derived_hns_from_reported_mean,raw score; seeds not stated
2209.00588,IRIS,"[""collect experience@state"", ""correct@policy"", ""correct@state""]",world_model_imagination,alien,atari100k,main,2.786,420.0,227.8,7127.7,100000,1,64,0.0001,not_applicable,0.995,256,10,20,not_applicable,missing,5,100,missing,missing,last,arXiv:2209.00588 Table 1 [IRIS] game as printed: Alien; refs ,derived_hns_from_reported_mean,raw return; column 'IRIS (ours)'; mean over 5 runs x 100 episodes at end of training; no std in table
2209.00588,IRIS,"[""collect experience@state"", ""correct@policy"", ""correct@state""]",world_model_imagination,amidar,atari100k,main,8.006,143.0,5.8,1719.5,100000,1,64,0.0001,not_applicable,0.995,256,10,20,not_applicable,missing,5,100,missing,missing,last,arXiv:2209.00588 Table 1 [IRIS] game as printed: Amidar; refs ,derived_hns_from_reported_mean,raw return; column 'IRIS (ours)'; mean over 5 runs x 100 episodes at end of training; no std in table
2209.00588,IRIS,"[""collect experience@state"", ""correct@policy"", ""correct@state""]",world_model_imagination,assault,atari100k,main,250.577,1524.4,222.4,742.0,100000,1,64,0.0001,not_applicable,0.995,256,10,20,not_applicable,missing,5,100,missing,missing,last,arXiv:2209.00588 Table 1 [IRIS] game as printed: Assault; refs ,derived_hns_from_reported_mean,raw return; column 'IRIS (ours)'; mean over 5 runs x 100 episodes at end of training; no std in table
2209.00588,IRIS,"[""collect experience@state"", ""correct@policy"", ""correct@state""]",world_model_imagination,asterix,atari100k,main,7.76,853.6,210.0,8503.3,100000,1,64,0.0001,not_applicable,0.995,256,10,20,not_applicable,missing,5,100,missing,missing,last,arXiv:2209.00588 Table 1 [IRIS] game as printed: Asterix; refs ,derived_hns_from_reported_mean,raw return; column 'IRIS (ours)'; mean over 5 runs x 100 episodes at end of training; no std in table
2209.00588,IRIS,"[""collect experience@state"", ""correct@policy"", ""correct@state""]",world_model_imagination,bankheist,atari100k,main,5.265,53.1,14.2,753.1,100000,1,64,0.0001,not_applicable,0.995,256,10,20,not_applicable,missing,5,100,missing,missing,last,arXiv:2209.00588 Table 1 [IRIS] game as printed: BankHeist; refs ,derived_hns_from_reported_mean,raw return; column 'IRIS (ours)'; mean over 5 runs x 100 episodes at end of training; no std in table
2209.00588,IRIS,"[""collect experience@state"", ""correct@policy"", ""correct@state""]",world_model_imagination,battlezone,atari100k,main,30.763,13074.0,2360.0,37187.5,100000,1,64,0.0001,not_applicable,0.995,256,10,20,not_applicable,missing,5,100,missing,missing,last,arXiv:2209.00588 Table 1 [IRIS] game as printed: BattleZone; refs ,derived_hns_from_reported_mean,raw return; column 'IRIS (ours)'; mean over 5 runs x 100 episodes at end of training; no std in table
2209.00588,IRIS,"[""collect experience@state"", ""correct@policy"", ""correct@state""]",world_model_imagination,boxing,atari100k,main,583.333,70.1,0.1,12.1,100000,1,64,0.0001,not_applicable,0.995,256,10,20,not_applicable,missing,5,100,missing,missing,last,arXiv:2209.00588 Table 1 [IRIS] game as printed: Boxing; refs ,derived_hns_from_reported_mean,raw return; column 'IRIS (ours)'; mean over 5 runs x 100 episodes at end of training; no std in table
2209.00588,IRIS,"[""collect experience@state"", ""correct@policy"", ""correct@state""]",world_model_imagination,breakout,atari100k,main,284.722,83.7,1.7,30.5,100000,1,64,0.0001,not_applicable,0.995,256,10,20,not_applicable,missing,5,100,missing,missing,last,arXiv:2209.00588 Table 1 [IRIS] game as printed: Breakout; refs ,derived_hns_from_reported_mean,raw return; column 'IRIS (ours)'; mean over 5 runs x 100 episodes at end of training; no std in table
2209.00588,IRIS,"[""collect experience@state"", ""correct@policy"", ""correct@state""]",world_model_imagination,choppercommand,atari100k,main,11.465,1565.0,811.0,7387.8,100000,1,64,0.0001,not_applicable,0.995,256,10,20,not_applicable,missing,5,100,missing,missing,last,arXiv:2209.00588 Table 1 [IRIS] game as printed: ChopperCommand; refs ,derived_hns_from_reported_mean,raw return; column 'IRIS (ours)'; mean over 5 runs x 100 episodes at end of training; no std in table
2209.00588,IRIS,"[""collect experience@state"", ""correct@policy"", ""correct@state""]",world_model_imagination,crazyclimber,atari100k,main,193.796,59324.2,10780.5,35829.4,100000,1,64,0.0001,not_applicable,0.995,256,10,20,not_applicable,missing,5,100,missing,missing,last,arXiv:2209.00588 Table 1 [IRIS] game as printed: CrazyClimber; refs ,derived_hns_from_reported_mean,raw return; column 'IRIS (ours)'; mean over 5 runs x 100 episodes at end of training; no std in table
2209.00588,IRIS,"[""collect experience@state"", ""correct@policy"", ""correct@state""]",world_model_imagination,demonattack,atari100k,main,103.486,2034.4,152.1,1971.0,100000,1,64,0.0001,not_applicable,0.995,256,10,20,not_applicable,missing,5,100,missing,missing,last,arXiv:2209.00588 Table 1 [IRIS] game as printed: DemonAttack; refs ,derived_hns_from_reported_mean,raw return; column 'IRIS (ours)'; mean over 5 runs x 100 episodes at end of training; no std in table
2209.00588,IRIS,"[""collect experience@state"", ""correct@policy"", ""correct@state""]",world_model_imagination,freeway,atari100k,main,105.068,31.1,0.0,29.6,100000,1,64,0.0001,not_applicable,0.995,256,10,20,not_applicable,missing,5,100,missing,missing,last,arXiv:2209.00588 Table 1 [IRIS] game as printed: Freeway; refs ,derived_hns_from_reported_mean,raw return; column 'IRIS (ours)'; mean over 5 runs x 100 episodes at end of training; no std in table
2209.00588,IRIS,"[""collect experience@state"", ""correct@policy"", ""correct@state""]",world_model_imagination,frostbite,atari100k,main,4.542,259.1,65.2,4334.7,100000,1,64,0.0001,not_applicable,0.995,256,10,20,not_applicable,missing,5,100,missing,missing,last,arXiv:2209.00588 Table 1 [IRIS] game as printed: Frostbite; refs ,derived_hns_from_reported_mean,raw return; column 'IRIS (ours)'; mean over 5 runs x 100 episodes at end of training; no std in table
2209.00588,IRIS,"[""collect experience@state"", ""correct@policy"", ""correct@state""]",world_model_imagination,gopher,atari100k,main,91.814,2236.1,257.6,2412.5,100000,1,64,0.0001,not_applicable,0.995,256,10,20,not_applicable,missing,5,100,missing,missing,last,arXiv:2209.00588 Table 1 [IRIS] game as printed: Gopher; refs ,derived_hns_from_reported_mean,raw return; column 'IRIS (ours)'; mean over 5 runs x 100 episodes at end of training; no std in table
2209.00588,IRIS,"[""collect experience@state"", ""correct@policy"", ""correct@state""]",world_model_imagination,hero,atari100k,main,20.17,7037.4,1027.0,30826.4,100000,1,64,0.0001,not_applicable,0.995,256,10,20,not_applicable,missing,5,100,missing,missing,last,arXiv:2209.00588 Table 1 [IRIS] game as printed: Hero; refs ,derived_hns_from_reported_mean,raw return; column 'IRIS (ours)'; mean over 5 runs x 100 episodes at end of training; no std in table
2209.00588,IRIS,"[""collect experience@state"", ""correct@policy"", ""correct@state""]",world_model_imagination,jamesbond,atari100k,main,158.4,462.7,29.0,302.8,100000,1,64,0.0001,not_applicable,0.995,256,10,20,not_applicable,missing,5,100,missing,missing,last,arXiv:2209.00588 Table 1 [IRIS] game as printed: Jamesbond; refs ,derived_hns_from_reported_mean,raw return; column 'IRIS (ours)'; mean over 5 runs x 100 episodes at end of training; no std in table
2209.00588,IRIS,"[""collect experience@state"", ""correct@policy"", ""correct@state""]",world_model_imagination,kangaroo,atari100k,main,26.356,838.2,52.0,3035.0,100000,1,64,0.0001,not_applicable,0.995,256,10,20,not_applicable,missing,5,100,missing,missing,last,arXiv:2209.00588 Table 1 [IRIS] game as printed: Kangaroo; refs ,derived_hns_from_reported_mean,raw return; column 'IRIS (ours)'; mean over 5 runs x 100 episodes at end of training; no std in table
2209.00588,IRIS,"[""collect experience@state"", ""correct@policy"", ""correct@state""]",world_model_imagination,krull,atari100k,main,470.108,6616.4,1598.0,2665.5,100000,1,64,0.0001,not_applicable,0.995,256,10,20,not_applicable,missing,5,100,missing,missing,last,arXiv:2209.00588 Table 1 [IRIS] game as printed: Krull; refs ,derived_hns_from_reported_mean,raw return; column 'IRIS (ours)'; mean over 5 runs x 100 episodes at end of training; no std in table
2209.00588,IRIS,"[""collect experience@state"", ""correct@policy"", ""correct@state""]",world_model_imagination,kungfumaster,atari100k,main,95.656,21759.8,258.5,22736.3,100000,1,64,0.0001,not_applicable,0.995,256,10,20,not_applicable,missing,5,100,missing,missing,last,arXiv:2209.00588 Table 1 [IRIS] game as printed: KungFuMaster; refs ,derived_hns_from_reported_mean,raw return; column 'IRIS (ours)'; mean over 5 runs x 100 episodes at end of training; no std in table
2209.00588,IRIS,"[""collect experience@state"", ""correct@policy"", ""correct@state""]",world_model_imagination,mspacman,atari100k,main,10.412,999.1,307.3,6951.6,100000,1,64,0.0001,not_applicable,0.995,256,10,20,not_applicable,missing,5,100,missing,missing,last,arXiv:2209.00588 Table 1 [IRIS] game as printed: MsPacman; refs ,derived_hns_from_reported_mean,raw return; column 'IRIS (ours)'; mean over 5 runs x 100 episodes at end of training; no std in table
2209.00588,IRIS,"[""collect experience@state"", ""correct@policy"", ""correct@state""]",world_model_imagination,pong,atari100k,main,100.0,14.6,-20.7,14.6,100000,1,64,0.0001,not_applicable,0.995,256,10,20,not_applicable,missing,5,100,missing,missing,last,arXiv:2209.00588 Table 1 [IRIS] game as printed: Pong; refs ,derived_hns_from_reported_mean,raw return; column 'IRIS (ours)'; mean over 5 runs x 100 episodes at end of training; no std in table
2209.00588,IRIS,"[""collect experience@state"", ""correct@policy"", ""correct@state""]",world_model_imagination,privateeye,atari100k,main,0.108,100.0,24.9,69571.3,100000,1,64,0.0001,not_applicable,0.995,256,10,20,not_applicable,missing,5,100,missing,missing,last,arXiv:2209.00588 Table 1 [IRIS] game as printed: PrivateEye; refs ,derived_hns_from_reported_mean,raw return; column 'IRIS (ours)'; mean over 5 runs x 100 episodes at end of training; no std in table
2209.00588,IRIS,"[""collect experience@state"", ""correct@policy"", ""correct@state""]",world_model_imagination,qbert,atari100k,main,4.377,745.7,163.9,13455.0,100000,1,64,0.0001,not_applicable,0.995,256,10,20,not_applicable,missing,5,100,missing,missing,last,arXiv:2209.00588 Table 1 [IRIS] game as printed: Qbert; refs ,derived_hns_from_reported_mean,raw return; column 'IRIS (ours)'; mean over 5 runs x 100 episodes at end of training; no std in table
2209.00588,IRIS,"[""collect experience@state"", ""correct@policy"", ""correct@state""]",world_model_imagination,roadrunner,atari100k,main,122.59,9614.6,11.5,7845.0,100000,1,64,0.0001,not_applicable,0.995,256,10,20,not_applicable,missing,5,100,missing,missing,last,arXiv:2209.00588 Table 1 [IRIS] game as printed: RoadRunner; refs ,derived_hns_from_reported_mean,raw return; column 'IRIS (ours)'; mean over 5 runs x 100 episodes at end of training; no std in table
2209.00588,IRIS,"[""collect experience@state"", ""correct@policy"", ""correct@state""]",world_model_imagination,seaquest,atari100k,main,1.412,661.3,68.4,42054.7,100000,1,64,0.0001,not_applicable,0.995,256,10,20,not_applicable,missing,5,100,missing,missing,last,arXiv:2209.00588 Table 1 [IRIS] game as printed: Seaquest; refs ,derived_hns_from_reported_mean,raw return; column 'IRIS (ours)'; mean over 5 runs x 100 episodes at end of training; no std in table
2209.00588,IRIS,"[""collect experience@state"", ""correct@policy"", ""correct@state""]",world_model_imagination,upndown,atari100k,main,26.997,3546.2,533.4,11693.2,100000,1,64,0.0001,not_applicable,0.995,256,10,20,not_applicable,missing,5,100,missing,missing,last,arXiv:2209.00588 Table 1 [IRIS] game as printed: UpNDown; refs ,derived_hns_from_reported_mean,raw return; column 'IRIS (ours)'; mean over 5 runs x 100 episodes at end of training; no std in table
2303.07109,TWM,"[""aggregate@latent"", ""encode@input"", ""predict@latent"", ""reconstruct@latent"", ""sample@latent""]",world_model_imagination,alien,atari100k,main,6.475,674.6,227.8,7127.7,100000,missing,100,0.0001,not_applicable,0.99,256,10,15,not_applicable,21.6,5,100,missing,missing,last,arXiv:2303.07109 Table 1 [TWM] game as printed: Alien; refs ,derived_hns_from_reported_mean,raw score; column 'TWM (ours)'; mean of 5 runs x 100 episodes at end of training; no std in table
2303.07109,TWM,"[""aggregate@latent"", ""encode@input"", ""predict@latent"", ""reconstruct@latent"", ""sample@latent""]",world_model_imagination,amidar,atari100k,main,6.769,121.8,5.8,1719.5,100000,missing,100,0.0001,not_applicable,0.99,256,10,15,not_applicable,21.6,5,100,missing,missing,last,arXiv:2303.07109 Table 1 [TWM] game as printed: Amidar; refs ,derived_hns_from_reported_mean,raw score; column 'TWM (ours)'; mean of 5 runs x 100 episodes at end of training; no std in table
2303.07109,TWM,"[""aggregate@latent"", ""encode@input"", ""predict@latent"", ""reconstruct@latent"", ""sample@latent""]",world_model_imagination,assault,atari100k,main,88.568,682.6,222.4,742.0,100000,missing,100,0.0001,not_applicable,0.99,256,10,15,not_applicable,21.6,5,100,missing,missing,last,arXiv:2303.07109 Table 1 [TWM] game as printed: Assault; refs ,derived_hns_from_reported_mean,raw score; column 'TWM (ours)'; mean of 5 runs x 100 episodes at end of training; no std in table
2303.07109,TWM,"[""aggregate@latent"", ""encode@input"", ""predict@latent"", ""reconstruct@latent"", ""sample@latent""]",world_model_imagination,asterix,atari100k,main,10.932,1116.6,210.0,8503.3,100000,missing,100,0.0001,not_applicable,0.99,256,10,15,not_applicable,21.6,5,100,missing,missing,last,arXiv:2303.07109 Table 1 [TWM] game as printed: Asterix; refs ,derived_hns_from_reported_mean,raw score; column 'TWM (ours)'; mean of 5 runs x 100 episodes at end of training; no std in table
2303.07109,TWM,"[""aggregate@latent"", ""encode@input"", ""predict@latent"", ""reconstruct@latent"", ""sample@latent""]",world_model_imagination,bankheist,atari100k,main,61.24,466.7,14.2,753.1,100000,missing,100,0.0001,not_applicable,0.99,256,10,15,not_applicable,21.6,5,100,missing,missing,last,arXiv:2303.07109 Table 1 [TWM] game as printed: BankHeist; refs ,derived_hns_from_reported_mean,raw score; column 'TWM (ours)'; mean of 5 runs x 100 episodes at end of training; no std in table
2303.07109,TWM,"[""aggregate@latent"", ""encode@input"", ""predict@latent"", ""reconstruct@latent"", ""sample@latent""]",world_model_imagination,battlezone,atari100k,main,7.775,5068.0,2360.0,37187.5,100000,missing,100,0.0001,not_applicable,0.99,256,10,15,not_applicable,21.6,5,100,missing,missing,last,arXiv:2303.07109 Table 1 [TWM] game as printed: BattleZone; refs ,derived_hns_from_reported_mean,raw score; column 'TWM (ours)'; mean of 5 runs x 100 episodes at end of training; no std in table
2303.07109,TWM,"[""aggregate@latent"", ""encode@input"", ""predict@latent"", ""reconstruct@latent"", ""sample@latent""]",world_model_imagination,boxing,atari100k,main,645.0,77.5,0.1,12.1,100000,missing,100,0.0001,not_applicable,0.99,256,10,15,not_applicable,21.6,5,100,missing,missing,last,arXiv:2303.07109 Table 1 [TWM] game as printed: Boxing; refs ,derived_hns_from_reported_mean,raw score; column 'TWM (ours)'; mean of 5 runs x 100 episodes at end of training; no std in table
2303.07109,TWM,"[""aggregate@latent"", ""encode@input"", ""predict@latent"", ""reconstruct@latent"", ""sample@latent""]",world_model_imagination,breakout,atari100k,main,63.542,20.0,1.7,30.5,100000,missing,100,0.0001,not_applicable,0.99,256,10,15,not_applicable,21.6,5,100,missing,missing,last,arXiv:2303.07109 Table 1 [TWM] game as printed: Breakout; refs ,derived_hns_from_reported_mean,raw score; column 'TWM (ours)'; mean of 5 runs x 100 episodes at end of training; no std in table
2303.07109,TWM,"[""aggregate@latent"", ""encode@input"", ""predict@latent"", ""reconstruct@latent"", ""sample@latent""]",world_model_imagination,choppercommand,atari100k,main,13.478,1697.4,811.0,7387.8,100000,missing,100,0.0001,not_applicable,0.99,256,10,15,not_applicable,21.6,5,100,missing,missing,last,arXiv:2303.07109 Table 1 [TWM] game as printed: ChopperCommand; refs ,derived_hns_from_reported_mean,raw score; column 'TWM (ours)'; mean of 5 runs x 100 episodes at end of training; no std in table
2303.07109,TWM,"[""aggregate@latent"", ""encode@input"", ""predict@latent"", ""reconstruct@latent"", ""sample@latent""]",world_model_imagination,crazyclimber,atari100k,main,243.683,71820.4,10780.5,35829.4,100000,missing,100,0.0001,not_applicable,0.99,256,10,15,not_applicable,21.6,5,100,missing,missing,last,arXiv:2303.07109 Table 1 [TWM] game as printed: CrazyClimber; refs ,derived_hns_from_reported_mean,raw score; column 'TWM (ours)'; mean of 5 runs x 100 episodes at end of training; no std in table
2303.07109,TWM,"[""aggregate@latent"", ""encode@input"", ""predict@latent"", ""reconstruct@latent"", ""sample@latent""]",world_model_imagination,demonattack,atari100k,main,10.891,350.2,152.1,1971.0,100000,missing,100,0.0001,not_applicable,0.99,256,10,15,not_applicable,21.6,5,100,missing,missing,last,arXiv:2303.07109 Table 1 [TWM] game as printed: DemonAttack; refs ,derived_hns_from_reported_mean,raw score; column 'TWM (ours)'; mean of 5 runs x 100 episodes at end of training; no std in table
2303.07109,TWM,"[""aggregate@latent"", ""encode@input"", ""predict@latent"", ""reconstruct@latent"", ""sample@latent""]",world_model_imagination,freeway,atari100k,main,82.095,24.3,0.0,29.6,100000,missing,100,0.0001,not_applicable,0.99,256,10,15,not_applicable,21.6,5,100,missing,missing,last,arXiv:2303.07109 Table 1 [TWM] game as printed: Freeway; refs ,derived_hns_from_reported_mean,raw score; column 'TWM (ours)'; mean of 5 runs x 100 episodes at end of training; no std in table
2303.07109,TWM,"[""aggregate@latent"", ""encode@input"", ""predict@latent"", ""reconstruct@latent"", ""sample@latent""]",world_model_imagination,frostbite,atari100k,main,33.034,1475.6,65.2,4334.7,100000,missing,100,0.0001,not_applicable,0.99,256,10,15,not_applicable,21.6,5,100,missing,missing,last,arXiv:2303.07109 Table 1 [TWM] game as printed: Frostbite; refs ,derived_hns_from_reported_mean,raw score; column 'TWM (ours)'; mean of 5 runs x 100 episodes at end of training; no std in table
2303.07109,TWM,"[""aggregate@latent"", ""encode@input"", ""predict@latent"", ""reconstruct@latent"", ""sample@latent""]",world_model_imagination,gopher,atari100k,main,65.766,1674.8,257.6,2412.5,100000,missing,100,0.0001,not_applicable,0.99,256,10,15,not_applicable,21.6,5,100,missing,missing,last,arXiv:2303.07109 Table 1 [TWM] game as printed: Gopher; refs ,derived_hns_from_reported_mean,raw score; column 'TWM (ours)'; mean of 5 runs x 100 episodes at end of training; no std in table
2303.07109,TWM,"[""aggregate@latent"", ""encode@input"", ""predict@latent"", ""reconstruct@latent"", ""sample@latent""]",world_model_imagination,hero,atari100k,main,20.896,7254.0,1027.0,30826.4,100000,missing,100,0.0001,not_applicable,0.99,256,10,15,not_applicable,21.6,5,100,missing,missing,last,arXiv:2303.07109 Table 1 [TWM] game as printed: Hero; refs ,derived_hns_from_reported_mean,raw score; column 'TWM (ours)'; mean of 5 runs x 100 episodes at end of training; no std in table
2303.07109,TWM,"[""aggregate@latent"", ""encode@input"", ""predict@latent"", ""reconstruct@latent"", ""sample@latent""]",world_model_imagination,jamesbond,atari100k,main,121.768,362.4,29.0,302.8,100000,missing,100,0.0001,not_applicable,0.99,256,10,15,not_applicable,21.6,5,100,missing,missing,last,arXiv:2303.07109 Table 1 [TWM] game as printed: Jamesbond; refs ,derived_hns_from_reported_mean,raw score; column 'TWM (ours)'; mean of 5 runs x 100 episodes at end of training; no std in table
2303.07109,TWM,"[""aggregate@latent"", ""encode@input"", ""predict@latent"", ""reconstruct@latent"", ""sample@latent""]",world_model_imagination,kangaroo,atari100k,main,39.826,1240.0,52.0,3035.0,100000,missing,100,0.0001,not_applicable,0.99,256,10,15,not_applicable,21.6,5,100,missing,missing,last,arXiv:2303.07109 Table 1 [TWM] game as printed: Kangaroo; refs ,derived_hns_from_reported_mean,raw score; column 'TWM (ours)'; mean of 5 runs x 100 episodes at end of training; no std in table
2303.07109,TWM,"[""aggregate@latent"", ""encode@input"", ""predict@latent"", ""reconstruct@latent"", ""sample@latent""]",world_model_imagination,krull,atari100k,main,445.077,6349.2,1598.0,2665.5,100000,missing,100,0.0001,not_applicable,0.99,256,10,15,not_applicable,21.6,5,100,missing,missing,last,arXiv:2303.07109 Table 1 [TWM] game as printed: Krull; refs ,derived_hns_from_reported_mean,raw score; column 'TWM (ours)'; mean of 5 runs x 100 episodes at end of training; no std in table
2303.07109,TWM,"[""aggregate@latent"", ""encode@input"", ""predict@latent"", ""reconstruct@latent"", ""sample@latent""]",world_model_imagination,kungfumaster,atari100k,main,108.089,24554.6,258.5,22736.3,100000,missing,100,0.0001,not_applicable,0.99,256,10,15,not_applicable,21.6,5,100,missing,missing,last,arXiv:2303.07109 Table 1 [TWM] game as printed: KungFuMaster; refs ,derived_hns_from_reported_mean,raw score; column 'TWM (ours)'; mean of 5 runs x 100 episodes at end of training; no std in table
2303.07109,TWM,"[""aggregate@latent"", ""encode@input"", ""predict@latent"", ""reconstruct@latent"", ""sample@latent""]",world_model_imagination,mspacman,atari100k,main,19.281,1588.4,307.3,6951.6,100000,missing,100,0.0001,not_applicable,0.99,256,10,15,not_applicable,21.6,5,100,missing,missing,last,arXiv:2303.07109 Table 1 [TWM] game as printed: MsPacman; refs ,derived_hns_from_reported_mean,raw score; column 'TWM (ours)'; mean of 5 runs x 100 episodes at end of training; no std in table
2303.07109,TWM,"[""aggregate@latent"", ""encode@input"", ""predict@latent"", ""reconstruct@latent"", ""sample@latent""]",world_model_imagination,pong,atari100k,main,111.898,18.8,-20.7,14.6,100000,missing,100,0.0001,not_applicable,0.99,256,10,15,not_applicable,21.6,5,100,missing,missing,last,arXiv:2303.07109 Table 1 [TWM] game as printed: Pong; refs ,derived_hns_from_reported_mean,raw score; column 'TWM (ours)'; mean of 5 runs x 100 episodes at end of training; no std in table
2303.07109,TWM,"[""aggregate@latent"", ""encode@input"", ""predict@latent"", ""reconstruct@latent"", ""sample@latent""]",world_model_imagination,privateeye,atari100k,main,0.089,86.6,24.9,69571.3,100000,missing,100,0.0001,not_applicable,0.99,256,10,15,not_applicable,21.6,5,100,missing,missing,last,arXiv:2303.07109 Table 1 [TWM] game as printed: PrivateEye; refs ,derived_hns_from_reported_mean,raw score; column 'TWM (ours)'; mean of 5 runs x 100 episodes at end of training; no std in table
2303.07109,TWM,"[""aggregate@latent"", ""encode@input"", ""predict@latent"", ""reconstruct@latent"", ""sample@latent""]",world_model_imagination,qbert,atari100k,main,23.827,3330.8,163.9,13455.0,100000,missing,100,0.0001,not_applicable,0.99,256,10,15,not_applicable,21.6,5,100,missing,missing,last,arXiv:2303.07109 Table 1 [TWM] game as printed: Qbert; refs ,derived_hns_from_reported_mean,raw score; column 'TWM (ours)'; mean of 5 runs x 100 episodes at end of training; no std in table
2303.07109,TWM,"[""aggregate@latent"", ""encode@input"", ""predict@latent"", ""reconstruct@latent"", ""sample@latent""]",world_model_imagination,roadrunner,atari100k,main,116.136,9109.0,11.5,7845.0,100000,missing,100,0.0001,not_applicable,0.99,256,10,15,not_applicable,21.6,5,100,missing,missing,last,arXiv:2303.07109 Table 1 [TWM] game as printed: RoadRunner; refs ,derived_hns_from_reported_mean,raw score; column 'TWM (ours)'; mean of 5 runs x 100 episodes at end of training; no std in table
2303.07109,TWM,"[""aggregate@latent"", ""encode@input"", ""predict@latent"", ""reconstruct@latent"", ""sample@latent""]",world_model_imagination,seaquest,atari100k,main,1.682,774.4,68.4,42054.7,100000,missing,100,0.0001,not_applicable,0.99,256,10,15,not_applicable,21.6,5,100,missing,missing,last,arXiv:2303.07109 Table 1 [TWM] game as printed: Seaquest; refs ,derived_hns_from_reported_mean,raw score; column 'TWM (ours)'; mean of 5 runs x 100 episodes at end of training; no std in table
2303.07109,TWM,"[""aggregate@latent"", ""encode@input"", ""predict@latent"", ""reconstruct@latent"", ""sample@latent""]",world_model_imagination,upndown,atari100k,main,138.428,15981.7,533.4,11693.2,100000,missing,100,0.0001,not_applicable,0.99,256,10,15,not_applicable,21.6,5,100,missing,missing,last,arXiv:2303.07109 Table 1 [TWM] game as printed: UpNDown; refs ,derived_hns_from_reported_mean,raw score; column 'TWM (ours)'; mean of 5 runs x 100 episodes at end of training; no std in table
2301.04104,DreamerV3,"[""predict@reward"", ""reconstruct@input"", ""transform@distribution""]",world_model_imagination,alien,atari100k,main,12.899,1118.0,228.0,7128.0,100000,128,16,4e-05,not_applicable,0.997,1024,missing,15,not_applicable,200,5,missing,missing,missing,last,arXiv:2301.04104 Table 9 [DreamerV3 (printed as 'Dreamer' in Table 9)] game as printed: Alien; refs ,derived_hns_from_reported_mean,raw score as printed (rounded to integer); column 'Dreamer'; 400K env steps = 100k agent steps; 5 seeds; no std in table; Table 10 marks Dreamer as NOT using separate eval episodes
2301.04104,DreamerV3,"[""predict@reward"", ""reconstruct@input"", ""transform@distribution""]",world_model_imagination,amidar,atari100k,main,5.309,97.0,6.0,1720.0,100000,128,16,4e-05,not_applicable,0.997,1024,missing,15,not_applicable,200,5,missing,missing,missing,last,arXiv:2301.04104 Table 9 [DreamerV3 (printed as 'Dreamer' in Table 9)] game as printed: Amidar; refs ,derived_hns_from_reported_mean,raw score as printed (rounded to integer); column 'Dreamer'; 400K env steps = 100k agent steps; 5 seeds; no std in table; Table 10 marks Dreamer as NOT using separate eval episodes
2301.04104,DreamerV3,"[""predict@reward"", ""reconstruct@input"", ""transform@distribution""]",world_model_imagination,assault,atari100k,main,88.654,683.0,222.0,742.0,100000,128,16,4e-05,not_applicable,0.997,1024,missing,15,not_applicable,200,5,missing,missing,missing,last,arXiv:2301.04104 Table 9 [DreamerV3 (printed as 'Dreamer' in Table 9)] game as printed: Assault; refs ,derived_hns_from_reported_mean,raw score as printed (rounded to integer); column 'Dreamer'; 400K env steps = 100k agent steps; 5 seeds; no std in table; Table 10 marks Dreamer as NOT using separate eval episodes
2301.04104,DreamerV3,"[""predict@reward"", ""reconstruct@input"", ""transform@distribution""]",world_model_imagination,asterix,atari100k,main,10.274,1062.0,210.0,8503.0,100000,128,16,4e-05,not_applicable,0.997,1024,missing,15,not_applicable,200,5,missing,missing,missing,last,arXiv:2301.04104 Table 9 [DreamerV3 (printed as 'Dreamer' in Table 9)] game as printed: Asterix; refs ,derived_hns_from_reported_mean,raw score as printed (rounded to integer); column 'Dreamer'; 400K env steps = 100k agent steps; 5 seeds; no std in table; Table 10 marks Dreamer as NOT using separate eval episodes
2301.04104,DreamerV3,"[""predict@reward"", ""reconstruct@input"", ""transform@distribution""]",world_model_imagination,bankheist,atari100k,main,51.962,398.0,14.0,753.0,100000,128,16,4e-05,not_applicable,0.997,1024,missing,15,not_applicable,200,5,missing,missing,missing,last,arXiv:2301.04104 Table 9 [DreamerV3 (printed as 'Dreamer' in Table 9)] game as printed: Bank Heist; refs ,derived_hns_from_reported_mean,raw score as printed (rounded to integer); column 'Dreamer'; 400K env steps = 100k agent steps; 5 seeds; no std in table; Table 10 marks Dreamer as NOT using separate eval episodes
2301.04104,DreamerV3,"[""predict@reward"", ""reconstruct@input"", ""transform@distribution""]",world_model_imagination,battlezone,atari100k,main,51.51,20300.0,2360.0,37188.0,100000,128,16,4e-05,not_applicable,0.997,1024,missing,15,not_applicable,200,5,missing,missing,missing,last,arXiv:2301.04104 Table 9 [DreamerV3 (printed as 'Dreamer' in Table 9)] game as printed: Battle Zone; refs ,derived_hns_from_reported_mean,raw score as printed (rounded to integer); column 'Dreamer'; 400K env steps = 100k agent steps; 5 seeds; no std in table; Table 10 marks Dreamer as NOT using separate eval episodes
2301.04104,DreamerV3,"[""predict@reward"", ""reconstruct@input"", ""transform@distribution""]",world_model_imagination,boxing,atari100k,main,683.333,82.0,0.0,12.0,100000,128,16,4e-05,not_applicable,0.997,1024,missing,15,not_applicable,200,5,missing,missing,missing,last,arXiv:2301.04104 Table 9 [DreamerV3 (printed as 'Dreamer' in Table 9)] game as printed: Boxing; refs ,derived_hns_from_reported_mean,raw score as printed (rounded to integer); column 'Dreamer'; 400K env steps = 100k agent steps; 5 seeds; no std in table; Table 10 marks Dreamer as NOT using separate eval episodes
2301.04104,DreamerV3,"[""predict@reward"", ""reconstruct@input"", ""transform@distribution""]",world_model_imagination,breakout,atari100k,main,28.571,10.0,2.0,30.0,100000,128,16,4e-05,not_applicable,0.997,1024,missing,15,not_applicable,200,5,missing,missing,missing,last,arXiv:2301.04104 Table 9 [DreamerV3 (printed as 'Dreamer' in Table 9)] game as printed: Breakout; refs ,derived_hns_from_reported_mean,raw score as printed (rounded to integer); column 'Dreamer'; 400K env steps = 100k agent steps; 5 seeds; no std in table; Table 10 marks Dreamer as NOT using separate eval episodes
2301.04104,DreamerV3,"[""predict@reward"", ""reconstruct@input"", ""transform@distribution""]",world_model_imagination,choppercommand,atari100k,main,21.454,2222.0,811.0,7388.0,100000,128,16,4e-05,not_applicable,0.997,1024,missing,15,not_applicable,200,5,missing,missing,missing,last,arXiv:2301.04104 Table 9 [DreamerV3 (printed as 'Dreamer' in Table 9)] game as printed: Chopper Command; refs ,derived_hns_from_reported_mean,raw score as printed (rounded to integer); column 'Dreamer'; 400K env steps = 100k agent steps; 5 seeds; no std in table; Table 10 marks Dreamer as NOT using separate eval episodes
2301.04104,DreamerV3,"[""predict@reward"", ""reconstruct@input"", ""transform@distribution""]",world_model_imagination,crazyclimber,atari100k,main,301.19,86225.0,10780.0,35829.0,100000,128,16,4e-05,not_applicable,0.997,1024,missing,15,not_applicable,200,5,missing,missing,missing,last,arXiv:2301.04104 Table 9 [DreamerV3 (printed as 'Dreamer' in Table 9)] game as printed: Crazy Climber; refs ,derived_hns_from_reported_mean,raw score as printed (rounded to integer); column 'Dreamer'; 400K env steps = 100k agent steps; 5 seeds; no std in table; Table 10 marks Dreamer as NOT using separate eval episodes
2301.04104,DreamerV3,"[""predict@reward"", ""reconstruct@input"", ""transform@distribution""]",world_model_imagination,demonattack,atari100k,main,23.364,577.0,152.0,1971.0,100000,128,16,4e-05,not_applicable,0.997,1024,missing,15,not_applicable,200,5,missing,missing,missing,last,arXiv:2301.04104 Table 9 [DreamerV3 (printed as 'Dreamer' in Table 9)] game as printed: Demon Attack; refs ,derived_hns_from_reported_mean,raw score as printed (rounded to integer); column 'Dreamer'; 400K env steps = 100k agent steps; 5 seeds; no std in table; Table 10 marks Dreamer as NOT using separate eval episodes
2301.04104,DreamerV3,"[""predict@reward"", ""reconstruct@input"", ""transform@distribution""]",world_model_imagination,freeway,atari100k,main,0.0,0.0,0.0,30.0,100000,128,16,4e-05,not_applicable,0.997,1024,missing,15,not_applicable,200,5,missing,missing,missing,last,arXiv:2301.04104 Table 9 [DreamerV3 (printed as 'Dreamer' in Table 9)] game as printed: Freeway; refs ,derived_hns_from_reported_mean,raw score as printed (rounded to integer); column 'Dreamer'; 400K env steps = 100k agent steps; 5 seeds; no std in table; Table 10 marks Dreamer as NOT using separate eval episodes
2301.04104,DreamerV3,"[""predict@reward"", ""reconstruct@input"", ""transform@distribution""]",world_model_imagination,frostbite,atari100k,main,77.564,3377.0,65.0,4335.0,100000,128,16,4e-05,not_applicable,0.997,1024,missing,15,not_applicable,200,5,missing,missing,missing,last,arXiv:2301.04104 Table 9 [DreamerV3 (printed as 'Dreamer' in Table 9)] game as printed: Frostbite; refs ,derived_hns_from_reported_mean,raw score as printed (rounded to integer); column 'Dreamer'; 400K env steps = 100k agent steps; 5 seeds; no std in table; Table 10 marks Dreamer as NOT using separate eval episodes
2301.04104,DreamerV3,"[""predict@reward"", ""reconstruct@input"", ""transform@distribution""]",world_model_imagination,gopher,atari100k,main,88.301,2160.0,258.0,2412.0,100000,128,16,4e-05,not_applicable,0.997,1024,missing,15,not_applicable,200,5,missing,missing,missing,last,arXiv:2301.04104 Table 9 [DreamerV3 (printed as 'Dreamer' in Table 9)] game as printed: Gopher; refs ,derived_hns_from_reported_mean,raw score as printed (rounded to integer); column 'Dreamer'; 400K env steps = 100k agent steps; 5 seeds; no std in table; Table 10 marks Dreamer as NOT using separate eval episodes
2301.04104,DreamerV3,"[""predict@reward"", ""reconstruct@input"", ""transform@distribution""]",world_model_imagination,hero,atari100k,main,41.367,13354.0,1027.0,30826.0,100000,128,16,4e-05,not_applicable,0.997,1024,missing,15,not_applicable,200,5,missing,missing,missing,last,arXiv:2301.04104 Table 9 [DreamerV3 (printed as 'Dreamer' in Table 9)] game as printed: Hero; refs ,derived_hns_from_reported_mean,raw score as printed (rounded to integer); column 'Dreamer'; 400K env steps = 100k agent steps; 5 seeds; no std in table; Table 10 marks Dreamer as NOT using separate eval episodes
2301.04104,DreamerV3,"[""predict@reward"", ""reconstruct@input"", ""transform@distribution""]",world_model_imagination,jamesbond,atari100k,main,186.496,540.0,29.0,303.0,100000,128,16,4e-05,not_applicable,0.997,1024,missing,15,not_applicable,200,5,missing,missing,missing,last,arXiv:2301.04104 Table 9 [DreamerV3 (printed as 'Dreamer' in Table 9)] game as printed: Jamesbond; refs ,derived_hns_from_reported_mean,raw score as printed (rounded to integer); column 'Dreamer'; 400K env steps = 100k agent steps; 5 seeds; no std in table; Table 10 marks Dreamer as NOT using separate eval episodes
2301.04104,DreamerV3,"[""predict@reward"", ""reconstruct@input"", ""transform@distribution""]",world_model_imagination,kangaroo,atari100k,main,86.859,2643.0,52.0,3035.0,100000,128,16,4e-05,not_applicable,0.997,1024,missing,15,not_applicable,200,5,missing,missing,missing,last,arXiv:2301.04104 Table 9 [DreamerV3 (printed as 'Dreamer' in Table 9)] game as printed: Kangaroo; refs ,derived_hns_from_reported_mean,raw score as printed (rounded to integer); column 'Dreamer'; 400K env steps = 100k agent steps; 5 seeds; no std in table; Table 10 marks Dreamer as NOT using separate eval episodes
2301.04104,DreamerV3,"[""predict@reward"", ""reconstruct@input"", ""transform@distribution""]",world_model_imagination,krull,atari100k,main,615.449,8171.0,1598.0,2666.0,100000,128,16,4e-05,not_applicable,0.997,1024,missing,15,not_applicable,200,5,missing,missing,missing,last,arXiv:2301.04104 Table 9 [DreamerV3 (printed as 'Dreamer' in Table 9)] game as printed: Krull; refs ,derived_hns_from_reported_mean,raw score as printed (rounded to integer); column 'Dreamer'; 400K env steps = 100k agent steps; 5 seeds; no std in table; Table 10 marks Dreamer as NOT using separate eval episodes
2301.04104,DreamerV3,"[""predict@reward"", ""reconstruct@input"", ""transform@distribution""]",world_model_imagination,kungfumaster,atari100k,main,114.076,25900.0,258.0,22736.0,100000,128,16,4e-05,not_applicable,0.997,1024,missing,15,not_applicable,200,5,missing,missing,missing,last,arXiv:2301.04104 Table 9 [DreamerV3 (printed as 'Dreamer' in Table 9)] game as printed: Kung Fu Master; refs ,derived_hns_from_reported_mean,raw score as printed (rounded to integer); column 'Dreamer'; 400K env steps = 100k agent steps; 5 seeds; no std in table; Table 10 marks Dreamer as NOT using separate eval episodes
2301.04104,DreamerV3,"[""predict@reward"", ""reconstruct@input"", ""transform@distribution""]",world_model_imagination,mspacman,atari100k,main,18.269,1521.0,307.0,6952.0,100000,128,16,4e-05,not_applicable,0.997,1024,missing,15,not_applicable,200,5,missing,missing,missing,last,arXiv:2301.04104 Table 9 [DreamerV3 (printed as 'Dreamer' in Table 9)] game as printed: Ms Pacman; refs ,derived_hns_from_reported_mean,raw score as printed (rounded to integer); column 'Dreamer'; 400K env steps = 100k agent steps; 5 seeds; no std in table; Table 10 marks Dreamer as NOT using separate eval episodes
2301.04104,DreamerV3,"[""predict@reward"", ""reconstruct@input"", ""transform@distribution""]",world_model_imagination,pong,atari100k,main,47.222,-4.0,-21.0,15.0,100000,128,16,4e-05,not_applicable,0.997,1024,missing,15,not_applicable,200,5,missing,missing,missing,last,arXiv:2301.04104 Table 9 [DreamerV3 (printed as 'Dreamer' in Table 9)] game as printed: Pong; refs ,derived_hns_from_reported_mean,raw score as printed (rounded to integer); column 'Dreamer'; 400K env steps = 100k agent steps; 5 seeds; no std in table; Table 10 marks Dreamer as NOT using separate eval episodes
2301.04104,DreamerV3,"[""predict@reward"", ""reconstruct@input"", ""transform@distribution""]",world_model_imagination,privateeye,atari100k,main,4.62,3238.0,25.0,69571.0,100000,128,16,4e-05,not_applicable,0.997,1024,missing,15,not_applicable,200,5,missing,missing,missing,last,arXiv:2301.04104 Table 9 [DreamerV3 (printed as 'Dreamer' in Table 9)] game as printed: Private Eye; refs ,derived_hns_from_reported_mean,raw score as printed (rounded to integer); column 'Dreamer'; 400K env steps = 100k agent steps; 5 seeds; no std in table; Table 10 marks Dreamer as NOT using separate eval episodes
2301.04104,DreamerV3,"[""predict@reward"", ""reconstruct@input"", ""transform@distribution""]",world_model_imagination,qbert,atari100k,main,20.743,2921.0,164.0,13455.0,100000,128,16,4e-05,not_applicable,0.997,1024,missing,15,not_applicable,200,5,missing,missing,missing,last,arXiv:2301.04104 Table 9 [DreamerV3 (printed as 'Dreamer' in Table 9)] game as printed: Qbert; refs ,derived_hns_from_reported_mean,raw score as printed (rounded to integer); column 'Dreamer'; 400K env steps = 100k agent steps; 5 seeds; no std in table; Table 10 marks Dreamer as NOT using separate eval episodes
2301.04104,DreamerV3,"[""predict@reward"", ""reconstruct@input"", ""transform@distribution""]",world_model_imagination,roadrunner,atari100k,main,245.347,19230.0,12.0,7845.0,100000,128,16,4e-05,not_applicable,0.997,1024,missing,15,not_applicable,200,5,missing,missing,missing,last,arXiv:2301.04104 Table 9 [DreamerV3 (printed as 'Dreamer' in Table 9)] game as printed: Road Runner; refs ,derived_hns_from_reported_mean,raw score as printed (rounded to integer); column 'Dreamer'; 400K env steps = 100k agent steps; 5 seeds; no std in table; Table 10 marks Dreamer as NOT using separate eval episodes
2301.04104,DreamerV3,"[""predict@reward"", ""reconstruct@input"", ""transform@distribution""]",world_model_imagination,seaquest,atari100k,main,2.129,962.0,68.0,42055.0,100000,128,16,4e-05,not_applicable,0.997,1024,missing,15,not_applicable,200,5,missing,missing,missing,last,arXiv:2301.04104 Table 9 [DreamerV3 (printed as 'Dreamer' in Table 9)] game as printed: Seaquest; refs ,derived_hns_from_reported_mean,raw score as printed (rounded to integer); column 'Dreamer'; 400K env steps = 100k agent steps; 5 seeds; no std in table; Table 10 marks Dreamer as NOT using separate eval episodes
2301.04104,DreamerV3,"[""predict@reward"", ""reconstruct@input"", ""transform@distribution""]",world_model_imagination,upndown,atari100k,main,415.565,46910.0,533.0,11693.0,100000,128,16,4e-05,not_applicable,0.997,1024,missing,15,not_applicable,200,5,missing,missing,missing,last,arXiv:2301.04104 Table 9 [DreamerV3 (printed as 'Dreamer' in Table 9)] game as printed: Up N Down; refs ,derived_hns_from_reported_mean,raw score as printed (rounded to integer); column 'Dreamer'; 400K env steps = 100k agent steps; 5 seeds; no std in table; Table 10 marks Dreamer as NOT using separate eval episodes
2305.19452,BBF,"[""correct@parameter"", ""reset convolutional layers@parameter"", ""scale network capacity@parameter""]",model_free_representation,alien,atari100k,main,13.702,1173.2,227.8,7127.7,100000,8,missing,missing,3,0.997,missing,15,not_applicable,not_applicable,missing,50,missing,no,missing,last,arXiv:2305.19452 Table A.1 [BBF] game as printed: Alien; refs ,derived_hns_from_reported_mean,
2305.19452,BBF,"[""correct@parameter"", ""reset convolutional layers@parameter"", ""scale network capacity@parameter""]",model_free_representation,amidar,atari100k,main,13.935,244.6,5.8,1719.5,100000,8,missing,missing,3,0.997,missing,15,not_applicable,not_applicable,missing,50,missing,no,missing,last,arXiv:2305.19452 Table A.1 [BBF] game as printed: Amidar; refs ,derived_hns_from_reported_mean,
2305.19452,BBF,"[""correct@parameter"", ""reset convolutional layers@parameter"", ""scale network capacity@parameter""]",model_free_representation,assault,atari100k,main,361.066,2098.5,222.4,742.0,100000,8,missing,missing,3,0.997,missing,15,not_applicable,not_applicable,missing,50,missing,no,missing,last,arXiv:2305.19452 Table A.1 [BBF] game as printed: Assault; refs ,derived_hns_from_reported_mean,
2305.19452,BBF,"[""correct@parameter"", ""reset convolutional layers@parameter"", ""scale network capacity@parameter""]",model_free_representation,asterix,atari100k,main,45.05,3946.1,210.0,8503.3,100000,8,missing,missing,3,0.997,missing,15,not_applicable,not_applicable,missing,50,missing,no,missing,last,arXiv:2305.19452 Table A.1 [BBF] game as printed: Asterix; refs ,derived_hns_from_reported_mean,
2305.19452,BBF,"[""correct@parameter"", ""reset convolutional layers@parameter"", ""scale network capacity@parameter""]",model_free_representation,bankheist,atari100k,main,97.266,732.9,14.2,753.1,100000,8,missing,missing,3,0.997,missing,15,not_applicable,not_applicable,missing,50,missing,no,missing,last,arXiv:2305.19452 Table A.1 [BBF] game as printed: BankHeist; refs ,derived_hns_from_reported_mean,
2305.19452,BBF,"[""correct@parameter"", ""reset convolutional layers@parameter"", ""scale network capacity@parameter""]",model_free_representation,battlezone,atari100k,main,63.455,24459.8,2360.0,37187.5,100000,8,missing,missing,3,0.997,missing,15,not_applicable,not_applicable,missing,50,missing,no,missing,last,arXiv:2305.19452 Table A.1 [BBF] game as printed: BattleZone; refs ,derived_hns_from_reported_mean,
2305.19452,BBF,"[""correct@parameter"", ""reset convolutional layers@parameter"", ""scale network capacity@parameter""]",model_free_representation,boxing,atari100k,main,714.167,85.8,0.1,12.1,100000,8,missing,missing,3,0.997,missing,15,not_applicable,not_applicable,missing,50,missing,no,missing,last,arXiv:2305.19452 Table A.1 [BBF] game as printed: Boxing; refs ,derived_hns_from_reported_mean,
2305.19452,BBF,"[""correct@parameter"", ""reset convolutional layers@parameter"", ""scale network capacity@parameter""]",model_free_representation,breakout,atari100k,main,1280.903,370.6,1.7,30.5,100000,8,missing,missing,3,0.997,missing,15,not_applicable,not_applicable,missing,50,missing,no,missing,last,arXiv:2305.19452 Table A.1 [BBF] game as printed: Breakout; refs ,derived_hns_from_reported_mean,
2305.19452,BBF,"[""correct@parameter"", ""reset convolutional layers@parameter"", ""scale network capacity@parameter""]",model_free_representation,choppercommand,atari100k,main,102.456,7549.3,811.0,7387.8,100000,8,missing,missing,3,0.997,missing,15,not_applicable,not_applicable,missing,50,missing,no,missing,last,arXiv:2305.19452 Table A.1 [BBF] game as printed: ChopperCommand; refs ,derived_hns_from_reported_mean,
2305.19452,BBF,"[""correct@parameter"", ""reset convolutional layers@parameter"", ""scale network capacity@parameter""]",model_free_representation,crazyclimber,atari100k,main,190.233,58431.8,10780.5,35829.4,100000,8,missing,missing,3,0.997,missing,15,not_applicable,not_applicable,missing,50,missing,no,missing,last,arXiv:2305.19452 Table A.1 [BBF] game as printed: CrazyClimber; refs ,derived_hns_from_reported_mean,
2305.19452,BBF,"[""correct@parameter"", ""reset convolutional layers@parameter"", ""scale network capacity@parameter""]",model_free_representation,demonattack,atari100k,main,725.125,13341.4,152.1,1971.0,100000,8,missing,missing,3,0.997,missing,15,not_applicable,not_applicable,missing,50,missing,no,missing,last,arXiv:2305.19452 Table A.1 [BBF] game as printed: DemonAttack; refs ,derived_hns_from_reported_mean,
2305.19452,BBF,"[""correct@parameter"", ""reset convolutional layers@parameter"", ""scale network capacity@parameter""]",model_free_representation,freeway,atari100k,main,86.149,25.5,0.0,29.6,100000,8,missing,missing,3,0.997,missing,15,not_applicable,not_applicable,missing,50,missing,no,missing,last,arXiv:2305.19452 Table A.1 [BBF] game as printed: Freeway; refs ,derived_hns_from_reported_mean,
2305.19452,BBF,"[""correct@parameter"", ""reset convolutional layers@parameter"", ""scale network capacity@parameter""]",model_free_representation,frostbite,atari100k,main,54.33,2384.8,65.2,4334.7,100000,8,missing,missing,3,0.997,missing,15,not_applicable,not_applicable,missing,50,missing,no,missing,last,arXiv:2305.19452 Table A.1 [BBF] game as printed: Frostbite; refs ,derived_hns_from_reported_mean,
2305.19452,BBF,"[""correct@parameter"", ""reset convolutional layers@parameter"", ""scale network capacity@parameter""]",model_free_representation,gopher,atari100k,main,49.821,1331.2,257.6,2412.5,100000,8,missing,missing,3,0.997,missing,15,not_applicable,not_applicable,missing,50,missing,no,missing,last,arXiv:2305.19452 Table A.1 [BBF] game as printed: Gopher; refs ,derived_hns_from_reported_mean,
2305.19452,BBF,"[""correct@parameter"", ""reset convolutional layers@parameter"", ""scale network capacity@parameter""]",model_free_representation,hero,atari100k,main,22.791,7818.6,1027.0,30826.4,100000,8,missing,missing,3,0.997,missing,15,not_applicable,not_applicable,missing,50,missing,no,missing,last,arXiv:2305.19452 Table A.1 [BBF] game as printed: Hero; refs ,derived_hns_from_reported_mean,
2305.19452,BBF,"[""correct@parameter"", ""reset convolutional layers@parameter"", ""scale network capacity@parameter""]",model_free_representation,jamesbond,atari100k,main,401.972,1129.6,29.0,302.8,100000,8,missing,missing,3,0.997,missing,15,not_applicable,not_applicable,missing,50,missing,no,missing,last,arXiv:2305.19452 Table A.1 [BBF] game as printed: Jamesbond; refs ,derived_hns_from_reported_mean,
2305.19452,BBF,"[""correct@parameter"", ""reset convolutional layers@parameter"", ""scale network capacity@parameter""]",model_free_representation,kangaroo,atari100k,main,220.003,6614.7,52.0,3035.0,100000,8,missing,missing,3,0.997,missing,15,not_applicable,not_applicable,missing,50,missing,no,missing,last,arXiv:2305.19452 Table A.1 [BBF] game as printed: Kangaroo; refs ,derived_hns_from_reported_mean,
2305.19452,BBF,"[""correct@parameter"", ""reset convolutional layers@parameter"", ""scale network capacity@parameter""]",model_free_representation,krull,atari100k,main,620.646,8223.4,1598.0,2665.5,100000,8,missing,missing,3,0.997,missing,15,not_applicable,not_applicable,missing,50,missing,no,missing,last,arXiv:2305.19452 Table A.1 [BBF] game as printed: Krull; refs ,derived_hns_from_reported_mean,
2305.19452,BBF,"[""correct@parameter"", ""reset convolutional layers@parameter"", ""scale network capacity@parameter""]",model_free_representation,kungfumaster,atari100k,main,83.341,18991.7,258.5,22736.3,100000,8,missing,missing,3,0.997,missing,15,not_applicable,not_applicable,missing,50,missing,no,missing,last,arXiv:2305.19452 Table A.1 [BBF] game as printed: KungFuMaster; refs ,derived_hns_from_reported_mean,
2305.19452,BBF,"[""correct@parameter"", ""reset convolutional layers@parameter"", ""scale network capacity@parameter""]",model_free_representation,mspacman,atari100k,main,25.601,2008.3,307.3,6951.6,100000,8,missing,missing,3,0.997,missing,15,not_applicable,not_applicable,missing,50,missing,no,missing,last,arXiv:2305.19452 Table A.1 [BBF] game as printed: MsPacman; refs ,derived_hns_from_reported_mean,
2305.19452,BBF,"[""correct@parameter"", ""reset convolutional layers@parameter"", ""scale network capacity@parameter""]",model_free_representation,pong,atari100k,main,105.949,16.7,-20.7,14.6,100000,8,missing,missing,3,0.997,missing,15,not_applicable,not_applicable,missing,50,missing,no,missing,last,arXiv:2305.19452 Table A.1 [BBF] game as printed: Pong; refs ,derived_hns_from_reported_mean,
2305.19452,BBF,"[""correct@parameter"", ""reset convolutional layers@parameter"", ""scale network capacity@parameter""]",model_free_representation,privateeye,atari100k,main,0.022,40.5,24.9,69571.3,100000,8,missing,missing,3,0.997,missing,15,not_applicable,not_applicable,missing,50,missing,no,missing,last,arXiv:2305.19452 Table A.1 [BBF] game as printed: PrivateEye; refs ,derived_hns_from_reported_mean,
2305.19452,BBF,"[""correct@parameter"", ""reset convolutional layers@parameter"", ""scale network capacity@parameter""]",model_free_representation,qbert,atari100k,main,32.226,4447.1,163.9,13455.0,100000,8,missing,missing,3,0.997,missing,15,not_applicable,not_applicable,missing,50,missing,no,missing,last,arXiv:2305.19452 Table A.1 [BBF] game as printed: Qbert; refs ,derived_hns_from_reported_mean,
2305.19452,BBF,"[""correct@parameter"", ""reset convolutional layers@parameter"", ""scale network capacity@parameter""]",model_free_representation,roadrunner,atari100k,main,426.569,33426.8,11.5,7845.0,100000,8,missing,missing,3,0.997,missing,15,not_applicable,not_applicable,missing,50,missing,no,missing,last,arXiv:2305.19452 Table A.1 [BBF] game as printed: Roadrunner; refs ,derived_hns_from_reported_mean,
2305.19452,BBF,"[""correct@parameter"", ""reset convolutional layers@parameter"", ""scale network capacity@parameter""]",model_free_representation,seaquest,atari100k,main,2.773,1232.5,68.4,42054.7,100000,8,missing,missing,3,0.997,missing,15,not_applicable,not_applicable,missing,50,missing,no,missing,last,arXiv:2305.19452 Table A.1 [BBF] game as printed: Seaquest; refs ,derived_hns_from_reported_mean,
2305.19452,BBF,"[""correct@parameter"", ""reset convolutional layers@parameter"", ""scale network capacity@parameter""]",model_free_representation,upndown,atari100k,main,103.66,12101.7,533.4,11693.2,100000,8,missing,missing,3,0.997,missing,15,not_applicable,not_applicable,missing,50,missing,no,missing,last,arXiv:2305.19452 Table A.1 [BBF] game as printed: UpNDown; refs ,derived_hns_from_reported_mean,
2310.09615,STORM,"[""correct@distribution"", ""encode@input"", ""evaluate@error"", ""gather data@trajectory"", ""improve@policy"", ""mix action@action"", ""predict@distribution"", ""predict@error"", ""predict@value"", ""reconstruct@input"", ""reconstruct@latent"", ""sample@distribution"", ""sequence model@state""]",world_model_imagination,alien,atari100k,main,10.957,984,228.0,7128.0,100000,1,16,0.0001,not_applicable,0.985,512,2,16,not_applicable,missing,5,20,missing,missing,last,arXiv:2310.09615 Table 2 [STORM] game as printed: Alien; refs ,derived_hns_from_reported_mean,
2310.09615,STORM,"[""correct@distribution"", ""encode@input"", ""evaluate@error"", ""gather data@trajectory"", ""improve@policy"", ""mix action@action"", ""predict@distribution"", ""predict@error"", ""predict@value"", ""reconstruct@input"", ""reconstruct@latent"", ""sample@distribution"", ""sequence model@state""]",world_model_imagination,amidar,atari100k,main,11.61,205,6.0,1720.0,100000,1,16,0.0001,not_applicable,0.985,512,2,16,not_applicable,missing,5,20,missing,missing,last,arXiv:2310.09615 Table 2 [STORM] game as printed: Amidar; refs ,derived_hns_from_reported_mean,
2310.09615,STORM,"[""correct@distribution"", ""encode@input"", ""evaluate@error"", ""gather data@trajectory"", ""improve@policy"", ""mix action@action"", ""predict@distribution"", ""predict@error"", ""predict@value"", ""reconstruct@input"", ""reconstruct@latent"", ""sample@distribution"", ""sequence model@state""]",world_model_imagination,assault,atari100k,main,111.346,801,222.0,742.0,100000,1,16,0.0001,not_applicable,0.985,512,2,16,not_applicable,missing,5,20,missing,missing,last,arXiv:2310.09615 Table 2 [STORM] game as printed: Assault; refs ,derived_hns_from_reported_mean,
2310.09615,STORM,"[""correct@distribution"", ""encode@input"", ""evaluate@error"", ""gather data@trajectory"", ""improve@policy"", ""mix action@action"", ""predict@distribution"", ""predict@error"", ""predict@value"", ""reconstruct@input"", ""reconstruct@latent"", ""sample@distribution"", ""sequence model@state""]",world_model_imagination,asterix,atari100k,main,9.864,1028,210.0,8503.0,100000,1,16,0.0001,not_applicable,0.985,512,2,16,not_applicable,missing,5,20,missing,missing,last,arXiv:2310.09615 Table 2 [STORM] game as printed: Asterix; refs ,derived_hns_from_reported_mean,
2310.09615,STORM,"[""correct@distribution"", ""encode@input"", ""evaluate@error"", ""gather data@trajectory"", ""improve@policy"", ""mix action@action"", ""predict@distribution"", ""predict@error"", ""predict@value"", ""reconstruct@input"", ""reconstruct@latent"", ""sample@distribution"", ""sequence model@state""]",world_model_imagination,bankheist,atari100k,main,84.844,641,14.0,753.0,100000,1,16,0.0001,not_applicable,0.985,512,2,16,not_applicable,missing,5,20,missing,missing,last,arXiv:2310.09615 Table 2 [STORM] game as printed: Bank Heist; refs ,derived_hns_from_reported_mean,
2310.09615,STORM,"[""correct@distribution"", ""encode@input"", ""evaluate@error"", ""gather data@trajectory"", ""improve@policy"", ""mix action@action"", ""predict@distribution"", ""predict@error"", ""predict@value"", ""reconstruct@input"", ""reconstruct@latent"", ""sample@distribution"", ""sequence model@state""]",world_model_imagination,battlezone,atari100k,main,32.101,13540,2360.0,37188.0,100000,1,16,0.0001,not_applicable,0.985,512,2,16,not_applicable,missing,5,20,missing,missing,last,arXiv:2310.09615 Table 2 [STORM] game as printed: Battle Zone; refs ,derived_hns_from_reported_mean,
2310.09615,STORM,"[""correct@distribution"", ""encode@input"", ""evaluate@error"", ""gather data@trajectory"", ""improve@policy"", ""mix action@action"", ""predict@distribution"", ""predict@error"", ""predict@value"", ""reconstruct@input"", ""reconstruct@latent"", ""sample@distribution"", ""sequence model@state""]",world_model_imagination,boxing,atari100k,main,666.667,80,0.0,12.0,100000,1,16,0.0001,not_applicable,0.985,512,2,16,not_applicable,missing,5,20,missing,missing,last,arXiv:2310.09615 Table 2 [STORM] game as printed: Boxing; refs ,derived_hns_from_reported_mean,
2310.09615,STORM,"[""correct@distribution"", ""encode@input"", ""evaluate@error"", ""gather data@trajectory"", ""improve@policy"", ""mix action@action"", ""predict@distribution"", ""predict@error"", ""predict@value"", ""reconstruct@input"", ""reconstruct@latent"", ""sample@distribution"", ""sequence model@state""]",world_model_imagination,breakout,atari100k,main,50.0,16,2.0,30.0,100000,1,16,0.0001,not_applicable,0.985,512,2,16,not_applicable,missing,5,20,missing,missing,last,arXiv:2310.09615 Table 2 [STORM] game as printed: Breakout; refs ,derived_hns_from_reported_mean,
2310.09615,STORM,"[""correct@distribution"", ""encode@input"", ""evaluate@error"", ""gather data@trajectory"", ""improve@policy"", ""mix action@action"", ""predict@distribution"", ""predict@error"", ""predict@value"", ""reconstruct@input"", ""reconstruct@latent"", ""sample@distribution"", ""sequence model@state""]",world_model_imagination,choppercommand,atari100k,main,16.375,1888,811.0,7388.0,100000,1,16,0.0001,not_applicable,0.985,512,2,16,not_applicable,missing,5,20,missing,missing,last,arXiv:2310.09615 Table 2 [STORM] game as printed: Chopper Command; refs ,derived_hns_from_reported_mean,
2310.09615,STORM,"[""correct@distribution"", ""encode@input"", ""evaluate@error"", ""gather data@trajectory"", ""improve@policy"", ""mix action@action"", ""predict@distribution"", ""predict@error"", ""predict@value"", ""reconstruct@input"", ""reconstruct@latent"", ""sample@distribution"", ""sequence model@state""]",world_model_imagination,crazyclimber,atari100k,main,223.546,66776,10780.0,35829.0,100000,1,16,0.0001,not_applicable,0.985,512,2,16,not_applicable,missing,5,20,missing,missing,last,arXiv:2310.09615 Table 2 [STORM] game as printed: Crazy Climber; refs ,derived_hns_from_reported_mean,
2310.09615,STORM,"[""correct@distribution"", ""encode@input"", ""evaluate@error"", ""gather data@trajectory"", ""improve@policy"", ""mix action@action"", ""predict@distribution"", ""predict@error"", ""predict@value"", ""reconstruct@input"", ""reconstruct@latent"", ""sample@distribution"", ""sequence model@state""]",world_model_imagination,demonattack,atari100k,main,0.715,165,152.0,1971.0,100000,1,16,0.0001,not_applicable,0.985,512,2,16,not_applicable,missing,5,20,missing,missing,last,arXiv:2310.09615 Table 2 [STORM] game as printed: Demon Attack; refs ,derived_hns_from_reported_mean,
2310.09615,STORM,"[""correct@distribution"", ""encode@input"", ""evaluate@error"", ""gather data@trajectory"", ""improve@policy"", ""mix action@action"", ""predict@distribution"", ""predict@error"", ""predict@value"", ""reconstruct@input"", ""reconstruct@latent"", ""sample@distribution"", ""sequence model@state""]",world_model_imagination,freeway,atari100k,main,113.333,34,0.0,30.0,100000,1,16,0.0001,not_applicable,0.985,512,2,16,not_applicable,missing,5,20,missing,missing,last,arXiv:2310.09615 Table 2 [STORM] game as printed: Freeway; refs ,derived_hns_from_reported_mean,
2310.09615,STORM,"[""correct@distribution"", ""encode@input"", ""evaluate@error"", ""gather data@trajectory"", ""improve@policy"", ""mix action@action"", ""predict@distribution"", ""predict@error"", ""predict@value"", ""reconstruct@input"", ""reconstruct@latent"", ""sample@distribution"", ""sequence model@state""]",world_model_imagination,frostbite,atari100k,main,29.297,1316,65.0,4335.0,100000,1,16,0.0001,not_applicable,0.985,512,2,16,not_applicable,missing,5,20,missing,missing,last,arXiv:2310.09615 Table 2 [STORM] game as printed: Frostbite; refs ,derived_hns_from_reported_mean,
2310.09615,STORM,"[""correct@distribution"", ""encode@input"", ""evaluate@error"", ""gather data@trajectory"", ""improve@policy"", ""mix action@action"", ""predict@distribution"", ""predict@error"", ""predict@value"", ""reconstruct@input"", ""reconstruct@latent"", ""sample@distribution"", ""sequence model@state""]",world_model_imagination,gopher,atari100k,main,370.394,8240,258.0,2413.0,100000,1,16,0.0001,not_applicable,0.985,512,2,16,not_applicable,missing,5,20,missing,missing,last,arXiv:2310.09615 Table 2 [STORM] game as printed: Gopher; refs ,derived_hns_from_reported_mean,
2310.09615,STORM,"[""correct@distribution"", ""encode@input"", ""evaluate@error"", ""gather data@trajectory"", ""improve@policy"", ""mix action@action"", ""predict@distribution"", ""predict@error"", ""predict@value"", ""reconstruct@input"", ""reconstruct@latent"", ""sample@distribution"", ""sequence model@state""]",world_model_imagination,hero,atari100k,main,33.615,11044,1027.0,30826.0,100000,1,16,0.0001,not_applicable,0.985,512,2,16,not_applicable,missing,5,20,missing,missing,last,arXiv:2310.09615 Table 2 [STORM] game as printed: Hero; refs ,derived_hns_from_reported_mean,
2310.09615,STORM,"[""correct@distribution"", ""encode@input"", ""evaluate@error"", ""gather data@trajectory"", ""improve@policy"", ""mix action@action"", ""predict@distribution"", ""predict@error"", ""predict@value"", ""reconstruct@input"", ""reconstruct@latent"", ""sample@distribution"", ""sequence model@state""]",world_model_imagination,jamesbond,atari100k,main,175.182,509,29.0,303.0,100000,1,16,0.0001,not_applicable,0.985,512,2,16,not_applicable,missing,5,20,missing,missing,last,arXiv:2310.09615 Table 2 [STORM] game as printed: James Bond; refs ,derived_hns_from_reported_mean,
2310.09615,STORM,"[""correct@distribution"", ""encode@input"", ""evaluate@error"", ""gather data@trajectory"", ""improve@policy"", ""mix action@action"", ""predict@distribution"", ""predict@error"", ""predict@value"", ""reconstruct@input"", ""reconstruct@latent"", ""sample@distribution"", ""sequence model@state""]",world_model_imagination,kangaroo,atari100k,main,139.323,4208,52.0,3035.0,100000,1,16,0.0001,not_applicable,0.985,512,2,16,not_applicable,missing,5,20,missing,missing,last,arXiv:2310.09615 Table 2 [STORM] game as printed: Kangaroo; refs ,derived_hns_from_reported_mean,
2310.09615,STORM,"[""correct@distribution"", ""encode@input"", ""evaluate@error"", ""gather data@trajectory"", ""improve@policy"", ""mix action@action"", ""predict@distribution"", ""predict@error"", ""predict@value"", ""reconstruct@input"", ""reconstruct@latent"", ""sample@distribution"", ""sequence model@state""]",world_model_imagination,krull,atari100k,main,638.109,8413,1598.0,2666.0,100000,1,16,0.0001,not_applicable,0.985,512,2,16,not_applicable,missing,5,20,missing,missing,last,arXiv:2310.09615 Table 2 [STORM] game as printed: Krull; refs ,derived_hns_from_reported_mean,
2310.09615,STORM,"[""correct@distribution"", ""encode@input"", ""evaluate@error"", ""gather data@trajectory"", ""improve@policy"", ""mix action@action"", ""predict@distribution"", ""predict@error"", ""predict@value"", ""reconstruct@input"", ""reconstruct@latent"", ""sample@distribution"", ""sequence model@state""]",world_model_imagination,kungfumaster,atari100k,main,115.329,26182,256.0,22736.0,100000,1,16,0.0001,not_applicable,0.985,512,2,16,not_applicable,missing,5,20,missing,missing,last,arXiv:2310.09615 Table 2 [STORM] game as printed: Kung Fu Master; refs ,derived_hns_from_reported_mean,
2310.09615,STORM,"[""correct@distribution"", ""encode@input"", ""evaluate@error"", ""gather data@trajectory"", ""improve@policy"", ""mix action@action"", ""predict@distribution"", ""predict@error"", ""predict@value"", ""reconstruct@input"", ""reconstruct@latent"", ""sample@distribution"", ""sequence model@state""]",world_model_imagination,mspacman,atari100k,main,35.606,2673,307.0,6952.0,100000,1,16,0.0001,not_applicable,0.985,512,2,16,not_applicable,missing,5,20,missing,missing,last,arXiv:2310.09615 Table 2 [STORM] game as printed: Ms Pacman; refs ,derived_hns_from_reported_mean,
2310.09615,STORM,"[""correct@distribution"", ""encode@input"", ""evaluate@error"", ""gather data@trajectory"", ""improve@policy"", ""mix action@action"", ""predict@distribution"", ""predict@error"", ""predict@value"", ""reconstruct@input"", ""reconstruct@latent"", ""sample@distribution"", ""sequence model@state""]",world_model_imagination,pong,atari100k,main,88.889,11,-21.0,15.0,100000,1,16,0.0001,not_applicable,0.985,512,2,16,not_applicable,missing,5,20,missing,missing,last,arXiv:2310.09615 Table 2 [STORM] game as printed: Pong; refs ,derived_hns_from_reported_mean,
2310.09615,STORM,"[""correct@distribution"", ""encode@input"", ""evaluate@error"", ""gather data@trajectory"", ""improve@policy"", ""mix action@action"", ""predict@distribution"", ""predict@error"", ""predict@value"", ""reconstruct@input"", ""reconstruct@latent"", ""sample@distribution"", ""sequence model@state""]",world_model_imagination,privateeye,atari100k,main,11.152,7781,25.0,69571.0,100000,1,16,0.0001,not_applicable,0.985,512,2,16,not_applicable,missing,5,20,missing,missing,last,arXiv:2310.09615 Table 2 [STORM] game as printed: Private Eye; refs ,derived_hns_from_reported_mean,
2310.09615,STORM,"[""correct@distribution"", ""encode@input"", ""evaluate@error"", ""gather data@trajectory"", ""improve@policy"", ""mix action@action"", ""predict@distribution"", ""predict@error"", ""predict@value"", ""reconstruct@input"", ""reconstruct@latent"", ""sample@distribution"", ""sequence model@state""]",world_model_imagination,qbert,atari100k,main,32.789,4522,164.0,13455.0,100000,1,16,0.0001,not_applicable,0.985,512,2,16,not_applicable,missing,5,20,missing,missing,last,arXiv:2310.09615 Table 2 [STORM] game as printed: Qbert; refs ,derived_hns_from_reported_mean,
2310.09615,STORM,"[""correct@distribution"", ""encode@input"", ""evaluate@error"", ""gather data@trajectory"", ""improve@policy"", ""mix action@action"", ""predict@distribution"", ""predict@error"", ""predict@value"", ""reconstruct@input"", ""reconstruct@latent"", ""sample@distribution"", ""sequence model@state""]",world_model_imagination,roadrunner,atari100k,main,224.078,17564,12.0,7845.0,100000,1,16,0.0001,not_applicable,0.985,512,2,16,not_applicable,missing,5,20,missing,missing,last,arXiv:2310.09615 Table 2 [STORM] game as printed: Road Runner; refs ,derived_hns_from_reported_mean,
2310.09615,STORM,"[""correct@distribution"", ""encode@input"", ""evaluate@error"", ""gather data@trajectory"", ""improve@policy"", ""mix action@action"", ""predict@distribution"", ""predict@error"", ""predict@value"", ""reconstruct@input"", ""reconstruct@latent"", ""sample@distribution"", ""sequence model@state""]",world_model_imagination,seaquest,atari100k,main,1.088,525,68.0,42055.0,100000,1,16,0.0001,not_applicable,0.985,512,2,16,not_applicable,missing,5,20,missing,missing,last,arXiv:2310.09615 Table 2 [STORM] game as printed: Seaquest; refs ,derived_hns_from_reported_mean,
2310.09615,STORM,"[""correct@distribution"", ""encode@input"", ""evaluate@error"", ""gather data@trajectory"", ""improve@policy"", ""mix action@action"", ""predict@distribution"", ""predict@error"", ""predict@value"", ""reconstruct@input"", ""reconstruct@latent"", ""sample@distribution"", ""sequence model@state""]",world_model_imagination,upndown,atari100k,main,66.774,7985,533.0,11693.0,100000,1,16,0.0001,not_applicable,0.985,512,2,16,not_applicable,missing,5,20,missing,missing,last,arXiv:2310.09615 Table 2 [STORM] game as printed: Up N Down; refs ,derived_hns_from_reported_mean,
2405.12399,DIAMOND,"[""correct@parameter"", ""intervene@input"", ""intervene@noise"", ""precondition@parameter"", ""predict@distribution"", ""sample@noise"", ""train@parameter""]",world_model_imagination,alien,atari100k,main,7.483,744.1,227.8,7127.7,100000,4,32,0.0001,not_applicable,0.985,missing,missing,15,not_applicable,missing,5,missing,missing,missing,missing,arXiv:2405.12399 Table 1 [DIAMOND] game as printed: Alien; refs ,derived_hns_from_reported_mean,
2405.12399,DIAMOND,"[""correct@parameter"", ""intervene@input"", ""intervene@noise"", ""precondition@parameter"", ""predict@distribution"", ""sample@noise"", ""train@parameter""]",world_model_imagination,amidar,atari100k,main,12.838,225.8,5.8,1719.5,100000,4,32,0.0001,not_applicable,0.985,missing,missing,15,not_applicable,missing,5,missing,missing,missing,missing,arXiv:2405.12399 Table 1 [DIAMOND] game as printed: Amidar; refs ,derived_hns_from_reported_mean,
2405.12399,DIAMOND,"[""correct@parameter"", ""intervene@input"", ""intervene@noise"", ""precondition@parameter"", ""predict@distribution"", ""sample@noise"", ""train@parameter""]",world_model_imagination,assault,atari100k,main,250.962,1526.4,222.4,742.0,100000,4,32,0.0001,not_applicable,0.985,missing,missing,15,not_applicable,missing,5,missing,missing,missing,missing,arXiv:2405.12399 Table 1 [DIAMOND] game as printed: Assault; refs ,derived_hns_from_reported_mean,
2405.12399,DIAMOND,"[""correct@parameter"", ""intervene@input"", ""intervene@noise"", ""precondition@parameter"", ""predict@distribution"", ""sample@noise"", ""train@parameter""]",world_model_imagination,asterix,atari100k,main,42.064,3698.5,210.0,8503.3,100000,4,32,0.0001,not_applicable,0.985,missing,missing,15,not_applicable,missing,5,missing,missing,missing,missing,arXiv:2405.12399 Table 1 [DIAMOND] game as printed: Asterix; refs ,derived_hns_from_reported_mean,
2405.12399,DIAMOND,"[""correct@parameter"", ""intervene@input"", ""intervene@noise"", ""precondition@parameter"", ""predict@distribution"", ""sample@noise"", ""train@parameter""]",world_model_imagination,bankheist,atari100k,main,0.744,19.7,14.2,753.1,100000,4,32,0.0001,not_applicable,0.985,missing,missing,15,not_applicable,missing,5,missing,missing,missing,missing,arXiv:2405.12399 Table 1 [DIAMOND] game as printed: BankHeist; refs ,derived_hns_from_reported_mean,
2405.12399,DIAMOND,"[""correct@parameter"", ""intervene@input"", ""intervene@noise"", ""precondition@parameter"", ""predict@distribution"", ""sample@noise"", ""train@parameter""]",world_model_imagination,battlezone,atari100k,main,6.725,4702.0,2360.0,37187.5,100000,4,32,0.0001,not_applicable,0.985,missing,missing,15,not_applicable,missing,5,missing,missing,missing,missing,arXiv:2405.12399 Table 1 [DIAMOND] game as printed: BattleZone; refs ,derived_hns_from_reported_mean,
2405.12399,DIAMOND,"[""correct@parameter"", ""intervene@input"", ""intervene@noise"", ""precondition@parameter"", ""predict@distribution"", ""sample@noise"", ""train@parameter""]",world_model_imagination,boxing,atari100k,main,723.333,86.9,0.1,12.1,100000,4,32,0.0001,not_applicable,0.985,missing,missing,15,not_applicable,missing,5,missing,missing,missing,missing,arXiv:2405.12399 Table 1 [DIAMOND] game as printed: Boxing; refs ,derived_hns_from_reported_mean,
2405.12399,DIAMOND,"[""correct@parameter"", ""intervene@input"", ""intervene@noise"", ""precondition@parameter"", ""predict@distribution"", ""sample@noise"", ""train@parameter""]",world_model_imagination,breakout,atari100k,main,454.167,132.5,1.7,30.5,100000,4,32,0.0001,not_applicable,0.985,missing,missing,15,not_applicable,missing,5,missing,missing,missing,missing,arXiv:2405.12399 Table 1 [DIAMOND] game as printed: Breakout; refs ,derived_hns_from_reported_mean,
2405.12399,DIAMOND,"[""correct@parameter"", ""intervene@input"", ""intervene@noise"", ""precondition@parameter"", ""predict@distribution"", ""sample@noise"", ""train@parameter""]",world_model_imagination,choppercommand,atari100k,main,8.497,1369.8,811.0,7387.8,100000,4,32,0.0001,not_applicable,0.985,missing,missing,15,not_applicable,missing,5,missing,missing,missing,missing,arXiv:2405.12399 Table 1 [DIAMOND] game as printed: ChopperCommand; refs ,derived_hns_from_reported_mean,
2405.12399,DIAMOND,"[""correct@parameter"", ""intervene@input"", ""intervene@noise"", ""precondition@parameter"", ""predict@distribution"", ""sample@noise"", ""train@parameter""]",world_model_imagination,crazyclimber,atari100k,main,352.859,99167.8,10780.5,35829.4,100000,4,32,0.0001,not_applicable,0.985,missing,missing,15,not_applicable,missing,5,missing,missing,missing,missing,arXiv:2405.12399 Table 1 [DIAMOND] game as printed: CrazyClimber; refs ,derived_hns_from_reported_mean,
2405.12399,DIAMOND,"[""correct@parameter"", ""intervene@input"", ""intervene@noise"", ""precondition@parameter"", ""predict@distribution"", ""sample@noise"", ""train@parameter""]",world_model_imagination,demonattack,atari100k,main,7.477,288.1,152.1,1971.0,100000,4,32,0.0001,not_applicable,0.985,missing,missing,15,not_applicable,missing,5,missing,missing,missing,missing,arXiv:2405.12399 Table 1 [DIAMOND] game as printed: DemonAttack; refs ,derived_hns_from_reported_mean,
2405.12399,DIAMOND,"[""correct@parameter"", ""intervene@input"", ""intervene@noise"", ""precondition@parameter"", ""predict@distribution"", ""sample@noise"", ""train@parameter""]",world_model_imagination,freeway,atari100k,main,112.5,33.3,0.0,29.6,100000,4,32,0.0001,not_applicable,0.985,missing,missing,15,not_applicable,missing,5,missing,missing,missing,missing,arXiv:2405.12399 Table 1 [DIAMOND] game as printed: Freeway; refs ,derived_hns_from_reported_mean,
2405.12399,DIAMOND,"[""correct@parameter"", ""intervene@input"", ""intervene@noise"", ""precondition@parameter"", ""predict@distribution"", ""sample@noise"", ""train@parameter""]",world_model_imagination,frostbite,atari100k,main,4.893,274.1,65.2,4334.7,100000,4,32,0.0001,not_applicable,0.985,missing,missing,15,not_applicable,missing,5,missing,missing,missing,missing,arXiv:2405.12399 Table 1 [DIAMOND] game as printed: Frostbite; refs ,derived_hns_from_reported_mean,
2405.12399,DIAMOND,"[""correct@parameter"", ""intervene@input"", ""intervene@noise"", ""precondition@parameter"", ""predict@distribution"", ""sample@noise"", ""train@parameter""]",world_model_imagination,gopher,atari100k,main,261.743,5897.9,257.6,2412.5,100000,4,32,0.0001,not_applicable,0.985,missing,missing,15,not_applicable,missing,5,missing,missing,missing,missing,arXiv:2405.12399 Table 1 [DIAMOND] game as printed: Gopher; refs ,derived_hns_from_reported_mean,
2405.12399,DIAMOND,"[""correct@parameter"", ""intervene@input"", ""intervene@noise"", ""precondition@parameter"", ""predict@distribution"", ""sample@noise"", ""train@parameter""]",world_model_imagination,hero,atari100k,main,15.419,5621.8,1027.0,30826.4,100000,4,32,0.0001,not_applicable,0.985,missing,missing,15,not_applicable,missing,5,missing,missing,missing,missing,arXiv:2405.12399 Table 1 [DIAMOND] game as printed: Hero; refs ,derived_hns_from_reported_mean,
2405.12399,DIAMOND,"[""correct@parameter"", ""intervene@input"", ""intervene@noise"", ""precondition@parameter"", ""predict@distribution"", ""sample@noise"", ""train@parameter""]",world_model_imagination,jamesbond,atari100k,main,145.508,427.4,29.0,302.8,100000,4,32,0.0001,not_applicable,0.985,missing,missing,15,not_applicable,missing,5,missing,missing,missing,missing,arXiv:2405.12399 Table 1 [DIAMOND] game as printed: Jamesbond; refs ,derived_hns_from_reported_mean,
2405.12399,DIAMOND,"[""correct@parameter"", ""intervene@input"", ""intervene@noise"", ""precondition@parameter"", ""predict@distribution"", ""sample@noise"", ""train@parameter""]",world_model_imagination,kangaroo,atari100k,main,178.686,5382.2,52.0,3035.0,100000,4,32,0.0001,not_applicable,0.985,missing,missing,15,not_applicable,missing,5,missing,missing,missing,missing,arXiv:2405.12399 Table 1 [DIAMOND] game as printed: Kangaroo; refs ,derived_hns_from_reported_mean,
2405.12399,DIAMOND,"[""correct@parameter"", ""intervene@input"", ""intervene@noise"", ""precondition@parameter"", ""predict@distribution"", ""sample@noise"", ""train@parameter""]",world_model_imagination,krull,atari100k,main,656.871,8610.1,1598.0,2665.5,100000,4,32,0.0001,not_applicable,0.985,missing,missing,15,not_applicable,missing,5,missing,missing,missing,missing,arXiv:2405.12399 Table 1 [DIAMOND] game as printed: Krull; refs ,derived_hns_from_reported_mean,
2405.12399,DIAMOND,"[""correct@parameter"", ""intervene@input"", ""intervene@noise"", ""precondition@parameter"", ""predict@distribution"", ""sample@noise"", ""train@parameter""]",world_model_imagination,kungfumaster,atari100k,main,82.104,18713.6,258.5,22736.3,100000,4,32,0.0001,not_applicable,0.985,missing,missing,15,not_applicable,missing,5,missing,missing,missing,missing,arXiv:2405.12399 Table 1 [DIAMOND] game as printed: KungFuMaster; refs ,derived_hns_from_reported_mean,
2405.12399,DIAMOND,"[""correct@parameter"", ""intervene@input"", ""intervene@noise"", ""precondition@parameter"", ""predict@distribution"", ""sample@noise"", ""train@parameter""]",world_model_imagination,mspacman,atari100k,main,24.847,1958.2,307.3,6951.6,100000,4,32,0.0001,not_applicable,0.985,missing,missing,15,not_applicable,missing,5,missing,missing,missing,missing,arXiv:2405.12399 Table 1 [DIAMOND] game as printed: MsPacman; refs ,derived_hns_from_reported_mean,
2405.12399,DIAMOND,"[""correct@parameter"", ""intervene@input"", ""intervene@noise"", ""precondition@parameter"", ""predict@distribution"", ""sample@noise"", ""train@parameter""]",world_model_imagination,pong,atari100k,main,116.431,20.4,-20.7,14.6,100000,4,32,0.0001,not_applicable,0.985,missing,missing,15,not_applicable,missing,5,missing,missing,missing,missing,arXiv:2405.12399 Table 1 [DIAMOND] game as printed: Pong; refs ,derived_hns_from_reported_mean,
2405.12399,DIAMOND,"[""correct@parameter"", ""intervene@input"", ""intervene@noise"", ""precondition@parameter"", ""predict@distribution"", ""sample@noise"", ""train@parameter""]",world_model_imagination,privateeye,atari100k,main,0.129,114.3,24.9,69571.3,100000,4,32,0.0001,not_applicable,0.985,missing,missing,15,not_applicable,missing,5,missing,missing,missing,missing,arXiv:2405.12399 Table 1 [DIAMOND] game as printed: PrivateEye; refs ,derived_hns_from_reported_mean,
2405.12399,DIAMOND,"[""correct@parameter"", ""intervene@input"", ""intervene@noise"", ""precondition@parameter"", ""predict@distribution"", ""sample@noise"", ""train@parameter""]",world_model_imagination,qbert,atari100k,main,32.619,4499.3,163.9,13455.0,100000,4,32,0.0001,not_applicable,0.985,missing,missing,15,not_applicable,missing,5,missing,missing,missing,missing,arXiv:2405.12399 Table 1 [DIAMOND] game as printed: Qbert; refs ,derived_hns_from_reported_mean,
2405.12399,DIAMOND,"[""correct@parameter"", ""intervene@input"", ""intervene@noise"", ""precondition@parameter"", ""predict@distribution"", ""sample@noise"", ""train@parameter""]",world_model_imagination,roadrunner,atari100k,main,263.761,20673.2,11.5,7845.0,100000,4,32,0.0001,not_applicable,0.985,missing,missing,15,not_applicable,missing,5,missing,missing,missing,missing,arXiv:2405.12399 Table 1 [DIAMOND] game as printed: RoadRunner; refs ,derived_hns_from_reported_mean,
2405.12399,DIAMOND,"[""correct@parameter"", ""intervene@input"", ""intervene@noise"", ""precondition@parameter"", ""predict@distribution"", ""sample@noise"", ""train@parameter""]",world_model_imagination,seaquest,atari100k,main,1.15,551.2,68.4,42054.7,100000,4,32,0.0001,not_applicable,0.985,missing,missing,15,not_applicable,missing,5,missing,missing,missing,missing,arXiv:2405.12399 Table 1 [DIAMOND] game as printed: Seaquest; refs ,derived_hns_from_reported_mean,
2405.12399,DIAMOND,"[""correct@parameter"", ""intervene@input"", ""intervene@noise"", ""precondition@parameter"", ""predict@distribution"", ""sample@noise"", ""train@parameter""]",world_model_imagination,upndown,atari100k,main,29.776,3856.3,533.4,11693.2,100000,4,32,0.0001,not_applicable,0.985,missing,missing,15,not_applicable,missing,5,missing,missing,missing,missing,arXiv:2405.12399 Table 1 [DIAMOND] game as printed: UpNDown; refs ,derived_hns_from_reported_mean,
2403.00564,EfficientZeroV2,"[""bootstrap@value"", ""predict@value"", ""sample@action"", ""select@action""]",mcts_planning,alien,atari100k,main,19.274,1557.7,227.8,7127.7,100000,1,256,0.2,5,0.997,missing,missing,not_applicable,16,missing,missing,missing,missing,missing,missing,arXiv:2403.00564 Table 1 [EZ-V2] game as printed: Alien; refs ,derived_hns_from_reported_mean,
2403.00564,EfficientZeroV2,"[""bootstrap@value"", ""predict@value"", ""sample@action"", ""select@action""]",mcts_planning,amidar,atari100k,main,10.451,184.9,5.8,1719.5,100000,1,256,0.2,5,0.997,missing,missing,not_applicable,16,missing,missing,missing,missing,missing,missing,arXiv:2403.00564 Table 1 [EZ-V2] game as printed: Amidar; refs ,derived_hns_from_reported_mean,
2403.00564,EfficientZeroV2,"[""bootstrap@value"", ""predict@value"", ""sample@action"", ""select@action""]",mcts_planning,assault,atari100k,main,295.439,1757.5,222.4,742.0,100000,1,256,0.2,5,0.997,missing,missing,not_applicable,16,missing,missing,missing,missing,missing,missing,arXiv:2403.00564 Table 1 [EZ-V2] game as printed: Assault; refs ,derived_hns_from_reported_mean,
2403.00564,EfficientZeroV2,"[""bootstrap@value"", ""predict@value"", ""sample@action"", ""select@action""]",mcts_planning,asterix,atari100k,main,742.768,61810.0,210.0,8503.3,100000,1,256,0.2,5,0.997,missing,missing,not_applicable,16,missing,missing,missing,missing,missing,missing,arXiv:2403.00564 Table 1 [EZ-V2] game as printed: Asterix; refs ,derived_hns_from_reported_mean,
2403.00564,EfficientZeroV2,"[""bootstrap@value"", ""predict@value"", ""sample@action"", ""select@action""]",mcts_planning,bankheist,atari100k,main,176.276,1316.7,14.2,753.1,100000,1,256,0.2,5,0.997,missing,missing,not_applicable,16,missing,missing,missing,missing,missing,missing,arXiv:2403.00564 Table 1 [EZ-V2] game as printed: Bank Heist; refs ,derived_hns_from_reported_mean,
2403.00564,EfficientZeroV2,"[""bootstrap@value"", ""predict@value"", ""sample@action"", ""select@action""]",mcts_planning,battlezone,atari100k,main,34.666,14433.3,2360.0,37187.5,100000,1,256,0.2,5,0.997,missing,missing,not_applicable,16,missing,missing,missing,missing,missing,missing,arXiv:2403.00564 Table 1 [EZ-V2] game as printed: BattleZone; refs ,derived_hns_from_reported_mean,
2403.00564,EfficientZeroV2,"[""bootstrap@value"", ""predict@value"", ""sample@action"", ""select@action""]",mcts_planning,boxing,atari100k,main,624.167,75.0,0.1,12.1,100000,1,256,0.2,5,0.997,missing,missing,not_applicable,16,missing,missing,missing,missing,missing,missing,arXiv:2403.00564 Table 1 [EZ-V2] game as printed: Boxing; refs ,derived_hns_from_reported_mean,
2403.00564,EfficientZeroV2,"[""bootstrap@value"", ""predict@value"", ""sample@action"", ""select@action""]",mcts_planning,breakout,atari100k,main,1383.333,400.1,1.7,30.5,100000,1,256,0.2,5,0.997,missing,missing,not_applicable,16,missing,missing,missing,missing,missing,missing,arXiv:2403.00564 Table 1 [EZ-V2] game as printed: Breakout; refs ,derived_hns_from_reported_mean,
2403.00564,EfficientZeroV2,"[""bootstrap@value"", ""predict@value"", ""sample@action"", ""select@action""]",mcts_planning,choppercommand,atari100k,main,5.863,1196.6,811.0,7387.8,100000,1,256,0.2,5,0.997,missing,missing,not_applicable,16,missing,missing,missing,missing,missing,missing,arXiv:2403.00564 Table 1 [EZ-V2] game as printed: ChopperCmd; refs ,derived_hns_from_reported_mean,
2403.00564,EfficientZeroV2,"[""bootstrap@value"", ""predict@value"", ""sample@action"", ""select@action""]",mcts_planning,crazyclimber,atari100k,main,405.538,112363.3,10780.5,35829.4,100000,1,256,0.2,5,0.997,missing,missing,not_applicable,16,missing,missing,missing,missing,missing,missing,arXiv:2403.00564 Table 1 [EZ-V2] game as printed: Crazy Climber; refs ,derived_hns_from_reported_mean,
2403.00564,EfficientZeroV2,"[""bootstrap@value"", ""predict@value"", ""sample@action"", ""select@action""]",mcts_planning,demonattack,atari100k,main,1243.686,22773.5,152.1,1971.0,100000,1,256,0.2,5,0.997,missing,missing,not_applicable,16,missing,missing,missing,missing,missing,missing,arXiv:2403.00564 Table 1 [EZ-V2] game as printed: Demon Attack; refs ,derived_hns_from_reported_mean,
2403.00564,EfficientZeroV2,"[""bootstrap@value"", ""predict@value"", ""sample@action"", ""select@action""]",mcts_planning,freeway,atari100k,main,0.0,0.0,0.0,29.6,100000,1,256,0.2,5,0.997,missing,missing,not_applicable,16,missing,missing,missing,missing,missing,missing,arXiv:2403.00564 Table 1 [EZ-V2] game as printed: Freeway; refs ,derived_hns_from_reported_mean,
2403.00564,EfficientZeroV2,"[""bootstrap@value"", ""predict@value"", ""sample@action"", ""select@action""]",mcts_planning,frostbite,atari100k,main,25.087,1136.3,65.2,4334.7,100000,1,256,0.2,5,0.997,missing,missing,not_applicable,16,missing,missing,missing,missing,missing,missing,arXiv:2403.00564 Table 1 [EZ-V2] game as printed: Frostbite; refs ,derived_hns_from_reported_mean,
2403.00564,EfficientZeroV2,"[""bootstrap@value"", ""predict@value"", ""sample@action"", ""select@action""]",mcts_planning,gopher,atari100k,main,167.576,3868.7,257.6,2412.5,100000,1,256,0.2,5,0.997,missing,missing,not_applicable,16,missing,missing,missing,missing,missing,missing,arXiv:2403.00564 Table 1 [EZ-V2] game as printed: Gopher; refs ,derived_hns_from_reported_mean,
2403.00564,EfficientZeroV2,"[""bootstrap@value"", ""predict@value"", ""sample@action"", ""select@action""]",mcts_planning,hero,atari100k,main,29.121,9705.0,1027.0,30826.4,100000,1,256,0.2,5,0.997,missing,missing,not_applicable,16,missing,missing,missing,missing,missing,missing,arXiv:2403.00564 Table 1 [EZ-V2] game as printed: Hero; refs ,derived_hns_from_reported_mean,
2403.00564,EfficientZeroV2,"[""bootstrap@value"", ""predict@value"", ""sample@action"", ""select@action""]",mcts_planning,jamesbond,atari100k,main,160.446,468.3,29.0,302.8,100000,1,256,0.2,5,0.997,missing,missing,not_applicable,16,missing,missing,missing,missing,missing,missing,arXiv:2403.00564 Table 1 [EZ-V2] game as printed: Jamesbond; refs ,derived_hns_from_reported_mean,
2403.00564,EfficientZeroV2,"[""bootstrap@value"", ""predict@value"", ""sample@action"", ""select@action""]",mcts_planning,kangaroo,atari100k,main,61.505,1886.7,52.0,3035.0,100000,1,256,0.2,5,0.997,missing,missing,not_applicable,16,missing,missing,missing,missing,missing,missing,arXiv:2403.00564 Table 1 [EZ-V2] game as printed: Kangaroo; refs ,derived_hns_from_reported_mean,
2403.00564,EfficientZeroV2,"[""bootstrap@value"", ""predict@value"", ""sample@action"", ""select@action""]",mcts_planning,krull,atari100k,main,700.89,9080.0,1598.0,2665.5,100000,1,256,0.2,5,0.997,missing,missing,not_applicable,16,missing,missing,missing,missing,missing,missing,arXiv:2403.00564 Table 1 [EZ-V2] game as printed: Krull; refs ,derived_hns_from_reported_mean,
2403.00564,EfficientZeroV2,"[""bootstrap@value"", ""predict@value"", ""sample@action"", ""select@action""]",mcts_planning,kungfumaster,atari100k,main,127.347,28883.3,258.5,22736.3,100000,1,256,0.2,5,0.997,missing,missing,not_applicable,16,missing,missing,missing,missing,missing,missing,arXiv:2403.00564 Table 1 [EZ-V2] game as printed: Kung Fu Master; refs ,derived_hns_from_reported_mean,
2403.00564,EfficientZeroV2,"[""bootstrap@value"", ""predict@value"", ""sample@action"", ""select@action""]",mcts_planning,mspacman,atari100k,main,29.254,2251.0,307.3,6951.6,100000,1,256,0.2,5,0.997,missing,missing,not_applicable,16,missing,missing,missing,missing,missing,missing,arXiv:2403.00564 Table 1 [EZ-V2] game as printed: Ms Pacman; refs ,derived_hns_from_reported_mean,
2403.00564,EfficientZeroV2,"[""bootstrap@value"", ""predict@value"", ""sample@action"", ""select@action""]",mcts_planning,pong,atari100k,main,117.564,20.8,-20.7,14.6,100000,1,256,0.2,5,0.997,missing,missing,not_applicable,16,missing,missing,missing,missing,missing,missing,arXiv:2403.00564 Table 1 [EZ-V2] game as printed: Pong; refs ,derived_hns_from_reported_mean,
2403.00564,EfficientZeroV2,"[""bootstrap@value"", ""predict@value"", ""sample@action"", ""select@action""]",mcts_planning,privateeye,atari100k,main,0.108,99.8,24.9,69571.3,100000,1,256,0.2,5,0.997,missing,missing,not_applicable,16,missing,missing,missing,missing,missing,missing,arXiv:2403.00564 Table 1 [EZ-V2] game as printed: Private Eye; refs ,derived_hns_from_reported_mean,
2403.00564,EfficientZeroV2,"[""bootstrap@value"", ""predict@value"", ""sample@action"", ""select@action""]",mcts_planning,qbert,atari100k,main,119.587,16058.3,163.9,13455.0,100000,1,256,0.2,5,0.997,missing,missing,not_applicable,16,missing,missing,missing,missing,missing,missing,arXiv:2403.00564 Table 1 [EZ-V2] game as printed: Qbert; refs ,derived_hns_from_reported_mean,
2403.00564,EfficientZeroV2,"[""bootstrap@value"", ""predict@value"", ""sample@action"", ""select@action""]",mcts_planning,roadrunner,atari100k,main,351.123,27516.7,11.5,7845.0,100000,1,256,0.2,5,0.997,missing,missing,not_applicable,16,missing,missing,missing,missing,missing,missing,arXiv:2403.00564 Table 1 [EZ-V2] game as printed: Road Runner; refs ,derived_hns_from_reported_mean,
2403.00564,EfficientZeroV2,"[""bootstrap@value"", ""predict@value"", ""sample@action"", ""select@action""]",mcts_planning,seaquest,atari100k,main,4.539,1974.0,68.4,42054.7,100000,1,256,0.2,5,0.997,missing,missing,not_applicable,16,missing,missing,missing,missing,missing,missing,arXiv:2403.00564 Table 1 [EZ-V2] game as printed: Seaquest; refs ,derived_hns_from_reported_mean,
2403.00564,EfficientZeroV2,"[""bootstrap@value"", ""predict@value"", ""sample@action"", ""select@action""]",mcts_planning,upndown,atari100k,main,131.641,15224.3,533.4,11693.2,100000,1,256,0.2,5,0.997,missing,missing,not_applicable,16,missing,missing,missing,missing,missing,missing,arXiv:2403.00564 Table 1 [EZ-V2] game as printed: Up N Down; refs ,derived_hns_from_reported_mean,
2406.19320,DeltaIRIS,"[""encode@input"", ""model@distribution"", ""predict@distribution"", ""reconstruct@state""]",world_model_imagination,alien,atari100k,main,2.362,391,228.0,7128.0,100000,missing,32,0.0001,not_applicable,0.997,512,3,15,not_applicable,missing,5,100,missing,missing,last,arXiv:2406.19320 Table 8 [∆-IRIS] game as printed: Alien; refs ,derived_hns_from_reported_mean,
2406.19320,DeltaIRIS,"[""encode@input"", ""model@distribution"", ""predict@distribution"", ""reconstruct@state""]",world_model_imagination,amidar,atari100k,main,3.384,64,6.0,1720.0,100000,missing,32,0.0001,not_applicable,0.997,512,3,15,not_applicable,missing,5,100,missing,missing,last,arXiv:2406.19320 Table 8 [∆-IRIS] game as printed: Amidar; refs ,derived_hns_from_reported_mean,
2406.19320,DeltaIRIS,"[""encode@input"", ""model@distribution"", ""predict@distribution"", ""reconstruct@state""]",world_model_imagination,assault,atari100k,main,173.269,1123,222.0,742.0,100000,missing,32,0.0001,not_applicable,0.997,512,3,15,not_applicable,missing,5,100,missing,missing,last,arXiv:2406.19320 Table 8 [∆-IRIS] game as printed: Assault; refs ,derived_hns_from_reported_mean,
2406.19320,DeltaIRIS,"[""encode@input"", ""model@distribution"", ""predict@distribution"", ""reconstruct@state""]",world_model_imagination,asterix,atari100k,main,27.517,2492,210.0,8503.0,100000,missing,32,0.0001,not_applicable,0.997,512,3,15,not_applicable,missing,5,100,missing,missing,last,arXiv:2406.19320 Table 8 [∆-IRIS] game as printed: Asterix; refs ,derived_hns_from_reported_mean,
2406.19320,DeltaIRIS,"[""encode@input"", ""model@distribution"", ""predict@distribution"", ""reconstruct@state""]",world_model_imagination,bankheist,atari100k,main,153.451,1148,14.0,753.0,100000,missing,32,0.0001,not_applicable,0.997,512,3,15,not_applicable,missing,5,100,missing,missing,last,arXiv:2406.19320 Table 8 [∆-IRIS] game as printed: BankHeist; refs ,derived_hns_from_reported_mean,
2406.19320,DeltaIRIS,"[""encode@input"", ""model@distribution"", ""predict@distribution"", ""reconstruct@state""]",world_model_imagination,battlezone,atari100k,main,27.176,11825,2360.0,37188.0,100000,missing,32,0.0001,not_applicable,0.997,512,3,15,not_applicable,missing,5,100,missing,missing,last,arXiv:2406.19320 Table 8 [∆-IRIS] game as printed: BattleZone; refs ,derived_hns_from_reported_mean,
2406.19320,DeltaIRIS,"[""encode@input"", ""model@distribution"", ""predict@distribution"", ""reconstruct@state""]",world_model_imagination,boxing,atari100k,main,583.333,70,0.0,12.0,100000,missing,32,0.0001,not_applicable,0.997,512,3,15,not_applicable,missing,5,100,missing,missing,last,arXiv:2406.19320 Table 8 [∆-IRIS] game as printed: Boxing; refs ,derived_hns_from_reported_mean,
2406.19320,DeltaIRIS,"[""encode@input"", ""model@distribution"", ""predict@distribution"", ""reconstruct@state""]",world_model_imagination,breakout,atari100k,main,1034.483,302,2.0,31.0,100000,missing,32,0.0001,not_applicable,0.997,512,3,15,not_applicable,missing,5,100,missing,missing,last,arXiv:2406.19320 Table 8 [∆-IRIS] game as printed: Breakout; refs ,derived_hns_from_reported_mean,
2406.19320,DeltaIRIS,"[""encode@input"", ""model@distribution"", ""predict@distribution"", ""reconstruct@state""]",world_model_imagination,choppercommand,atari100k,main,5.656,1183,811.0,7388.0,100000,missing,32,0.0001,not_applicable,0.997,512,3,15,not_applicable,missing,5,100,missing,missing,last,arXiv:2406.19320 Table 8 [∆-IRIS] game as printed: ChopperCommand; refs ,derived_hns_from_reported_mean,
2406.19320,DeltaIRIS,"[""encode@input"", ""model@distribution"", ""predict@distribution"", ""reconstruct@state""]",world_model_imagination,crazyclimber,atari100k,main,187.971,57864,10781.0,35829.0,100000,missing,32,0.0001,not_applicable,0.997,512,3,15,not_applicable,missing,5,100,missing,missing,last,arXiv:2406.19320 Table 8 [∆-IRIS] game as printed: CrazyClimber; refs ,derived_hns_from_reported_mean,
2406.19320,DeltaIRIS,"[""encode@input"", ""model@distribution"", ""predict@distribution"", ""reconstruct@state""]",world_model_imagination,demonattack,atari100k,main,20.946,533,152.0,1971.0,100000,missing,32,0.0001,not_applicable,0.997,512,3,15,not_applicable,missing,5,100,missing,missing,last,arXiv:2406.19320 Table 8 [∆-IRIS] game as printed: DemonAttack; refs ,derived_hns_from_reported_mean,
2406.19320,DeltaIRIS,"[""encode@input"", ""model@distribution"", ""predict@distribution"", ""reconstruct@state""]",world_model_imagination,freeway,atari100k,main,103.333,31,0.0,30.0,100000,missing,32,0.0001,not_applicable,0.997,512,3,15,not_applicable,missing,5,100,missing,missing,last,arXiv:2406.19320 Table 8 [∆-IRIS] game as printed: Freeway; refs ,derived_hns_from_reported_mean,
2406.19320,DeltaIRIS,"[""encode@input"", ""model@distribution"", ""predict@distribution"", ""reconstruct@state""]",world_model_imagination,frostbite,atari100k,main,5.012,279,65.0,4335.0,100000,missing,32,0.0001,not_applicable,0.997,512,3,15,not_applicable,missing,5,100,missing,missing,last,arXiv:2406.19320 Table 8 [∆-IRIS] game as printed: Frostbite; refs ,derived_hns_from_reported_mean,
2406.19320,DeltaIRIS,"[""encode@input"", ""model@distribution"", ""predict@distribution"", ""reconstruct@state""]",world_model_imagination,gopher,atari100k,main,287.1,6445,258.0,2413.0,100000,missing,32,0.0001,not_applicable,0.997,512,3,15,not_applicable,missing,5,100,missing,missing,last,arXiv:2406.19320 Table 8 [∆-IRIS] game as printed: Gopher; refs ,derived_hns_from_reported_mean,
2406.19320,DeltaIRIS,"[""encode@input"", ""model@distribution"", ""predict@distribution"", ""reconstruct@state""]",world_model_imagination,hero,atari100k,main,20.209,7049,1027.0,30826.0,100000,missing,32,0.0001,not_applicable,0.997,512,3,15,not_applicable,missing,5,100,missing,missing,last,arXiv:2406.19320 Table 8 [∆-IRIS] game as printed: Hero; refs ,derived_hns_from_reported_mean,
2406.19320,DeltaIRIS,"[""encode@input"", ""model@distribution"", ""predict@distribution"", ""reconstruct@state""]",world_model_imagination,jamesbond,atari100k,main,102.19,309,29.0,303.0,100000,missing,32,0.0001,not_applicable,0.997,512,3,15,not_applicable,missing,5,100,missing,missing,last,arXiv:2406.19320 Table 8 [∆-IRIS] game as printed: Jamesbond; refs ,derived_hns_from_reported_mean,
2406.19320,DeltaIRIS,"[""encode@input"", ""model@distribution"", ""predict@distribution"", ""reconstruct@state""]",world_model_imagination,kangaroo,atari100k,main,74.321,2269,52.0,3035.0,100000,missing,32,0.0001,not_applicable,0.997,512,3,15,not_applicable,missing,5,100,missing,missing,last,arXiv:2406.19320 Table 8 [∆-IRIS] game as printed: Kangaroo; refs ,derived_hns_from_reported_mean,
2406.19320,DeltaIRIS,"[""encode@input"", ""model@distribution"", ""predict@distribution"", ""reconstruct@state""]",world_model_imagination,krull,atari100k,main,410.112,5978,1598.0,2666.0,100000,missing,32,0.0001,not_applicable,0.997,512,3,15,not_applicable,missing,5,100,missing,missing,last,arXiv:2406.19320 Table 8 [∆-IRIS] game as printed: Krull; refs ,derived_hns_from_reported_mean,
2406.19320,DeltaIRIS,"[""encode@input"", ""model@distribution"", ""predict@distribution"", ""reconstruct@state""]",world_model_imagination,kungfumaster,atari100k,main,94.652,21534,259.0,22736.0,100000,missing,32,0.0001,not_applicable,0.997,512,3,15,not_applicable,missing,5,100,missing,missing,last,arXiv:2406.19320 Table 8 [∆-IRIS] game as printed: KungFuMaster; refs ,derived_hns_from_reported_mean,
2406.19320,DeltaIRIS,"[""encode@input"", ""model@distribution"", ""predict@distribution"", ""reconstruct@state""]",world_model_imagination,mspacman,atari100k,main,11.437,1067,307.0,6952.0,100000,missing,32,0.0001,not_applicable,0.997,512,3,15,not_applicable,missing,5,100,missing,missing,last,arXiv:2406.19320 Table 8 [∆-IRIS] game as printed: MsPacman; refs ,derived_hns_from_reported_mean,
2406.19320,DeltaIRIS,"[""encode@input"", ""model@distribution"", ""predict@distribution"", ""reconstruct@state""]",world_model_imagination,pong,atari100k,main,113.889,20,-21.0,15.0,100000,missing,32,0.0001,not_applicable,0.997,512,3,15,not_applicable,missing,5,100,missing,missing,last,arXiv:2406.19320 Table 8 [∆-IRIS] game as printed: Pong; refs ,derived_hns_from_reported_mean,
2406.19320,DeltaIRIS,"[""encode@input"", ""model@distribution"", ""predict@distribution"", ""reconstruct@state""]",world_model_imagination,privateeye,atari100k,main,0.112,103,25.0,69571.0,100000,missing,32,0.0001,not_applicable,0.997,512,3,15,not_applicable,missing,5,100,missing,missing,last,arXiv:2406.19320 Table 8 [∆-IRIS] game as printed: PrivateEye; refs ,derived_hns_from_reported_mean,
2406.19320,DeltaIRIS,"[""encode@input"", ""model@distribution"", ""predict@distribution"", ""reconstruct@state""]",world_model_imagination,qbert,atari100k,main,9.631,1444,164.0,13455.0,100000,missing,32,0.0001,not_applicable,0.997,512,3,15,not_applicable,missing,5,100,missing,missing,last,arXiv:2406.19320 Table 8 [∆-IRIS] game as printed: Qbert; refs ,derived_hns_from_reported_mean,
2406.19320,DeltaIRIS,"[""encode@input"", ""model@distribution"", ""predict@distribution"", ""reconstruct@state""]",world_model_imagination,roadrunner,atari100k,main,132.797,10414,12.0,7845.0,100000,missing,32,0.0001,not_applicable,0.997,512,3,15,not_applicable,missing,5,100,missing,missing,last,arXiv:2406.19320 Table 8 [∆-IRIS] game as printed: RoadRunner; refs ,derived_hns_from_reported_mean,
2406.19320,DeltaIRIS,"[""encode@input"", ""model@distribution"", ""predict@distribution"", ""reconstruct@state""]",world_model_imagination,seaquest,atari100k,main,1.808,827,68.0,42055.0,100000,missing,32,0.0001,not_applicable,0.997,512,3,15,not_applicable,missing,5,100,missing,missing,last,arXiv:2406.19320 Table 8 [∆-IRIS] game as printed: Seaquest; refs ,derived_hns_from_reported_mean,
2406.19320,DeltaIRIS,"[""encode@input"", ""model@distribution"", ""predict@distribution"", ""reconstruct@state""]",world_model_imagination,upndown,atari100k,main,31.711,4072,533.0,11693.0,100000,missing,32,0.0001,not_applicable,0.997,512,3,15,not_applicable,missing,5,100,missing,missing,last,arXiv:2406.19320 Table 8 [∆-IRIS] game as printed: UpNDown; refs ,derived_hns_from_reported_mean,
