OK 1/900 1202.2745 ops=25 invalid=0 grounded=18 66s ['aggregate@distribution', 'apply convolution@input', 'apply gradient@parameter', 'backpropagate error@gradient', 'compare@error']
OK 2/900 1301.3557 ops=8 invalid=0 grounded=7 21s ['apply pooling@state', 'backpropagate@gradient', 'compute gradient@parameter', 'compute multinomial distribution@state', 'correct@parameter']
OK 3/900 1312.4400 ops=8 invalid=4 grounded=4 31s ['apply activation@input', 'apply filter@input', 'compute feature map@input', 'slide micro network@input']
OK 4/900 1312.6116 ops=20 invalid=1 grounded=9 68s ['apply dropout@input', 'backpropagate@gradient', 'compute activation@input', 'compute distribution@distribution', 'compute gradient@parameter']
OK 5/900 1406.4216 ops=8 invalid=0 grounded=7 34s ['apply transform@input', 'compute feature@input', 'compute projection@latent', 'extract local features@input', 'maximize occurrence@latent']
OK 6/900 1409.5185 ops=25 invalid=1 grounded=12 79s ['backpropagate error@error', 'backpropagate gradient@gradient', 'compute distribution@distribution', 'compute gradient@gradient', 'compute task@task']
OK 7/900 1409.6070 ops=8 invalid=0 grounded=4 33s ['apply convolution@input', 'backpropagate@gradient', 'compare@error', 'compute gradient@gradient', 'correct@parameter']
OK 8/900 1411.4038 ops=8 invalid=0 grounded=5 28s ['aggregate@latent', 'apply convolution@input', 'correct@parameter', 'evaluate@error', 'fine-tune parameters@parameter']
OK 9/900 1412.6830 ops=8 invalid=0 grounded=2 22s ['apply activation@state', 'compare@error', 'compute gradient@error', 'correct@parameter', 'predict@state']
OK 10/900 1501.00092 ops=25 invalid=0 grounded=16 74s ['apply activation@input', 'apply convolution@input', 'apply dropout@input', 'apply normalization@input', 'apply pooling@input']
OK 11/900 1502.05700 ops=25 invalid=0 grounded=10 86s ['backpropagate@gradient', 'compare@value', 'compute gradient@error', 'compute policy@policy', 'compute reward@reward']
OK 12/900 1504.01013 ops=25 invalid=2 grounded=18 82s ['apply gradient@parameter', 'backpropagate@gradient', 'compute contextual information@latent', 'compute gradient update@parameter', 'compute input features@latent']
OK 13/900 1505.00853 ops=8 invalid=0 grounded=6 29s ['apply activation@input', 'backpropagate@gradient', 'compare@error', 'compute activation@input', 'compute gradient@parameter']
OK 14/900 1505.03229 ops=8 invalid=1 grounded=5 30s ['apply regularization@parameter', 'classify@input', 'compute decision rule@distribution', 'correct@parameter', 'evaluate@task']
OK 15/900 1507.06228 ops=22 invalid=4 grounded=18 64s ['apply gate@latent', 'backpropagate@gradient', 'compute distribution@latent', 'compute gradient@error', 'compute value@reward']
OK 16/900 1508.00330 ops=24 invalid=1 grounded=11 149s ['apply normalization@input', 'backpropagate@gradient', 'compare@distribution', 'compare@trajectory', 'compare@value']
OK 17/900 1511.00363 ops=8 invalid=0 grounded=5 29s ['accumulate gradient@gradient', 'apply binary weights@parameter', 'backpropagate gradient@gradient', 'compute gradient@parameter', 'correct@parameter']
OK 18/900 1511.00561 ops=24 invalid=12 grounded=18 100s ['backpropagate@gradient', 'compute accuracy@task', 'compute efficiency@task', 'compute gradient@parameter', 'compute memory@task']
OK 19/900 1511.02228 ops=8 invalid=0 grounded=7 21s ['augment@input', 'back project@input', 'cascading@input', 'check consistency@input', 'extract self-similarities@input']
OK 20/900 1511.04491 ops=25 invalid=0 grounded=21 72s ['add skip connection@latent', 'aggregate@latent', 'apply activation@latent', 'apply convolution@input', 'apply dropout@latent']
OK 21/900 1511.06422 ops=25 invalid=2 grounded=25 78s ['backpropagate@gradient', 'compare@error', 'compare@state', 'compute activation@input', 'compute distribution@distribution']
OK 22/900 1511.07122 ops=8 invalid=0 grounded=5 27s ['aggregate@latent', 'apply convolution@input', 'compute feature map@latent', 'correct@parameter', 'evaluate@value']
OK 23/900 1512.03385 ops=22 invalid=10 grounded=17 84s ['apply gradient@parameter', 'apply transformation@input', 'backpropagate@error', 'compute complexity@parameter', 'compute depth@parameter']
OK 24/900 1603.00370 ops=8 invalid=0 grounded=6 34s ['apply gradient@parameter', 'compute gradient@gradient', 'compute kernel@distribution', 'compute regularizer@error', 'compute value@value']
OK 25/900 1603.05027 ops=25 invalid=0 grounded=12 66s ['add@state', 'apply activation@state', 'apply identity mapping@state', 'apply regularization@parameter', 'backpropagate gradient@parameter']
OK 26/900 1603.06186 ops=8 invalid=8 grounded=2 26s []
OK 27/900 1603.09382 ops=8 invalid=1 grounded=5 24s ['compute gradient@parameter', 'correct@parameter', 'evaluate@parameter', 'forward pass@parameter', 'increase depth@parameter']
OK 28/900 1604.02808 ops=8 invalid=0 grounded=5 22s ['collect input@input', 'correct@parameter', 'encode@input', 'evaluate@error', 'evaluate@task']
OK 29/900 1604.03265 ops=8 invalid=0 grounded=5 25s ['aggregate@latent', 'apply convolution@input', 'apply multi-resolution filtering@input', 'compare@error', 'compute value@value']
OK 30/900 1604.04112 ops=8 invalid=0 grounded=5 22s ['apply activation@input', 'backpropagate@gradient', 'compare@error', 'compute gradient@parameter', 'compute value@value']
OK 31/900 1606.00915 ops=22 invalid=3 grounded=7 82s ['apply conditional random field@distribution', 'apply convolution@input', 'apply spatial pyramid pooling@latent', 'apply upsampling@latent', 'compute accuracy@task']
OK 32/900 1608.00859 ops=8 invalid=0 grounded=7 22s ['aggregate@latent', 'compare@error', 'correct@parameter', 'encode@input', 'extract input@input']
OK 33/900 1608.03981 ops=25 invalid=0 grounded=18 85s ['compute@error', 'compute@value', 'correct@parameter', 'normalize@input', 'predict@latent']
OK 34/900 1608.06019 ops=25 invalid=3 grounded=22 71s ['aggregate@error', 'compute@distribution', 'compute@error', 'compute@reward', 'compute@value']
OK 35/900 1609.02907 ops=11 invalid=7 grounded=10 51s ['apply softmax@distribution', 'backpropagate error@gradient', 'correct@parameter', 'evaluate@error']
OK 36/900 1609.05158 ops=8 invalid=5 grounded=6 31s ['correct@parameter', 'encode@input', 'upscale input@input']
OK 37/900 1610.02984 ops=0 invalid=0 grounded=0 5s []
OK 38/900 1611.01260 ops=10 invalid=0 grounded=5 31s ['add gate@parameter', 'apply gate@parameter', 'compare@error', 'compute identity@state', 'compute residual@state']
OK 39/900 1611.05666 ops=20 invalid=0 grounded=0 64s ['aggregate@error', 'apply gradient@parameter', 'apply similarity measurement@distribution', 'compare@latent', 'compute identification loss@error']
OK 40/900 1611.06067 ops=25 invalid=0 grounded=14 81s ['attend@state', 'backpropagate@gradient', 'compare@error', 'compute distribution@distribution', 'compute gradient@gradient']
OK 41/900 1611.06345 ops=25 invalid=1 grounded=6 65s ['backpropagate@gradient', 'compare@error', 'compute distribution@distribution', 'compute gradient@error', 'compute input@input']
OK 42/900 1611.06612 ops=8 invalid=0 grounded=7 27s ['aggregate@latent', 'apply convolution@input', 'connect residual@latent', 'correct@latent', 'downsample@input']
OK 43/900 1611.08323 ops=8 invalid=0 grounded=3 25s ['aggregate@latent', 'apply pooling@input', 'correct@parameter', 'encode@input', 'evaluate@error']
OK 44/900 1612.01105 ops=25 invalid=2 grounded=23 59s ['aggregate@latent', 'classify@sample', 'compare@value', 'compute@error', 'compute@gradient']
OK 45/900 1612.07919 ops=8 invalid=0 grounded=6 23s ['backpropagate@gradient', 'correct@parameter', 'encode@input', 'evaluate@error', 'predict@value']
OK 46/900 1701.08398 ops=8 invalid=0 grounded=8 26s ['aggregate@error', 'calculate@error', 'compare@error', 'compute distance@distribution', 'compute@error']
OK 47/900 1702.08502 ops=10 invalid=1 grounded=7 26s ['aggregate@latent', 'apply convolution@input', 'correct@parameter', 'enlarge receptive field@parameter', 'evaluate@error']
OK 48/900 1703.04977 ops=20 invalid=1 grounded=12 45s ['compare@error', 'compare@task', 'compare@value', 'compute distribution@input', 'compute distribution@parameter']
OK 49/900 1703.05175 ops=25 invalid=0 grounded=25 66s ['assign class@state', 'backpropagate@gradient', 'compare@error', 'compute distance@state', 'compute distribution@distribution']
OK 50/900 1703.05693 ops=10 invalid=1 grounded=7 32s ['apply orthogonality constraint@parameter', 'compute accuracy@task', 'compute correlation@latent', 'compute descriptor@latent', 'compute euclidean distance@state']
OK 51/900 1703.07220 ops=20 invalid=2 grounded=19 48s ['aggregate@error', 'backpropagate@gradient', 'compare@value', 'compute@distribution', 'compute@error']
OK 52/900 1703.07737 ops=0 invalid=0 grounded=0 2s []
OK 53/900 1703.08359 ops=8 invalid=0 grounded=4 21s ['apply constraints@state', 'apply postprocessing@state', 'backpropagate@gradient', 'compare@error', 'compute affinity@state']
OK 54/900 1704.02581 ops=8 invalid=0 grounded=4 21s ['convert@distribution', 'encode@input', 'predict@action', 'process@state', 'rotate@input']
OK 55/900 1704.02901 ops=25 invalid=19 grounded=24 67s ['backpropagate@gradient', 'compute gradient@error', 'correct@parameter', 'evaluate@task', 'store parameters@parameter']
OK 56/900 1704.03915 ops=8 invalid=4 grounded=4 27s ['backpropagate@gradient', 'correct@parameter', 'encode@input', 'evaluate@error']
OK 57/900 1704.08545 ops=8 invalid=1 grounded=7 20s ['apply parameters@input', 'backpropagate@gradient', 'correct@parameter', 'encode@input', 'evaluate@error']
OK 58/900 1705.04724 ops=8 invalid=0 grounded=7 26s ['apply loss@error', 'backpropagate@gradient', 'compare@latent', 'compute value@value', 'correct@parameter']
OK 59/900 1705.07238 ops=25 invalid=0 grounded=7 66s ['apply pooling@latent', 'backpropagate@gradient', 'compare@error', 'compute disparity@input', 'compute distribution@distribution']
OK 60/900 1705.07750 ops=25 invalid=0 grounded=3 88s ['aggregate@latent', 'apply activation@latent', 'apply convolution@input', 'backpropagate@gradient', 'compare@error']
OK 61/900 1705.08790 ops=10 invalid=0 grounded=7 49s ['compare@error', 'compute intersection@error', 'compute jaccard@error', 'compute mean@error', 'compute segmentation@distribution']
OK 62/900 1706.02413 ops=8 invalid=0 grounded=2 26s ['aggregate@latent', 'compute distance@state', 'correct@parameter', 'encode@input', 'partition@state']
OK 63/900 1706.03466 ops=16 invalid=1 grounded=2 46s ['backpropagate@gradient', 'compare@parameter', 'compute distribution@distribution', 'compute latent@latent', 'compute policy@policy']
OK 64/900 1706.04261 ops=0 invalid=0 grounded=0 3s []
OK 65/900 1707.00823 ops=20 invalid=0 grounded=12 62s ['classify@input', 'compute classification@input', 'encode@input', 'extract invariant features@input', 'fit synthetic human@input']
OK 66/900 1707.01083 ops=4 invalid=0 grounded=2 14s ['aggregate@latent', 'apply convolution@input', 'compute feature map@latent', 'shuffle channels@latent']
OK 67/900 1707.02921 ops=24 invalid=0 grounded=19 87s ['add residual@latent', 'apply activation@latent', 'apply attention@latent', 'apply batch norm@latent', 'apply convolution@input']
OK 68/900 1707.05005 ops=25 invalid=20 grounded=6 71s ['apply gradient update@parameter', 'backpropagate loss@gradient', 'correct@parameter', 'evaluate@error', 'normalize latent representation@latent']
OK 69/900 1707.06426 ops=10 invalid=0 grounded=5 43s ['apply convolution@input', 'backpropagate@gradient', 'compute feature map@latent', 'correct@parameter', 'evaluate@error']
OK 70/900 1707.08254 ops=10 invalid=0 grounded=7 31s ['add stride@input', 'aggregate@latent', 'apply convolution@input', 'apply dilation@latent', 'compare@error']
OK 71/900 1708.02002 ops=20 invalid=0 grounded=11 64s ['apply policy@policy', 'backpropagate@gradient', 'clip@gradient', 'compare@error', 'compute distribution@distribution']
OK 72/900 1708.02209 ops=25 invalid=1 grounded=16 76s ['aggregate@latent', 'apply@policy', 'compare@parameter', 'compute@error', 'compute@reward']
OK 73/900 1708.03805 ops=25 invalid=0 grounded=17 70s ['backpropagate@gradient', 'compare@error', 'compute accuracy@value', 'compute distribution@distribution', 'compute input@input']
OK 74/900 1708.07860 ops=22 invalid=0 grounded=5 61s ['aggregate@latent', 'apply regularization@parameter', 'backpropagate@gradient', 'compare@task', 'compute accuracy@error']
OK 75/900 1709.04329 ops=8 invalid=0 grounded=3 29s ['compare@distribution', 'compute similarity@distribution', 'extract part@state', 'filter redundant@trajectory', 'index gallery@trajectory']
OK 76/900 1709.08325 ops=10 invalid=0 grounded=7 30s ['apply weighting@distribution', 'backpropagate@gradient', 'compute reward@reward', 'correct@parameter', 'evaluate@error']
OK 77/900 1709.10190 ops=25 invalid=0 grounded=12 72s ['compare@distribution', 'compare@input', 'compare@latent', 'compare@noise', 'compare@parameter']
OK 78/900 1709.10282 ops=25 invalid=0 grounded=15 83s ['aggregate@state', 'apply residual shortcut@state', 'apply residual@state', 'apply shortcut@state', 'backpropagate@gradient']
OK 79/900 1710.03463 ops=27 invalid=0 grounded=10 100s ['backpropagate@gradient', 'compare@reward', 'compare@value', 'correct@parameter', 'predict@value']
OK 80/900 1710.06555 ops=25 invalid=0 grounded=6 81s ['aggregate@latent', 'apply convolution@latent', 'backpropagate@gradient', 'compare@error', 'compute distribution@distribution']
OK 81/900 1710.10903 ops=8 invalid=6 grounded=2 47s ['apply attention weights@latent', 'apply masked attention@latent']
OK 82/900 1711.06025 ops=20 invalid=0 grounded=11 80s ['aggregate@state', 'apply classifier@state', 'apply metric@state', 'classify@input', 'compare@state']
OK 83/900 1711.06897 ops=16 invalid=12 grounded=12 81s ['backpropagate@gradient', 'correct@parameter', 'evaluate@error', 'transfer features@latent']
OK 84/900 1711.07027 ops=18 invalid=0 grounded=11 84s ['apply adversarial loss@error', 'apply cycle consistency loss@error', 'backpropagate@gradient', 'compare@input', 'compute dissimilarity@input']
OK 85/900 1711.08189 ops=26 invalid=1 grounded=15 118s ['backpropagate@gradient', 'classify@state', 'compare@error', 'compute distribution@distribution', 'compute distribution@state']
OK 86/900 1711.09125 ops=23 invalid=4 grounded=9 113s ['backpropagate@gradient', 'clip@gradient', 'compute appearance@input', 'compute relation@input', 'compute reward@reward']
OK 87/900 1711.10295 ops=8 invalid=0 grounded=4 39s ['correct@parameter', 'evaluate@error', 'form augmented set@input', 'predict@value', 'reconstruct@noise']
OK 88/900 1711.10378 ops=25 invalid=2 grounded=15 95s ['aggregate@error', 'aggregate@sample', 'compare@distribution', 'compute distance@state', 'compute@distribution']
OK 89/900 1712.00726 ops=10 invalid=0 grounded=7 65s ['apply threshold@sample', 'compare@error', 'compute distribution@distribution', 'correct@parameter', 'predict@sample']
OK 90/900 1712.03453 ops=8 invalid=4 grounded=3 46s ['encode@input', 'evaluate@parameter', 'reconstruct@input', 'train@parameter']
OK 91/900 1712.03563 ops=8 invalid=0 grounded=4 50s ['accept input@state', 'apply convolution@state', 'backpropagate@gradient', 'compare@error', 'correct@parameter']
OK 92/900 1712.05248 ops=20 invalid=0 grounded=18 127s ['compare@input', 'compare@task', 'compute distribution@latent', 'compute gradient@input', 'compute magnitude@gradient']
OK 93/900 1712.06116 ops=8 invalid=0 grounded=5 40s ['aggregate@latent', 'apply convolution@input', 'compute feature map@latent', 'output image@state', 'predict@noise']
OK 94/900 1712.06584 ops=25 invalid=0 grounded=17 126s ['backpropagate@gradient', 'compute reprojection loss@error', 'correct@parameter', 'predict@reward', 'predict@state']
OK 95/900 1712.09926 ops=25 invalid=3 grounded=4 105s ['backpropagate@gradient', 'clip gradient@gradient', 'compare@error', 'compute distribution@distribution', 'compute gradient@gradient']
OK 96/900 1801.04381 ops=0 invalid=0 grounded=0 7s []
OK 97/900 1801.05558 ops=8 invalid=3 grounded=6 40s ['adapt parameters@parameter', 'compare@value', 'compute gradient@error', 'correct@parameter', 'scale learning rate@parameter']
OK 98/900 1801.10319 ops=8 invalid=0 grounded=7 32s ['aggregate@latent', 'apply excitation@latent', 'apply squeeze@latent', 'correct@parameter', 'encode@input']
OK 99/900 1802.06205 ops=26 invalid=0 grounded=15 89s ['apply pooling@latent', 'backpropagate@gradient', 'clip@gradient', 'compare@error', 'compute action@action']
OK 100/900 1802.08797 ops=8 invalid=0 grounded=5 31s ['add@latent', 'aggregate@latent', 'concatenate@latent', 'convolve@input', 'fuse@latent']
OK 101/900 1803.02612 ops=8 invalid=0 grounded=6 26s ['apply loss@error', 'backpropagate@gradient', 'compare@state', 'compute depth@state', 'correct@parameter']
OK 102/900 1803.02735 ops=8 invalid=2 grounded=4 27s ['compare@error', 'concatenate@latent', 'downsample@latent', 'encode@input', 'feedback@error']
OK 103/900 1803.02999 ops=8 invalid=0 grounded=5 25s ['backpropagate@gradient', 'compute gradient@parameter', 'correct@parameter', 'evaluate@error', 'fine-tune model@parameter']
OK 104/900 1803.04249 ops=21 invalid=11 grounded=19 69s ['apply activation@latent', 'backpropagate@gradient', 'compute feature vector@input', 'compute output@latent', 'compute representation@input']
OK 105/900 1803.06067 ops=8 invalid=0 grounded=4 45s ['activate sub-graph@state', 'compute features@latent', 'construct graph@state', 'correct@parameter', 'segment image@input']
OK 106/900 1803.06791 ops=8 invalid=0 grounded=2 36s ['aggregate@latent', 'apply convolution@input', 'apply pooling@latent', 'compute depth similarity@state', 'compute feature map@input']
OK 107/900 1803.08494 ops=0 invalid=0 grounded=0 2s []
OK 108/900 1803.09454 ops=8 invalid=0 grounded=5 35s ['aggregate@latent', 'apply convolution@input', 'correct@parameter', 'distill information@latent', 'evaluate@error']
OK 109/900 1803.10091 ops=25 invalid=17 grounded=20 85s ['backpropagate@gradient', 'compare@error', 'compute gradient@parameter', 'compute kernel weights@parameter', 'compute output@parameter']
OK 110/900 1804.00216 ops=8 invalid=0 grounded=3 32s ['backpropagate@gradient', 'compute metric@value', 'correct@parameter', 'evaluate@error', 'extract feature@input']
OK 111/900 1804.01438 ops=8 invalid=0 grounded=4 28s ['aggregate@latent', 'compute local features@input', 'evaluate@error', 'extract global features@input', 'extract local features@input']
OK 112/900 1804.02815 ops=25 invalid=1 grounded=25 85s ['aggregate@latent', 'apply activation@latent', 'apply affine transformation@latent', 'apply convolution@latent', 'apply feature aggregation@latent']
OK 113/900 1804.02900 ops=8 invalid=0 grounded=2 30s ['compare@error', 'evaluate@error', 'reconstruct@input', 'scale@parameter', 'train@parameter']
OK 114/900 1804.05275 ops=20 invalid=0 grounded=11 73s ['aggregate@latent', 'apply pooling@latent', 'backpropagate@gradient', 'compare@error', 'compare@latent']
OK 115/900 1804.07453 ops=8 invalid=0 grounded=6 30s ['adapt view@state', 'classify@state', 'compare@error', 'determine viewpoint@latent', 'fuse scores@distribution']
OK 116/900 1804.08254 ops=8 invalid=0 grounded=7 32s ['aggregate@state', 'apply attention@state', 'convolve@input', 'encode@input', 'model@distribution']
OK 117/900 1804.09337 ops=8 invalid=0 grounded=2 32s ['aggregate@latent', 'apply attention@latent', 'apply supervision@latent', 'compute boundary@latent', 'correct@parameter']
OK 118/900 1804.09458 ops=25 invalid=9 grounded=21 97s ['apply gradient@parameter', 'apply model@task', 'compute gradient@parameter', 'compute metric@task', 'correct@parameter']
OK 119/900 1804.10745 ops=26 invalid=12 grounded=24 127s ['apply gradient@parameter', 'augment@input', 'compute distribution@input', 'compute gradient@error', 'correct@parameter']
OK 120/900 1805.00932 ops=25 invalid=0 grounded=19 103s ['analyze performance@value', 'backpropagate@gradient', 'collect data@input', 'compare@error', 'compute accuracy@value']
OK 121/900 1805.01890 ops=24 invalid=0 grounded=24 143s ['accept input@input', 'aggregate@distribution', 'aggregate@latent', 'apply gradient@parameter', 'backpropagate gradient@gradient']
OK 122/900 1805.02556 ops=18 invalid=0 grounded=12 50s ['aggregate@state', 'backpropagate@gradient', 'compute attention weights@state', 'compute attention@state', 'compute joint features@state']
OK 123/900 1805.02704 ops=20 invalid=0 grounded=20 52s ['aggregate@state', 'compare@state', 'compare@task', 'compute accuracy@task', 'compute memory@task']
OK 124/900 1805.07071 ops=8 invalid=7 grounded=2 24s ['process input image@input']
OK 125/900 1805.08090 ops=8 invalid=0 grounded=3 25s ['aggregate@latent', 'apply capsule@latent', 'compute capsule@latent', 'construct graph@input', 'encode@input']
OK 126/900 1805.08805 ops=25 invalid=0 grounded=8 61s ['apply supervision@error', 'clip@gradient', 'compare@error', 'compute action@action', 'compute distribution@distribution']
OK 127/900 1805.09114 ops=25 invalid=15 grounded=24 56s ['compute density@distribution', 'compute gradient@parameter', 'compute posterior@distribution', 'compute prior@distribution', 'compute score function@distribution']
OK 128/900 1805.10123 ops=26 invalid=1 grounded=24 90s ['compare@task', 'compute distribution@task', 'compute value@task', 'correct@parameter', 'sample@task']
OK 129/900 1805.11790 ops=8 invalid=0 grounded=5 29s ['aggregate@latent', 'compute@value', 'encode@input', 'evaluate@task', 'extract@latent']
OK 130/900 1806.02919 ops=25 invalid=0 grounded=20 64s ['backpropagate@gradient', 'clip gradient@gradient', 'compare@error', 'compute correlation@state', 'compute distribution@distribution']
OK 131/900 1806.04734 ops=8 invalid=0 grounded=4 22s ['apply delta@sample', 'compute delta@state', 'encode@input', 'extract feature@latent', 'predict@sample']
OK 132/900 1807.02758 ops=25 invalid=0 grounded=22 82s ['apply activation function@latent', 'apply channel attention@latent', 'apply channel-wise scaling@latent', 'apply convolution@input', 'apply feature aggregation@latent']
OK 133/900 1807.04445 ops=20 invalid=0 grounded=10 80s ['apply attention map@input', 'apply gate@input', 'backpropagate error@gradient', 'compare@error', 'compute activation@distribution']
OK 134/900 1807.05618 ops=15 invalid=5 grounded=4 48s ['aggregate@task', 'compute@error', 'compute@reward', 'compute@trajectory', 'compute@value']
OK 135/900 1807.11590 ops=25 invalid=21 grounded=25 76s ['apply gradient@parameter', 'backpropagate@gradient', 'correct@parameter', 'evaluate@error']
OK 136/900 1808.01244 ops=8 invalid=0 grounded=2 29s ['apply pooling@latent', 'compare@error', 'compute gradient@parameter', 'correct@parameter', 'detect keypoint@state']
OK 137/900 1808.01606 ops=25 invalid=2 grounded=21 70s ['apply model@input', 'backpropagate@gradient', 'compare@error', 'compare@task', 'compute disparity@input']
OK 138/900 1808.06281 ops=8 invalid=1 grounded=8 24s ['backpropagate@gradient', 'correct@parameter', 'encode@input', 'predict@task', 'reconstruct@noise']
OK 139/900 1809.00219 ops=25 invalid=0 grounded=3 75s ['apply activation@distribution', 'apply regularization@parameter', 'backpropagate@gradient', 'compare@distribution', 'compare@error']
OK 140/900 1809.00916 ops=10 invalid=1 grounded=10 44s ['aggregate@input', 'aggregate@latent', 'apply atrous spatial pyramid pooling@input', 'apply pyramid pooling@input', 'compute context features@input']
OK 141/900 1809.02983 ops=8 invalid=4 grounded=4 32s ['apply attention@latent', 'compute weighted sum@latent', 'correct@latent', 'segment image@input']
OK 142/900 1809.04789 ops=25 invalid=0 grounded=8 72s ['aggregate@trajectory', 'backpropagate@gradient', 'clip gradient@gradient', 'compare@error', 'compute naturalness@state']
OK 143/900 1809.04983 ops=10 invalid=2 grounded=5 29s ['aggregate@latent', 'compute@value', 'correct@parameter', 'encode@input', 'predict@action']
OK 144/900 1809.06323 ops=8 invalid=0 grounded=8 27s ['aggregate@latent', 'apply convolution@input', 'apply dilation@input', 'compute feature map@input', 'connect densely@latent']
OK 145/900 1809.09077 ops=20 invalid=3 grounded=19 54s ['apply softmax@distribution', 'backpropagate@gradient', 'clip gradient@gradient', 'compute policy@policy', 'compute reward@reward']
OK 146/900 1810.00826 ops=26 invalid=0 grounded=6 88s ['achieve performance@value', 'aggregate@state', 'analyze expressive power@distribution', 'analyze graph structure@distribution', 'apply transformation@latent']
OK 147/900 1810.02244 ops=25 invalid=0 grounded=25 71s ['aggregate@state', 'compare@state', 'compute graph density@state', 'compute graph distribution@state', 'compute graph embedding@state']
OK 148/900 1810.02936 ops=10 invalid=0 grounded=5 30s ['compare@sample', 'compare@value', 'correct@parameter', 'discriminate@latent', 'encode@input']
OK 149/900 1810.09502 ops=26 invalid=0 grounded=0 65s ['backpropagate@gradient', 'clip@gradient', 'compare@value', 'compute gradient@error', 'compute value@value']
OK 150/900 1810.11579 ops=19 invalid=0 grounded=12 52s ['aggregate@latent', 'apply attention pooling@state', 'apply attention@state', 'backpropagate@gradient', 'compute accuracy@task']
OK 151/900 1810.12193 ops=25 invalid=0 grounded=24 62s ['backpropagate@gradient', 'clip@gradient', 'compare@error', 'compare@latent', 'compute distribution@distribution']
OK 152/900 1811.03508 ops=0 invalid=0 grounded=0 6s []
OK 153/900 1811.04237 ops=24 invalid=0 grounded=22 65s ['aggregate@latent', 'apply attention weights@distribution', 'apply frequency attention@latent', 'apply frequency filtering@latent', 'apply frequency transform@latent']
OK 154/900 1811.04533 ops=26 invalid=0 grounded=24 105s ['aggregate@latent', 'construct pyramid@latent', 'correct@parameter', 'detect object@latent', 'evaluate@error']
OK 155/900 1811.05181 ops=8 invalid=0 grounded=6 36s ['backpropagate@gradient', 'compare@error', 'compute gradient@error', 'correct@distribution', 'correct@parameter']
OK 156/900 1811.07100 ops=16 invalid=0 grounded=11 39s ['aggregate@latent', 'backpropagate@gradient', 'compare@latent', 'compute distance@latent', 'compute similarity@latent']
OK 157/900 1811.07246 ops=20 invalid=19 grounded=20 75s ['convert image@input']
OK 158/900 1811.09595 ops=26 invalid=0 grounded=24 67s ['aggregate@latent', 'backpropagate@gradient', 'compare@error', 'compute distribution@distribution', 'compute gradient@gradient']
OK 159/900 1811.10636 ops=25 invalid=0 grounded=13 63s ['aggregate@latent', 'aggregate@trajectory', 'compare@parameter', 'compute@distribution', 'compute@error']
OK 160/900 1811.11168 ops=20 invalid=4 grounded=7 63s ['apply convolution@input', 'apply deformation@input', 'backpropagate@gradient', 'compute deformation@input', 'compute spatial support@input']
OK 161/900 1811.11721 ops=8 invalid=4 grounded=8 34s ['compute metric@task', 'correct@parameter', 'evaluate@latent', 'evaluate@task']
OK 162/900 1811.12043 ops=22 invalid=0 grounded=22 51s ['aggregate@latent', 'apply activation@latent', 'apply convolution@state', 'apply gradient@parameter', 'backpropagate@gradient']
OK 163/900 1811.12150 ops=8 invalid=0 grounded=3 32s ['aggregate@latent', 'apply global average pooling@input', 'compute attention weights@latent', 'compute rank-1 accuracy@distribution', 'extract feature map activations@input']
OK 164/900 1811.12546 ops=25 invalid=2 grounded=19 78s ['aggregate@state', 'apply@gradient', 'backpropagate@gradient', 'compare@task', 'compute@error']
OK 165/900 1812.02391 ops=26 invalid=0 grounded=14 64s ['compare@error', 'compare@task', 'compute value@value', 'correct@parameter', 'sample@action']
OK 166/900 1812.03282 ops=10 invalid=0 grounded=2 31s ['apply logistic smoothing@distribution', 'apply parzen window@distribution', 'approximate distribution@distribution', 'compute accuracy@task', 'compute distance@state']
OK 167/900 1812.03664 ops=8 invalid=0 grounded=7 23s ['adapt embedding@latent', 'compare@error', 'compute embedding@latent', 'correct@parameter', 'encode@input']
OK 168/900 1812.03982 ops=8 invalid=0 grounded=8 21s ['aggregate@state', 'compute output@state', 'correct@parameter', 'encode@state', 'predict@value']
OK 169/900 1812.05642 ops=24 invalid=6 grounded=8 70s ['aggregate@state', 'aggregate@trajectory', 'backpropagate@gradient', 'clip@gradient', 'compare@error']
OK 170/900 1812.08249 ops=8 invalid=2 grounded=4 28s ['apply filter@input', 'classify@state', 'compute@value', 'encode@input', 'train@parameter']
OK 171/900 1812.08974 ops=25 invalid=0 grounded=10 71s ['apply method@task', 'assign label@input', 'backpropagate@gradient', 'compare@error', 'compute distribution@distribution']
OK 172/900 1901.00392 ops=8 invalid=0 grounded=8 28s ['aggregate@state', 'compute attribute@input', 'compute category@state', 'compute interaction@state', 'output representation@state']
OK 173/900 1901.03278 ops=8 invalid=0 grounded=4 26s ['adapt feature@latent', 'compute map@task', 'compute recall@task', 'integrate anchor@trajectory', 'predict@state']
OK 174/900 1901.03353 ops=20 invalid=0 grounded=16 71s ['apply normalization@input', 'backpropagate@gradient', 'compute accuracy@task', 'compute distribution@distribution', 'compute map@task']
OK 175/900 1901.06656 ops=25 invalid=0 grounded=25 106s ['backpropagate@gradient', 'compare@distribution', 'compare@input', 'compare@latent', 'compare@state']
OK 176/900 1901.08043 ops=8 invalid=5 grounded=5 30s ['detect keypoint@state', 'group keypoint@latent', 'predict@input']
OK 177/900 1901.09005 ops=19 invalid=1 grounded=9 57s ['backpropagate@gradient', 'compare@value', 'compute distribution@input', 'compute gradient@parameter', 'compute policy@action']
OK 178/900 1901.09321 ops=0 invalid=0 grounded=0 4s []
OK 179/900 1902.00113 ops=25 invalid=3 grounded=23 72s ['backpropagate@gradient', 'clip@gradient', 'compare@error', 'compute distribution@distribution', 'compute latent@latent']
OK 180/900 1902.03356 ops=20 invalid=0 grounded=18 61s ['backpropagate@error', 'compare@parameter', 'compare@task', 'compute curvature@parameter', 'compute distribution@parameter']
OK 181/900 1902.04502 ops=24 invalid=1 grounded=10 83s ['aggregate@latent', 'compute@error', 'compute@gradient', 'compute@noise', 'compute@parameter']
OK 182/900 1902.05509 ops=25 invalid=0 grounded=15 70s ['apply augmentation@input', 'classify@input', 'compare@distribution', 'compute accuracy@task', 'compute classification@input']
OK 183/900 1902.09701 ops=20 invalid=0 grounded=8 87s ['aggregate@parameter', 'apply gradient@parameter', 'apply weights@parameter', 'backpropagate@gradient', 'compare@error']
OK 184/900 1902.09868 ops=25 invalid=17 grounded=17 66s ['backpropagate@gradient', 'compute gradient@parameter', 'correct@parameter', 'generalize@parameter', 'improve@parameter']
OK 185/900 1903.00112 ops=25 invalid=0 grounded=12 71s ['aggregate@latent', 'apply activation@latent', 'apply attention@latent', 'apply batch norm@latent', 'apply convolution@input']
OK 186/900 1903.00535 ops=25 invalid=0 grounded=25 114s ['backpropagate@gradient', 'compare@error', 'compute distribution@distribution', 'compute gradient@gradient', 'compute latent@latent']
OK 187/900 1903.00621 ops=25 invalid=6 grounded=8 80s ['compare@error', 'compute action@action', 'compute distribution@distribution', 'compute gradient@gradient', 'compute input@input']
OK 188/900 1903.00834 ops=25 invalid=0 grounded=13 109s ['aggregate@latent', 'apply gradient@parameter', 'apply transfer@latent', 'backpropagate@gradient', 'clip gradient@gradient']
OK 189/900 1903.02428 ops=25 invalid=0 grounded=13 74s ['apply kernel@parameter', 'apply optimization@parameter', 'apply transformation@latent', 'backpropagate@gradient', 'clip gradient@gradient']
OK 190/900 1903.06256 ops=25 invalid=0 grounded=20 88s ['backpropagate@gradient', 'compare@error', 'compute distribution@distribution', 'compute glcm@input', 'compute gradient@parameter']
OK 191/900 1903.06325 ops=22 invalid=0 grounded=19 67s ['aggregate@latent', 'backpropagate@gradient', 'compare@state', 'compute accuracy@value', 'compute consistency@distribution']
OK 192/900 1903.06586 ops=8 invalid=3 grounded=5 32s ['aggregate@input', 'apply kernel@input', 'compute attention@input', 'construct network@input', 'fuse branches@input']
OK 193/900 1903.06864 ops=26 invalid=0 grounded=0 80s ['backpropagate@gradient', 'compare@error', 'compute distribution@distribution', 'compute gradient@gradient', 'compute input@input']
OK 194/900 1903.09022 ops=8 invalid=0 grounded=8 29s ['aggregate@state', 'apply method@state', 'classify@state', 'compare@state', 'compute structural features@state']
OK 195/900 1903.09776 ops=25 invalid=0 grounded=25 86s ['aggregate@error', 'backpropagate@error', 'backpropagate@gradient', 'compare@error', 'compute@distribution']
OK 196/900 1903.09814 ops=25 invalid=0 grounded=24 67s ['aggregate@distribution', 'aggregate@sample', 'aggregate@state', 'compute@error', 'compute@value']
OK 197/900 1903.11851 ops=10 invalid=3 grounded=9 38s ['align samples@sample', 'apply optimal transport@sample', 'classify@state', 'correct@parameter', 'encode@latent']
OK 198/900 1903.12290 ops=25 invalid=0 grounded=9 69s ['aggregate@sample', 'apply gradient@parameter', 'backpropagate@gradient', 'compare@error', 'compute distance@latent']
OK 199/900 1903.12355 ops=26 invalid=0 grounded=12 65s ['aggregate@state', 'apply gradient@parameter', 'compare@state', 'compute activation@state', 'compute cluster@distribution']
OK 200/900 1904.00244 ops=25 invalid=0 grounded=25 69s ['backpropagate@gradient', 'clip@gradient', 'compare@error', 'compute action@action', 'compute distribution@distribution']
OK 201/900 1904.01189 ops=20 invalid=3 grounded=20 56s ['aggregate@input', 'backpropagate@gradient', 'classify@action', 'compute@error', 'compute@reward']
OK 202/900 1904.01355 ops=25 invalid=0 grounded=25 64s ['apply non-maximum suppression@sample', 'backpropagate@gradient', 'clip@gradient', 'compare@error', 'compute confidence@distribution']
OK 203/900 1904.02239 ops=25 invalid=0 grounded=25 117s ['classify@latent', 'compare@latent', 'compute distance@latent', 'compute similarity@latent', 'encode@input']
OK 204/900 1904.02278 ops=8 invalid=0 grounded=2 34s ['aggregate@state', 'classify@state', 'compute attention weights@latent', 'compute self-attention@latent', 'correct@parameter']
OK 205/900 1904.02365 ops=20 invalid=12 grounded=20 60s ['backpropagate@gradient', 'compute reward@distribution', 'correct@parameter', 'downsample@latent', 'evaluate@error']
OK 206/900 1904.02701 ops=8 invalid=0 grounded=7 27s ['clip@gradient', 'correct@parameter', 'encode@input', 'evaluate@error', 'predict@value']
OK 207/900 1904.02811 ops=12 invalid=7 grounded=12 34s ['apply convolution@input', 'apply regularization@parameter', 'compare@task', 'evaluate@task', 'train@parameter']
OK 208/900 1904.02877 ops=24 invalid=0 grounded=23 86s ['apply gradient@parameter', 'backpropagate@gradient', 'clip@gradient', 'compare@error', 'compute distribution@distribution']
OK 209/900 1904.03579 ops=26 invalid=0 grounded=24 60s ['aggregate@latent', 'apply activation@latent', 'backpropagate@gradient', 'compare@error', 'compute action@action']
OK 210/900 1904.03758 ops=26 invalid=0 grounded=17 60s ['compute gradient@gradient', 'correct@parameter', 'encode@input', 'evaluate@error', 'predict@value']
OK 211/900 1904.03797 ops=25 invalid=0 grounded=21 73s ['assign instance to feature level@trajectory', 'compute bounding box scale@state', 'compute feature pyramid representation@state', 'compute object existence possibility@state', 'encode@distribution']
FAIL 1904.04514 JSONDecodeError('Invalid \\escape: line 1 column 86 (char 85)')
OK 213/900 1904.08082 ops=25 invalid=6 grounded=24 83s ['aggregate@latent', 'apply activation@latent', 'apply graph transformation@latent', 'apply non-linearity@latent', 'backpropagate@gradient']
OK 214/900 1904.08889 ops=8 invalid=0 grounded=7 26s ['adapt kernel points@parameter', 'apply kernel points@input', 'compute kernel points@parameter', 'correct@parameter', 'process points@input']
OK 215/900 1904.08900 ops=35 invalid=18 grounded=26 101s ['apply attention@input', 'apply gradient@parameter', 'compute feature@input', 'correct@parameter', 'detect keypoint@input']
OK 216/900 1904.11397 ops=8 invalid=0 grounded=8 33s ['aggregate@sample', 'apply constraint@state', 'compute similarity@latent', 'encode@input', 'improve@distribution']
OK 217/900 1904.11451 ops=25 invalid=0 grounded=19 81s ['annotate input@input', 'backpropagate@gradient', 'classify@input', 'clip gradient@gradient', 'cluster input@input']
OK 218/900 1904.11490 ops=25 invalid=18 grounded=20 83s ['compute accuracy@value', 'compute detection accuracy@value', 'compute detection performance@value', 'correct@parameter', 'evaluate@error']
OK 219/900 1904.12218 ops=0 invalid=0 grounded=0 3s []
OK 220/900 1904.12659 ops=25 invalid=3 grounded=2 57s ['aggregate@latent', 'backpropagate@gradient', 'compute@distribution', 'compute@error', 'compute@policy']
OK 221/900 1904.13107 ops=12 invalid=12 grounded=7 37s []
OK 222/900 1905.00397 ops=21 invalid=5 grounded=20 44s ['apply augmentation@input', 'compare@distribution', 'compare@error', 'compute density@distribution', 'compute gradient@gradient']
OK 223/900 1905.00401 ops=20 invalid=11 grounded=16 51s ['apply@parameter', 'encode@input', 'feed@input', 'forward@parameter', 'process@input']
OK 224/900 1905.00953 ops=8 invalid=0 grounded=7 22s ['aggregate@latent', 'apply convolution@latent', 'compute weight@parameter', 'correct@parameter', 'detect feature@state']
OK 225/900 1905.02693 ops=10 invalid=1 grounded=10 30s ['apply convolution@latent', 'compare@error', 'compress@latent', 'correct@parameter', 'decompress@latent']
OK 226/900 1905.03046 ops=8 invalid=8 grounded=7 23s []
OK 227/900 1905.04899 ops=25 invalid=0 grounded=24 94s ['apply augmentation@input', 'backpropagate@gradient', 'compute accuracy@error', 'compute confidence@distribution', 'compute detection@error']
OK 228/900 1905.05178 ops=10 invalid=0 grounded=10 27s ['encode@state', 'evaluate@error', 'form graph@state', 'pool graph@state', 'predict@value']
OK 229/900 1905.06549 ops=25 invalid=0 grounded=24 55s ['apply gradient@parameter', 'apply projection@latent', 'compare@error', 'compute distance@error', 'compute gradient@gradient']
OK 230/900 1905.07542 ops=25 invalid=20 grounded=25 54s ['apply loss@error', 'correct@parameter', 'predict@input', 'sample@input', 'train@parameter']
OK 231/900 1905.08509 ops=25 invalid=1 grounded=10 59s ['aggregate@state', 'backpropagate@gradient', 'classify@state', 'clip@gradient', 'compare@error']
OK 232/900 1905.09272 ops=26 invalid=0 grounded=0 58s ['compare@error', 'compute distribution@distribution', 'compute trajectory@trajectory', 'compute value@value', 'correct@parameter']
OK 233/900 1905.10089 ops=8 invalid=0 grounded=7 23s ['aggregate@latent', 'apply attention@latent', 'backpropagate@gradient', 'correct@parameter', 'evaluate@error']
OK 234/900 1905.10295 ops=8 invalid=0 grounded=3 26s ['backpropagate@gradient', 'compute gradient@gradient', 'correct@parameter', 'evaluate@error', 'improve@parameter']
OK 235/900 1905.11136 ops=25 invalid=0 grounded=25 82s ['apply matrix multiplication@latent', 'apply mlp@latent', 'backpropagate@gradient', 'compare@error', 'compute distribution@distribution']
OK 236/900 1905.11641 ops=20 invalid=0 grounded=20 53s ['apply gradient@parameter', 'backpropagate@gradient', 'compare@error', 'compute distribution@distribution', 'compute gradient@gradient']
OK 237/900 1905.11946 ops=8 invalid=0 grounded=7 31s ['compute accuracy@task', 'compute compound coefficient@parameter', 'compute transfer accuracy@task', 'perform inference@input', 'scale depth@parameter']
OK 238/900 1905.12681 ops=25 invalid=1 grounded=20 80s ['backpropagate error@error', 'backpropagate@error', 'blend gradients@gradient', 'clip gradient@gradient', 'compare@error']
OK 239/900 1905.13549 ops=20 invalid=0 grounded=20 64s ['apply penalty@latent', 'apply regularization@parameter', 'backpropagate@gradient', 'compare@error', 'compute distribution@distribution']
OK 240/900 1906.00562 ops=24 invalid=1 grounded=24 98s ['apply gradient@parameter', 'apply weight@error', 'apply weight@gradient', 'backpropagate@error', 'compare@value']
OK 241/900 1906.00910 ops=9 invalid=3 grounded=7 35s ['achieve accuracy@latent', 'apply data augmentation@input', 'compute mutual information@latent', 'evaluate@latent', 'train@input']
OK 242/900 1906.03516 ops=8 invalid=0 grounded=4 29s ['aggregate@latent', 'apply convolution@input', 'build model@parameter', 'compare@task', 'compute accuracy@task']
OK 243/900 1906.03525 ops=25 invalid=6 grounded=25 82s ['adapt to cross-task patterns@task', 'adapt to task@task', 'aggregate@task', 'boost learning@task', 'boost task learning@task']
OK 244/900 1906.05571 ops=20 invalid=0 grounded=20 66s ['aggregate@latent', 'apply policy@action', 'backpropagate@gradient', 'clip gradient@gradient', 'compute gradient@gradient']
OK 245/900 1906.06874 ops=25 invalid=0 grounded=23 74s ['abstraction@latent', 'aggregate@distribution', 'aggregate@sample', 'analyze@latent', 'backproject@latent']
OK 246/900 1906.09826 ops=16 invalid=0 grounded=16 45s ['aggregate@latent', 'apply convolution@input', 'apply dilation@latent', 'backpropagate@gradient', 'compute fps@trajectory']
OK 247/900 1906.09955 ops=8 invalid=0 grounded=7 28s ['classify@latent', 'compare@task', 'compute reward@task', 'encode@input', 'encode@state']
OK 248/900 1906.11172 ops=10 invalid=0 grounded=8 32s ['apply augmentation@input', 'backpropagate@gradient', 'compute reward@reward', 'correct@parameter', 'evaluate@error']
OK 249/900 1906.11415 ops=8 invalid=0 grounded=8 30s ['align temporal@trajectory', 'average distance@state', 'compute distance@state', 'compute value@value', 'correct@parameter']
OK 250/900 1906.12021 ops=8 invalid=0 grounded=8 31s ['aggregate@distribution', 'aggregate@latent', 'apply residual@latent', 'compute attention@latent', 'encode@input']
OK 251/900 1907.02204 ops=20 invalid=13 grounded=19 66s ['backpropagate error@gradient', 'compare@parameter', 'compute task objective@task', 'correct@parameter', 'evaluate@error']
OK 252/900 1907.04253 ops=12 invalid=0 grounded=11 39s ['capture@latent', 'cascade@latent', 'connect@latent', 'correct@latent', 'encode@input']
OK 253/900 1907.04275 ops=20 invalid=20 grounded=20 76s []
OK 254/900 1907.10399 ops=25 invalid=1 grounded=23 79s ['aggregate@latent', 'compute quality@state', 'construct image@state', 'correct@parameter', 'correct@state']
OK 255/900 1907.12087 ops=25 invalid=1 grounded=25 70s ['adapt to data@distribution', 'apply regularization@latent', 'backpropagate@gradient', 'compare@task', 'compute gradient@error']
OK 256/900 1907.12209 ops=8 invalid=6 grounded=8 18s ['correct@parameter', 'predict@input']
OK 257/900 1908.00497 ops=20 invalid=0 grounded=20 65s ['aggregate@distribution', 'aggregate@latent', 'apply attention mechanism@distribution', 'apply attention weights@distribution', 'backpropagate gradients@gradient']
OK 258/900 1908.01114 ops=8 invalid=0 grounded=8 24s ['aggregate@latent', 'aware position@latent', 'compute attention@input', 'compute distance@latent', 'correct@parameter']
OK 259/900 1908.01748 ops=25 invalid=0 grounded=25 53s ['backpropagate@gradient', 'clip@gradient', 'compare@error', 'compute distribution@distribution', 'compute input@input']
OK 260/900 1908.02486 ops=24 invalid=1 grounded=16 63s ['aggregate@state', 'apply activation@state', 'apply convolution@state', 'apply dropout@state', 'apply pooling@state']
OK 261/900 1908.03127 ops=10 invalid=6 grounded=9 27s ['correct@parameter', 'encode@input', 'reconstruct@latent', 'sample@latent']
FAIL 1908.04156 JSONDecodeError('Invalid \\escape: line 1 column 140 (char 139)')
OK 263/900 1908.06295 ops=20 invalid=0 grounded=19 44s ['aggregate@latent', 'apply convolution@latent', 'apply permutation invariance@state', 'backpropagate@gradient', 'classify@state']
OK 264/900 1908.07678 ops=25 invalid=1 grounded=25 91s ['backpropagate@gradient', 'clip@gradient', 'compare@error', 'compute distribution@distribution', 'compute gradient@gradient']
OK 265/900 1908.07919 ops=8 invalid=0 grounded=7 20s ['apply@latent', 'connect@latent', 'encode@input', 'exchange@latent', 'maintain@latent']
OK 266/900 1908.08289 ops=25 invalid=0 grounded=24 62s ['aggregate@trajectory', 'apply basis matrix@state', 'apply basis transformation@state', 'apply factorization@state', 'compute basis matrix@latent']
OK 267/900 1908.08681 ops=25 invalid=0 grounded=20 61s ['apply activation@input', 'compute accuracy@input', 'compute activation@input', 'compute correlation@input', 'compute covariance@input']
OK 268/900 1908.09699 ops=28 invalid=0 grounded=28 78s ['aggregate@distribution', 'apply residual@state', 'convolve@input', 'convolve@latent', 'gate@latent']
OK 269/900 1908.09995 ops=8 invalid=0 grounded=8 21s ['aggregate@state', 'classify@state', 'compute relations@state', 'construct graph@state', 'create matrix@state']
OK 270/900 1908.10136 ops=24 invalid=0 grounded=24 65s ['aggregate@latent', 'apply constraint@distribution', 'compute correlation@distribution', 'compute cross-entropy@error', 'compute discriminative embedding@latent']
OK 271/900 1908.10553 ops=8 invalid=1 grounded=7 22s ['apply loss@error', 'compute accuracy@trajectory', 'filter input@input', 'predict@state', 'reconstruct@input']
OK 272/900 1909.02466 ops=25 invalid=0 grounded=23 63s ['apply gradient@parameter', 'backpropagate@gradient', 'clip@gradient', 'compare@error', 'compare@latent']
OK 273/900 1909.02651 ops=8 invalid=6 grounded=8 23s ['process features@latent', 'segment image@input']
OK 274/900 1909.03625 ops=8 invalid=0 grounded=8 27s ['aggregate@latent', 'correct@parameter', 'detect objects@latent', 'encode@state', 'evaluate@error']
OK 275/900 1909.05165 ops=20 invalid=0 grounded=19 66s ['backpropagate@gradient', 'classify@state', 'clip gradient@gradient', 'compute distribution@distribution', 'compute gradient@gradient']
OK 276/900 1909.05305 ops=65 invalid=0 grounded=61 184s ['backpropagate@gradient', 'compare@input', 'compute value@input', 'correct@parameter', 'encode@input']
OK 277/900 1909.06121 ops=8 invalid=0 grounded=8 23s ['correct@parameter', 'evaluate@error', 'model channel dependencies@latent', 'model interaction@latent', 'model spatial relationships@state']
OK 278/900 1909.07229 ops=8 invalid=0 grounded=7 28s ['aggregate@latent', 'apply mask@latent', 'compute mask@state', 'correct@parameter', 'distribute locally@latent']
OK 279/900 1909.08245 ops=25 invalid=0 grounded=23 61s ['aggregate@error', 'backpropagate@gradient', 'clip@gradient', 'compare@latent', 'compute@distribution']
OK 280/900 1909.09051 ops=8 invalid=0 grounded=8 23s ['aggregate@error', 'apply stereo algorithm@input', 'correct@parameter', 'evaluate@error', 'evaluate@state']
OK 281/900 1909.09777 ops=8 invalid=4 grounded=7 32s ['correct@parameter', 'evaluate@error', 'sample@distribution', 'simulate sampling@distribution']
OK 282/900 1909.10086 ops=20 invalid=0 grounded=20 74s ['backpropagate@gradient', 'clip@gradient', 'compare@error', 'compute distribution@distribution', 'compute input@input']
OK 283/900 1909.11065 ops=8 invalid=0 grounded=8 28s ['augment@latent', 'compute object region representation@latent', 'compute representation similarity@latent', 'correct@parameter', 'encode@input']
OK 284/900 1909.11855 ops=26 invalid=0 grounded=25 75s ['aggregate@latent', 'apply recurrent transition@state', 'backpropagate@gradient', 'clip@gradient', 'compute attention@state']
OK 285/900 1909.11856 ops=10 invalid=0 grounded=10 30s ['aggregate@input', 'aggregate@latent', 'apply model@input', 'compute attention@distribution', 'crop image@input']
OK 286/900 1910.04476 ops=16 invalid=0 grounded=16 49s ['apply attention@distribution', 'backpropagate@gradient', 'compare@error', 'compute cross-correlation@distribution', 'compute value@value']
OK 287/900 1910.05199 ops=8 invalid=0 grounded=8 21s ['compute value@value', 'correct@parameter', 'encode@input', 'evaluate@error', 'predict@reward']
OK 288/900 1910.06251 ops=8 invalid=0 grounded=8 25s ['backpropagate@gradient', 'compare@error', 'compute gradient@error', 'correct@parameter', 'predict@value']
OK 289/900 1910.06849 ops=25 invalid=0 grounded=22 62s ['aggregate@latent', 'apply dense connection@latent', 'apply residual connection@latent', 'compare@error', 'compute action@action']
OK 290/900 1910.07038 ops=20 invalid=0 grounded=19 51s ['backpropagate@gradient', 'clip gradient@gradient', 'compute accuracy@task', 'compute f1 score@task', 'compute precision@task']
OK 291/900 1910.10111 ops=20 invalid=0 grounded=12 58s ['aggregate@state', 'apply attention@latent', 'backpropagate@gradient', 'compare@error', 'compute distribution@distribution']
OK 292/900 1910.11645 ops=8 invalid=0 grounded=6 19s ['compute@error', 'correct@parameter', 'encode@input', 'evaluate@value', 'extract@latent']
OK 293/900 1910.12003 ops=25 invalid=0 grounded=21 59s ['backpropagate@gradient', 'compare@distribution', 'compare@error', 'compute distribution@distribution', 'compute gradient@gradient']
OK 294/900 1911.04131 ops=25 invalid=0 grounded=25 63s ['approximate value@value', 'backpropagate@gradient', 'compare@error', 'compute connections@state', 'compute distribution@distribution']
OK 295/900 1911.05371 ops=25 invalid=0 grounded=25 66s ['backpropagate@gradient', 'cluster@input', 'compare@distribution', 'compare@input', 'compute distribution@input']
OK 296/900 1911.05954 ops=8 invalid=0 grounded=6 25s ['correct@parameter', 'form subgraph@state', 'integrate module@parameter', 'pool graph@state', 'preserve topology@state']
OK 297/900 1911.06045 ops=26 invalid=0 grounded=25 65s ['backpropagate@gradient', 'compare@error', 'compare@latent', 'compute distribution@distribution', 'compute gradient@gradient']
OK 298/900 1911.07661 ops=20 invalid=0 grounded=20 53s ['assign latent domain@state', 'cluster samples@state', 'compare@value', 'compute clustering assignment@state', 'compute domain generalization metric@value']
OK 299/900 1911.07979 ops=25 invalid=9 grounded=22 58s ['apply gradient@parameter', 'apply loss@error', 'backpropagate@gradient', 'compare@error', 'compare@task']
OK 300/900 1911.08731 ops=7 invalid=0 grounded=7 22s ['apply regularization@parameter', 'compute average loss@error', 'compute gradient@gradient', 'compute group loss@error', 'correct@parameter']
OK 301/900 1911.09265 ops=24 invalid=2 grounded=24 100s ['add regularization@error', 'apply transformation@input', 'backpropagate@gradient', 'clip@gradient', 'compare@error']
OK 302/900 1911.09516 ops=12 invalid=0 grounded=12 42s ['aggregate@latent', 'apply parameters@latent', 'apply weights@latent', 'compute accuracy@value', 'compute weights@latent']
OK 303/900 1911.10194 ops=20 invalid=0 grounded=18 82s ['aggregate@distribution', 'aggregate@latent', 'apply dual aspp@latent', 'apply dual decoder@latent', 'compute ap@distribution']
OK 304/900 1911.11907 ops=8 invalid=3 grounded=8 29s ['backpropagate@gradient', 'compute feature map@input', 'correct@parameter', 'evaluate@error', 'improve@parameter']
OK 305/900 1911.12885 ops=8 invalid=0 grounded=8 31s ['aggregate@latent', 'apply convolution@latent', 'compare@distribution', 'compute attention@distribution', 'correct@parameter']
OK 306/900 1912.00869 ops=25 invalid=0 grounded=19 72s ['aggregate@latent', 'aggregate@trajectory', 'compute@error', 'compute@value', 'correct@parameter']
OK 307/900 1912.01300 ops=8 invalid=0 grounded=7 37s ['assign label@sample', 'compute gradient@gradient', 'compute value@value', 'correct@parameter', 'evaluate@error']
OK 308/900 1912.02424 ops=26 invalid=1 grounded=18 85s ['backpropagate@gradient', 'compare@error', 'compute distribution@distribution', 'compute gradient@gradient', 'compute input@input']
OK 309/900 1912.03432 ops=16 invalid=0 grounded=5 929s ['backpropagate@gradient', 'classify@input', 'clip@gradient', 'compare@value', 'compute distance@state']
OK 310/900 1912.05027 ops=25 invalid=1 grounded=17 404s ['aggregate@trajectory', 'compare@error', 'compute@distribution', 'compute@error', 'compute@reward']
OK 311/900 1912.05070 ops=8 invalid=2 grounded=8 18s ['detect object@input', 'extract feature@input', 'fuse information@latent', 'produce output@input', 'reconstruct@input']
OK 312/900 1912.05656 ops=8 invalid=0 grounded=5 14s ['compare@distribution', 'discriminate@distribution', 'encode@input', 'predict@value', 'reconstruct@sample']
OK 313/900 1912.06683 ops=26 invalid=0 grounded=25 49s ['apply convolution@input', 'apply depthwise separable convolution@input', 'apply residual connection@latent', 'compute accuracy metric@state', 'compute accuracy value@state']
OK 314/900 1912.10917 ops=24 invalid=0 grounded=24 54s ['backpropagate@gradient', 'calibrate@error', 'compare@error', 'compare@value', 'compute distribution@distribution']
OK 315/900 1912.11521 ops=8 invalid=1 grounded=8 16s ['aggregate@trajectory', 'compute attention@latent', 'correct@parameter', 'diffuse@latent', 'encode@state']
OK 316/900 2001.05036 ops=8 invalid=0 grounded=8 13s ['apply kernel@input', 'backpropagate@gradient', 'compute defocus cues@input', 'compute kernel@input', 'correct@parameter']
OK 317/900 2002.02200 ops=24 invalid=0 grounded=24 51s ['backpropagate@gradient', 'clip@gradient', 'compare@error', 'compute accuracy@value', 'compute distribution@distribution']
OK 318/900 2002.03283 ops=20 invalid=0 grounded=16 38s ['aggregate@latent', 'apply attention@latent', 'apply masking@input', 'apply positional encoding@latent', 'apply regularization@parameter']
OK 319/900 2002.10322 ops=8 invalid=3 grounded=7 20s ['apply attention mechanism@distribution', 'compute 3d joint locations@state', 'compute joint shift loss@error', 'correct@parameter', 'feed visibility scores@input']
OK 320/900 2002.12047 ops=25 invalid=0 grounded=21 47s ['apply mask@input', 'backpropagate@gradient', 'compute accuracy@input', 'correct@parameter', 'evaluate@error']
OK 321/900 2003.00688 ops=8 invalid=6 grounded=8 16s ['predict@input', 'recover causal mechanism@value']
OK 322/900 2003.00804 ops=8 invalid=0 grounded=8 15s ['compare@error', 'compare@task', 'correct@parameter', 'evaluate@task', 'reconstruct@task']
OK 323/900 2003.01360 ops=16 invalid=10 grounded=14 29s ['compute distribution@error', 'compute input@input', 'compute reward@error', 'correct@parameter', 'evaluate@error']
OK 324/900 2003.02455 ops=26 invalid=0 grounded=26 47s ['backpropagate@gradient', 'compare@task', 'compute distribution@task', 'compute gradient@parameter', 'compute input@task']
OK 325/900 2003.03007 ops=25 invalid=0 grounded=25 51s ['aggregate@latent', 'backpropagate@gradient', 'compare@error', 'compute action@action', 'compute distribution@distribution']
OK 326/900 2003.04151 ops=25 invalid=0 grounded=21 60s ['apply classifier@task', 'backpropagate error@gradient', 'compute gradient@gradient', 'compute reward@reward', 'compute similarity@state']
OK 327/900 2003.04297 ops=25 invalid=0 grounded=24 52s ['accumulate gradient@gradient', 'apply data augmentation@input', 'apply momentum@parameter', 'apply optimizer@parameter', 'apply temperature scaling@distribution']
OK 328/900 2003.06054 ops=24 invalid=0 grounded=23 47s ['aggregate@state', 'apply gradient@parameter', 'augment@state', 'backpropagate@gradient', 'classify@state']
OK 329/900 2003.07564 ops=25 invalid=0 grounded=25 45s ['aggregate@distribution', 'aggregate@state', 'compute@error', 'compute@value', 'correct@parameter']
OK 330/900 2003.07581 ops=25 invalid=2 grounded=12 74s ['backpropagate@gradient', 'clip@gradient', 'compare@value', 'compute distribution@latent', 'compute reward@task']
OK 331/900 2003.11853 ops=10 invalid=0 grounded=10 25s ['correct@parameter', 'include samples@state', 'increase sparsity@parameter', 'iterate process@task', 'predict@state']
OK 332/900 2003.11883 ops=8 invalid=6 grounded=6 19s ['evaluate@error', 'search network@parameter']
OK 333/900 2003.13081 ops=10 invalid=7 grounded=10 24s ['compute gradient@input', 'evaluate@gradient', 'improve@parameter']
OK 334/900 2003.13328 ops=8 invalid=0 grounded=8 17s ['aggregate@latent', 'apply pooling@input', 'compute feature map@latent', 'correct@parameter', 'evaluate@error']
OK 335/900 2003.13880 ops=25 invalid=0 grounded=19 58s ['aggregate@latent', 'apply 1×1 convolution@input', 'apply convolution@input', 'apply depth-wise convolution@input', 'backpropagate@gradient']
OK 336/900 2004.01278 ops=25 invalid=1 grounded=25 50s ['aggregate@trajectory', 'apply attention@latent', 'backpropagate@gradient', 'clip@gradient', 'compare@value']
OK 337/900 2004.06002 ops=8 invalid=7 grounded=7 21s ['correct@parameter']
OK 338/900 2004.08955 ops=8 invalid=4 grounded=7 18s ['adopt model@parameter', 'compute classification score@input', 'construct computation block@parameter', 'transfer learn@parameter']
OK 339/900 2004.12696 ops=20 invalid=0 grounded=15 43s ['backpropagate@gradient', 'compare@error', 'compute distribution@distribution', 'compute gradient@gradient', 'compute latent@latent']
OK 340/900 2004.13985 ops=10 invalid=0 grounded=10 23s ['aggregate@latent', 'apply convolution@latent', 'backpropagate@gradient', 'compute gradient@gradient', 'correct@parameter']
OK 341/900 2005.04966 ops=23 invalid=0 grounded=18 52s ['assign prototype@latent', 'backpropagate@gradient', 'cluster@latent', 'compare@error', 'compare@latent']
OK 342/900 2005.05859 ops=25 invalid=8 grounded=24 55s ['apply gradient@parameter', 'compute accuracy@value', 'compute gradient@gradient', 'compute metrics@task', 'compute reward@reward']
OK 343/900 2005.10243 ops=10 invalid=2 grounded=10 25s ['apply data augmentation@input', 'compute accuracy@task', 'correct@parameter', 'evaluate@error', 'evaluate@task']
OK 344/900 2006.01424 ops=7 invalid=0 grounded=7 23s ['aggregate@latent', 'compute correlation@latent', 'encode@input', 'extract feature@latent', 'predict@latent']
OK 345/900 2006.02334 ops=25 invalid=12 grounded=22 46s ['aggregate@latent', 'apply convolution@latent', 'compute feature pyramid@latent', 'compute gradient@gradient', 'compute probability@distribution']
OK 346/900 2006.03806 ops=26 invalid=0 grounded=25 61s ['compare@latent', 'compute distribution@latent', 'correct@parameter', 'standardize input@input']
OK 347/900 2006.07733 ops=25 invalid=0 grounded=4 43s ['apply gradient@parameter', 'apply moving average@parameter', 'apply policy@action', 'augment@input', 'backpropagate@gradient']
OK 348/900 2006.09430 ops=8 invalid=6 grounded=8 21s ['compute similarity@distribution', 'create map@distribution']
OK 349/900 2006.09785 ops=25 invalid=10 grounded=24 61s ['backpropagate@gradient', 'correct@parameter', 'evaluate@error']
OK 350/900 2006.10029 ops=25 invalid=0 grounded=24 64s ['correct@parameter', 'encode@input', 'evaluate@error', 'predict@latent']
OK 351/900 2006.15486 ops=8 invalid=4 grounded=7 21s ['correct@parameter', 'evaluate@error', 'improve@parameter', 'train@parameter']
OK 352/900 2006.16067 ops=25 invalid=1 grounded=24 65s ['backpropagate@gradient', 'clip gradient@gradient', 'compare@latent', 'compare@trajectory', 'compute distribution@latent']
OK 353/900 2007.02355 ops=10 invalid=0 grounded=9 37s ['collect votes@state', 'compute accuracy@input', 'compute vote sum@state', 'detect object@state', 'integrate evidence@state']
OK 354/900 2007.03304 ops=20 invalid=13 grounded=18 46s ['compare@distribution', 'compare@parameter', 'compute divergence@distribution', 'compute optimal transport@distribution', 'evaluate@task']
OK 355/900 2007.07875 ops=25 invalid=2 grounded=25 78s ['backpropagate@gradient', 'compare@error', 'compare@trajectory', 'compute distribution@sample', 'compute gradient@error']
OK 356/900 2007.08103 ops=24 invalid=18 grounded=24 66s ['apply convolution@latent', 'backpropagate@gradient', 'correct@parameter', 'evaluate@error', 'fit distribution@distribution']
OK 357/900 2007.09933 ops=24 invalid=0 grounded=23 75s ['apply gradients@parameter', 'backpropagate gradients@gradient', 'compute action@action', 'compute distribution@distribution', 'compute gradients@gradient']
OK 358/900 2007.12927 ops=8 invalid=0 grounded=8 25s ['average parameters@parameter', 'backpropagate@gradient', 'compare@value', 'compute gradient@error', 'correct@parameter']
OK 359/900 2007.13467 ops=8 invalid=0 grounded=8 20s ['assign cluster@latent', 'extract local features@latent', 'group feature maps@latent', 'group pixels@input', 'reconstruct@latent']
OK 360/900 2007.14690 ops=25 invalid=2 grounded=24 50s ['aggregate@input', 'compute@distribution', 'compute@error', 'compute@parameter', 'compute@reward']
FAIL 2007.15678 JSONDecodeError('Invalid \\escape: line 1 column 158 (char 157)')
OK 362/900 2008.01167 ops=16 invalid=9 grounded=16 57s ['classify@latent', 'compute@error', 'compute@reward', 'compute@value', 'correct@parameter']
OK 363/900 2008.03791 ops=8 invalid=8 grounded=8 24s []
OK 364/900 2008.07404 ops=20 invalid=0 grounded=19 44s ['aggregate@latent', 'apply spatial attention@latent', 'apply temporal attention@latent', 'backpropagate@gradient', 'clip@gradient']
OK 365/900 2008.08767 ops=10 invalid=5 grounded=10 24s ['aggregate@latent', 'apply attention@latent', 'extract feature@input', 'reconstruct@input', 'select feature@distribution']
OK 366/900 2008.10329 ops=8 invalid=1 grounded=8 22s ['aggregate@latent', 'apply convolution@input', 'correct@parameter', 'predict@latent', 'process input@input']
OK 367/900 2008.11297 ops=25 invalid=3 grounded=25 67s ['backpropagate@gradient', 'compare@error', 'compute distribution@distribution', 'compute gradient@gradient', 'compute input@input']
OK 368/900 2008.12577 ops=26 invalid=0 grounded=26 57s ['apply transformation@input', 'assign likelihood@input', 'backpropagate error@gradient', 'compare@error', 'compare@input']
OK 369/900 2009.03558 ops=20 invalid=0 grounded=20 47s ['backpropagate@gradient', 'clip@gradient', 'compare@latent', 'compare@value', 'compute latent@input']
OK 370/900 2009.03665 ops=25 invalid=0 grounded=24 64s ['apply gradient@parameter', 'backpropagate@gradient', 'cluster data@state', 'compare@error', 'compute distribution@distribution']
OK 371/900 2009.05250 ops=25 invalid=0 grounded=25 67s ['align regions@state', 'apply attention@distribution', 'backpropagate@gradient', 'compare@latent', 'compute discrepancy@distribution']
OK 372/900 2009.13592 ops=25 invalid=14 grounded=25 75s ['compute balance@error', 'compute ranking@distribution', 'compute ranking@input', 'compute ranking@noise', 'compute ranking@policy']
OK 373/900 2010.01007 ops=8 invalid=5 grounded=8 21s ['compute similarity@state', 'integrate model@parameter', 'model mixture@distribution']
OK 374/900 2010.04925 ops=8 invalid=0 grounded=7 23s ['apply perturbation@parameter', 'backpropagate@gradient', 'clip gradient@gradient', 'compute gradient@gradient', 'correct@parameter']
OK 375/900 2010.07367 ops=25 invalid=0 grounded=25 61s ['backpropagate@gradient', 'clip@gradient', 'compare@error', 'compute distribution@distribution', 'compute gradient@gradient']
OK 376/900 2010.07922 ops=16 invalid=1 grounded=5 36s ['apply augmentation@input', 'backpropagate@gradient', 'compare@error', 'compare@value', 'compute distribution@latent']
OK 377/900 2010.14819 ops=0 invalid=0 grounded=0 4s []
OK 378/900 2011.02572 ops=8 invalid=0 grounded=8 21s ['aggregate@latent', 'apply convolution@input', 'correct@parameter', 'evaluate@error', 'extract input@input']
OK 379/900 2011.02578 ops=25 invalid=1 grounded=25 61s ['build classifier@latent', 'compare@distribution', 'compare@task', 'compute distribution@latent', 'compute distribution@task']
OK 380/900 2011.08036 ops=20 invalid=0 grounded=19 53s ['apply augmentation@input', 'apply tensorrt@parameter', 'compute accuracy@task', 'compute ap50@task', 'compute ap@task']
OK 381/900 2011.08577 ops=25 invalid=3 grounded=21 62s ['aggregate@latent', 'backpropagate@gradient', 'compute@distribution', 'compute@error', 'compute@policy']
OK 382/900 2011.08627 ops=20 invalid=0 grounded=20 53s ['aggregate@error', 'aggregate@trajectory', 'backpropagate@gradient', 'compute@distribution', 'compute@error']
OK 383/900 2011.10566 ops=25 invalid=0 grounded=17 60s ['apply augmentation@input', 'apply clipping@gradient', 'apply filtering@state', 'apply gradient descent@parameter', 'apply mapping@state']
OK 384/900 2011.11765 ops=8 invalid=0 grounded=6 23s ['compute similarity@latent', 'correct@parameter', 'encode@input', 'evaluate@error', 'reconstruct@input']
OK 385/900 2011.12527 ops=8 invalid=0 grounded=8 21s ['classify@state', 'compare@state', 'compute similarity score@state', 'compute weighted features@latent', 'encode@input']
OK 386/900 2011.13244 ops=20 invalid=7 grounded=15 67s ['compute@distribution', 'compute@error', 'compute@reward', 'compute@sample', 'compute@task']
OK 387/900 2011.14479 ops=20 invalid=0 grounded=20 71s ['aggregate@latent', 'apply attention@latent', 'compare@error', 'compare@latent', 'compute class similarity@distribution']
OK 388/900 2011.14672 ops=25 invalid=25 grounded=25 70s []
OK 389/900 2012.00317 ops=25 invalid=0 grounded=21 104s ['aggregate@state', 'apply convolution@input', 'compare@value', 'compute distribution@distribution', 'compute gradient@parameter']
OK 390/900 2012.02818 ops=25 invalid=0 grounded=22 66s ['aggregate@trajectory', 'compare@task', 'compute@distribution', 'compute@error', 'compute@gradient']
OK 391/900 2012.06977 ops=25 invalid=0 grounded=23 73s ['aggregate@latent', 'analyze@error', 'compare@value', 'compute@error', 'compute@value']
OK 392/900 2012.07122 ops=20 invalid=5 grounded=17 54s ['aggregate@latent', 'apply gradient@parameter', 'backpropagate@gradient', 'compare@error', 'compute distribution@latent']
OK 393/900 2012.07176 ops=8 invalid=5 grounded=7 32s ['compute accuracy@task', 'evaluate@task', 'select pseudo shots@task']
OK 394/900 2012.07177 ops=22 invalid=12 grounded=22 64s ['classify@input', 'compare@parameter', 'correct@parameter', 'evaluate@parameter', 'reconstruct@input']
OK 395/900 2012.09164 ops=8 invalid=0 grounded=7 24s ['aggregate@latent', 'compute attention@state', 'correct@parameter', 'encode@input', 'evaluate@error']
OK 396/900 2012.09365 ops=24 invalid=0 grounded=20 56s ['apply loss@error', 'backpropagate@gradient', 'compute action@action', 'compute distribution@distribution', 'compute input@input']
OK 397/900 2012.09382 ops=20 invalid=0 grounded=20 52s ['apply gradient@parameter', 'augment@latent', 'backpropagate@gradient', 'compare@error', 'compute distribution@distribution']
OK 398/900 2012.09439 ops=8 invalid=0 grounded=8 26s ['correct@parameter', 'evaluate@error', 'extract feature@state', 'filter noise@input', 'model geometry@latent']
OK 399/900 2012.10674 ops=20 invalid=0 grounded=20 68s ['apply gradient@parameter', 'assign cluster@state', 'compare@error', 'compute contrastive loss@error', 'compute distribution@distribution']
OK 400/900 2012.10921 ops=8 invalid=2 grounded=8 32s ['compute attention@latent', 'correct@latent', 'correct@parameter', 'evaluate@error', 'fuse features@latent']
OK 401/900 2012.11552 ops=23 invalid=0 grounded=23 77s ['apply gradient@parameter', 'apply optimization@parameter', 'backpropagate@gradient', 'compare@error', 'compute reconstruction error@error']
OK 402/900 2012.12111 ops=8 invalid=1 grounded=8 32s ['aggregate@latent', 'compare@state', 'correct@parameter', 'detect anomaly@state', 'encode@input']
OK 403/900 2012.14371 ops=10 invalid=5 grounded=8 44s ['build kernel@state', 'compute tensor@input', 'incorporate input@input', 'model dynamics@trajectory', 'operate subsequence@trajectory']
OK 404/900 2012.15840 ops=10 invalid=4 grounded=9 31s ['aggregate@latent', 'compute@value', 'encode@input', 'predict@distribution', 'reconstruct@latent']
OK 405/900 2101.02833 ops=8 invalid=2 grounded=7 27s ['backpropagate@gradient', 'compute gradient@error', 'evaluate@sample', 'predict@sample', 'reconstruct@latent']
OK 406/900 2101.03057 ops=20 invalid=0 grounded=20 58s ['aggregate@latent', 'apply prior@parameter', 'apply regularization@parameter', 'backpropagate@gradient', 'compute gradient@gradient']
OK 407/900 2101.06085 ops=25 invalid=0 grounded=25 81s ['aggregate@latent', 'classify@distribution', 'compute@error', 'compute@noise', 'compute@policy']
OK 408/900 2101.07422 ops=25 invalid=0 grounded=25 71s ['aggregate@sample', 'backpropagate@gradient', 'clip@gradient', 'compute@error', 'compute@task']
OK 409/900 2101.08533 ops=8 invalid=0 grounded=8 29s ['apply model@input', 'balance weights@latent', 'compute feature@input', 'evaluate@task', 'ignore color info@input']
OK 410/900 2101.09060 ops=8 invalid=0 grounded=8 25s ['analyze behavior@policy', 'augment@input', 'compare@error', 'compare@task', 'correct@parameter']
OK 411/900 2101.10043 ops=25 invalid=14 grounded=14 69s ['compare@sample', 'compute anomaly score@sample', 'compute deviation@sample', 'compute distance@sample', 'compute gradient@error']
OK 412/900 2101.10837 ops=0 invalid=0 grounded=0 3s []
OK 413/900 2102.03539 ops=20 invalid=0 grounded=20 55s ['apply augmentation@latent', 'apply transformation@latent', 'augment@latent', 'backpropagate@gradient', 'compute gradient@gradient']
OK 414/900 2102.04378 ops=24 invalid=6 grounded=21 61s ['aggregate@latent', 'compute@value', 'cover@latent', 'encode@input', 'extract@latent']
OK 415/900 2102.05095 ops=20 invalid=0 grounded=5 63s ['aggregate@latent', 'apply attention@input', 'apply spatial attention@input', 'apply temporal attention@input', 'backpropagate@gradient']
OK 416/900 2102.07092 ops=20 invalid=0 grounded=20 47s ['aggregate@state', 'apply convolution@latent', 'compare@error', 'compare@value', 'compute distribution@distribution']
OK 417/900 2102.07870 ops=25 invalid=0 grounded=25 61s ['apply momentum@gradient', 'backpropagate@error', 'compare@error', 'compute distribution@distribution', 'compute gradient@error']
OK 418/900 2102.08604 ops=26 invalid=0 grounded=25 83s ['average parameters@parameter', 'backpropagate@gradient', 'compare@error', 'compute distribution@distribution', 'compute gradient@gradient']
OK 419/900 2102.11533 ops=25 invalid=0 grounded=19 80s ['aggregate@state', 'attend@distribution', 'backpropagate@gradient', 'compare@distribution', 'compute@distribution']
OK 420/900 2102.11600 ops=8 invalid=0 grounded=5 25s ['compare@error', 'compute generalization bound@task', 'compute gradient@error', 'compute sharpness@error', 'correct@parameter']
OK 421/900 2103.01451 ops=25 invalid=12 grounded=25 69s ['apply loss@error', 'compute attribute difference@state', 'compute attribute score@distribution', 'compute distance@state', 'compute prior loss@error']
OK 422/900 2103.01988 ops=25 invalid=0 grounded=21 72s ['backpropagate@gradient', 'clip@gradient', 'compare@error', 'compute distribution@distribution', 'compute latent@latent']
OK 423/900 2103.03230 ops=8 invalid=3 grounded=8 27s ['apply distortion@input', 'correct@parameter', 'feed input@parameter', 'reconstruct@parameter', 'train@input']
OK 424/900 2103.06132 ops=20 invalid=2 grounded=20 69s ['aggregate@latent', 'apply activation@latent', 'apply regularization@parameter', 'backpropagate gradient@gradient', 'compute gradient@gradient']
OK 425/900 2103.09460 ops=20 invalid=12 grounded=20 65s ['apply dilation@latent', 'correct@parameter', 'encode@input', 'evaluate@error', 'predict@latent']
OK 426/900 2103.10697 ops=20 invalid=0 grounded=17 57s ['apply attention@state', 'backpropagate@gradient', 'clip@gradient', 'compare@error', 'compute distribution@distribution']
OK 427/900 2103.10994 ops=8 invalid=1 grounded=8 24s ['aggregate@error', 'apply augmentation@input', 'compute log probability@distribution', 'correct@parameter', 'evaluate@error']
OK 428/900 2103.11816 ops=20 invalid=0 grounded=9 84s ['aggregate@latent', 'apply attention mechanism@latent', 'apply class token attention@latent', 'backpropagate gradients@gradient', 'compare@task']
OK 429/900 2103.12209 ops=25 invalid=0 grounded=25 106s ['align images@input', 'apply transformation@input', 'backpropagate@gradient', 'compare@error', 'compare@input']
OK 430/900 2103.12731 ops=10 invalid=0 grounded=10 41s ['compare@value', 'compute attention@input', 'compute attention@latent', 'compute distribution@latent', 'compute gradient@parameter']
OK 431/900 2103.13027 ops=26 invalid=10 grounded=25 78s ['compare@sample', 'compute gradient@error', 'reconstruct@input']
OK 432/900 2103.13413 ops=8 invalid=1 grounded=7 26s ['aggregate@latent', 'assemble tokens@input', 'compare@error', 'correct@parameter', 'create representation@latent']
OK 433/900 2103.14027 ops=0 invalid=0 grounded=0 3s []
OK 434/900 2103.14182 ops=20 invalid=0 grounded=17 53s ['aggregate@latent', 'apply non-linearity@latent', 'apply self-attention@latent', 'backpropagate error@gradient', 'clip gradient@gradient']
OK 435/900 2103.14431 ops=20 invalid=12 grounded=20 55s ['compare@parameter', 'compute@error', 'compute@value', 'evaluate@task', 'generalize@task']
OK 436/900 2103.14635 ops=8 invalid=7 grounded=7 34s ['integrate network@parameter']
OK 437/900 2103.15584 ops=8 invalid=0 grounded=8 30s ['aggregate@latent', 'correct@parameter', 'encode@latent', 'evaluate@error', 'extract feature@input']
OK 438/900 2103.15691 ops=66 invalid=2 grounded=65 208s ['backpropagate@gradient', 'classify@state', 'compare@error', 'compute action@action', 'compute distribution@distribution']
OK 439/900 2103.15808 ops=24 invalid=0 grounded=20 75s ['apply attention@latent', 'backpropagate@gradient', 'clip@gradient', 'compare@error', 'compute distribution@distribution']
OK 440/900 2104.00556 ops=24 invalid=0 grounded=24 119s ['compute camera pose@latent', 'compute depth map@latent', 'compute depth@latent', 'compute pose@latent', 'compute relative depth@latent']
OK 441/900 2104.01329 ops=8 invalid=0 grounded=8 35s ['compare@state', 'compute reward@reward', 'correct@parameter', 'encode@input', 'predict@value']
OK 442/900 2104.02008 ops=8 invalid=0 grounded=8 25s ['apply statistics@input', 'backpropagate@gradient', 'compare@error', 'compute statistics@input', 'correct@parameter']
OK 443/900 2104.02057 ops=20 invalid=0 grounded=20 60s ['backpropagate@gradient', 'clip@gradient', 'compare@error', 'compute action@action', 'compute distribution@distribution']
OK 444/900 2104.02745 ops=25 invalid=0 grounded=25 82s ['apply loss@error', 'backpropagate@gradient', 'clip gradient@gradient', 'compare@error', 'compute boundary@latent']
OK 445/900 2104.04899 ops=14 invalid=0 grounded=12 48s ['aggregate@distribution', 'approximate global iou@error', 'compute box ap@value', 'compute contextual information@distribution', 'compute cross-iou@error']
OK 446/900 2104.06770 ops=8 invalid=2 grounded=6 27s ['aggregate@latent', 'construct graph@latent', 'correct@parameter', 'encode@input', 'evaluate@error']
OK 447/900 2104.07876 ops=25 invalid=0 grounded=24 77s ['backpropagate@gradient', 'clip@gradient', 'compare@error', 'compute distribution@distribution', 'compute gradient@gradient']
FAIL 2104.07916 JSONDecodeError('Invalid \\uXXXX escape: line 1 column 93 (char 92)')
OK 449/900 2104.08760 ops=25 invalid=0 grounded=25 84s ['apply gradient@parameter', 'backpropagate@gradient', 'clip@gradient', 'compare@error', 'compute distance@sample']
OK 450/900 2104.11178 ops=20 invalid=0 grounded=19 76s ['backpropagate@gradient', 'compute accuracy@task', 'compute contrastive loss@error', 'compute map@value', 'compute top-1 accuracy@task']
OK 451/900 2104.11227 ops=8 invalid=0 grounded=7 25s ['apply transformer@latent', 'encode@input', 'encode@state', 'evaluate@error', 'expand channels@latent']
OK 452/900 2104.13586 ops=8 invalid=3 grounded=5 24s ['aggregate@latent', 'convert input@state', 'predict@state', 'process input@input', 'reconstruct@state']
OK 453/900 2104.13897 ops=15 invalid=0 grounded=12 47s ['aggregate@latent', 'attend@latent', 'compare@input', 'compute distribution@latent', 'compute reward@input']
OK 454/900 2105.01288 ops=25 invalid=0 grounded=25 90s ['aggregate@trajectory', 'compare@value', 'compute accuracy@task', 'compute distribution@state', 'compute feature@state']
OK 455/900 2105.02465 ops=25 invalid=23 grounded=24 78s ['backpropagate@gradient', 'compute gradient@parameter']
OK 456/900 2105.02723 ops=8 invalid=1 grounded=8 39s ['apply feed-forward@latent', 'backpropagate@gradient', 'compute accuracy@task', 'compute reward@reward', 'correct@parameter']
OK 457/900 2105.03404 ops=19 invalid=0 grounded=17 49s ['add residual connection@latent', 'apply data augmentation@input', 'apply distillation@input', 'apply feed-forward network@latent', 'apply linear transformation@input']
OK 458/900 2105.03889 ops=8 invalid=0 grounded=8 23s ['aggregate@latent', 'capture global representations@input', 'extract local features@input', 'fuse global representations@latent', 'fuse local features@latent']
OK 459/900 2105.04206 ops=10 invalid=6 grounded=9 26s ['analyze@latent', 'encode@input', 'reconstruct@latent', 'train@task']
OK 460/900 2105.04319 ops=25 invalid=0 grounded=25 69s ['backpropagate@gradient', 'clip@gradient', 'compare@error', 'compute distribution@distribution', 'compute gradient@gradient']
OK 461/900 2105.04553 ops=20 invalid=0 grounded=20 71s ['backpropagate@gradient', 'compare@latent', 'compare@task', 'compute distribution@latent', 'compute distribution@task']
OK 462/900 2105.04906 ops=20 invalid=0 grounded=16 53s ['backpropagate@gradient', 'compare@error', 'compute covariance@latent', 'compute distribution@distribution', 'compute gradient@gradient']
OK 463/900 2105.05348 ops=8 invalid=0 grounded=8 28s ['aggregate@latent', 'apply transformation@input', 'classify@input', 'compute accuracy@task', 'correct@parameter']
OK 464/900 2105.05633 ops=24 invalid=1 grounded=14 85s ['aggregate@distribution', 'aggregate@sample', 'classify@input', 'compare@task', 'compute@error']
OK 465/900 2105.08054 ops=20 invalid=0 grounded=20 49s ['backpropagate@gradient', 'cluster samples@sample', 'compute distribution@distribution', 'compute gradient@gradient', 'compute input@input']
OK 466/900 2105.10305 ops=10 invalid=0 grounded=10 33s ['apply gradient@parameter', 'backpropagate@gradient', 'compute accuracy@task', 'compute covariance@latent', 'compute gradient@gradient']
OK 467/900 2105.11610 ops=20 invalid=0 grounded=18 50s ['apply mask@input', 'apply transformation@state', 'backpropagate@gradient', 'compare@error', 'compute distribution@distribution']
OK 468/900 2105.12723 ops=10 invalid=0 grounded=10 29s ['aggregate@latent', 'backpropagate@gradient', 'communicate@latent', 'compare@latent', 'compute gradient@gradient']
OK 469/900 2106.01603 ops=16 invalid=1 grounded=16 43s ['aggregate@distribution', 'apply residual connection@latent', 'backpropagate@gradient', 'compute accuracy@task', 'compute channel attention@distribution']
OK 470/900 2106.02253 ops=8 invalid=7 grounded=8 29s ['transform features@input']
OK 471/900 2106.03650 ops=8 invalid=0 grounded=8 25s ['aggregate@latent', 'apply convolution@state', 'compute attention@latent', 'concatenate@state', 'correct@parameter']
OK 472/900 2106.03844 ops=25 invalid=0 grounded=25 76s ['backpropagate@gradient', 'compare@error', 'compute distribution@distribution', 'compute gradient@gradient', 'compute input@input']
OK 473/900 2106.05392 ops=25 invalid=0 grounded=20 64s ['aggregate@latent', 'backpropagate@gradient', 'clip@gradient', 'compare@error', 'compute action@action']
OK 474/900 2106.05968 ops=25 invalid=0 grounded=25 65s ['apply attention@input', 'attend spatial@input', 'attend temporal@input', 'backpropagate@gradient', 'clip@gradient']
OK 475/900 2106.09018 ops=25 invalid=0 grounded=25 65s ['apply curriculum@task', 'apply jitter@action', 'backpropagate@gradient', 'compare@error', 'compute distribution@distribution']
OK 476/900 2106.09785 ops=25 invalid=0 grounded=24 59s ['aggregate@latent', 'backpropagate@gradient', 'compare@distribution', 'compare@error', 'compute action@action']
OK 477/900 2106.13061 ops=24 invalid=0 grounded=20 71s ['aggregate@latent', 'backpropagate@gradient', 'clip@gradient', 'compare@error', 'compare@value']
OK 478/900 2106.13112 ops=25 invalid=0 grounded=20 85s ['backpropagate@gradient', 'clip@gradient', 'compare@error', 'compute attention@latent', 'compute distribution@distribution']
OK 479/900 2106.13230 ops=23 invalid=0 grounded=23 61s ['aggregate@latent', 'backpropagate@gradient', 'clip@gradient', 'compute@distribution', 'compute@error']
OK 480/900 2106.13797 ops=8 invalid=0 grounded=8 22s ['apply convolution@latent', 'compute attention@latent', 'correct@parameter', 'encode@input', 'evaluate@error']
OK 481/900 2106.14855 ops=25 invalid=2 grounded=22 80s ['apply kernel@input', 'backpropagate@gradient', 'compare@error', 'compute distribution@distribution', 'compute gradient@gradient']
OK 482/900 2106.15125 ops=8 invalid=0 grounded=8 25s ['aggregate@latent', 'apply convolution@input', 'compute graph convolution@latent', 'evaluate@task', 'process input@input']
OK 483/900 2107.00420 ops=8 invalid=0 grounded=6 24s ['aggregate@latent', 'apply supervision@error', 'correct@parameter', 'encode@input', 'evaluate@error']
OK 484/900 2107.00651 ops=14 invalid=5 grounded=14 42s ['aggregate@latent', 'compare@value', 'compute@value', 'encode@input', 'inherit@parameter']
OK 485/900 2107.02575 ops=20 invalid=1 grounded=18 53s ['compare@distribution', 'compare@task', 'compute mutual information@error', 'compute tuple correspondences@distribution', 'correct@parameter']
OK 486/900 2107.02960 ops=20 invalid=0 grounded=20 62s ['aggregate@latent', 'backpropagate@gradient', 'compare@error', 'compute distribution@distribution', 'compute gradient@gradient']
OK 487/900 2107.06278 ops=25 invalid=0 grounded=24 69s ['backpropagate@gradient', 'classify@distribution', 'clip@gradient', 'compare@error', 'compute action@action']
OK 488/900 2107.07746 ops=16 invalid=0 grounded=2 36s ['apply clip@gradient', 'backpropagate@gradient', 'classify@state', 'compare@error', 'compute distribution@distribution']
OK 489/900 2107.07797 ops=8 invalid=1 grounded=8 24s ['aggregate@latent', 'assign edges@state', 'construct graph@state', 'form output@state', 'intervene@input']
OK 490/900 2107.12571 ops=25 invalid=0 grounded=24 54s ['backpropagate@gradient', 'compare@input', 'compute anomaly score@input', 'compute distribution@input', 'compute distribution@latent']
OK 491/900 2107.12655 ops=10 invalid=0 grounded=9 28s ['aggregate@latent', 'apply attention weights@latent', 'apply discrete convolution@latent', 'apply kernel weights@latent', 'compute channel correlation@latent']
OK 492/900 2107.13800 ops=25 invalid=11 grounded=25 67s ['aggregate@latent', 'compute@error', 'correct@parameter', 'encode@input', 'encode@parameter']
OK 493/900 2108.01901 ops=25 invalid=0 grounded=22 51s ['aggregate@latent', 'apply attention@latent', 'backpropagate@gradient', 'compare@error', 'compute distribution@distribution']
OK 494/900 2108.05010 ops=8 invalid=2 grounded=8 22s ['compare@error', 'compute distribution@distribution', 'compute mean@distribution', 'compute value@value', 'extract feature@input']
OK 495/900 2108.05045 ops=8 invalid=0 grounded=7 21s ['assign label@sample', 'collect data@task', 'collect images@input', 'evaluate@task', 'form dataset@task']
OK 496/900 2108.05340 ops=25 invalid=0 grounded=23 57s ['aggregate@latent', 'apply attention mechanism@latent', 'apply attention pyramid@latent', 'apply attention@latent', 'apply channel-wise attention@latent']
OK 497/900 2108.06076 ops=8 invalid=0 grounded=6 22s ['aggregate@latent', 'apply transformation@latent', 'compute attention@latent', 'encode@input', 'evaluate@error']
OK 498/900 2108.06152 ops=20 invalid=0 grounded=20 62s ['backpropagate@gradient', 'clip@gradient', 'compare@error', 'compute attention@latent', 'compute distribution@distribution']
OK 499/900 2108.07755 ops=12 invalid=0 grounded=12 29s ['align task@task', 'assign sample@sample', 'classify@input', 'compare@task', 'correct@parameter']
OK 500/900 2108.08728 ops=20 invalid=0 grounded=20 48s ['backpropagate@gradient', 'compare@error', 'compute counterfactual intervention@state', 'compute distribution@distribution', 'compute policy@policy']
OK 501/900 2108.09666 ops=10 invalid=0 grounded=10 26s ['aggregate@latent', 'compute correlation@state', 'compute cross correlation@state', 'compute relational attention@distribution', 'extract pattern@latent']
OK 502/900 2108.10257 ops=24 invalid=0 grounded=23 47s ['apply residual connection@latent', 'apply transformer@latent', 'backpropagate@gradient', 'clip@value', 'compare@error']
OK 503/900 2108.12159 ops=24 invalid=17 grounded=23 77s ['compute feature parameters@distribution', 'compute gaussian parameters@distribution', 'compute gaussian@distribution', 'encode@input', 'evaluate@task']
OK 504/900 2108.12468 ops=20 invalid=6 grounded=19 56s ['compare@parameter', 'compute value@task', 'conduct experiments@task', 'design network@parameter', 'evaluate@task']
OK 505/900 2109.01696 ops=25 invalid=0 grounded=25 66s ['apply gradient@parameter', 'backpropagate@gradient', 'compare@error', 'compute distribution@distribution', 'compute gradient@gradient']
OK 506/900 2109.02038 ops=8 invalid=3 grounded=8 22s ['correct@parameter', 'evaluate@task', 'jointly optimize@parameter', 'reduce error@error', 'train@parameter']
OK 507/900 2109.02303 ops=8 invalid=2 grounded=8 20s ['attend@latent', 'backpropagate@gradient', 'correct@parameter', 'encode@input', 'reconstruct@latent']
OK 508/900 2109.02934 ops=25 invalid=0 grounded=25 67s ['align loss landscapes@parameter', 'compare@error', 'compare@gradient', 'compute covariance@gradient', 'compute fisher information matrix@error']
OK 509/900 2109.04454 ops=8 invalid=0 grounded=8 23s ['apply convolution@state', 'backpropagate@gradient', 'compare@error', 'correct@parameter', 'encode@latent']
OK 510/900 2109.07107 ops=25 invalid=0 grounded=25 63s ['apply attention variant@distribution', 'backpropagate loss@gradient', 'compute attention weights@distribution', 'compute object bounding box@state', 'compute object class@distribution']
OK 511/900 2109.07353 ops=26 invalid=21 grounded=25 58s ['correct@parameter', 'lift pose@state', 'predict@state', 'process input@input']
OK 512/900 2109.08472 ops=10 invalid=1 grounded=9 28s ['compute accuracy@task', 'compute similarity@distribution', 'correct@parameter', 'encode@input', 'evaluate@error']
OK 513/900 2109.12909 ops=20 invalid=1 grounded=18 37s ['act@latent', 'backpropagate@gradient', 'clip@gradient', 'compute distribution@distribution', 'compute domain shift@task']
OK 514/900 2109.12932 ops=25 invalid=0 grounded=19 53s ['aggregate@latent', 'assign class@latent', 'assign label@latent', 'classify@input', 'compare@latent']
OK 515/900 2109.13432 ops=25 invalid=0 grounded=19 51s ['backpropagate@gradient', 'compare@error', 'compute distribution@distribution', 'compute gradient@gradient', 'compute input@input']
OK 516/900 2109.15222 ops=8 invalid=0 grounded=7 19s ['blend patches@input', 'compute metrics@task', 'detect anomalies@input', 'evaluate@task', 'extract patches@input']
OK 517/900 2110.00476 ops=11 invalid=0 grounded=11 24s ['apply data augmentation@input', 'backpropagate@gradient', 'compute accuracy@error', 'correct@parameter', 'encode@latent']
OK 518/900 2110.02178 ops=10 invalid=0 grounded=10 33s ['aggregate@latent', 'apply convolution@latent', 'apply self-attention@latent', 'apply transformer@latent', 'compute accuracy@task']
OK 519/900 2110.03396 ops=8 invalid=0 grounded=7 23s ['apply augmentation@state', 'compute metric@task', 'concatenate channel@input', 'correct@parameter', 'evaluate@error']
OK 520/900 2110.07933 ops=24 invalid=18 grounded=24 57s ['correct@parameter', 'encode@input']
OK 521/900 2110.08059 ops=20 invalid=9 grounded=19 44s ['apply convolution@input', 'compare@task', 'compute benchmark accuracy@task', 'compute classification accuracy@task', 'compute kernel size@parameter']
OK 522/900 2110.09243 ops=25 invalid=2 grounded=21 49s ['compare@error', 'compute action@action', 'compute distribution@distribution', 'compute input@input', 'compute latent@latent']
OK 523/900 2110.09446 ops=20 invalid=0 grounded=18 36s ['backpropagate@gradient', 'compare@latent', 'compare@task', 'compare@value', 'compute distribution@latent']
OK 524/900 2110.10538 ops=20 invalid=0 grounded=16 58s ['apply anisotropic reduction@latent', 'apply set abstraction@state', 'backpropagate@gradient', 'compare@error', 'compute distribution@distribution']
OK 525/900 2110.10832 ops=26 invalid=10 grounded=26 53s ['compare@action', 'compare@distribution', 'compare@error', 'compare@gradient', 'compare@input']
OK 526/900 2111.01236 ops=10 invalid=3 grounded=10 27s ['aggregate@latent', 'compare@task', 'compute@value', 'encode@input', 'improve@parameter']
OK 527/900 2111.04331 ops=25 invalid=6 grounded=18 52s ['backpropagate@gradient', 'compare@task', 'compare@trajectory', 'compute distribution@task', 'compute gradient@parameter']
OK 528/900 2111.06283 ops=20 invalid=20 grounded=20 40s []
OK 529/900 2111.06377 ops=15 invalid=0 grounded=12 32s ['apply gradient@parameter', 'backpropagate@gradient', 'compare@error', 'compute accuracy@value', 'correct@parameter']
OK 530/900 2111.07677 ops=8 invalid=0 grounded=7 21s ['apply flow@latent', 'compute distance@latent', 'compute likelihood@latent', 'detect anomaly@latent', 'extract feature@input']
OK 531/900 2111.07832 ops=25 invalid=0 grounded=22 52s ['backpropagate@gradient', 'clip@gradient', 'compare@error', 'compute distribution@distribution', 'compute policy@policy']
OK 532/900 2111.08799 ops=25 invalid=23 grounded=25 57s ['compute gradient@error', 'correct@parameter']
OK 533/900 2111.09883 ops=15 invalid=0 grounded=14 33s ['apply attention@input', 'classify@input', 'correct@parameter', 'detect object@input', 'evaluate@error']
OK 534/900 2111.10007 ops=0 invalid=0 grounded=0 4s []
OK 535/900 2111.11418 ops=10 invalid=0 grounded=9 22s ['apply spatial pooling@input', 'backpropagate@gradient', 'compare@error', 'compute value@value', 'correct@parameter']
OK 536/900 2111.12527 ops=15 invalid=0 grounded=15 36s ['act@input', 'aggregate@input', 'apply morphfc_s@input', 'apply morphfc_t@input', 'backpropagate@gradient']
OK 537/900 2111.12710 ops=20 invalid=0 grounded=18 49s ['backpropagate@gradient', 'compare@error', 'compare@latent', 'compute distribution@latent', 'compute gradient@gradient']
OK 538/900 2111.12933 ops=12 invalid=1 grounded=10 31s ['aggregate@latent', 'apply augmentation@input', 'backpropagate@gradient', 'compute accuracy@task', 'compute map@task']
OK 539/900 2111.14585 ops=25 invalid=6 grounded=22 67s ['apply gradient@parameter', 'apply noise@noise', 'backpropagate gradient@gradient', 'compare@error', 'compute accuracy@task']
OK 540/900 2112.01514 ops=25 invalid=4 grounded=20 59s ['apply transformation@input', 'backpropagate@gradient', 'clip@gradient', 'compare@latent', 'compute distribution@latent']
OK 541/900 2112.01526 ops=25 invalid=0 grounded=24 54s ['apply attention@latent', 'apply residual@latent', 'backpropagate@gradient', 'compare@error', 'compare@value']
OK 542/900 2112.01527 ops=20 invalid=0 grounded=6 49s ['apply cross attention@latent', 'backpropagate@gradient', 'clip@gradient', 'compare@error', 'compute distribution@distribution']
OK 543/900 2112.01529 ops=25 invalid=0 grounded=24 49s ['compare@error', 'correct@parameter', 'encode@input', 'mask@input', 'predict@input']
OK 544/900 2112.03857 ops=23 invalid=0 grounded=19 48s ['backpropagate@gradient', 'compute accuracy@value', 'compute ap score@value', 'compute f1 score@value', 'compute one-shot performance@task']
OK 545/900 2112.04632 ops=20 invalid=0 grounded=19 47s ['aggregate@latent', 'apply gradient@parameter', 'backpropagate@gradient', 'clip gradient@gradient', 'compute attention@latent']
OK 546/900 2112.04662 ops=25 invalid=0 grounded=24 62s ['aggregate@latent', 'apply consistency@error', 'apply constraint@error', 'apply cross-view constraint@error', 'compare@latent']
OK 547/900 2112.04863 ops=8 invalid=0 grounded=8 20s ['aggregate@latent', 'classify@state', 'compute attention@latent', 'correct@parameter', 'encode@state']
OK 548/900 2112.04903 ops=25 invalid=2 grounded=25 51s ['aggregate@state', 'backpropagate@gradient', 'compare@error', 'compute accuracy@task', 'compute auc@distribution']
OK 549/900 2112.07517 ops=20 invalid=0 grounded=17 49s ['aggregate@latent', 'apply gradient@parameter', 'backpropagate@gradient', 'clip gradient@gradient', 'compute gradient@gradient']
OK 550/900 2112.09133 ops=25 invalid=0 grounded=24 78s ['backpropagate@gradient', 'compare@error', 'compute distribution@distribution', 'compute gradient@gradient', 'compute input@input']
OK 551/900 2112.09802 ops=25 invalid=8 grounded=24 75s ['compare@value', 'compute gradient@parameter', 'compute value@reward', 'correct@parameter', 'evaluate@parameter']
OK 552/900 2112.12577 ops=8 invalid=1 grounded=8 18s ['compare@error', 'minimize error@error', 'predict@state', 'reconstruct@input', 'synthesize image@input']
OK 553/900 2112.12782 ops=8 invalid=0 grounded=8 21s ['apply attention@latent', 'compare@distribution', 'correct@parameter', 'encode@input', 'predict@latent']
OK 554/900 2201.00520 ops=25 invalid=0 grounded=25 60s ['aggregate@latent', 'apply attention@latent', 'backpropagate@gradient', 'clip@gradient', 'compare@error']
OK 555/900 2201.01427 ops=20 invalid=0 grounded=19 41s ['aggregate@distribution', 'attend@latent', 'compute@error', 'compute@value', 'correct@distribution']
OK 556/900 2201.04288 ops=20 invalid=0 grounded=19 44s ['backpropagate@gradient', 'compare@error', 'compute distribution@distribution', 'compute gradient@gradient', 'compute parameter@parameter']
OK 557/900 2201.07436 ops=25 invalid=4 grounded=25 54s ['aggregate@latent', 'analyze@error', 'augment@input', 'backpropagate@gradient', 'compare@value']
OK 558/900 2201.09699 ops=25 invalid=1 grounded=18 50s ['backpropagate@error', 'backpropagate@gradient', 'clip@gradient', 'compare@task', 'compute distribution@latent']
OK 559/900 2201.09792 ops=24 invalid=0 grounded=16 55s ['apply convolution@latent', 'apply transformation@latent', 'backpropagate gradient@gradient', 'compare@error', 'compare@value']
OK 560/900 2201.10801 ops=13 invalid=3 grounded=13 29s ['analyze factor@parameter', 'classify@input', 'compare@parameter', 'compute output@parameter', 'construct network@parameter']
OK 561/900 2202.03026 ops=8 invalid=0 grounded=7 19s ['align@latent', 'compute@latent', 'encode@input', 'predict@latent', 'reconstruct@input']
OK 562/900 2202.03555 ops=25 invalid=0 grounded=25 61s ['apply gradient@parameter', 'apply mask@input', 'apply policy@policy', 'backpropagate@gradient', 'compare@error']
OK 563/900 2202.07123 ops=25 invalid=0 grounded=25 59s ['add residual@latent', 'apply affine transformation@latent', 'backpropagate@gradient', 'clip@gradient', 'compare@latent']
OK 564/900 2202.08360 ops=8 invalid=0 grounded=8 22s ['compare@error', 'compute value@value', 'correct@parameter', 'encode@input', 'predict@distribution']
OK 565/900 2202.09741 ops=10 invalid=0 grounded=10 29s ['apply attention@latent', 'compare@task', 'compute accuracy@task', 'compute attention@input', 'compute output@latent']
OK 566/900 2202.10108 ops=20 invalid=0 grounded=20 45s ['aggregate@latent', 'apply convolution@input', 'compute accuracy@value', 'compute attention@latent', 'compute performance@value']
OK 567/900 2202.10251 ops=8 invalid=0 grounded=7 25s ['aggregate@latent', 'apply attention@latent', 'compute correlation@state', 'correct@latent', 'encode@input']
OK 568/900 2203.01522 ops=25 invalid=1 grounded=24 57s ['backpropagate@gradient', 'compare@error', 'compute distribution@distribution', 'compute gradient@gradient', 'compute latent representation@state']
OK 569/900 2203.04600 ops=69 invalid=1 grounded=59 143s ['backpropagate@gradient', 'clip@gradient', 'compare@error', 'compute distribution@distribution', 'compute gradient@parameter']
OK 570/900 2203.06108 ops=8 invalid=0 grounded=7 19s ['assemble tokens@state', 'compute value@value', 'correct@parameter', 'fuse context@state', 'mix tokens@state']
OK 571/900 2203.07628 ops=10 invalid=1 grounded=10 27s ['aggregate@input', 'correct@parameter', 'downsample@input', 'encode@input', 'evaluate@error']
OK 572/900 2203.08534 ops=23 invalid=0 grounded=10 42s ['aggregate@latent', 'attend to sequence@latent', 'backpropagate@gradient', 'clip@gradient', 'compute motion continuity@state']
OK 573/900 2203.09064 ops=24 invalid=0 grounded=22 65s ['backpropagate@gradient', 'compare@error', 'compute distribution@distribution', 'compute gradient@gradient', 'compute policy@policy']
OK 574/900 2203.09694 ops=25 invalid=19 grounded=25 53s ['aggregate@latent', 'apply context@latent', 'compute context@latent', 'correct@latent', 'encode@latent']
OK 575/900 2203.10233 ops=25 invalid=0 grounded=25 58s ['backpropagate@gradient', 'compare@error', 'compute action@action', 'compute attention@latent', 'compute dependency@trajectory']
OK 576/900 2203.10789 ops=20 invalid=0 grounded=20 44s ['backpropagate@gradient', 'clip@gradient', 'compare@error', 'compute distribution@distribution', 'compute latent@latent']
OK 577/900 2203.11009 ops=20 invalid=2 grounded=19 36s ['accelerate computation@parameter', 'aggregate@latent', 'apply convolution@latent', 'backpropagate error@gradient', 'clip gradient@gradient']
OK 578/900 2203.11378 ops=20 invalid=16 grounded=19 55s ['adapt model@parameter', 'encode@task', 'use hypernetwork@task']
OK 579/900 2203.11471 ops=8 invalid=1 grounded=8 22s ['compare@error', 'convert input@input', 'correct@parameter', 'evaluate@value', 'model distribution@distribution']
OK 580/900 2203.13387 ops=8 invalid=1 grounded=8 18s ['act@latent', 'correct@parameter', 'encode@distribution', 'encode@input', 'encode@state']
OK 581/900 2203.14370 ops=8 invalid=4 grounded=8 24s ['encode@input', 'maximize@error', 'minimize@error', 'track@latent']
OK 582/900 2203.14415 ops=10 invalid=0 grounded=10 26s ['aggregate@latent', 'align features@latent', 'bring samples close@latent', 'evaluate@error', 'evaluate@task']
OK 583/900 2203.15331 ops=8 invalid=0 grounded=8 22s ['analyze distribution@parameter', 'assess suitability@parameter', 'collect filters@parameter', 'compare@parameter', 'compute shift@parameter']
OK 584/900 2203.15625 ops=25 invalid=4 grounded=24 51s ['aggregate@parameter', 'aggregate@sample', 'co-evolve@parameter', 'compare@parameter', 'compute@error']
OK 585/900 2203.16527 ops=8 invalid=0 grounded=8 21s ['apply attention@latent', 'construct pyramid@latent', 'correct@parameter', 'encode@input', 'evaluate@error']
OK 586/900 2203.16533 ops=25 invalid=0 grounded=24 47s ['assign labels@latent', 'backpropagate@gradient', 'cluster examples@latent', 'compare@error', 'compare@latent']
OK 587/900 2204.00102 ops=25 invalid=16 grounded=21 53s ['compute accuracy@task', 'compute gate@latent', 'compute performance@task', 'compute signal@task', 'correct@parameter']
OK 588/900 2204.01186 ops=8 invalid=0 grounded=8 21s ['compute distance@input', 'correct@input', 'find nearest neighbor@input', 'increase knowledge@input', 'output class@input']
OK 589/900 2204.01678 ops=15 invalid=0 grounded=15 34s ['apply mask@input', 'backpropagate@gradient', 'compare@error', 'compute gradient@gradient', 'correct@parameter']
OK 590/900 2204.01969 ops=25 invalid=2 grounded=25 57s ['backpropagate@gradient', 'clip@gradient', 'compare@error', 'compute gradient@gradient', 'compute trajectory@trajectory']
OK 591/900 2204.03065 ops=8 invalid=0 grounded=8 18s ['approximate solution@distribution', 'compute distance@state', 'compute similarity@state', 'correct@parameter', 'encode@latent']
OK 592/900 2204.03645 ops=11 invalid=8 grounded=11 27s ['create channel tokens@input', 'create spatial tokens@input', 'split tokens@input']
OK 593/900 2204.07143 ops=12 invalid=0 grounded=11 31s ['apply attention@latent', 'backpropagate@gradient', 'compare@error', 'compute attention@state', 'compute distribution@distribution']
OK 594/900 2204.07305 ops=25 invalid=0 grounded=25 52s ['apply gradient@parameter', 'apply noise@noise', 'backpropagate@gradient', 'compare@error', 'compute distribution@distribution']
OK 595/900 2204.08721 ops=10 invalid=4 grounded=10 25s ['backpropagate@gradient', 'correct@parameter', 'evaluate@error', 'improve@parameter', 'predict@distribution']
OK 596/900 2204.12196 ops=9 invalid=1 grounded=7 21s ['aggregate@latent', 'apply weights@latent', 'compute attention@latent', 'compute convolution@latent', 'correct@parameter']
OK 597/900 2204.12511 ops=10 invalid=0 grounded=10 22s ['aggregate@error', 'apply polynomial basis@error', 'backpropagate@gradient', 'compute gradient@gradient', 'correct@parameter']
OK 598/900 2204.13096 ops=25 invalid=8 grounded=24 60s ['apply expectation maximization@parameter', 'backpropagate gradients@gradient', 'compare@error', 'compute causal intervention@latent', 'correct@parameter']
OK 599/900 2205.04095 ops=25 invalid=0 grounded=24 54s ['backpropagate@error', 'benchmark model@parameter', 'clip gradient@gradient', 'compare@error', 'compute accuracy@error']
OK 600/900 2205.04437 ops=20 invalid=0 grounded=20 59s ['aggregate@latent', 'backpropagate@gradient', 'clip@gradient', 'compare@error', 'compute attention@input']
OK 601/900 2205.08534 ops=20 invalid=2 grounded=19 45s ['aggregate@distribution', 'backpropagate@gradient', 'compute@error', 'compute@value', 'correct@parameter']
OK 602/900 2205.09443 ops=0 invalid=0 grounded=0 3s []
OK 603/900 2205.09612 ops=8 invalid=0 grounded=8 17s ['aggregate@state', 'compare@state', 'compute average@state', 'compute confidence@input', 'compute flops@state']
OK 604/900 2205.09615 ops=8 invalid=0 grounded=8 19s ['apply gradient@parameter', 'backpropagate@gradient', 'compute accuracy@error', 'compute gradient@gradient', 'correct@parameter']
OK 605/900 2205.09962 ops=10 invalid=0 grounded=9 24s ['aggregate@latent', 'apply attention@distribution', 'compute weights@distribution', 'encode@latent', 'group neighbors@state']
OK 606/900 2205.10456 ops=8 invalid=0 grounded=8 21s ['blend parameters@parameter', 'compare@error', 'compute gradient@error', 'correct@parameter', 'sample@action']
OK 607/900 2205.10528 ops=8 invalid=0 grounded=8 19s ['aggregate@latent', 'apply mlp@latent', 'convert scalar to vector@input', 'correct@parameter', 'evaluate@error']
OK 608/900 2205.12454 ops=10 invalid=1 grounded=6 21s ['aggregate@latent', 'apply encoding@input', 'compute output@distribution', 'correct@parameter', 'encode@state']
OK 609/900 2205.12755 ops=25 invalid=0 grounded=25 72s ['apply gradient@parameter', 'backpropagate@gradient', 'clip@gradient', 'compare@error', 'compute distribution@distribution']
OK 610/900 2205.13213 ops=25 invalid=0 grounded=24 63s ['aggregate@latent', 'backpropagate@gradient', 'clip@gradient', 'compare@error', 'compute attention@latent']
OK 611/900 2205.13331 ops=26 invalid=0 grounded=8 51s ['backpropagate@gradient', 'clip@gradient', 'compare@error', 'compute action@action', 'compute distribution@distribution']
OK 612/900 2205.13543 ops=10 invalid=0 grounded=10 25s ['compare@latent', 'compute reward@reward', 'compute value@value', 'correct@parameter', 'encode@input']
OK 613/900 2205.13913 ops=20 invalid=0 grounded=17 44s ['backpropagate@gradient', 'compare@value', 'compute gradient@gradient', 'compute value@value', 'correct@parameter']
OK 614/900 2205.13943 ops=10 invalid=0 grounded=9 24s ['apply model@input', 'backpropagate@gradient', 'compute value@value', 'correct@parameter', 'encode@latent']
OK 615/900 2205.14375 ops=25 invalid=2 grounded=23 52s ['apply transform@input', 'compare@error', 'compute distribution@distribution', 'compute gradient@gradient', 'compute gradient@parameter']
OK 616/900 2205.14401 ops=25 invalid=0 grounded=25 52s ['classify@task', 'compute accuracy@task', 'correct@parameter', 'detect@task', 'encode@input']
OK 617/900 2205.14756 ops=25 invalid=0 grounded=24 46s ['apply convolution@input', 'backpropagate@gradient', 'compare@error', 'compute attention@latent', 'compute distribution@distribution']
OK 618/900 2205.15733 ops=16 invalid=0 grounded=14 36s ['aggregate@state', 'analyze sensitivity@parameter', 'backpropagate@gradient', 'classify@state', 'compare@task']
OK 619/900 2206.02425 ops=8 invalid=1 grounded=8 20s ['align@distribution', 'encode@input', 'fuse@latent', 'model@state', 'predict@value']
OK 620/900 2206.02777 ops=57 invalid=0 grounded=57 146s ['backpropagate@gradient', 'compute accuracy@error', 'compute embedding@input', 'compute metric@action', 'compute metric@distribution']
OK 621/900 2206.04046 ops=20 invalid=0 grounded=20 45s ['align architecture@parameter', 'backpropagate@gradient', 'compare@value', 'compute correlation@distribution', 'compute gradient@gradient']
OK 622/900 2206.04325 ops=8 invalid=0 grounded=7 20s ['adapt features@latent', 'compare@latent', 'compute density@latent', 'compute score@distribution', 'encode@input']
OK 623/900 2206.04670 ops=24 invalid=0 grounded=24 59s ['backpropagate@gradient', 'clip@gradient', 'compare@error', 'compute distribution@distribution', 'compute input@input']
FAIL 2206.06292 JSONDecodeError('Invalid \\escape: line 1 column 68 (char 67)')
OK 625/900 2206.06931 ops=25 invalid=0 grounded=25 55s ['aggregate@state', 'apply attention weights@value', 'apply attention@state', 'compute attention map@distribution', 'compute attention output@state']
OK 626/900 2206.07267 ops=9 invalid=3 grounded=9 22s ['establish correspondence@latent', 'improve@latent', 'mask@input', 'reconstruct@input', 'select@latent']
OK 627/900 2206.07369 ops=25 invalid=4 grounded=25 59s ['aggregate@state', 'apply activation@state', 'apply gradient@parameter', 'backpropagate@gradient', 'compare@error']
OK 628/900 2206.08927 ops=23 invalid=0 grounded=16 55s ['aggregate@error', 'aggregate@latent', 'apply attention@latent', 'apply domain adaptation@input', 'apply self-attention@latent']
OK 629/900 2206.09379 ops=8 invalid=2 grounded=6 24s ['correct@parameter', 'evaluate@task', 'integrate regularization@parameter', 'reformulate problem@task', 'solve optimization@task']
OK 630/900 2206.10589 ops=10 invalid=0 grounded=10 25s ['aggregate@latent', 'apply convolution@input', 'compute accuracy@task', 'compute attention@latent', 'correct@parameter']
OK 631/900 2206.13424 ops=0 invalid=0 grounded=0 4s []
OK 632/900 2206.13559 ops=25 invalid=1 grounded=25 49s ['backpropagate@gradient', 'compare@error', 'compute distribution@distribution', 'compute gradient@gradient', 'compute input@input']
OK 633/900 2207.01297 ops=25 invalid=0 grounded=25 58s ['apply gradient@gradient', 'apply policy@policy', 'backpropagate@gradient', 'clip@gradient', 'compare@error']
OK 634/900 2207.04526 ops=25 invalid=3 grounded=25 57s ['backpropagate@gradient', 'classify@task', 'compare@error', 'compute distribution@distribution', 'compute gradient@gradient']
OK 635/900 2207.04535 ops=8 invalid=2 grounded=8 18s ['aggregate@latent', 'encode@input', 'linear combine@distribution', 'predict@distribution', 'self-attend@latent']
OK 636/900 2207.09176 ops=25 invalid=8 grounded=23 53s ['achieve comparable performance@task', 'compare@task', 'correct@parameter', 'evaluate@task', 'generalize to unseen classes@task']
OK 637/900 2207.10666 ops=26 invalid=6 grounded=17 78s ['compute accuracy@parameter', 'compute parameters@parameter', 'evaluate@parameter', 'increase resolution@input', 'transfer knowledge@parameter']
OK 638/900 2207.11660 ops=20 invalid=0 grounded=17 38s ['apply mask@input', 'backpropagate@gradient', 'classify@latent', 'compare@error', 'compute gradient@gradient']
OK 639/900 2207.12537 ops=20 invalid=0 grounded=18 41s ['aggregate@error', 'backpropagate@gradient', 'compare@state', 'compare@value', 'compute trajectory@trajectory']
OK 640/900 2207.13259 ops=20 invalid=0 grounded=18 57s ['apply self-attention@state', 'backpropagate@gradient', 'clip@gradient', 'compute reward@reward', 'compute self-attention@latent']
OK 641/900 2207.14284 ops=24 invalid=0 grounded=24 93s ['aggregate@latent', 'apply convolution@input', 'apply convolutional filter@input', 'apply gated convolution@latent', 'apply gated mechanism@latent']
OK 642/900 2208.01521 ops=25 invalid=7 grounded=24 65s ['aggregate@error', 'compare@input', 'compute anomaly@input', 'correct@parameter', 'encode@input']
OK 643/900 2208.05775 ops=10 invalid=0 grounded=9 25s ['backpropagate@gradient', 'compare@error', 'compute value@value', 'correct@parameter', 'extract part groups@state']
OK 644/900 2208.08599 ops=11 invalid=7 grounded=11 24s ['classify@action', 'compute@value', 'encode@input', 'extract@latent']
OK 645/900 2208.10442 ops=20 invalid=2 grounded=20 45s ['backpropagate@gradient', 'compare@error', 'compute distribution@distribution', 'compute latent@latent', 'compute policy@policy']
OK 646/900 2208.10559 ops=25 invalid=0 grounded=25 62s ['aggregate@distribution', 'backpropagate@gradient', 'compare@error', 'compute action@action', 'compute attention@distribution']
OK 647/900 2208.11247 ops=25 invalid=0 grounded=22 66s ['aggregate@latent', 'apply convolution@input', 'apply data augmentation@input', 'apply feature ensemble@latent', 'apply pre-training@parameter']
OK 648/900 2208.11251 ops=16 invalid=2 grounded=11 35s ['compare@error', 'compute distribution@distribution', 'compute policy@policy', 'compute reward@reward', 'compute task@task']
OK 649/900 2209.03917 ops=8 invalid=1 grounded=8 17s ['compare@error', 'correct@parameter', 'distill knowledge@parameter', 'initialize parameters@parameter', 'mask@input']
OK 650/900 2209.07526 ops=25 invalid=0 grounded=10 45s ['aggregate@latent', 'backpropagate@gradient', 'compare@error', 'compute attention@latent', 'compute distribution@distribution']
OK 651/900 2209.08179 ops=25 invalid=16 grounded=22 52s ['aggregate@latent', 'build@latent', 'compute@distribution', 'construct@latent', 'extract@latent']
OK 652/900 2209.10318 ops=25 invalid=0 grounded=25 56s ['backpropagate@gradient', 'compare@error', 'compute action@action', 'compute distribution@distribution', 'compute gradient@gradient']
OK 653/900 2209.12400 ops=25 invalid=0 grounded=25 62s ['backpropagate@gradient', 'compare@error', 'compute distribution@distribution', 'compute gradient@gradient', 'compute input@input']
OK 654/900 2209.15031 ops=20 invalid=0 grounded=19 45s ['apply transformation@input', 'backpropagate@gradient', 'clip@gradient', 'compare@error', 'compute gradient@gradient']
FAIL 2210.00923 JSONDecodeError('Invalid \\escape: line 1 column 102 (char 101)')
OK 656/900 2210.01384 ops=10 invalid=0 grounded=10 26s ['analyze architecture@task', 'compare@task', 'correct@parameter', 'encode@input', 'evaluate@error']
OK 657/900 2210.04006 ops=8 invalid=2 grounded=7 20s ['compute@error', 'encode@input', 'extract@state', 'fuse@latent', 'process@trajectory']
OK 658/900 2210.05895 ops=25 invalid=0 grounded=25 48s ['aggregate@latent', 'apply convolution@latent', 'apply fusion@distribution', 'backpropagate@gradient', 'compute affinity@latent']
OK 659/900 2210.06551 ops=25 invalid=0 grounded=25 54s ['aggregate@state', 'compare@error', 'compute distribution@distribution', 'compute gradient@gradient', 'compute input@input']
OK 660/900 2210.06944 ops=15 invalid=11 grounded=15 36s ['apply to task@task', 'classify@input', 'compute performance@task', 'train@parameter']
OK 661/900 2210.06989 ops=20 invalid=0 grounded=20 44s ['backpropagate error@error', 'backpropagate@gradient', 'clip@gradient', 'compare@task', 'compute distribution@distribution']
OK 662/900 2210.12755 ops=21 invalid=0 grounded=21 40s ['aggregate@latent', 'apply attention@state', 'apply module@latent', 'backpropagate@gradient', 'compute attention@state']
OK 663/900 2210.16914 ops=25 invalid=0 grounded=10 54s ['apply convolution@input', 'backpropagate@gradient', 'clip@gradient', 'compare@state', 'compute trajectory@trajectory']
OK 664/900 2211.02043 ops=18 invalid=1 grounded=18 44s ['compare@task', 'compute value@task', 'encode@input', 'predict@distribution']
OK 665/900 2211.03295 ops=25 invalid=0 grounded=9 62s ['apply convolution@input', 'backpropagate@gradient', 'compare@error', 'compute distribution@distribution', 'compute gradient@gradient']
OK 666/900 2211.03679 ops=8 invalid=0 grounded=7 22s ['compare@error', 'compute attention map@state', 'compute value@value', 'correct@parameter', 'encode@latent']
OK 667/900 2211.05778 ops=10 invalid=0 grounded=9 23s ['aggregate@latent', 'apply convolution@input', 'compute receptive field@state', 'correct@parameter', 'evaluate@error']
OK 668/900 2211.07636 ops=25 invalid=0 grounded=25 63s ['backpropagate@gradient', 'compare@error', 'compute distribution@distribution', 'compute gradient@gradient', 'compute input@input']
OK 669/900 2211.09013 ops=25 invalid=0 grounded=19 63s ['backpropagate gradient@gradient', 'clip gradient@gradient', 'compare@error', 'compare@latent', 'compute distribution@distribution']
OK 670/900 2211.09590 ops=8 invalid=0 grounded=6 22s ['aggregate@latent', 'apply self-attention@latent', 'compute attention weights@distribution', 'compute graph distance@state', 'encode@input']
OK 671/900 2211.09807 ops=25 invalid=0 grounded=0 55s ['apply gradient@parameter', 'backpropagate error@gradient', 'compare@error', 'compute accuracy@task', 'compute benchmark@task']
OK 672/900 2211.10684 ops=25 invalid=0 grounded=21 69s ['apply gradient@parameter', 'backpropagate gradient@gradient', 'clip gradient@gradient', 'compare@error', 'compute distribution@distribution']
OK 673/900 2211.11317 ops=25 invalid=0 grounded=14 47s ['compare@latent', 'compute@action', 'compute@distribution', 'compute@error', 'compute@gradient']
OK 674/900 2211.11734 ops=25 invalid=0 grounded=24 60s ['apply constraint@task', 'backpropagate@gradient', 'clip@gradient', 'compare@error', 'compare@state']
OK 675/900 2211.11754 ops=11 invalid=4 grounded=7 25s ['assign credit@distribution', 'assign credit@latent', 'compute sequence@input', 'evaluate@task', 'maximize benefit@input']
OK 676/900 2211.12634 ops=20 invalid=1 grounded=13 43s ['aggregate@latent', 'backpropagate@gradient', 'compare@distribution', 'compute distribution@latent', 'compute gradient@parameter']
OK 677/900 2211.12860 ops=10 invalid=3 grounded=9 25s ['compute accuracy@value', 'compute confidence@distribution', 'compute precision@value', 'correct@parameter', 'evaluate@error']
OK 678/900 2211.13676 ops=25 invalid=0 grounded=20 46s ['apply objective map@error', 'apply objective@error', 'compare@error', 'compute distribution@distribution', 'compute gradient@gradient']
OK 679/900 2211.13977 ops=20 invalid=1 grounded=18 43s ['aggregate@error', 'apply loss@error', 'compute@error', 'correct@parameter', 'encode@input']
OK 680/900 2211.14058 ops=25 invalid=4 grounded=24 57s ['apply de-stylization@latent', 'apply regularization@parameter', 'backpropagate gradient@gradient', 'compare@error', 'compute accuracy@task']
OK 681/900 2211.16175 ops=8 invalid=1 grounded=8 25s ['compute accuracy@task', 'compute kld@distribution', 'compute similarity@input', 'correct@parameter', 'evaluate@task']
OK 682/900 2211.16961 ops=25 invalid=0 grounded=15 57s ['apply attention@latent', 'backpropagate@gradient', 'clip@gradient', 'compare@error', 'compute distribution@distribution']
OK 683/900 2212.03191 ops=21 invalid=0 grounded=21 40s ['align@distribution', 'compare@distribution', 'compare@error', 'compute accuracy@task', 'compute value@value']
OK 684/900 2212.03229 ops=25 invalid=0 grounded=25 53s ['backpropagate@gradient', 'compare@error', 'compute action@action', 'compute distribution@distribution', 'compute latent@latent']
OK 685/900 2212.05171 ops=65 invalid=2 grounded=50 146s ['backpropagate@gradient', 'clip@gradient', 'compare@error', 'compute latent@latent', 'compute policy@policy']
OK 686/900 2212.07101 ops=8 invalid=0 grounded=4 18s ['classify@input', 'correct@parameter', 'encode@input', 'evaluate@error', 'predict@distribution']
OK 687/900 2212.11696 ops=21 invalid=0 grounded=20 52s ['apply architecture@parameter', 'apply model@task', 'apply pre-training@parameter', 'apply subnetwork@latent', 'compute accuracy@task']
OK 688/900 2301.00182 ops=25 invalid=11 grounded=20 48s ['aggregate@latent', 'compute@distribution', 'compute@error', 'compute@value', 'correct@latent']
OK 689/900 2301.00808 ops=20 invalid=0 grounded=20 42s ['apply normalization@parameter', 'backpropagate@gradient', 'compare@error', 'compute accuracy@task', 'compute distribution@distribution']
OK 690/900 2301.02009 ops=8 invalid=6 grounded=7 20s ['improve@parameter', 'reconstruct@distribution']
OK 691/900 2301.05586 ops=24 invalid=0 grounded=19 61s ['backpropagate@gradient', 'clip@gradient', 'compare@error', 'compute distribution@distribution', 'compute gradient@gradient']
OK 692/900 2301.07322 ops=25 invalid=0 grounded=25 54s ['aggregate@distribution', 'backpropagate@gradient', 'compute@distribution', 'compute@error', 'compute@gradient']
OK 693/900 2301.13090 ops=28 invalid=12 grounded=28 64s ['aggregate@latent', 'classify@action', 'compute@value', 'consider@latent', 'encode@state']
OK 694/900 2302.00402 ops=25 invalid=0 grounded=25 70s ['answer question@sample', 'compose modules@parameter', 'compute accuracy@task', 'compute cider@task', 'compute metrics@task']
OK 695/900 2302.01058 ops=20 invalid=0 grounded=17 49s ['apply gradient@parameter', 'compare@error', 'compute distance@state', 'compute gradient@error', 'compute jacobian@gradient']
OK 696/900 2302.02318 ops=20 invalid=0 grounded=19 47s ['backpropagate@gradient', 'compare@error', 'compute distribution@distribution', 'compute policy@policy', 'compute reward@reward']
OK 697/900 2302.04774 ops=25 invalid=9 grounded=24 52s ['correct@parameter', 'encode@input', 'evaluate@error', 'predict@latent', 'sample@distribution']
OK 698/900 2302.06112 ops=24 invalid=7 grounded=22 41s ['apply dropout@input', 'backpropagate@error', 'clip@gradient', 'compute gradient@parameter', 'compute latent@state']
OK 699/900 2302.07849 ops=21 invalid=2 grounded=19 42s ['apply gradient@parameter', 'backpropagate@gradient', 'compare@distribution', 'compare@input', 'compute accuracy@input']
OK 700/900 2302.11951 ops=10 invalid=0 grounded=10 26s ['aggregate@latent', 'apply non-linear transformation@latent', 'compute global context@input', 'compute intensity gradient@input', 'extract depth features@input']
OK 701/900 2303.05499 ops=0 invalid=0 grounded=0 3s []
OK 702/900 2303.08810 ops=8 invalid=6 grounded=4 20s ['aggregate@value', 'correct@parameter']
OK 703/900 2303.09190 ops=8 invalid=0 grounded=8 31s ['apply strategy@parameter', 'compute metric@reward', 'connect blocks@latent', 'correct@parameter', 'evaluate@error']
OK 704/900 2303.09857 ops=25 invalid=1 grounded=25 85s ['aggregate@input', 'aggregate@latent', 'analyze@task', 'backpropagate@gradient', 'compare@task']
OK 705/900 2303.11381 ops=10 invalid=0 grounded=10 37s ['accept input@input', 'act@action', 'aggregate@state', 'align file names@state', 'associate@input']
OK 706/900 2303.12130 ops=8 invalid=0 grounded=8 29s ['apply augmentation@state', 'apply regularization@latent', 'compute embedding@state', 'compute non-learnable representation@state', 'compute representation@state']
OK 707/900 2303.13397 ops=25 invalid=0 grounded=23 75s ['backpropagate@gradient', 'compare@error', 'compute distribution@distribution', 'compute latent@latent', 'compute task@task']
OK 708/900 2303.13496 ops=25 invalid=1 grounded=25 99s ['apply gradient@parameter', 'backpropagate@gradient', 'compare@error', 'compute accuracy@task', 'compute auc@task']
OK 709/900 2303.14535 ops=20 invalid=0 grounded=20 73s ['analyze combination@state', 'analyze global@input', 'compare@error', 'compute anomaly score@distribution', 'compute error rate@error']
OK 710/900 2303.14814 ops=26 invalid=3 grounded=26 84s ['aggregate@latent', 'compare@distribution', 'compute@distribution', 'compute@error', 'compute@policy']
OK 711/900 2303.15140 ops=8 invalid=0 grounded=8 29s ['compare@error', 'detect anomaly@latent', 'diffuse@latent', 'discriminate anomaly@latent', 'encode@input']
OK 712/900 2303.16058 ops=26 invalid=0 grounded=24 74s ['align tokens@latent', 'backpropagate@gradient', 'clip@gradient', 'compare@error', 'compute reward@reward']
OK 713/900 2303.16191 ops=25 invalid=0 grounded=24 85s ['build decision boundary@state', 'compare@state', 'compress template set@state', 'compute affine transformation@state', 'compute cluster centre@state']
OK 714/900 2303.16203 ops=10 invalid=0 grounded=8 33s ['apply augmentation@input', 'compare@input', 'compute accuracy@input', 'compute density@input', 'compute log likelihood@input']
OK 715/900 2303.16456 ops=24 invalid=0 grounded=24 90s ['align positions@state', 'apply transformation@state', 'augment@sample', 'compare@error', 'compute gradient@gradient']
OK 716/900 2303.17559 ops=25 invalid=0 grounded=14 39784s ['apply gradient@parameter', 'backpropagate@gradient', 'compare@error', 'compute gradient@gradient', 'compute input@input']
OK 717/900 2303.17602 ops=8 invalid=0 grounded=8 31s ['compute@error', 'correct@parameter', 'encode@input', 'intervene@latent', 'predict@value']
OK 718/900 2304.01434 ops=20 invalid=0 grounded=19 73s ['compare@error', 'compare@latent', 'compute autocorrelation@latent', 'compute dimension@latent', 'compute disentanglement@latent']
OK 719/900 2304.01552 ops=14 invalid=0 grounded=12 45s ['compute gradient@error', 'correct@parameter']
OK 720/900 2304.02147 ops=10 invalid=0 grounded=6 32s ['apply convolution@input', 'backpropagate@gradient', 'compute attention@latent', 'correct@parameter', 'encode@input']
OK 721/900 2304.05690 ops=21 invalid=0 grounded=21 83s ['aggregate@state', 'align mesh pixels@state', 'apply neural network@state', 'compute body pose@state', 'compute joint angles@state']
OK 722/900 2304.05884 ops=25 invalid=0 grounded=24 61s ['backpropagate@gradient', 'cluster@state', 'compare@error', 'compute distribution@distribution', 'compute features@state']
OK 723/900 2304.07193 ops=10 invalid=0 grounded=9 26s ['aggregate@trajectory', 'backpropagate@gradient', 'compare@error', 'compare@value', 'correct@parameter']
OK 724/900 2304.08028 ops=25 invalid=0 grounded=17 67s ['aggregate@latent', 'apply gradient@parameter', 'backpropagate gradient@gradient', 'calculate loss@error', 'compute gradient@gradient']
OK 725/900 2304.10465 ops=25 invalid=5 grounded=22 60s ['aggregate@latent', 'align features@latent', 'apply gradient@parameter', 'compute accuracy@value', 'compute attention@distribution']
OK 726/900 2304.13027 ops=25 invalid=0 grounded=22 35s ['backpropagate@gradient', 'clip@gradient', 'compare@error', 'compute distribution@distribution', 'compute gradient@gradient']
OK 727/900 2304.13287 ops=20 invalid=0 grounded=20 39s ['apply transformation@input', 'backpropagate@gradient', 'clip@gradient', 'compare@latent', 'compute consistency@latent']
OK 728/900 2305.00181 ops=8 invalid=1 grounded=8 15s ['attend@latent', 'compute@error', 'correct@parameter', 'encode@input', 'reconstruct@distribution']
OK 729/900 2305.00724 ops=25 invalid=0 grounded=24 42s ['backpropagate@gradient', 'clip gradient@gradient', 'compare@error', 'compare@parameter', 'compute centrality@state']
OK 730/900 2305.03238 ops=0 invalid=0 grounded=0 3s []
OK 731/900 2305.08386 ops=25 invalid=1 grounded=25 39s ['backpropagate@gradient', 'compare@distribution', 'compare@error', 'compute distribution@distribution', 'compute gradient@gradient']
OK 732/900 2305.09446 ops=8 invalid=6 grounded=8 15s ['compute probability@distribution', 'transform score@distribution']
OK 733/900 2305.11101 ops=25 invalid=0 grounded=25 36s ['aggregate@distribution', 'backpropagate@gradient', 'compute attention@distribution', 'compute policy@policy', 'compute task@task']
OK 734/900 2305.15956 ops=10 invalid=1 grounded=9 23s ['compare@input', 'compute metric@input', 'extract feature@input', 'intervene@input', 'localise anomaly@input']
OK 735/900 2305.16713 ops=8 invalid=0 grounded=8 14s ['compute similarity@latent', 'contrastive learn@latent', 'correct@parameter', 'evaluate@error', 'extract patch@input']
OK 736/900 2305.17382 ops=10 invalid=0 grounded=10 18s ['classify@input', 'compare@latent', 'compute anomaly map@latent', 'compute classification score@task', 'compute f1 score@task']
OK 737/900 2306.00989 ops=25 invalid=0 grounded=25 39s ['aggregate@trajectory', 'backpropagate@gradient', 'clip@gradient', 'compare@error', 'compute@distribution']
OK 738/900 2306.01705 ops=8 invalid=0 grounded=6 17s ['aggregate@latent', 'apply attention@input', 'compute attention@latent', 'compute gradient@gradient', 'correct@parameter']
OK 739/900 2306.04004 ops=25 invalid=3 grounded=24 40s ['apply gradient@parameter', 'backpropagate gradient@parameter', 'compare@error', 'compare@latent', 'compute distribution@distribution']
OK 740/900 2307.03833 ops=25 invalid=0 grounded=8 45s ['backpropagate@gradient', 'compare@error', 'compute@distribution', 'compute@value', 'correct@parameter']
OK 741/900 2307.08908 ops=8 invalid=7 grounded=8 21s ['extract feature@input']
OK 742/900 2307.10984 ops=25 invalid=1 grounded=19 47s ['apply gradient@parameter', 'backpropagate error@gradient', 'clip gradient@gradient', 'compare@error', 'compute depth@latent']
OK 743/900 2307.12349 ops=25 invalid=1 grounded=20 44s ['aware difference@latent', 'backpropagate@gradient', 'build sequence@input', 'clip gradient@gradient', 'collect cues@input']
OK 744/900 2307.14179 ops=8 invalid=0 grounded=8 22s ['analyze receptive field@input', 'apply atrous convolution@input', 'compute receptive field@input', 'correct@parameter', 'determine optimal atrous rate@input']
OK 745/900 2307.14336 ops=20 invalid=0 grounded=20 46s ['aggregate@latent', 'apply attention weights@latent', 'compute attention weights@latent', 'compute cross-attention@latent', 'compute self-attention@latent']
OK 746/900 2307.15362 ops=8 invalid=0 grounded=8 16s ['adapt@latent', 'aggregate@latent', 'apply attention@latent', 'encode@input', 'predict@distribution']
OK 747/900 2308.01390 ops=0 invalid=0 grounded=0 2s []
OK 748/900 2308.03364 ops=26 invalid=0 grounded=26 52s ['act@latent', 'aggregate@latent', 'apply attention@state', 'backpropagate@gradient', 'compare@error']
OK 749/900 2308.05787 ops=8 invalid=0 grounded=8 22s ['apply convolution@input', 'calibrate weights@parameter', 'construct block@parameter', 'encode@input', 'increase model capacity@parameter']
OK 750/900 2308.06024 ops=25 invalid=4 grounded=25 42s ['aggregate@latent', 'backpropagate@gradient', 'compute@error', 'compute@gradient', 'compute@reward']
OK 751/900 2308.06748 ops=14 invalid=7 grounded=14 36s ['compute histogram@input', 'compute similarity@input', 'process image@input', 'retrieve global neighbors@input', 'retrieve test patch@input']
OK 752/900 2308.09372 ops=25 invalid=0 grounded=16 56s ['analyze results@task', 'compare@task', 'compute attention@input', 'compute efficiency@task', 'compute gradient@parameter']
OK 753/900 2308.10253 ops=0 invalid=0 grounded=0 4s []
OK 754/900 2308.10717 ops=21 invalid=2 grounded=16 38s ['apply loss@error', 'categorize@latent', 'compute distance@latent', 'compute distribution@distribution', 'compute policy@policy']
OK 755/900 2308.12320 ops=8 invalid=0 grounded=8 19s ['align input@input', 'compare@latent', 'correct@parameter', 'encode@input', 'evaluate@error']
OK 756/900 2308.12966 ops=26 invalid=1 grounded=26 47s ['align input@input', 'backpropagate@gradient', 'compare@error', 'compute action@action', 'compute distribution@distribution']
FAIL 2308.16532 JSONDecodeError('Invalid \\escape: line 1 column 79 (char 78)')
OK 758/900 2309.00526 ops=23 invalid=0 grounded=23 63s ['capture geometry@state', 'compress volume@state', 'compute absolute error margin@error', 'compute absolute error@error', 'compute computational efficiency@task']
OK 759/900 2309.01365 ops=8 invalid=0 grounded=8 17s ['act@distribution', 'aggregate@latent', 'amplify@latent', 'compress@latent', 'correct@latent']
OK 760/900 2309.05224 ops=20 invalid=0 grounded=19 32s ['apply gradient@parameter', 'backpropagate@gradient', 'compare@input', 'compare@value', 'compute attention@latent']
OK 761/900 2309.07068 ops=25 invalid=9 grounded=25 53s ['apply filter@input', 'apply frequency mask@input', 'apply frequency threshold@error', 'apply frequency weighting@error', 'apply transformation@input']
OK 762/900 2309.10592 ops=8 invalid=0 grounded=7 17s ['compute depth@state', 'compute distance@state', 'compute normal@state', 'compute uncertainty@state', 'correct@state']
OK 763/900 2309.12530 ops=26 invalid=0 grounded=26 53s ['backpropagate@gradient', 'clip@gradient', 'compare@error', 'compute distance@error', 'compute distribution@distribution']
OK 764/900 2309.13635 ops=15 invalid=0 grounded=14 28s ['apply policy@policy', 'backpropagate error@gradient', 'build map@state', 'compare@error', 'compute occupancy@state']
OK 765/900 2309.14065 ops=8 invalid=0 grounded=7 21s ['apply quantization@parameter', 'correct@parameter', 'evaluate@error', 'extract feature@state', 'extract representation@latent']
OK 766/900 2309.14137 ops=24 invalid=0 grounded=20 44s ['backpropagate@gradient', 'compare@error', 'compute reward@value', 'compute trajectory@trajectory', 'compute uncertainty@latent']
OK 767/900 2309.14162 ops=25 invalid=12 grounded=22 53s ['apply augmentation@input', 'apply data augmentation@input', 'apply transformation@input', 'compute model loss@error', 'compute prediction@distribution']
OK 768/900 2309.16588 ops=20 invalid=0 grounded=20 47s ['append token@input', 'backpropagate@gradient', 'compare@error', 'compute attention map@distribution', 'compute attention@latent']
OK 769/900 2310.01324 ops=25 invalid=0 grounded=24 53s ['apply gradient@parameter', 'apply linear transformation@state', 'backpropagate@gradient', 'compare@error', 'compute attention@state']
OK 770/900 2310.01379 ops=20 invalid=0 grounded=15 44s ['apply attention@latent', 'compare@error', 'compare@latent', 'compute distribution@distribution', 'compute gradient@parameter']
OK 771/900 2310.03670 ops=8 invalid=0 grounded=5 21s ['align representations@latent', 'compare@latent', 'correct@parameter', 'encode@input', 'finetune parameters@parameter']
OK 772/900 2310.03744 ops=25 invalid=1 grounded=25 56s ['accumulate@gradient', 'aggregate@error', 'aggregate@latent', 'apply@parameter', 'backpropagate@gradient']
OK 773/900 2310.07669 ops=8 invalid=1 grounded=8 18s ['aggregate@latent', 'apply morphological haar sampling@latent', 'process high-frequency information@latent', 'reconstruct@latent', 'sample@input']
OK 774/900 2310.08255 ops=25 invalid=0 grounded=25 59s ['align modality@latent', 'backpropagate@gradient', 'compare@error', 'compute gradient@gradient', 'compute input@input']
OK 775/900 2310.10413 ops=8 invalid=0 grounded=8 23s ['aggregate@state', 'apply residual learning@latent', 'correct@latent', 'encode@input', 'enhance features@latent']
OK 776/900 2310.10971 ops=25 invalid=0 grounded=25 51s ['compare@error', 'compare@value', 'compute distribution@distribution', 'compute policy@policy', 'compute reward@reward']
OK 777/900 2310.11031 ops=25 invalid=0 grounded=25 55s ['aggregate@error', 'apply gradient@parameter', 'apply input@input', 'apply policy@policy', 'apply sample@sample']
OK 778/900 2310.16288 ops=24 invalid=0 grounded=24 71s ['aggregate@state', 'backpropagate@gradient', 'compare@state', 'compute distribution@state', 'compute gradient@state']
OK 779/900 2310.18961 ops=10 invalid=0 grounded=10 24s ['compare@error', 'compute value@value', 'correct@parameter', 'encode@input', 'predict@distribution']
OK 780/900 2311.03035 ops=24 invalid=19 grounded=22 52s ['compute accuracy@error', 'compute performance@value', 'compute token@input', 'correct@parameter', 'evaluate@error']
OK 781/900 2311.03149 ops=12 invalid=0 grounded=11 29s ['align features@latent', 'backpropagate@gradient', 'compute performance@task', 'compute student output@latent', 'compute teacher output@latent']
OK 782/900 2311.03938 ops=25 invalid=0 grounded=22 49s ['apply activation function@distribution', 'apply activation@distribution', 'apply clipping@gradient', 'apply dropout@input', 'apply log sigmoid@input']
OK 783/900 2311.04257 ops=8 invalid=0 grounded=8 22s ['compute value@value', 'correct@parameter', 'encode@input', 'encode@state', 'predict@reward']
OK 784/900 2311.05709 ops=31 invalid=0 grounded=31 63s ['aggregate@latent', 'backpropagate@gradient', 'compare@task', 'correct@parameter', 'encode@input']
OK 785/900 2311.05770 ops=8 invalid=0 grounded=8 19s ['backpropagate@gradient', 'compare@error', 'correct@parameter', 'encode@input', 'predict@value']
OK 786/900 2311.06504 ops=25 invalid=0 grounded=25 56s ['analyze results@task', 'augment@latent', 'compare@error', 'compare@task', 'compute accuracy@task']
OK 787/900 2311.07362 ops=8 invalid=6 grounded=7 19s ['encode@input', 'extract visual cues@input']
OK 788/900 2311.07575 ops=25 invalid=0 grounded=25 56s ['aggregate@input', 'aggregate@latent', 'aggregate@task', 'apply instructions@task', 'capture details@input']
OK 789/900 2311.09999 ops=25 invalid=2 grounded=24 47s ['aggregate@error', 'compare@error', 'compute@reward', 'compute@value', 'correct@distribution']
OK 790/900 2311.10605 ops=8 invalid=0 grounded=8 19s ['assign weight@sample', 'compute contribution@sample', 'compute distance@sample', 'compute overlap@sample', 'compute reliability@sample']
OK 791/900 2311.12793 ops=0 invalid=0 grounded=0 5s []
OK 792/900 2311.15769 ops=8 invalid=0 grounded=8 22s ['compare@error', 'compute gradient@gradient', 'compute reward@reward', 'correct@parameter', 'encode@state']
OK 793/900 2311.17132 ops=23 invalid=11 grounded=14 60s ['apply attention@latent', 'apply convolution@latent', 'backpropagate@gradient', 'compute accuracy@task', 'compute attention@value']
OK 794/900 2311.18825 ops=24 invalid=0 grounded=24 42s ['apply gradient@parameter', 'backpropagate error@gradient', 'clip gradient@gradient', 'compare@error', 'compare@value']
OK 795/900 2312.00360 ops=16 invalid=0 grounded=15 44s ['adapt feature@latent', 'aggregate@latent', 'apply adapter@latent', 'compute value@value', 'correct@parameter']
OK 796/900 2312.01697 ops=0 invalid=0 grounded=0 4s []
OK 797/900 2312.02021 ops=20 invalid=0 grounded=19 55s ['backpropagate@gradient', 'clip@gradient', 'compare@error', 'compute distribution@distribution', 'compute gradient@gradient']
OK 798/900 2312.02145 ops=25 invalid=6 grounded=23 60s ['backpropagate@gradient', 'clip@gradient', 'compare@error', 'compute value@value', 'correct@parameter']
OK 799/900 2312.08548 ops=8 invalid=0 grounded=7 20s ['aggregate@latent', 'align@distribution', 'compute@error', 'correct@latent', 'correct@parameter']
OK 800/900 2312.09158 ops=16 invalid=2 grounded=11 30s ['backpropagate@gradient', 'compare@error', 'compute value@value', 'correct@parameter', 'encode@input']
OK 801/900 2312.10665 ops=8 invalid=4 grounded=8 21s ['correct@parameter', 'evaluate@task', 'intervene@input', 'reconstruct@state']
OK 802/900 2312.12913 ops=25 invalid=1 grounded=25 63s ['backpropagate@gradient', 'compute distribution@error', 'compute policy@action', 'compute reward@error', 'compute sample@distribution']
OK 803/900 2312.13286 ops=25 invalid=0 grounded=22 50s ['apply policy@policy', 'backpropagate@gradient', 'compare@error', 'compute distribution@distribution', 'compute gradient@gradient']
OK 804/900 2312.14135 ops=8 invalid=0 grounded=7 21s ['aggregate@parameter', 'correct@parameter', 'encode@input', 'evaluate@task', 'process input@input']
OK 805/900 2312.15268 ops=8 invalid=0 grounded=7 21s ['apply channel attention@latent', 'apply non-local attention@latent', 'build motion-aware cost volume@latent', 'compute optical flow@input', 'compute root-mean-square error@error']
OK 806/900 2401.08209 ops=21 invalid=12 grounded=21 44s ['aggregate@latent', 'compute@value', 'correct@latent', 'correct@parameter', 'encode@input']
OK 807/900 2401.08913 ops=10 invalid=4 grounded=9 22s ['apply convolution@input', 'encode@latent', 'improve@parameter', 'minimize parameters@parameter', 'reconstruct@input']
OK 808/900 2401.10891 ops=10 invalid=0 grounded=10 28s ['annotate data@input', 'apply augmentation@input', 'collect data@input', 'evaluate@input', 'fine-tune model@parameter']
OK 809/900 2401.12503 ops=10 invalid=2 grounded=9 22s ['compute@distribution', 'encode@input', 'evaluate@task', 'predict@value', 'reconstruct@sample']
OK 810/900 2401.15741 ops=8 invalid=0 grounded=7 23s ['apply attention@latent', 'apply convolution@latent', 'apply residual@latent', 'encode@input', 'fuse context@latent']
OK 811/900 2401.16753 ops=10 invalid=2 grounded=9 27s ['aggregate@latent', 'classify@input', 'compare@latent', 'compute metric@task', 'compute patch features@input']
OK 812/900 2401.17221 ops=8 invalid=0 grounded=8 20s ['apply positional encoding@trajectory', 'bridge encoder@parameter', 'compare@error', 'correct@parameter', 'encode@input']
OK 813/900 2401.17981 ops=0 invalid=0 grounded=0 4s []
OK 814/900 2402.03752 ops=21 invalid=0 grounded=21 53s ['backpropagate@gradient', 'clip@gradient', 'compare@latent', 'correct@parameter', 'encode@input']
OK 815/900 2402.10793 ops=25 invalid=0 grounded=24 48s ['apply attention@state', 'backpropagate@gradient', 'compare@reward', 'compare@value', 'compute distribution@state']
OK 816/900 2402.11248 ops=0 invalid=0 grounded=0 4s []
OK 817/900 2402.16117 ops=24 invalid=0 grounded=13 51s ['apply constraint@state', 'backpropagate@gradient', 'compare@error', 'compute distribution@distribution', 'compute gradient@gradient']
OK 818/900 2402.19474 ops=10 invalid=2 grounded=9 23s ['compare@error', 'compute accuracy@task', 'correct@parameter', 'localize object@state', 'predict@value']
OK 819/900 2403.05897 ops=16 invalid=0 grounded=16 31s ['apply gradient@parameter', 'backpropagate@gradient', 'compute anomaly score@distribution', 'compute residual@latent', 'compute trajectory@trajectory']
OK 820/900 2403.06977 ops=10 invalid=0 grounded=10 25s ['aggregate@task', 'compare@error', 'compute@distribution', 'correct@parameter', 'encode@input']
OK 821/900 2403.07720 ops=25 invalid=0 grounded=25 57s ['backpropagate@gradient', 'clip@gradient', 'compare@distribution', 'compare@error', 'compute trajectory@trajectory']
OK 822/900 2403.10662 ops=16 invalid=3 grounded=16 34s ['analyze contribution@task', 'apply augmentation@input', 'backpropagate@gradient', 'compute critic loss@error', 'compute metrics@task']
OK 823/900 2403.12953 ops=16 invalid=0 grounded=16 37s ['aggregate@latent', 'compare@task', 'compute accuracy@task', 'compute efficiency@task', 'correct@distribution']
OK 824/900 2403.13447 ops=23 invalid=2 grounded=17 42s ['adapt@parameter', 'compute@value', 'correct@parameter', 'encode@input', 'encode@state']
OK 825/900 2403.15377 ops=25 invalid=3 grounded=22 52s ['align@distribution', 'backpropagate@gradient', 'clip@input', 'compute@distribution', 'compute@error']
OK 826/900 2403.18252 ops=22 invalid=0 grounded=22 50s ['backpropagate@gradient', 'clip@gradient', 'compare@value', 'compute reward@value', 'construct hierarchy@state']
OK 827/900 2403.18807 ops=25 invalid=3 grounded=25 53s ['aggregate@latent', 'compare@error', 'compare@value', 'compute@distribution', 'compute@error']
OK 828/900 2403.18814 ops=25 invalid=1 grounded=22 53s ['aggregate@input', 'aggregate@sample', 'compare@value', 'compute@error', 'correct@latent']
OK 829/900 2403.19588 ops=25 invalid=0 grounded=24 54s ['add@state', 'apply activation@state', 'apply regularization@parameter', 'backpropagate@gradient', 'clip gradient@gradient']
OK 830/900 2404.00658 ops=20 invalid=0 grounded=19 42s ['apply attention@state', 'backpropagate@gradient', 'build trajectory topology@state', 'compute distribution@distribution', 'compute latent@latent']
OK 831/900 2404.00722 ops=25 invalid=0 grounded=25 53s ['apply attention@input', 'apply dense connection@latent', 'apply residual connection@latent', 'backpropagate@gradient', 'compare@error']
OK 832/900 2404.03527 ops=15 invalid=0 grounded=14 34s ['aggregate@latent', 'compute@error', 'compute@value', 'correct@latent', 'correct@parameter']
OK 833/900 2404.03924 ops=25 invalid=24 grounded=4 60s ['extract feature@input']
OK 834/900 2404.07973 ops=20 invalid=0 grounded=13 34s ['align@distribution', 'compute@error', 'compute@value', 'correct@parameter', 'encode@input']
OK 835/900 2404.11202 ops=24 invalid=0 grounded=16 72s ['apply data augmentation@input', 'apply knowledge distillation@parameter', 'apply reparameterization@parameter', 'apply training strategy@parameter', 'backpropagate@gradient']
OK 836/900 2404.12501 ops=20 invalid=0 grounded=16 60s ['backpropagate@gradient', 'clip@gradient', 'compare@error', 'compute distribution@distribution', 'compute gradient@gradient']
OK 837/900 2404.14966 ops=25 invalid=0 grounded=24 86s ['aggregate@distribution', 'aggregate@latent', 'backpropagate@gradient', 'compute@distribution', 'compute@error']
OK 838/900 2404.15506 ops=8 invalid=0 grounded=8 18s ['correct@parameter', 'distill knowledge@distribution', 'encode@input', 'generalize zero shot@task', 'improve@distribution']
OK 839/900 2404.16432 ops=8 invalid=0 grounded=8 18s ['compute proximity@latent', 'compute shared proximity@latent', 'correct@parameter', 'encode@input', 'predict@latent']
OK 840/900 2404.19286 ops=11 invalid=6 grounded=11 23s ['apply prompt@input', 'correct@parameter', 'encode@input', 'evaluate@error', 'evaluate@task']
OK 841/900 2405.01101 ops=25 invalid=0 grounded=17 58s ['aggregate@value', 'compare@error', 'compute accuracy@task', 'compute distribution@distribution', 'compute gradient@gradient']
OK 842/900 2405.05001 ops=25 invalid=0 grounded=24 60s ['act@latent', 'aggregate@latent', 'apply attention@latent', 'backpropagate@gradient', 'compare@value']
OK 843/900 2405.05949 ops=20 invalid=4 grounded=20 50s ['backpropagate@gradient', 'compare@error', 'compute distribution@distribution', 'compute gradient@gradient', 'compute input@input']
OK 844/900 2405.10939 ops=25 invalid=0 grounded=21 48s ['add normalization constants@distribution', 'apply softmax@latent', 'backpropagate@gradient', 'clip@gradient', 'compare@error']
OK 845/900 2405.14129 ops=25 invalid=4 grounded=25 60s ['adapt to task@task', 'backpropagate@gradient', 'compare@error', 'compute distribution@distribution', 'compute gradient@gradient']
OK 846/900 2405.14974 ops=20 invalid=0 grounded=16 41s ['backpropagate@gradient', 'clip@gradient', 'compare@error', 'compute distribution@distribution', 'compute policy@policy']
OK 847/900 2405.15738 ops=20 invalid=11 grounded=17 39s ['correct@parameter', 'encode@input', 'encode@state', 'handle@input', 'improve@parameter']
OK 848/900 2405.18358 ops=25 invalid=1 grounded=25 44s ['analyze input@input', 'backpropagate@gradient', 'clip gradient@gradient', 'compare@error', 'compute gradient@gradient']
OK 849/900 2406.00977 ops=25 invalid=4 grounded=22 56s ['compute accuracy@task', 'compute distribution@distribution', 'compute embedding@latent', 'compute f1 score@task', 'compute gradient@parameter']
OK 850/900 2406.03671 ops=23 invalid=8 grounded=17 43s ['backpropagate@gradient', 'clip@gradient', 'compute distribution@distribution', 'compute input@input', 'compute policy@policy']
OK 851/900 2406.04330 ops=8 invalid=0 grounded=8 20s ['act@latent', 'aggregate@latent', 'apply network@input', 'extract feature@input', 'process image@input']
OK 852/900 2406.09412 ops=25 invalid=0 grounded=25 46s ['aggregate@distribution', 'aggregate@latent', 'backpropagate@gradient', 'compare@value', 'compute@distribution']
OK 853/900 2406.17770 ops=10 invalid=0 grounded=9 22s ['compare@value', 'compute@value', 'encode@input', 'evaluate@task', 'extract@latent']
OK 854/900 2407.01467 ops=25 invalid=11 grounded=16 57s ['apply transform@latent', 'approximate matching@latent', 'compute cost@latent', 'compute gradient@latent', 'compute transport plan@latent']
OK 855/900 2407.05878 ops=25 invalid=0 grounded=24 66s ['aggregate@latent', 'analyze@input', 'collect@latent', 'compare@value', 'compute@error']
OK 856/900 2407.08187 ops=25 invalid=0 grounded=25 49s ['adaptively estimate@distribution', 'aggregate@latent', 'apply normalization@state', 'apply semantic awareness@latent', 'compare@error']
OK 857/900 2407.09359 ops=25 invalid=0 grounded=20 45s ['apply constraint@distribution', 'apply noise@input', 'compare@error', 'compute distribution@distribution', 'compute gradient@error']
OK 858/900 2407.12312 ops=25 invalid=13 grounded=13 81s ['apply gradient@parameter', 'compare@action', 'compute gradient@error', 'compute reward@action', 'compute value@action']
OK 859/900 2407.12322 ops=10 invalid=9 grounded=10 21s ['extract global correlations@input']
OK 860/900 2407.15706 ops=25 invalid=0 grounded=25 56s ['aggregate@latent', 'align features@latent', 'backpropagate@gradient', 'clip@gradient', 'compare@error']
OK 861/900 2407.15838 ops=0 invalid=0 grounded=0 4s []
OK 862/900 2407.16198 ops=8 invalid=0 grounded=8 17s ['aggregate@latent', 'crop image@input', 'enhance global features@latent', 'enhance local features@latent', 'extract global context@input']
OK 863/900 2407.16232 ops=25 invalid=3 grounded=23 48s ['backpropagate@gradient', 'compare@error', 'compare@value', 'compute distribution@distribution', 'compute gradient@gradient']
OK 864/900 2408.02014 ops=8 invalid=0 grounded=7 22s ['apply augmentation@input', 'compute attention@input', 'compute distribution@latent', 'compute entropy@distribution', 'compute similarity@input']
OK 865/900 2408.03143 ops=25 invalid=0 grounded=20 58s ['backpropagate@gradient', 'classify@state', 'compare@distribution', 'compare@error', 'compute distribution@distribution']
OK 866/900 2408.08862 ops=22 invalid=1 grounded=3 43s ['backpropagate@gradient', 'compare@error', 'compute distribution@distribution', 'compute reward@action', 'compute value@state']
OK 867/900 2408.09856 ops=25 invalid=0 grounded=23 48s ['backpropagate@gradient', 'compare@error', 'compute distribution@distribution', 'compute gradient@error', 'compute latent@latent']
OK 868/900 2408.09940 ops=8 invalid=0 grounded=7 19s ['aggregate@latent', 'apply attention@latent', 'compute correlation@latent', 'cross attention@latent', 'extract feature@input']
OK 869/900 2408.11567 ops=8 invalid=5 grounded=8 20s ['aggregate@latent', 'correct@parameter', 'train@parameter']
OK 870/900 2409.07989 ops=25 invalid=0 grounded=13 50s ['apply attention@latent', 'backpropagate@gradient', 'compare@error', 'compute distribution@distribution', 'compute policy@policy']
OK 871/900 2409.15117 ops=24 invalid=0 grounded=21 51s ['backpropagate@gradient', 'clip@gradient', 'compare@error', 'compute distribution@distribution', 'compute reward@reward']
OK 872/900 2409.18869 ops=25 invalid=3 grounded=24 55s ['backpropagate@gradient', 'compute distribution@distribution', 'compute policy@policy', 'compute sample@sample', 'compute task@task']
OK 873/900 2410.02401 ops=16 invalid=0 grounded=16 32s ['backpropagate@gradient', 'clip@gradient', 'compute distribution@distribution', 'compute gradient@gradient', 'compute policy@policy']
OK 874/900 2410.04038 ops=0 invalid=0 grounded=0 4s []
OK 875/900 2410.09421 ops=0 invalid=0 grounded=0 2s []
OK 876/900 2410.15001 ops=25 invalid=9 grounded=22 57s ['backpropagate@gradient', 'compute accuracy@task', 'compute f1 score@task', 'compute gradient@gradient', 'compute inference time@trajectory']
OK 877/900 2410.15582 ops=25 invalid=0 grounded=24 55s ['aggregate@state', 'compute bone lengths@latent', 'compute initial model@state', 'compute initial pose@state', 'compute joint positions@state']
OK 878/900 2410.21938 ops=8 invalid=0 grounded=8 19s ['backpropagate@gradient', 'compute value@value', 'correct@parameter', 'encode@input', 'evaluate@error']
OK 879/900 2411.14279 ops=24 invalid=0 grounded=24 49s ['apply dual attention@latent', 'backpropagate@gradient', 'clip@gradient', 'compare@error', 'compute latent@latent']
OK 880/900 2411.18588 ops=24 invalid=0 grounded=22 53s ['aggregate@latent', 'apply noise@noise', 'backpropagate@gradient', 'clip gradient@gradient', 'compare@error']
OK 881/900 2411.18941 ops=25 invalid=6 grounded=18 58s ['aggregate@latent', 'analyze@distribution', 'cluster@latent', 'compute@error', 'compute@task']
OK 882/900 2411.19671 ops=8 invalid=1 grounded=8 22s ['amplify low-frequency@gradient', 'apply momentum@gradient', 'compare@error', 'compute gradient@error', 'correct@gradient']
OK 883/900 2412.07579 ops=25 invalid=3 grounded=24 49s ['compare@latent', 'compute@error', 'compute@value', 'correct@latent', 'correct@parameter']
OK 884/900 2412.09799 ops=14 invalid=3 grounded=14 32s ['act@latent', 'compute accuracy@value', 'compute metric@value', 'encode@input', 'evaluate@error']
OK 885/900 2412.17458 ops=25 invalid=0 grounded=21 53s ['align features@latent', 'classify@sample', 'compare@error', 'compute boundary@state', 'compute center@state']
OK 886/900 2412.20066 ops=13 invalid=8 grounded=13 33s ['deblur@input', 'dehaze@input', 'flatten@input', 'reconstruct@input', 'superresolve@input']
OK 887/900 2501.01770 ops=25 invalid=0 grounded=25 55s ['aggregate@latent', 'aggregate@trajectory', 'apply attention@latent', 'build correlation@trajectory', 'compute correlation@trajectory']
OK 888/900 2501.02576 ops=25 invalid=0 grounded=22 48s ['aggregate@error', 'aggregate@latent', 'align@latent', 'compute@error', 'correct@distribution']
OK 889/900 2501.14593 ops=25 invalid=0 grounded=24 58s ['aggregate@sample', 'backpropagate@gradient', 'compare@error', 'compute action@action', 'compute distribution@distribution']
OK 890/900 2501.17811 ops=25 invalid=0 grounded=21 50s ['aggregate@trajectory', 'apply policy@policy', 'backpropagate@gradient', 'compare@error', 'compute distribution@distribution']
OK 891/900 2502.20110 ops=25 invalid=6 grounded=25 60s ['apply edge loss@error', 'apply geometric loss@error', 'apply loss@error', 'compute camera representation@latent', 'compute depth distribution@distribution']
OK 892/900 2503.00938 ops=25 invalid=0 grounded=25 49s ['aggregate@latent', 'centralize features@latent', 'compare@latent', 'compute distribution@latent', 'compute mean@distribution']
OK 893/900 2503.14237 ops=25 invalid=0 grounded=22 54s ['augment@input', 'compare@error', 'compare@task', 'compute distribution@distribution', 'compute gradient@gradient']
OK 894/900 2503.16591 ops=25 invalid=0 grounded=25 52s ['aggregate@sample', 'compare@value', 'compute metric@value', 'compute reward@value', 'correct@parameter']
OK 895/900 2503.19108 ops=25 invalid=0 grounded=25 53s ['aggregate@latent', 'backpropagate@gradient', 'compare@value', 'compute@value', 'correct@parameter']
OK 896/900 2503.20337 ops=8 invalid=1 grounded=8 17s ['apply attention weights@latent', 'capture similar features@latent', 'compute similarity@latent', 'filter features@latent', 'reconstruct@input']
OK 897/900 2504.04701 ops=8 invalid=0 grounded=7 18s ['apply self-attention@latent', 'compute attention weights@distribution', 'compute spatial distance@state', 'correct@parameter', 'encode@input']
OK 898/900 2504.05662 ops=24 invalid=0 grounded=24 47s ['apply diffusion@noise', 'apply noise@noise', 'backpropagate@gradient', 'compare@distribution', 'compare@error']
OK 899/900 2505.17551 ops=26 invalid=20 grounded=26 69s ['compare@value', 'compute gradient@noise', 'compute gradient@parameter', 'correct@noise', 'correct@parameter']
OK 900/900 2506.21724 ops=25 invalid=2 grounded=18 52s ['aggregate@error', 'backpropagate@gradient', 'clip@gradient', 'compute@distribution', 'compute@error']
EXTRACT30_DONE
