board,task,dataset,metric,lower_is_better,paper_a,paper_b,score_a,score_b,label_a_better
Image Classification | ImageNet,Image Classification,ImageNet,Top 1 Accuracy,False,2204.12511,2211.05778,87.2,89.6,0
Image Classification | ImageNet,Image Classification,ImageNet,Top 1 Accuracy,False,2111.12710,2105.03889,88.3,84.1,1
Image Classification | ImageNet,Image Classification,ImageNet,Top 1 Accuracy,False,2105.02723,2303.08810,74.9,85.4,0
Image Classification | ImageNet,Image Classification,ImageNet,Top 1 Accuracy,False,2201.00520,2106.02253,84.8,76.6,1
Image Classification | ImageNet,Image Classification,ImageNet,Top 1 Accuracy,False,2105.03889,2204.12511,84.1,87.2,0
Image Classification | ImageNet,Image Classification,ImageNet,Top 1 Accuracy,False,2209.12400,2103.13027,86.01,80.98,1
Image Classification | ImageNet,Image Classification,ImageNet,Top 1 Accuracy,False,2111.12710,2206.09379,88.3,38.3,1
Image Classification | ImageNet,Image Classification,ImageNet,Top 1 Accuracy,False,1805.00932,2107.02960,85.4,82.3,1
Image Classification | ImageNet,Image Classification,ImageNet,Top 1 Accuracy,False,1905.11946,2106.02253,84.4,76.6,1
Image Classification | ImageNet,Image Classification,ImageNet,Top 1 Accuracy,False,1904.02877,2207.10666,74.96,86.5,0
Image Classification | ImageNet,Image Classification,ImageNet,Top 1 Accuracy,False,1905.04899,2202.10108,80.53,88.5,0
Image Classification | ImageNet,Image Classification,ImageNet,Top 1 Accuracy,False,2101.03057,2104.07916,77.0,71.6,1
Image Classification | ImageNet,Image Classification,ImageNet,Top 1 Accuracy,False,2105.03889,2202.03555,84.1,86.6,0
Image Classification | ImageNet,Image Classification,ImageNet,Top 1 Accuracy,False,1805.00932,2206.09379,85.4,38.3,1
Image Classification | ImageNet,Image Classification,ImageNet,Top 1 Accuracy,False,2205.09612,2105.03889,86.61,84.1,1
Image Classification | ImageNet,Image Classification,ImageNet,Top 1 Accuracy,False,2103.12731,1911.11907,85.5,75.7,1
Image Classification | ImageNet,Image Classification,ImageNet,Top 1 Accuracy,False,2303.08810,2107.00651,85.4,82.4,1
Image Classification | ImageNet,Image Classification,ImageNet,Top 1 Accuracy,False,1905.11946,2010.14819,84.4,79.4,1
Image Classification | ImageNet,Image Classification,ImageNet,Top 1 Accuracy,False,2206.09379,2204.12511,38.3,87.2,0
Image Classification | ImageNet,Image Classification,ImageNet,Top 1 Accuracy,False,1912.05027,2211.05778,79.0,89.6,0
Image Classification | ImageNet,Image Classification,ImageNet,Top 1 Accuracy,False,2206.10589,2209.12400,79.4,86.01,0
Image Classification | ImageNet,Image Classification,ImageNet,Top 1 Accuracy,False,2110.02178,2103.13027,78.4,80.98,0
Image Classification | ImageNet,Image Classification,ImageNet,Top 1 Accuracy,False,2204.12511,2010.14819,87.2,79.4,1
Image Classification | ImageNet,Image Classification,ImageNet,Top 1 Accuracy,False,2205.09612,2107.00651,86.61,82.4,1
Image Classification | ImageNet,Image Classification,ImageNet,Top 1 Accuracy,False,2311.03035,2204.12511,85.8,87.2,0
Image Classification | ImageNet,Image Classification,ImageNet,Top 1 Accuracy,False,2103.10697,2010.14819,82.5,79.4,1
Image Classification | ImageNet,Image Classification,ImageNet,Top 1 Accuracy,False,2306.01705,1905.11946,81.89,84.4,0
Image Classification | ImageNet,Image Classification,ImageNet,Top 1 Accuracy,False,2111.12710,2207.10666,88.3,86.5,1
Image Classification | ImageNet,Image Classification,ImageNet,Top 1 Accuracy,False,2205.09612,2101.03057,86.61,77.0,1
Image Classification | ImageNet,Image Classification,ImageNet,Top 1 Accuracy,False,2206.10589,2105.02723,79.4,74.9,1
Image Classification | ImageNet,Image Classification,ImageNet,Top 1 Accuracy,False,2205.13213,2209.12400,84.7,86.01,0
Image Classification | ImageNet,Image Classification,ImageNet,Top 1 Accuracy,False,1906.03516,2105.10305,75.1,68.6,1
Image Classification | ImageNet,Image Classification,ImageNet,Top 1 Accuracy,False,2311.03035,2105.03889,85.8,84.1,1
Image Classification | ImageNet,Image Classification,ImageNet,Top 1 Accuracy,False,2107.02960,1905.04899,82.3,80.53,1
Image Classification | ImageNet,Image Classification,ImageNet,Top 1 Accuracy,False,2107.00651,2207.10666,82.4,86.5,0
Image Classification | ImageNet,Image Classification,ImageNet,Top 1 Accuracy,False,1912.05027,2106.02253,79.0,76.6,1
Image Classification | ImageNet,Image Classification,ImageNet,Top 1 Accuracy,False,2101.03057,1905.11946,77.0,84.4,0
Image Classification | ImageNet,Image Classification,ImageNet,Top 1 Accuracy,False,2205.09612,1905.04899,86.61,80.53,1
Image Classification | ImageNet,Image Classification,ImageNet,Top 1 Accuracy,False,2204.12511,1906.03516,87.2,75.1,1
Image Classification | ImageNet,Image Classification,ImageNet,Top 1 Accuracy,False,1912.05027,2211.09807,79.0,89.6,0
Image Classification | ImageNet,Image Classification,ImageNet,Top 1 Accuracy,False,2205.13213,2111.12710,84.7,88.3,0
Image Classification | ImageNet,Image Classification,ImageNet,Top 1 Accuracy,False,2201.00520,1911.11907,84.8,75.7,1
Image Classification | ImageNet,Image Classification,ImageNet,Top 1 Accuracy,False,2103.12731,2105.10305,85.5,68.6,1
Image Classification | ImageNet,Image Classification,ImageNet,Top 1 Accuracy,False,2201.00520,2105.02723,84.8,74.9,1
Image Classification | ImageNet,Image Classification,ImageNet,Top 1 Accuracy,False,2105.10305,2404.11202,68.6,80.4,0
Image Classification | ImageNet,Image Classification,ImageNet,Top 1 Accuracy,False,2103.12731,2205.13213,85.5,84.7,1
Image Classification | ImageNet,Image Classification,ImageNet,Top 1 Accuracy,False,2103.10697,2211.05778,82.5,89.6,0
Image Classification | ImageNet,Image Classification,ImageNet,Top 1 Accuracy,False,2209.12400,1906.03516,86.01,75.1,1
Image Classification | ImageNet,Image Classification,ImageNet,Top 1 Accuracy,False,2201.00520,1902.05509,84.8,83.6,1
Image Classification | ImageNet,Image Classification,ImageNet,Top 1 Accuracy,False,1911.11907,2211.16961,75.7,83.6,0
Image Classification | ImageNet,Image Classification,ImageNet,Top 1 Accuracy,False,2311.03035,2211.05778,85.8,89.6,0
Image Classification | ImageNet,Image Classification,ImageNet,Top 1 Accuracy,False,2010.14819,1902.05509,79.4,83.6,0
Image Classification | ImageNet,Image Classification,ImageNet,Top 1 Accuracy,False,2209.12400,2306.01705,86.01,81.89,1
Image Classification | ImageNet,Image Classification,ImageNet,Top 1 Accuracy,False,2111.12710,2308.09372,88.3,84.91,1
Image Classification | ImageNet,Image Classification,ImageNet,Top 1 Accuracy,False,2106.02253,2010.14819,76.6,79.4,0
Image Classification | ImageNet,Image Classification,ImageNet,Top 1 Accuracy,False,1911.11907,2211.09807,75.7,89.6,0
Image Classification | ImageNet,Image Classification,ImageNet,Top 1 Accuracy,False,2105.02723,1904.02877,74.9,74.96,0
Image Classification | ImageNet,Image Classification,ImageNet,Top 1 Accuracy,False,2103.12731,2111.12710,85.5,88.3,0
Image Classification | ImageNet,Image Classification,ImageNet,Top 1 Accuracy,False,1905.11946,2204.12511,84.4,87.2,0
Image Classification | ImageNet,Image Classification,ImageNet,Top 1 Accuracy,False,2211.09807,2103.13027,89.6,80.98,1
Image Classification | ImageNet,Image Classification,ImageNet,Top 1 Accuracy,False,2104.07916,2311.03035,71.6,85.8,0
Image Classification | ImageNet,Image Classification,ImageNet,Top 1 Accuracy,False,2201.00520,2211.05778,84.8,89.6,0
Image Classification | ImageNet,Image Classification,ImageNet,Top 1 Accuracy,False,2201.00520,2308.09372,84.8,84.91,0
Image Classification | ImageNet,Image Classification,ImageNet,Top 1 Accuracy,False,2110.02178,2202.03555,78.4,86.6,0
Image Classification | ImageNet,Image Classification,ImageNet,Top 1 Accuracy,False,2105.03889,2010.14819,84.1,79.4,1
Image Classification | ImageNet,Image Classification,ImageNet,Top 1 Accuracy,False,2106.02253,2202.10108,76.6,88.5,0
Image Classification | ImageNet,Image Classification,ImageNet,Top 1 Accuracy,False,2206.10589,1902.05509,79.4,83.6,0
Image Classification | ImageNet,Image Classification,ImageNet,Top 1 Accuracy,False,2107.02960,2211.05778,82.3,89.6,0
Image Classification | ImageNet,Image Classification,ImageNet,Top 1 Accuracy,False,2105.10305,2308.09372,68.6,84.91,0
Image Classification | ImageNet,Image Classification,ImageNet,Top 1 Accuracy,False,2201.00520,2111.12710,84.8,88.3,0
Image Classification | ImageNet,Image Classification,ImageNet,Top 1 Accuracy,False,2204.12511,2211.09807,87.2,89.6,0
Image Classification | ImageNet,Image Classification,ImageNet,Top 1 Accuracy,False,2308.09372,2103.13027,84.91,80.98,1
Image Classification | ImageNet,Image Classification,ImageNet,Top 1 Accuracy,False,2211.16961,2202.10108,83.6,88.5,0
Image Classification | ImageNet,Image Classification,ImageNet,Top 1 Accuracy,False,2101.03057,2404.11202,77.0,80.4,0
Image Classification | ImageNet,Image Classification,ImageNet,Top 1 Accuracy,False,2105.10305,2010.14819,68.6,79.4,0
Image Classification | ImageNet,Image Classification,ImageNet,Top 1 Accuracy,False,2105.02723,2207.10666,74.9,86.5,0
Image Classification | ImageNet,Image Classification,ImageNet,Top 1 Accuracy,False,2205.13213,1905.04899,84.7,80.53,1
Image Classification | ImageNet,Image Classification,ImageNet,Top 1 Accuracy,False,1906.03516,2107.00651,75.1,82.4,0
Image Classification | ImageNet,Image Classification,ImageNet,Top 1 Accuracy,False,2206.10589,2202.10108,79.4,88.5,0
Image Classification | ImageNet,Image Classification,ImageNet,Top 1 Accuracy,False,2205.13213,2306.01705,84.7,81.89,1
Image Classification | ImageNet,Image Classification,ImageNet,Top 1 Accuracy,False,1902.05509,2211.05778,83.6,89.6,0
Image Classification | ImageNet,Image Classification,ImageNet,Top 1 Accuracy,False,2111.12710,2211.09807,88.3,89.6,0
Image Classification | ImageNet,Image Classification,ImageNet,Top 1 Accuracy,False,2110.02178,2306.01705,78.4,81.89,0
Image Classification | ImageNet,Image Classification,ImageNet,Top 1 Accuracy,False,2107.02960,2404.11202,82.3,80.4,1
Image Classification | ImageNet,Image Classification,ImageNet,Top 1 Accuracy,False,2201.00520,2211.16961,84.8,83.6,1
Image Classification | ImageNet,Image Classification,ImageNet,Top 1 Accuracy,False,2201.00520,2209.12400,84.8,86.01,0
Image Classification | ImageNet,Image Classification,ImageNet,Top 1 Accuracy,False,1904.02877,2308.09372,74.96,84.91,0
Image Classification | ImageNet,Image Classification,ImageNet,Top 1 Accuracy,False,2105.03889,2211.16961,84.1,83.6,1
Image Classification | ImageNet,Image Classification,ImageNet,Top 1 Accuracy,False,2206.10589,1905.11946,79.4,84.4,0
Image Classification | ImageNet,Image Classification,ImageNet,Top 1 Accuracy,False,2209.12400,2308.09372,86.01,84.91,1
Image Classification | ImageNet,Image Classification,ImageNet,Top 1 Accuracy,False,1905.11946,2202.10108,84.4,88.5,0
Image Classification | ImageNet,Image Classification,ImageNet,Top 1 Accuracy,False,2205.09612,2107.02960,86.61,82.3,1
Image Classification | ImageNet,Image Classification,ImageNet,Top 1 Accuracy,False,1805.00932,1912.05027,85.4,79.0,1
Image Classification | ImageNet,Image Classification,ImageNet,Top 1 Accuracy,False,2105.02723,1905.04899,74.9,80.53,0
Image Classification | ImageNet,Image Classification,ImageNet,Top 1 Accuracy,False,2201.00520,1904.02877,84.8,74.96,1
Image Classification | ImageNet,Image Classification,ImageNet,Top 1 Accuracy,False,1912.05027,2202.10108,79.0,88.5,0
Image Classification | ImageNet,Image Classification,ImageNet,Top 1 Accuracy,False,2104.07916,2211.16961,71.6,83.6,0
Image Classification | ImageNet,Image Classification,ImageNet,Top 1 Accuracy,False,2205.09612,2010.14819,86.61,79.4,1
Image Classification | ImageNet,Image Classification,ImageNet,Top 1 Accuracy,False,2303.08810,1902.05509,85.4,83.6,1
Image Classification | ImageNet,Image Classification,ImageNet,Top 1 Accuracy,False,1911.11907,2311.03035,75.7,85.8,0
Image Classification | ImageNet,Image Classification,ImageNet,Top 1 Accuracy,False,2205.09612,2209.12400,86.61,86.01,1
Image Classification | ImageNet,Image Classification,ImageNet,Top 1 Accuracy,False,1905.11946,2107.00651,84.4,82.4,1
Image Classification | ImageNet,Image Classification,ImageNet,Top 1 Accuracy,False,2206.10589,2107.02960,79.4,82.3,0
Image Classification | ImageNet,Image Classification,ImageNet,Top 1 Accuracy,False,2110.02178,1905.04899,78.4,80.53,0
Image Classification | ImageNet,Image Classification,ImageNet,Top 1 Accuracy,False,2206.09379,2104.07916,38.3,71.6,0
Image Classification | ImageNet,Image Classification,ImageNet,Top 1 Accuracy,False,1911.11907,1912.05027,75.7,79.0,0
Image Classification | ImageNet,Image Classification,ImageNet,Top 1 Accuracy,False,2306.01705,2105.10305,81.89,68.6,1
Image Classification | ImageNet,Image Classification,ImageNet,Top 1 Accuracy,False,2110.02178,2104.07916,78.4,71.6,1
Image Classification | ImageNet,Image Classification,ImageNet,Top 1 Accuracy,False,2206.10589,2311.03035,79.4,85.8,0
Image Classification | ImageNet,Image Classification,ImageNet,Top 1 Accuracy,False,2111.12710,2106.02253,88.3,76.6,1
Image Classification | ImageNet,Image Classification,ImageNet,Top 1 Accuracy,False,1905.04899,1906.03516,80.53,75.1,1
Image Classification | ImageNet,Image Classification,ImageNet,Top 1 Accuracy,False,1905.04899,2010.14819,80.53,79.4,1
Image Classification | ImageNet,Image Classification,ImageNet,Top 1 Accuracy,False,1906.03516,2202.03555,75.1,86.6,0
Image Classification | ImageNet,Image Classification,ImageNet,Top 1 Accuracy,False,2206.10589,2107.00651,79.4,82.4,0
Image Classification | ImageNet,Image Classification,ImageNet,Top 1 Accuracy,False,2103.10697,2107.00651,82.5,82.4,1
Image Classification | ImageNet,Image Classification,ImageNet,Top 1 Accuracy,False,2308.09372,2211.05778,84.91,89.6,0
Image Classification | ImageNet,Image Classification,ImageNet,Top 1 Accuracy,False,2303.08810,2202.03555,85.4,86.6,0
Image Classification | ImageNet,Image Classification,ImageNet,Top 1 Accuracy,False,2303.08810,2207.10666,85.4,86.5,0
Image Classification | ImageNet,Image Classification,ImageNet,Top 1 Accuracy,False,2107.02960,2303.08810,82.3,85.4,0
Image Classification | ImageNet,Image Classification,ImageNet,Top 1 Accuracy,False,2101.03057,2106.02253,77.0,76.6,1
Image Classification | ImageNet,Image Classification,ImageNet,Top 1 Accuracy,False,2205.13213,2404.11202,84.7,80.4,1
Image Classification | ImageNet,Image Classification,ImageNet,Top 1 Accuracy,False,2105.02723,1906.03516,74.9,75.1,0
Image Classification | ImageNet,Image Classification,ImageNet,Top 1 Accuracy,False,1905.04899,2107.00651,80.53,82.4,0
Image Classification | ImageNet,Image Classification,ImageNet,Top 1 Accuracy,False,2206.10589,2306.01705,79.4,81.89,0
Image Classification | ImageNet,Image Classification,ImageNet,Top 1 Accuracy,False,1904.02877,2106.02253,74.96,76.6,0
Image Classification | ImageNet,Image Classification,ImageNet,Top 1 Accuracy,False,2103.12731,2211.09807,85.5,89.6,0
Image Classification | ImageNet,Image Classification,ImageNet,Top 1 Accuracy,False,2303.08810,2211.16961,85.4,83.6,1
Image Classification | ImageNet,Image Classification,ImageNet,Top 1 Accuracy,False,2209.12400,2211.09807,86.01,89.6,0
Image Classification | ImageNet,Image Classification,ImageNet,Top 1 Accuracy,False,2404.11202,2010.14819,80.4,79.4,1
Image Classification | ImageNet,Image Classification,ImageNet,Top 1 Accuracy,False,2206.10589,2211.16961,79.4,83.6,0
Image Classification | ImageNet,Image Classification,ImageNet,Top 1 Accuracy,False,2107.02960,2206.09379,82.3,38.3,1
Image Classification | ImageNet,Image Classification,ImageNet,Top 1 Accuracy,False,2101.03057,2306.01705,77.0,81.89,0
Image Classification | ImageNet,Image Classification,ImageNet,Top 1 Accuracy,False,2201.00520,2206.09379,84.8,38.3,1
Image Classification | ImageNet,Image Classification,ImageNet,Top 1 Accuracy,False,2206.10589,2205.13213,79.4,84.7,0
Image Classification | ImageNet,Image Classification,ImageNet,Top 1 Accuracy,False,1911.11907,2308.09372,75.7,84.91,0
Image Classification | ImageNet,Image Classification,ImageNet,Top 1 Accuracy,False,2211.16961,2103.13027,83.6,80.98,1
Image Classification | ImageNet,Image Classification,ImageNet,Top 1 Accuracy,False,2110.02178,2207.10666,78.4,86.5,0
Image Classification | ImageNet,Image Classification,ImageNet,Top 1 Accuracy,False,2205.09612,2106.02253,86.61,76.6,1
Image Classification | ImageNet,Image Classification,ImageNet,Top 1 Accuracy,False,2306.01705,2010.14819,81.89,79.4,1
Image Classification | ImageNet,Image Classification,ImageNet,Top 1 Accuracy,False,1905.04899,2105.10305,80.53,68.6,1
Image Classification | ImageNet,Image Classification,ImageNet,Top 1 Accuracy,False,2206.10589,2103.10697,79.4,82.5,0
Image Classification | ImageNet,Image Classification,ImageNet,Top 1 Accuracy,False,1912.05027,2010.14819,79.0,79.4,0
Image Classification | ImageNet,Image Classification,ImageNet,Top 1 Accuracy,False,1805.00932,1906.03516,85.4,75.1,1
Image Classification | ImageNet,Image Classification,ImageNet,Top 1 Accuracy,False,2202.10108,1902.05509,88.5,83.6,1
Image Classification | ImageNet,Image Classification,ImageNet,Top 1 Accuracy,False,2404.11202,1902.05509,80.4,83.6,0
Image Classification | ImageNet,Image Classification,ImageNet,Top 1 Accuracy,False,1805.00932,2306.01705,85.4,81.89,1
Image Classification | ImageNet,Image Classification,ImageNet,Top 1 Accuracy,False,2110.02178,2206.09379,78.4,38.3,1
Image Classification | ImageNet,Image Classification,ImageNet,Top 1 Accuracy,False,2201.00520,1912.05027,84.8,79.0,1
Image Classification | ImageNet,Image Classification,ImageNet,Top 1 Accuracy,False,2308.09372,2010.14819,84.91,79.4,1
Image Classification | ImageNet,Image Classification,ImageNet,Top 1 Accuracy,False,1912.05027,2202.03555,79.0,86.6,0
Image Classification | ImageNet,Image Classification,ImageNet,Top 1 Accuracy,False,2206.10589,2205.09612,79.4,86.61,0
Image Classification | ImageNet,Image Classification,ImageNet,Top 1 Accuracy,False,2303.08810,2103.10697,85.4,82.5,1
Image Classification | ImageNet,Image Classification,ImageNet,Top 1 Accuracy,False,2111.12710,2205.09612,88.3,86.61,1
Image Classification | ImageNet,Image Classification,ImageNet,Top 1 Accuracy,False,2010.14819,2202.10108,79.4,88.5,0
Image Classification | ImageNet,Image Classification,ImageNet,Top 1 Accuracy,False,2104.07916,2209.12400,71.6,86.01,0
Image Classification | ImageNet,Image Classification,ImageNet,Top 1 Accuracy,False,2106.02253,2207.10666,76.6,86.5,0
Image Classification | ImageNet,Image Classification,ImageNet,Top 1 Accuracy,False,2107.02960,2306.01705,82.3,81.89,1
Image Classification | ImageNet,Image Classification,ImageNet,Top 1 Accuracy,False,2110.02178,2010.14819,78.4,79.4,0
Image Classification | ImageNet,Image Classification,ImageNet,Top 1 Accuracy,False,2404.11202,2103.13027,80.4,80.98,0
Image Classification | ImageNet,Image Classification,ImageNet,Top 1 Accuracy,False,2105.02723,2211.05778,74.9,89.6,0
Image Classification | ImageNet,Image Classification,ImageNet,Top 1 Accuracy,False,2201.00520,2205.13213,84.8,84.7,1
Image Classification | ImageNet,Image Classification,ImageNet,Top 1 Accuracy,False,2311.03035,2404.11202,85.8,80.4,1
Image Classification | ImageNet,Image Classification,ImageNet,Top 1 Accuracy,False,2201.00520,2306.01705,84.8,81.89,1
Image Classification | ImageNet,Image Classification,ImageNet,Top 1 Accuracy,False,2205.09612,2211.05778,86.61,89.6,0
Image Classification | ImageNet,Image Classification,ImageNet,Top 1 Accuracy,False,1805.00932,2103.13027,85.4,80.98,1
Image Classification | ImageNet,Image Classification,ImageNet,Top 1 Accuracy,False,2107.00651,2211.05778,82.4,89.6,0
Image Classification | ImageNet,Image Classification,ImageNet,Top 1 Accuracy,False,2207.10666,1902.05509,86.5,83.6,1
Image Classification | ImageNet,Image Classification,ImageNet,Top 1 Accuracy,False,2205.09612,2204.12511,86.61,87.2,0
Image Classification | ImageNet,Image Classification,ImageNet,Top 1 Accuracy,False,2306.01705,2308.09372,81.89,84.91,0
Image Classification | ImageNet,Image Classification,ImageNet,Top 1 Accuracy,False,2205.13213,2205.09612,84.7,86.61,0
Image Classification | ImageNet,Image Classification,ImageNet,Top 1 Accuracy,False,1911.11907,1906.03516,75.7,75.1,1
Image Classification | ImageNet,Image Classification,ImageNet,Top 1 Accuracy,False,1911.11907,2103.10697,75.7,82.5,0
Image Classification | ImageNet,Image Classification,ImageNet,Top 1 Accuracy,False,1905.04899,2308.09372,80.53,84.91,0
Image Classification | ImageNet,Image Classification,ImageNet,Top 1 Accuracy,False,2103.12731,2206.09379,85.5,38.3,1
Image Classification | ImageNet,Image Classification,ImageNet,Top 1 Accuracy,False,2205.09612,1904.02877,86.61,74.96,1
Image Classification | ImageNet,Image Classification,ImageNet,Top 1 Accuracy,False,1904.02877,2105.10305,74.96,68.6,1
Image Classification | ImageNet,Image Classification,ImageNet,Top 1 Accuracy,False,2205.09612,2211.09807,86.61,89.6,0
Image Classification | ImageNet,Image Classification,ImageNet,Top 1 Accuracy,False,2103.12731,2101.03057,85.5,77.0,1
Image Classification | ImageNet,Image Classification,ImageNet,Top 1 Accuracy,False,2104.07916,1904.02877,71.6,74.96,0
Image Classification | ImageNet,Image Classification,ImageNet,Top 1 Accuracy,False,2306.01705,2106.02253,81.89,76.6,1
Image Classification | ImageNet,Image Classification,ImageNet,Top 1 Accuracy,False,2104.07916,2308.09372,71.6,84.91,0
Image Classification | ImageNet,Image Classification,ImageNet,Top 1 Accuracy,False,1805.00932,2211.16961,85.4,83.6,1
Image Classification | ImageNet,Image Classification,ImageNet,Top 1 Accuracy,False,2101.03057,2103.10697,77.0,82.5,0
Image Classification | ImageNet,Image Classification,ImageNet,Top 1 Accuracy,False,2202.03555,2105.10305,86.6,68.6,1
Image Classification | ImageNet,Image Classification,ImageNet,Top 1 Accuracy,False,2404.11202,2211.05778,80.4,89.6,0
Image Classification | ImageNet,Image Classification,ImageNet,Top 1 Accuracy,False,2110.02178,2105.02723,78.4,74.9,1
Image Classification | ImageNet,Image Classification,ImageNet,Top 1 Accuracy,False,2311.03035,1902.05509,85.8,83.6,1
Image Classification | ImageNet,Image Classification,ImageNet,Top 1 Accuracy,False,2303.08810,2101.03057,85.4,77.0,1
Image Classification | ImageNet,Image Classification,ImageNet,Top 1 Accuracy,False,2205.09612,1911.11907,86.61,75.7,1
Image Classification | ImageNet,Image Classification,ImageNet,Top 1 Accuracy,False,2103.12731,2010.14819,85.5,79.4,1
Image Classification | ImageNet,Image Classification,ImageNet,Top 1 Accuracy,False,1805.00932,2010.14819,85.4,79.4,1
Image Classification | ImageNet,Image Classification,ImageNet,Top 1 Accuracy,False,2205.13213,2107.00651,84.7,82.4,1
Image Classification | ImageNet,Image Classification,ImageNet,Top 1 Accuracy,False,2110.02178,2303.08810,78.4,85.4,0
Image Classification | ImageNet,Image Classification,ImageNet,Top 1 Accuracy,False,2205.13213,2010.14819,84.7,79.4,1
Image Classification | ImageNet,Image Classification,ImageNet,Top 1 Accuracy,False,1912.05027,2211.16961,79.0,83.6,0
Image Classification | ImageNet,Image Classification,ImageNet,Top 1 Accuracy,False,2205.13213,2103.10697,84.7,82.5,1
Image Classification | ImageNet,Image Classification,ImageNet,Top 1 Accuracy,False,1912.05027,2103.13027,79.0,80.98,0
Image Classification | ImageNet,Image Classification,ImageNet,Top 1 Accuracy,False,2311.03035,2202.03555,85.8,86.6,0
Image Classification | ImageNet,Image Classification,ImageNet,Top 1 Accuracy,False,2209.12400,1912.05027,86.01,79.0,1
Image Classification | ImageNet,Image Classification,ImageNet,Top 1 Accuracy,False,2111.12710,2107.02960,88.3,82.3,1
Image Classification | CIFAR-10,Image Classification,CIFAR-10,Percentage correct,False,2005.05859,1805.01890,98.4,91.21,1
Image Classification | CIFAR-10,Image Classification,CIFAR-10,Percentage correct,False,2205.09615,2304.07193,96.73,99.5,0
Image Classification | CIFAR-10,Image Classification,CIFAR-10,Percentage correct,False,2110.08059,1801.04381,92.2,95.5,0
Image Classification | CIFAR-10,Image Classification,CIFAR-10,Percentage correct,False,1709.10282,2002.12047,96.62,98.64,0
Image Classification | CIFAR-10,Image Classification,CIFAR-10,Percentage correct,False,2002.12047,1908.08681,98.64,94.05,1
Image Classification | CIFAR-10,Image Classification,CIFAR-10,Percentage correct,False,2205.14375,2205.13331,97.29,97.61,0
Image Classification | CIFAR-10,Image Classification,CIFAR-10,Percentage correct,False,1604.04112,2105.12723,94.4,97.2,0
Image Classification | CIFAR-10,Image Classification,CIFAR-10,Percentage correct,False,1507.06228,2204.12196,92.4,98.8,0
Image Classification | CIFAR-10,Image Classification,CIFAR-10,Percentage correct,False,2103.06132,1202.2745,97.73,88.8,1
Image Classification | CIFAR-10,Image Classification,CIFAR-10,Percentage correct,False,1901.09321,1908.08681,97.7,94.05,1
Image Classification | CIFAR-10,Image Classification,CIFAR-10,Percentage correct,False,1911.09265,2304.07193,98.01,99.5,0
Image Classification | CIFAR-10,Image Classification,CIFAR-10,Percentage correct,False,2305.03238,2205.13331,99.05,97.61,1
Image Classification | CIFAR-10,Image Classification,CIFAR-10,Percentage correct,False,1709.10282,2211.10684,96.62,80.63,1
Image Classification | CIFAR-10,Image Classification,CIFAR-10,Percentage correct,False,1511.00363,2302.06112,91.7,94.4367,0
Image Classification | CIFAR-10,Image Classification,CIFAR-10,Percentage correct,False,2201.09792,2205.04095,96.74,73.5,1
Image Classification | CIFAR-10,Image Classification,CIFAR-10,Percentage correct,False,1301.3557,1709.10282,84.9,96.62,0
Image Classification | CIFAR-10,Image Classification,CIFAR-10,Percentage correct,False,1908.08681,2304.07193,94.05,99.5,0
Image Classification | CIFAR-10,Image Classification,CIFAR-10,Percentage correct,False,2211.10684,2304.07193,80.63,99.5,0
Image Classification | CIFAR-10,Image Classification,CIFAR-10,Percentage correct,False,1301.3557,1801.04381,84.9,95.5,0
Image Classification | CIFAR-10,Image Classification,CIFAR-10,Percentage correct,False,1301.3557,1502.05700,84.9,93.6,0
Image Classification | CIFAR-10,Image Classification,CIFAR-10,Percentage correct,False,1911.09265,2205.13331,98.01,97.61,1
Image Classification | CIFAR-10,Image Classification,CIFAR-10,Percentage correct,False,2002.12047,1908.09699,98.64,97.86,1
Image Classification | CIFAR-10,Image Classification,CIFAR-10,Percentage correct,False,2110.08059,2211.10684,92.2,80.63,1
Image Classification | CIFAR-10,Image Classification,CIFAR-10,Percentage correct,False,1505.03229,2105.04319,89.7,92.3,0
Image Classification | CIFAR-10,Image Classification,CIFAR-10,Percentage correct,False,1502.05700,1911.09265,93.6,98.01,0
Image Classification | CIFAR-10,Image Classification,CIFAR-10,Percentage correct,False,1507.06228,1202.2745,92.4,88.8,1
Image Classification | CIFAR-10,Image Classification,CIFAR-10,Percentage correct,False,1301.3557,1805.01890,84.9,91.21,0
Image Classification | CIFAR-10,Image Classification,CIFAR-10,Percentage correct,False,1604.04112,1908.09699,94.4,97.86,0
Image Classification | CIFAR-10,Image Classification,CIFAR-10,Percentage correct,False,1901.09321,1511.06422,97.7,94.2,1
Image Classification | CIFAR-10,Image Classification,CIFAR-10,Percentage correct,False,1202.2745,2201.09792,88.8,96.74,0
Image Classification | CIFAR-10,Image Classification,CIFAR-10,Percentage correct,False,2003.13880,2201.09792,98.0,96.74,1
Image Classification | CIFAR-10,Image Classification,CIFAR-10,Percentage correct,False,2305.03238,1709.10282,99.05,96.62,1
Image Classification | CIFAR-10,Image Classification,CIFAR-10,Percentage correct,False,1511.00363,1511.06422,91.7,94.2,0
Image Classification | CIFAR-10,Image Classification,CIFAR-10,Percentage correct,False,2303.16203,1902.09701,88.5,97.47,0
Image Classification | CIFAR-10,Image Classification,CIFAR-10,Percentage correct,False,1301.3557,2206.13424,84.9,95.55,0
Image Classification | CIFAR-10,Image Classification,CIFAR-10,Percentage correct,False,2205.09615,2205.13331,96.73,97.61,0
Image Classification | CIFAR-10,Image Classification,CIFAR-10,Percentage correct,False,2005.05859,2003.13880,98.4,98.0,1
Image Classification | CIFAR-10,Image Classification,CIFAR-10,Percentage correct,False,2002.12047,2206.13424,98.64,95.55,1
Image Classification | CIFAR-10,Image Classification,CIFAR-10,Percentage correct,False,1202.2745,2005.05859,88.8,98.4,0
Image Classification | CIFAR-10,Image Classification,CIFAR-10,Percentage correct,False,1301.3557,2411.19671,84.9,95.66,0
Image Classification | CIFAR-10,Image Classification,CIFAR-10,Percentage correct,False,2103.06132,2205.09615,97.73,96.73,1
Image Classification | CIFAR-10,Image Classification,CIFAR-10,Percentage correct,False,2103.06132,2204.01186,97.73,97.3,1
Image Classification | CIFAR-10,Image Classification,CIFAR-10,Percentage correct,False,1507.06228,2201.09792,92.4,96.74,0
Image Classification | CIFAR-10,Image Classification,CIFAR-10,Percentage correct,False,2305.03238,1502.05700,99.05,93.6,1
Image Classification | CIFAR-10,Image Classification,CIFAR-10,Percentage correct,False,1902.09701,1709.10282,97.47,96.62,1
Image Classification | CIFAR-10,Image Classification,CIFAR-10,Percentage correct,False,2003.13880,1908.09699,98.0,97.86,1
Image Classification | CIFAR-10,Image Classification,CIFAR-10,Percentage correct,False,1511.00363,2204.01186,91.7,97.3,0
Image Classification | CIFAR-10,Image Classification,CIFAR-10,Percentage correct,False,2105.12723,2211.10684,97.2,80.63,1
Image Classification | CIFAR-10,Image Classification,CIFAR-10,Percentage correct,False,2303.16203,1911.09265,88.5,98.01,0
Image Classification | CIFAR-10,Image Classification,CIFAR-10,Percentage correct,False,2204.01186,2105.04319,97.3,92.3,1
Image Classification | CIFAR-10,Image Classification,CIFAR-10,Percentage correct,False,2411.19671,1511.00363,95.66,91.7,1
Image Classification | CIFAR-10,Image Classification,CIFAR-10,Percentage correct,False,2411.19671,2002.12047,95.66,98.64,0
Image Classification | CIFAR-10,Image Classification,CIFAR-10,Percentage correct,False,2102.07870,2304.07193,95.18,99.5,0
Image Classification | CIFAR-10,Image Classification,CIFAR-10,Percentage correct,False,2205.14375,2403.19588,97.29,99.31,0
Image Classification | CIFAR-10,Image Classification,CIFAR-10,Percentage correct,False,1301.3557,1908.08681,84.9,94.05,0
Image Classification | CIFAR-10,Image Classification,CIFAR-10,Percentage correct,False,2403.19588,2302.06112,99.31,94.4367,1
Image Classification | CIFAR-10,Image Classification,CIFAR-10,Percentage correct,False,1301.3557,1908.09699,84.9,97.86,0
Image Classification | CIFAR-10,Image Classification,CIFAR-10,Percentage correct,False,1507.06228,2105.04319,92.4,92.3,1
Image Classification | CIFAR-10,Image Classification,CIFAR-10,Percentage correct,False,2005.05859,2205.14375,98.4,97.29,1
Image Classification | CIFAR-10,Image Classification,CIFAR-10,Percentage correct,False,2305.03238,2211.10684,99.05,80.63,1
Image Classification | CIFAR-10,Image Classification,CIFAR-10,Percentage correct,False,1301.3557,2110.08059,84.9,92.2,0
Image Classification | CIFAR-10,Image Classification,CIFAR-10,Percentage correct,False,2110.08059,2302.06112,92.2,94.4367,0
Image Classification | CIFAR-10,Image Classification,CIFAR-10,Percentage correct,False,2005.05859,1911.09265,98.4,98.01,1
Image Classification | CIFAR-10,Image Classification,CIFAR-10,Percentage correct,False,2305.03238,2206.13424,99.05,95.55,1
Image Classification | CIFAR-10,Image Classification,CIFAR-10,Percentage correct,False,2110.08059,1502.05700,92.2,93.6,0
Image Classification | CIFAR-10,Image Classification,CIFAR-10,Percentage correct,False,2201.09792,2211.10684,96.74,80.63,1
Image Classification | CIFAR-10,Image Classification,CIFAR-10,Percentage correct,False,2204.01186,2304.07193,97.3,99.5,0
Image Classification | CIFAR-10,Image Classification,CIFAR-10,Percentage correct,False,1202.2745,2110.08059,88.8,92.2,0
Image Classification | CIFAR-10,Image Classification,CIFAR-10,Percentage correct,False,2103.06132,1908.08681,97.73,94.05,1
Image Classification | CIFAR-10,Image Classification,CIFAR-10,Percentage correct,False,1805.01890,2304.07193,91.21,99.5,0
Image Classification | CIFAR-10,Image Classification,CIFAR-10,Percentage correct,False,2103.06132,1502.05700,97.73,93.6,1
Image Classification | CIFAR-10,Image Classification,CIFAR-10,Percentage correct,False,2205.14375,1901.09321,97.29,97.7,0
Image Classification | CIFAR-10,Image Classification,CIFAR-10,Percentage correct,False,2205.14375,2110.00476,97.29,98.3,0
Image Classification | CIFAR-10,Image Classification,CIFAR-10,Percentage correct,False,2110.08059,1604.04112,92.2,94.4,0
Image Classification | CIFAR-10,Image Classification,CIFAR-10,Percentage correct,False,2103.06132,1902.09701,97.73,97.47,1
Image Classification | CIFAR-10,Image Classification,CIFAR-10,Percentage correct,False,2110.08059,1908.08681,92.2,94.05,0
Image Classification | CIFAR-10,Image Classification,CIFAR-10,Percentage correct,False,1511.00363,2205.09615,91.7,96.73,0
Image Classification | CIFAR-10,Image Classification,CIFAR-10,Percentage correct,False,2201.09792,1908.08681,96.74,94.05,1
Image Classification | CIFAR-10,Image Classification,CIFAR-10,Percentage correct,False,1502.05700,2204.01186,93.6,97.3,0
Image Classification | CIFAR-10,Image Classification,CIFAR-10,Percentage correct,False,2005.05859,1901.09321,98.4,97.7,1
Image Classification | CIFAR-10,Image Classification,CIFAR-10,Percentage correct,False,2002.12047,2304.07193,98.64,99.5,0
Image Classification | CIFAR-10,Image Classification,CIFAR-10,Percentage correct,False,1202.2745,1911.09265,88.8,98.01,0
Image Classification | CIFAR-10,Image Classification,CIFAR-10,Percentage correct,False,1502.05700,1805.01890,93.6,91.21,1
Image Classification | CIFAR-10,Image Classification,CIFAR-10,Percentage correct,False,2110.08059,1709.10282,92.2,96.62,0
Image Classification | CIFAR-10,Image Classification,CIFAR-10,Percentage correct,False,2003.13880,1911.09265,98.0,98.01,0
Image Classification | CIFAR-10,Image Classification,CIFAR-10,Percentage correct,False,2205.13331,1908.08681,97.61,94.05,1
Image Classification | CIFAR-10,Image Classification,CIFAR-10,Percentage correct,False,1507.06228,2205.09615,92.4,96.73,0
Image Classification | CIFAR-10,Image Classification,CIFAR-10,Percentage correct,False,1202.2745,2105.12723,88.8,97.2,0
Image Classification | CIFAR-10,Image Classification,CIFAR-10,Percentage correct,False,2201.09792,1908.09699,96.74,97.86,0
Image Classification | CIFAR-10,Image Classification,CIFAR-10,Percentage correct,False,2005.05859,2211.10684,98.4,80.63,1
Image Classification | CIFAR-10,Image Classification,CIFAR-10,Percentage correct,False,1604.04112,2204.01186,94.4,97.3,0
Image Classification | CIFAR-10,Image Classification,CIFAR-10,Percentage correct,False,2305.03238,2302.06112,99.05,94.4367,1
Image Classification | CIFAR-10,Image Classification,CIFAR-10,Percentage correct,False,1202.2745,1505.03229,88.8,89.7,0
Image Classification | CIFAR-10,Image Classification,CIFAR-10,Percentage correct,False,1709.10282,1911.09265,96.62,98.01,0
Image Classification | CIFAR-10,Image Classification,CIFAR-10,Percentage correct,False,1911.09265,2105.04319,98.01,92.3,1
Image Classification | CIFAR-10,Image Classification,CIFAR-10,Percentage correct,False,2205.04095,1908.08681,73.5,94.05,0
Image Classification | CIFAR-10,Image Classification,CIFAR-10,Percentage correct,False,2110.00476,2205.04095,98.3,73.5,1
Image Classification | CIFAR-10,Image Classification,CIFAR-10,Percentage correct,False,1202.2745,1604.04112,88.8,94.4,0
Image Classification | CIFAR-10,Image Classification,CIFAR-10,Percentage correct,False,1502.05700,2411.19671,93.6,95.66,0
Image Classification | CIFAR-10,Image Classification,CIFAR-10,Percentage correct,False,1901.09321,2102.07870,97.7,95.18,1
Image Classification | CIFAR-10,Image Classification,CIFAR-10,Percentage correct,False,2303.16203,2304.07193,88.5,99.5,0
Image Classification | CIFAR-10,Image Classification,CIFAR-10,Percentage correct,False,1507.06228,1604.04112,92.4,94.4,0
Image Classification | CIFAR-10,Image Classification,CIFAR-10,Percentage correct,False,1902.09701,2003.13880,97.47,98.0,0
Image Classification | CIFAR-10,Image Classification,CIFAR-10,Percentage correct,False,2002.12047,2201.09792,98.64,96.74,1
Image Classification | CIFAR-10,Image Classification,CIFAR-10,Percentage correct,False,1801.04381,2105.04319,95.5,92.3,1
Image Classification | CIFAR-10,Image Classification,CIFAR-10,Percentage correct,False,2110.08059,2201.09792,92.2,96.74,0
Image Classification | CIFAR-10,Image Classification,CIFAR-10,Percentage correct,False,2204.01186,2205.13331,97.3,97.61,0
Image Classification | CIFAR-10,Image Classification,CIFAR-10,Percentage correct,False,2303.16203,2206.13424,88.5,95.55,0
Image Classification | CIFAR-10,Image Classification,CIFAR-10,Percentage correct,False,1805.01890,1908.08681,91.21,94.05,0
Image Classification | CIFAR-10,Image Classification,CIFAR-10,Percentage correct,False,1507.06228,2211.10684,92.4,80.63,1
Image Classification | CIFAR-10,Image Classification,CIFAR-10,Percentage correct,False,2403.19588,2206.13424,99.31,95.55,1
Image Classification | CIFAR-10,Image Classification,CIFAR-10,Percentage correct,False,1507.06228,2105.12723,92.4,97.2,0
Image Classification | CIFAR-10,Image Classification,CIFAR-10,Percentage correct,False,1902.09701,2205.09615,97.47,96.73,1
Image Classification | CIFAR-10,Image Classification,CIFAR-10,Percentage correct,False,2204.12196,2105.12723,98.8,97.2,1
Image Classification | CIFAR-10,Image Classification,CIFAR-10,Percentage correct,False,1202.2745,2204.12196,88.8,98.8,0
Image Classification | CIFAR-10,Image Classification,CIFAR-10,Percentage correct,False,2110.08059,2403.19588,92.2,99.31,0
Image Classification | CIFAR-10,Image Classification,CIFAR-10,Percentage correct,False,1709.10282,1511.06422,96.62,94.2,1
Image Classification | CIFAR-10,Image Classification,CIFAR-10,Percentage correct,False,2201.09792,2403.19588,96.74,99.31,0
Image Classification | CIFAR-10,Image Classification,CIFAR-10,Percentage correct,False,1511.06422,2211.10684,94.2,80.63,1
Image Classification | CIFAR-10,Image Classification,CIFAR-10,Percentage correct,False,2205.09615,2204.01186,96.73,97.3,0
Image Classification | CIFAR-10,Image Classification,CIFAR-10,Percentage correct,False,2201.09792,2304.07193,96.74,99.5,0
Image Classification | CIFAR-10,Image Classification,CIFAR-10,Percentage correct,False,1801.04381,2302.06112,95.5,94.4367,1
Image Classification | CIFAR-10,Image Classification,CIFAR-10,Percentage correct,False,2302.06112,2304.07193,94.4367,99.5,0
Image Classification | CIFAR-10,Image Classification,CIFAR-10,Percentage correct,False,2303.16203,2105.04319,88.5,92.3,0
Image Classification | CIFAR-10,Image Classification,CIFAR-10,Percentage correct,False,1709.10282,1805.01890,96.62,91.21,1
Image Classification | CIFAR-10,Image Classification,CIFAR-10,Percentage correct,False,2110.08059,2205.09615,92.2,96.73,0
Image Classification | CIFAR-10,Image Classification,CIFAR-10,Percentage correct,False,1511.00363,2206.13424,91.7,95.55,0
Image Classification | CIFAR-10,Image Classification,CIFAR-10,Percentage correct,False,2103.06132,1801.04381,97.73,95.5,1
Image Classification | CIFAR-10,Image Classification,CIFAR-10,Percentage correct,False,2211.10684,2206.13424,80.63,95.55,0
Image Classification | CIFAR-10,Image Classification,CIFAR-10,Percentage correct,False,1505.03229,1801.04381,89.7,95.5,0
Image Classification | CIFAR-10,Image Classification,CIFAR-10,Percentage correct,False,2105.12723,1908.09699,97.2,97.86,0
Image Classification | CIFAR-10,Image Classification,CIFAR-10,Percentage correct,False,2204.12196,2102.07870,98.8,95.18,1
Image Classification | CIFAR-10,Image Classification,CIFAR-10,Percentage correct,False,1604.04112,1801.04381,94.4,95.5,0
Image Classification | CIFAR-10,Image Classification,CIFAR-10,Percentage correct,False,2205.04095,2206.13424,73.5,95.55,0
Image Classification | CIFAR-10,Image Classification,CIFAR-10,Percentage correct,False,2204.01186,1801.04381,97.3,95.5,1
Image Classification | CIFAR-10,Image Classification,CIFAR-10,Percentage correct,False,1801.04381,2206.13424,95.5,95.55,0
Image Classification | CIFAR-10,Image Classification,CIFAR-10,Percentage correct,False,2305.03238,2005.05859,99.05,98.4,1
Image Classification | CIFAR-10,Image Classification,CIFAR-10,Percentage correct,False,1902.09701,2105.12723,97.47,97.2,1
Image Classification | CIFAR-10,Image Classification,CIFAR-10,Percentage correct,False,2110.08059,2205.04095,92.2,73.5,1
Image Classification | CIFAR-10,Image Classification,CIFAR-10,Percentage correct,False,1901.09321,2411.19671,97.7,95.66,1
Image Classification | CIFAR-10,Image Classification,CIFAR-10,Percentage correct,False,1908.09699,2205.13331,97.86,97.61,1
Image Classification | CIFAR-10,Image Classification,CIFAR-10,Percentage correct,False,2305.03238,1902.09701,99.05,97.47,1
Image Classification | CIFAR-10,Image Classification,CIFAR-10,Percentage correct,False,2005.05859,2204.12196,98.4,98.8,0
Image Classification | CIFAR-10,Image Classification,CIFAR-10,Percentage correct,False,1511.00363,2211.10684,91.7,80.63,1
Image Classification | CIFAR-10,Image Classification,CIFAR-10,Percentage correct,False,1709.10282,2403.19588,96.62,99.31,0
Image Classification | CIFAR-10,Image Classification,CIFAR-10,Percentage correct,False,2005.05859,1709.10282,98.4,96.62,1
Image Classification | CIFAR-10,Image Classification,CIFAR-10,Percentage correct,False,1709.10282,2205.13331,96.62,97.61,0
Image Classification | CIFAR-10,Image Classification,CIFAR-10,Percentage correct,False,1902.09701,2304.07193,97.47,99.5,0
Image Classification | CIFAR-10,Image Classification,CIFAR-10,Percentage correct,False,2411.19671,2205.04095,95.66,73.5,1
Image Classification | CIFAR-10,Image Classification,CIFAR-10,Percentage correct,False,2305.03238,2205.14375,99.05,97.29,1
Image Classification | CIFAR-10,Image Classification,CIFAR-10,Percentage correct,False,2411.19671,2110.00476,95.66,98.3,0
Image Classification | CIFAR-10,Image Classification,CIFAR-10,Percentage correct,False,2303.16203,2205.14375,88.5,97.29,0
Image Classification | CIFAR-10,Image Classification,CIFAR-10,Percentage correct,False,2411.19671,1911.09265,95.66,98.01,0
Image Classification | CIFAR-10,Image Classification,CIFAR-10,Percentage correct,False,2403.19588,2304.07193,99.31,99.5,0
Image Classification | CIFAR-10,Image Classification,CIFAR-10,Percentage correct,False,1505.03229,2201.09792,89.7,96.74,0
Image Classification | CIFAR-10,Image Classification,CIFAR-10,Percentage correct,False,2204.01186,2206.13424,97.3,95.55,1
Image Classification | CIFAR-10,Image Classification,CIFAR-10,Percentage correct,False,1604.04112,2105.04319,94.4,92.3,1
Image Classification | CIFAR-10,Image Classification,CIFAR-10,Percentage correct,False,1502.05700,2205.04095,93.6,73.5,1
Image Classification | CIFAR-10,Image Classification,CIFAR-10,Percentage correct,False,1805.01890,2102.07870,91.21,95.18,0
Image Classification | CIFAR-10,Image Classification,CIFAR-10,Percentage correct,False,1709.10282,2105.12723,96.62,97.2,0
Image Classification | CIFAR-10,Image Classification,CIFAR-10,Percentage correct,False,2110.08059,2206.13424,92.2,95.55,0
Image Classification | CIFAR-10,Image Classification,CIFAR-10,Percentage correct,False,1805.01890,1908.09699,91.21,97.86,0
Image Classification | CIFAR-10,Image Classification,CIFAR-10,Percentage correct,False,1507.06228,1902.09701,92.4,97.47,0
Image Classification | CIFAR-10,Image Classification,CIFAR-10,Percentage correct,False,2205.14375,2304.07193,97.29,99.5,0
Image Classification | CIFAR-10,Image Classification,CIFAR-10,Percentage correct,False,2005.05859,1511.06422,98.4,94.2,1
Image Classification | CIFAR-10,Image Classification,CIFAR-10,Percentage correct,False,2105.12723,1801.04381,97.2,95.5,1
Image Classification | CIFAR-10,Image Classification,CIFAR-10,Percentage correct,False,1505.03229,2302.06112,89.7,94.4367,0
Image Classification | CIFAR-10,Image Classification,CIFAR-10,Percentage correct,False,2303.16203,1511.06422,88.5,94.2,0
Image Classification | CIFAR-10,Image Classification,CIFAR-10,Percentage correct,False,1301.3557,2110.00476,84.9,98.3,0
Image Classification | CIFAR-10,Image Classification,CIFAR-10,Percentage correct,False,2411.19671,2205.09615,95.66,96.73,0
Image Classification | CIFAR-10,Image Classification,CIFAR-10,Percentage correct,False,2205.14375,1908.08681,97.29,94.05,1
Image Classification | CIFAR-10,Image Classification,CIFAR-10,Percentage correct,False,1502.05700,1908.09699,93.6,97.86,0
Image Classification | CIFAR-10,Image Classification,CIFAR-10,Percentage correct,False,1709.10282,1801.04381,96.62,95.5,1
Image Classification | CIFAR-10,Image Classification,CIFAR-10,Percentage correct,False,2110.08059,2102.07870,92.2,95.18,0
Image Classification | CIFAR-10,Image Classification,CIFAR-10,Percentage correct,False,2103.06132,2211.10684,97.73,80.63,1
Image Classification | CIFAR-10,Image Classification,CIFAR-10,Percentage correct,False,1902.09701,1511.00363,97.47,91.7,1
Image Classification | CIFAR-10,Image Classification,CIFAR-10,Percentage correct,False,2110.08059,2105.04319,92.2,92.3,0
Image Classification | CIFAR-10,Image Classification,CIFAR-10,Percentage correct,False,1502.05700,2110.00476,93.6,98.3,0
Image Classification | CIFAR-10,Image Classification,CIFAR-10,Percentage correct,False,2005.05859,1604.04112,98.4,94.4,1
Image Classification | CIFAR-10,Image Classification,CIFAR-10,Percentage correct,False,1502.05700,1604.04112,93.6,94.4,0
Image Classification | CIFAR-10,Image Classification,CIFAR-10,Percentage correct,False,2005.05859,2206.13424,98.4,95.55,1
Image Classification | CIFAR-10,Image Classification,CIFAR-10,Percentage correct,False,2103.06132,1901.09321,97.73,97.7,1
Image Classification | CIFAR-10,Image Classification,CIFAR-10,Percentage correct,False,1507.06228,2110.08059,92.4,92.2,1
Image Classification | CIFAR-10,Image Classification,CIFAR-10,Percentage correct,False,1502.05700,2304.07193,93.6,99.5,0
Image Classification | CIFAR-10,Image Classification,CIFAR-10,Percentage correct,False,1511.00363,2205.04095,91.7,73.5,1
Image Classification | CIFAR-10,Image Classification,CIFAR-10,Percentage correct,False,2305.03238,1908.09699,99.05,97.86,1
Image Classification | CIFAR-10,Image Classification,CIFAR-10,Percentage correct,False,1709.10282,2204.12196,96.62,98.8,0
Image Classification | CIFAR-10,Image Classification,CIFAR-10,Percentage correct,False,2205.14375,2211.10684,97.29,80.63,1
Image Classification | CIFAR-10,Image Classification,CIFAR-10,Percentage correct,False,1202.2745,2204.01186,88.8,97.3,0
Image Classification | CIFAR-10,Image Classification,CIFAR-10,Percentage correct,False,1507.06228,1709.10282,92.4,96.62,0
Image Classification | CIFAR-10,Image Classification,CIFAR-10,Percentage correct,False,2205.14375,1505.03229,97.29,89.7,1
Image Classification | CIFAR-10,Image Classification,CIFAR-10,Percentage correct,False,2105.12723,2302.06112,97.2,94.4367,1
Image Classification | CIFAR-10,Image Classification,CIFAR-10,Percentage correct,False,1507.06228,2110.00476,92.4,98.3,0
Image Classification | CIFAR-10,Image Classification,CIFAR-10,Percentage correct,False,1901.09321,1505.03229,97.7,89.7,1
Image Classification | CIFAR-10,Image Classification,CIFAR-10,Percentage correct,False,2204.12196,2002.12047,98.8,98.64,1
Image Classification | CIFAR-10,Image Classification,CIFAR-10,Percentage correct,False,1507.06228,2302.06112,92.4,94.4367,0
Image Classification | CIFAR-10,Image Classification,CIFAR-10,Percentage correct,False,2204.12196,2110.00476,98.8,98.3,1
Image Classification | CIFAR-10,Image Classification,CIFAR-10,Percentage correct,False,1511.06422,2102.07870,94.2,95.18,0
Image Classification | CIFAR-10,Image Classification,CIFAR-10,Percentage correct,False,1805.01890,2204.12196,91.21,98.8,0
Image Classification | CIFAR-10,Image Classification,CIFAR-10,Percentage correct,False,1604.04112,2201.09792,94.4,96.74,0
Visual Question Answering | MM-Vet,Visual Question Answering,MM-Vet,GPT-4 score,False,2501.17811,2411.14279,50.0,39.9,1
Visual Question Answering | MM-Vet,Visual Question Answering,MM-Vet,GPT-4 score,False,2405.15738,2406.17770,45.9,48.5,0
Visual Question Answering | MM-Vet,Visual Question Answering,MM-Vet,GPT-4 score,False,2411.14279,2303.11381,39.9,44.6,0
Visual Question Answering | MM-Vet,Visual Question Answering,MM-Vet,GPT-4 score,False,2405.05949,2406.00977,51.0,35.9,1
Visual Question Answering | MM-Vet,Visual Question Answering,MM-Vet,GPT-4 score,False,2311.04257,2407.15838,36.3,37.9,0
Visual Question Answering | MM-Vet,Visual Question Answering,MM-Vet,GPT-4 score,False,2311.07575,2406.17770,40.2,48.5,0
Visual Question Answering | MM-Vet,Visual Question Answering,MM-Vet,GPT-4 score,False,2404.07973,2312.10665,35.7,49.9,0
Visual Question Answering | MM-Vet,Visual Question Answering,MM-Vet,GPT-4 score,False,2308.10253,2409.18869,36.1,37.2,0
Visual Question Answering | MM-Vet,Visual Question Answering,MM-Vet,GPT-4 score,False,2403.18252,2401.17981,39.8,38.9,1
Visual Question Answering | MM-Vet,Visual Question Answering,MM-Vet,GPT-4 score,False,2403.13447,2405.14129,31.0,35.6,0
Visual Question Answering | MM-Vet,Visual Question Answering,MM-Vet,GPT-4 score,False,2308.01390,2407.15838,24.8,37.9,0
Visual Question Answering | MM-Vet,Visual Question Answering,MM-Vet,GPT-4 score,False,2410.09421,2406.00977,50.7,35.9,1
Visual Question Answering | MM-Vet,Visual Question Answering,MM-Vet,GPT-4 score,False,2410.09421,2401.12503,50.7,29.0,1
Visual Question Answering | MM-Vet,Visual Question Answering,MM-Vet,GPT-4 score,False,2404.07973,2403.18252,35.7,39.8,0
Visual Question Answering | MM-Vet,Visual Question Answering,MM-Vet,GPT-4 score,False,2311.04257,2311.07362,36.3,38.0,0
Visual Question Answering | MM-Vet,Visual Question Answering,MM-Vet,GPT-4 score,False,2409.18869,2405.18358,37.2,74.24,0
Visual Question Answering | MM-Vet,Visual Question Answering,MM-Vet,GPT-4 score,False,2407.15838,2303.11381,37.9,44.6,0
Visual Question Answering | MM-Vet,Visual Question Answering,MM-Vet,GPT-4 score,False,2411.14279,2312.14135,39.9,27.7,1
Visual Question Answering | MM-Vet,Visual Question Answering,MM-Vet,GPT-4 score,False,2308.12966,2405.15738,66.6,45.9,1
Visual Question Answering | MM-Vet,Visual Question Answering,MM-Vet,GPT-4 score,False,2308.01390,2408.08862,24.8,31.0,0
Visual Question Answering | MM-Vet,Visual Question Answering,MM-Vet,GPT-4 score,False,2408.08862,2405.15738,31.0,45.9,0
Visual Question Answering | MM-Vet,Visual Question Answering,MM-Vet,GPT-4 score,False,2402.16117,2311.12793,31.0,43.1,0
Visual Question Answering | MM-Vet,Visual Question Answering,MM-Vet,GPT-4 score,False,2406.00977,2405.14129,35.9,35.6,1
Visual Question Answering | MM-Vet,Visual Question Answering,MM-Vet,GPT-4 score,False,2408.08862,2405.14129,31.0,35.6,0
Visual Question Answering | MM-Vet,Visual Question Answering,MM-Vet,GPT-4 score,False,2406.00977,2312.14135,35.9,27.7,1
Visual Question Answering | MM-Vet,Visual Question Answering,MM-Vet,GPT-4 score,False,2311.07575,2312.10665,40.2,49.9,0
Visual Question Answering | MM-Vet,Visual Question Answering,MM-Vet,GPT-4 score,False,2311.07362,2407.16198,38.0,34.5,1
Visual Question Answering | MM-Vet,Visual Question Answering,MM-Vet,GPT-4 score,False,2408.09856,2303.11381,31.2,44.6,0
Visual Question Answering | MM-Vet,Visual Question Answering,MM-Vet,GPT-4 score,False,2405.14129,2405.15738,35.6,45.9,0
Visual Question Answering | MM-Vet,Visual Question Answering,MM-Vet,GPT-4 score,False,2403.18252,2312.14135,39.8,27.7,1
Visual Question Answering | MM-Vet,Visual Question Answering,MM-Vet,GPT-4 score,False,2405.14974,2312.14135,35.2,27.7,1
Visual Question Answering | MM-Vet,Visual Question Answering,MM-Vet,GPT-4 score,False,2406.09412,2311.12793,31.4,43.1,0
Visual Question Answering | MM-Vet,Visual Question Answering,MM-Vet,GPT-4 score,False,2401.12503,2311.07362,29.0,38.0,0
Visual Question Answering | MM-Vet,Visual Question Answering,MM-Vet,GPT-4 score,False,2501.17811,2405.15738,50.0,45.9,1
Visual Question Answering | MM-Vet,Visual Question Answering,MM-Vet,GPT-4 score,False,2406.09412,2407.16198,31.4,34.5,0
Visual Question Answering | MM-Vet,Visual Question Answering,MM-Vet,GPT-4 score,False,2404.07973,2407.16198,35.7,34.5,1
Visual Question Answering | MM-Vet,Visual Question Answering,MM-Vet,GPT-4 score,False,2402.19474,2405.18358,41.3,74.24,0
Visual Question Answering | MM-Vet,Visual Question Answering,MM-Vet,GPT-4 score,False,2401.17981,2311.12793,38.9,43.1,0
Visual Question Answering | MM-Vet,Visual Question Answering,MM-Vet,GPT-4 score,False,2308.01390,2410.09421,24.8,50.7,0
Visual Question Answering | MM-Vet,Visual Question Answering,MM-Vet,GPT-4 score,False,2308.12966,2406.17770,66.6,48.5,1
Visual Question Answering | MM-Vet,Visual Question Answering,MM-Vet,GPT-4 score,False,2402.16117,2406.00977,31.0,35.9,0
Visual Question Answering | MM-Vet,Visual Question Answering,MM-Vet,GPT-4 score,False,2409.18869,2406.09412,37.2,31.4,1
Visual Question Answering | MM-Vet,Visual Question Answering,MM-Vet,GPT-4 score,False,2403.13447,2410.04038,31.0,64.954,0
Visual Question Answering | MM-Vet,Visual Question Answering,MM-Vet,GPT-4 score,False,2308.10253,2403.13447,36.1,31.0,1
Visual Question Answering | MM-Vet,Visual Question Answering,MM-Vet,GPT-4 score,False,2405.18358,2406.17770,74.24,48.5,1
Visual Question Answering | MM-Vet,Visual Question Answering,MM-Vet,GPT-4 score,False,2408.08862,2405.18358,31.0,74.24,0
Visual Question Answering | MM-Vet,Visual Question Answering,MM-Vet,GPT-4 score,False,2402.16117,2303.11381,31.0,44.6,0
Visual Question Answering | MM-Vet,Visual Question Answering,MM-Vet,GPT-4 score,False,2408.08862,2312.10665,31.0,49.9,0
Visual Question Answering | MM-Vet,Visual Question Answering,MM-Vet,GPT-4 score,False,2501.17811,2310.03744,50.0,36.3,1
Visual Question Answering | MM-Vet,Visual Question Answering,MM-Vet,GPT-4 score,False,2311.04257,2406.09412,36.3,31.4,1
Visual Question Answering | MM-Vet,Visual Question Answering,MM-Vet,GPT-4 score,False,2409.18869,2310.03744,37.2,36.3,1
Visual Question Answering | MM-Vet,Visual Question Answering,MM-Vet,GPT-4 score,False,2501.17811,2408.08862,50.0,31.0,1
Visual Question Answering | MM-Vet,Visual Question Answering,MM-Vet,GPT-4 score,False,2403.07720,2308.12966,44.0,66.6,0
Visual Question Answering | MM-Vet,Visual Question Answering,MM-Vet,GPT-4 score,False,2402.19474,2407.15838,41.3,37.9,1
Visual Question Answering | MM-Vet,Visual Question Answering,MM-Vet,GPT-4 score,False,2308.01390,2409.18869,24.8,37.2,0
Visual Question Answering | MM-Vet,Visual Question Answering,MM-Vet,GPT-4 score,False,2411.14279,2311.12793,39.9,43.1,0
Visual Question Answering | MM-Vet,Visual Question Answering,MM-Vet,GPT-4 score,False,2403.18814,2303.11381,60.8,44.6,1
Visual Question Answering | MM-Vet,Visual Question Answering,MM-Vet,GPT-4 score,False,2405.05949,2409.18869,51.0,37.2,1
Visual Question Answering | MM-Vet,Visual Question Answering,MM-Vet,GPT-4 score,False,2402.11248,2405.14974,40.3,35.2,1
Visual Question Answering | MM-Vet,Visual Question Answering,MM-Vet,GPT-4 score,False,2402.19474,2403.18252,41.3,39.8,1
Visual Question Answering | MM-Vet,Visual Question Answering,MM-Vet,GPT-4 score,False,2404.07973,2406.17770,35.7,48.5,0
Visual Question Answering | MM-Vet,Visual Question Answering,MM-Vet,GPT-4 score,False,2405.05949,2408.08862,51.0,31.0,1
Visual Question Answering | MM-Vet,Visual Question Answering,MM-Vet,GPT-4 score,False,2402.16117,2402.11248,31.0,40.3,0
Visual Question Answering | MM-Vet,Visual Question Answering,MM-Vet,GPT-4 score,False,2311.07575,2401.12503,40.2,29.0,1
Visual Question Answering | MM-Vet,Visual Question Answering,MM-Vet,GPT-4 score,False,2311.12793,2303.11381,43.1,44.6,0
Visual Question Answering | MM-Vet,Visual Question Answering,MM-Vet,GPT-4 score,False,2311.04257,2405.15738,36.3,45.9,0
Visual Question Answering | MM-Vet,Visual Question Answering,MM-Vet,GPT-4 score,False,2411.14279,2308.12966,39.9,66.6,0
Visual Question Answering | MM-Vet,Visual Question Answering,MM-Vet,GPT-4 score,False,2501.17811,2402.11248,50.0,40.3,1
Visual Question Answering | MM-Vet,Visual Question Answering,MM-Vet,GPT-4 score,False,2410.09421,2311.12793,50.7,43.1,1
Visual Question Answering | MM-Vet,Visual Question Answering,MM-Vet,GPT-4 score,False,2312.13286,2405.14129,48.5,35.6,1
Visual Question Answering | MM-Vet,Visual Question Answering,MM-Vet,GPT-4 score,False,2311.07362,2312.14135,38.0,27.7,1
Visual Question Answering | MM-Vet,Visual Question Answering,MM-Vet,GPT-4 score,False,2410.09421,2403.07720,50.7,44.0,1
Visual Question Answering | MM-Vet,Visual Question Answering,MM-Vet,GPT-4 score,False,2406.00977,2401.17981,35.9,38.9,0
Visual Question Answering | MM-Vet,Visual Question Answering,MM-Vet,GPT-4 score,False,2402.11248,2312.10665,40.3,49.9,0
Visual Question Answering | MM-Vet,Visual Question Answering,MM-Vet,GPT-4 score,False,2405.05949,2310.03744,51.0,36.3,1
Visual Question Answering | MM-Vet,Visual Question Answering,MM-Vet,GPT-4 score,False,2404.07973,2401.12503,35.7,29.0,1
Visual Question Answering | MM-Vet,Visual Question Answering,MM-Vet,GPT-4 score,False,2410.09421,2409.18869,50.7,37.2,1
Visual Question Answering | MM-Vet,Visual Question Answering,MM-Vet,GPT-4 score,False,2402.11248,2401.17221,40.3,38.4,1
Visual Question Answering | MM-Vet,Visual Question Answering,MM-Vet,GPT-4 score,False,2407.16198,2406.17770,34.5,48.5,0
Visual Question Answering | MM-Vet,Visual Question Answering,MM-Vet,GPT-4 score,False,2410.09421,2411.14279,50.7,39.9,1
Visual Question Answering | MM-Vet,Visual Question Answering,MM-Vet,GPT-4 score,False,2308.10253,2405.18358,36.1,74.24,0
Visual Question Answering | MM-Vet,Visual Question Answering,MM-Vet,GPT-4 score,False,2407.15838,2403.18252,37.9,39.8,0
Visual Question Answering | MM-Vet,Visual Question Answering,MM-Vet,GPT-4 score,False,2402.19474,2406.17770,41.3,48.5,0
Visual Question Answering | MM-Vet,Visual Question Answering,MM-Vet,GPT-4 score,False,2501.17811,2401.17221,50.0,38.4,1
Visual Question Answering | MM-Vet,Visual Question Answering,MM-Vet,GPT-4 score,False,2402.11248,2406.17770,40.3,48.5,0
Visual Question Answering | MM-Vet,Visual Question Answering,MM-Vet,GPT-4 score,False,2403.18814,2308.12966,60.8,66.6,0
Visual Question Answering | MM-Vet,Visual Question Answering,MM-Vet,GPT-4 score,False,2402.19474,2311.07362,41.3,38.0,1
Visual Question Answering | MM-Vet,Visual Question Answering,MM-Vet,GPT-4 score,False,2409.18869,2402.11248,37.2,40.3,0
Visual Question Answering | MM-Vet,Visual Question Answering,MM-Vet,GPT-4 score,False,2406.00977,2407.16198,35.9,34.5,1
Visual Question Answering | MM-Vet,Visual Question Answering,MM-Vet,GPT-4 score,False,2402.19474,2312.14135,41.3,27.7,1
Visual Question Answering | MM-Vet,Visual Question Answering,MM-Vet,GPT-4 score,False,2403.18814,2405.14129,60.8,35.6,1
Visual Question Answering | MM-Vet,Visual Question Answering,MM-Vet,GPT-4 score,False,2311.04257,2311.12793,36.3,43.1,0
Visual Question Answering | MM-Vet,Visual Question Answering,MM-Vet,GPT-4 score,False,2410.09421,2403.18814,50.7,60.8,0
Visual Question Answering | MM-Vet,Visual Question Answering,MM-Vet,GPT-4 score,False,2308.01390,2308.10253,24.8,36.1,0
Visual Question Answering | MM-Vet,Visual Question Answering,MM-Vet,GPT-4 score,False,2311.04257,2411.14279,36.3,39.9,0
Visual Question Answering | MM-Vet,Visual Question Answering,MM-Vet,GPT-4 score,False,2411.14279,2406.00977,39.9,35.9,1
Visual Question Answering | MM-Vet,Visual Question Answering,MM-Vet,GPT-4 score,False,2405.14974,2405.14129,35.2,35.6,0
Visual Question Answering | MM-Vet,Visual Question Answering,MM-Vet,GPT-4 score,False,2407.16198,2311.12793,34.5,43.1,0
Visual Question Answering | MM-Vet,Visual Question Answering,MM-Vet,GPT-4 score,False,2308.10253,2405.05949,36.1,51.0,0
Visual Question Answering | MM-Vet,Visual Question Answering,MM-Vet,GPT-4 score,False,2501.17811,2403.07720,50.0,44.0,1
Visual Question Answering | MM-Vet,Visual Question Answering,MM-Vet,GPT-4 score,False,2308.01390,2410.04038,24.8,64.954,0
Visual Question Answering | MM-Vet,Visual Question Answering,MM-Vet,GPT-4 score,False,2310.03744,2401.17981,36.3,38.9,0
Visual Question Answering | MM-Vet,Visual Question Answering,MM-Vet,GPT-4 score,False,2403.07720,2405.14129,44.0,35.6,1
Visual Question Answering | MM-Vet,Visual Question Answering,MM-Vet,GPT-4 score,False,2410.04038,2312.14135,64.954,27.7,1
Visual Question Answering | MM-Vet,Visual Question Answering,MM-Vet,GPT-4 score,False,2311.07362,2408.09856,38.0,31.2,1
Visual Question Answering | MM-Vet,Visual Question Answering,MM-Vet,GPT-4 score,False,2311.07362,2403.13447,38.0,31.0,1
Visual Question Answering | MM-Vet,Visual Question Answering,MM-Vet,GPT-4 score,False,2410.09421,2401.17221,50.7,38.4,1
Visual Question Answering | MM-Vet,Visual Question Answering,MM-Vet,GPT-4 score,False,2311.07362,2405.05949,38.0,51.0,0
Visual Question Answering | MM-Vet,Visual Question Answering,MM-Vet,GPT-4 score,False,2403.07720,2406.17770,44.0,48.5,0
Visual Question Answering | MM-Vet,Visual Question Answering,MM-Vet,GPT-4 score,False,2404.07973,2405.05949,35.7,51.0,0
Visual Question Answering | MM-Vet,Visual Question Answering,MM-Vet,GPT-4 score,False,2311.04257,2405.05949,36.3,51.0,0
Visual Question Answering | MM-Vet,Visual Question Answering,MM-Vet,GPT-4 score,False,2405.14129,2312.10665,35.6,49.9,0
Visual Question Answering | MM-Vet,Visual Question Answering,MM-Vet,GPT-4 score,False,2411.14279,2409.18869,39.9,37.2,1
Visual Question Answering | MM-Vet,Visual Question Answering,MM-Vet,GPT-4 score,False,2407.15838,2406.17770,37.9,48.5,0
Visual Question Answering | MM-Vet,Visual Question Answering,MM-Vet,GPT-4 score,False,2405.05949,2405.14129,51.0,35.6,1
Visual Question Answering | MM-Vet,Visual Question Answering,MM-Vet,GPT-4 score,False,2406.09412,2401.17221,31.4,38.4,0
Visual Question Answering | MM-Vet,Visual Question Answering,MM-Vet,GPT-4 score,False,2405.15738,2303.11381,45.9,44.6,1
Visual Question Answering | MM-Vet,Visual Question Answering,MM-Vet,GPT-4 score,False,2501.17811,2408.09856,50.0,31.2,1
Visual Question Answering | MM-Vet,Visual Question Answering,MM-Vet,GPT-4 score,False,2405.05949,2403.18814,51.0,60.8,0
Visual Question Answering | MM-Vet,Visual Question Answering,MM-Vet,GPT-4 score,False,2310.03744,2311.12793,36.3,43.1,0
Visual Question Answering | MM-Vet,Visual Question Answering,MM-Vet,GPT-4 score,False,2405.18358,2405.14129,74.24,35.6,1
Visual Question Answering | MM-Vet,Visual Question Answering,MM-Vet,GPT-4 score,False,2308.01390,2401.17221,24.8,38.4,0
Visual Question Answering | MM-Vet,Visual Question Answering,MM-Vet,GPT-4 score,False,2404.07973,2311.07575,35.7,40.2,0
Visual Question Answering | MM-Vet,Visual Question Answering,MM-Vet,GPT-4 score,False,2401.17221,2405.15738,38.4,45.9,0
Visual Question Answering | MM-Vet,Visual Question Answering,MM-Vet,GPT-4 score,False,2308.01390,2405.14974,24.8,35.2,0
Visual Question Answering | MM-Vet,Visual Question Answering,MM-Vet,GPT-4 score,False,2401.12503,2401.17221,29.0,38.4,0
Visual Question Answering | MM-Vet,Visual Question Answering,MM-Vet,GPT-4 score,False,2404.07973,2311.07362,35.7,38.0,0
Visual Question Answering | MM-Vet,Visual Question Answering,MM-Vet,GPT-4 score,False,2311.07575,2408.09856,40.2,31.2,1
Visual Question Answering | MM-Vet,Visual Question Answering,MM-Vet,GPT-4 score,False,2405.14974,2303.11381,35.2,44.6,0
Visual Question Answering | MM-Vet,Visual Question Answering,MM-Vet,GPT-4 score,False,2308.12966,2312.10665,66.6,49.9,1
Visual Question Answering | MM-Vet,Visual Question Answering,MM-Vet,GPT-4 score,False,2308.01390,2311.07575,24.8,40.2,0
Visual Question Answering | MM-Vet,Visual Question Answering,MM-Vet,GPT-4 score,False,2308.01390,2311.04257,24.8,36.3,0
Visual Question Answering | MM-Vet,Visual Question Answering,MM-Vet,GPT-4 score,False,2407.15838,2409.18869,37.9,37.2,1
Visual Question Answering | MM-Vet,Visual Question Answering,MM-Vet,GPT-4 score,False,2501.17811,2308.01390,50.0,24.8,1
Visual Question Answering | MM-Vet,Visual Question Answering,MM-Vet,GPT-4 score,False,2408.08862,2402.11248,31.0,40.3,0
Visual Question Answering | MM-Vet,Visual Question Answering,MM-Vet,GPT-4 score,False,2405.05949,2408.09856,51.0,31.2,1
Visual Question Answering | MM-Vet,Visual Question Answering,MM-Vet,GPT-4 score,False,2404.07973,2407.15838,35.7,37.9,0
Visual Question Answering | MM-Vet,Visual Question Answering,MM-Vet,GPT-4 score,False,2403.13447,2312.14135,31.0,27.7,1
Visual Question Answering | MM-Vet,Visual Question Answering,MM-Vet,GPT-4 score,False,2402.19474,2405.14974,41.3,35.2,1
Visual Question Answering | MM-Vet,Visual Question Answering,MM-Vet,GPT-4 score,False,2405.14974,2408.09856,35.2,31.2,1
Visual Question Answering | MM-Vet,Visual Question Answering,MM-Vet,GPT-4 score,False,2308.10253,2405.14974,36.1,35.2,1
Visual Question Answering | MM-Vet,Visual Question Answering,MM-Vet,GPT-4 score,False,2409.18869,2303.11381,37.2,44.6,0
Visual Question Answering | MM-Vet,Visual Question Answering,MM-Vet,GPT-4 score,False,2411.14279,2310.03744,39.9,36.3,1
Visual Question Answering | MM-Vet,Visual Question Answering,MM-Vet,GPT-4 score,False,2308.01390,2311.07362,24.8,38.0,0
Visual Question Answering | MM-Vet,Visual Question Answering,MM-Vet,GPT-4 score,False,2403.07720,2406.00977,44.0,35.9,1
Visual Question Answering | MM-Vet,Visual Question Answering,MM-Vet,GPT-4 score,False,2409.18869,2408.09856,37.2,31.2,1
Visual Question Answering | MM-Vet,Visual Question Answering,MM-Vet,GPT-4 score,False,2311.04257,2403.13447,36.3,31.0,1
Visual Question Answering | MM-Vet,Visual Question Answering,MM-Vet,GPT-4 score,False,2410.04038,2405.14129,64.954,35.6,1
Visual Question Answering | MM-Vet,Visual Question Answering,MM-Vet,GPT-4 score,False,2311.07362,2308.12966,38.0,66.6,0
Visual Question Answering | MM-Vet,Visual Question Answering,MM-Vet,GPT-4 score,False,2403.13447,2303.11381,31.0,44.6,0
Visual Question Answering | MM-Vet,Visual Question Answering,MM-Vet,GPT-4 score,False,2403.18814,2401.17981,60.8,38.9,1
Visual Question Answering | MM-Vet,Visual Question Answering,MM-Vet,GPT-4 score,False,2401.17221,2312.14135,38.4,27.7,1
Visual Question Answering | MM-Vet,Visual Question Answering,MM-Vet,GPT-4 score,False,2402.19474,2308.01390,41.3,24.8,1
Visual Question Answering | MM-Vet,Visual Question Answering,MM-Vet,GPT-4 score,False,2308.01390,2403.13447,24.8,31.0,0
Visual Question Answering | MM-Vet,Visual Question Answering,MM-Vet,GPT-4 score,False,2310.03744,2408.09856,36.3,31.2,1
Visual Question Answering | MM-Vet,Visual Question Answering,MM-Vet,GPT-4 score,False,2402.16117,2401.17221,31.0,38.4,0
Visual Question Answering | MM-Vet,Visual Question Answering,MM-Vet,GPT-4 score,False,2402.16117,2403.18814,31.0,60.8,0
Visual Question Answering | MM-Vet,Visual Question Answering,MM-Vet,GPT-4 score,False,2312.13286,2407.15838,48.5,37.9,1
Visual Question Answering | MM-Vet,Visual Question Answering,MM-Vet,GPT-4 score,False,2411.14279,2401.17221,39.9,38.4,1
Visual Question Answering | MM-Vet,Visual Question Answering,MM-Vet,GPT-4 score,False,2311.07575,2410.04038,40.2,64.954,0
Visual Question Answering | MM-Vet,Visual Question Answering,MM-Vet,GPT-4 score,False,2404.07973,2410.04038,35.7,64.954,0
Visual Question Answering | MM-Vet,Visual Question Answering,MM-Vet,GPT-4 score,False,2311.07362,2407.15838,38.0,37.9,1
Visual Question Answering | MM-Vet,Visual Question Answering,MM-Vet,GPT-4 score,False,2403.18814,2406.17770,60.8,48.5,1
Visual Question Answering | MM-Vet,Visual Question Answering,MM-Vet,GPT-4 score,False,2405.05949,2401.17221,51.0,38.4,1
Visual Question Answering | MM-Vet,Visual Question Answering,MM-Vet,GPT-4 score,False,2403.18252,2311.12793,39.8,43.1,0
Visual Question Answering | MM-Vet,Visual Question Answering,MM-Vet,GPT-4 score,False,2312.13286,2406.00977,48.5,35.9,1
Visual Question Answering | MM-Vet,Visual Question Answering,MM-Vet,GPT-4 score,False,2401.12503,2405.18358,29.0,74.24,0
Visual Question Answering | MM-Vet,Visual Question Answering,MM-Vet,GPT-4 score,False,2308.10253,2405.15738,36.1,45.9,0
Visual Question Answering | MM-Vet,Visual Question Answering,MM-Vet,GPT-4 score,False,2402.16117,2405.14974,31.0,35.2,0
Visual Question Answering | MM-Vet,Visual Question Answering,MM-Vet,GPT-4 score,False,2405.05949,2403.18252,51.0,39.8,1
Visual Question Answering | MM-Vet,Visual Question Answering,MM-Vet,GPT-4 score,False,2501.17811,2406.17770,50.0,48.5,1
Visual Question Answering | MM-Vet,Visual Question Answering,MM-Vet,GPT-4 score,False,2402.19474,2405.15738,41.3,45.9,0
Visual Question Answering | MM-Vet,Visual Question Answering,MM-Vet,GPT-4 score,False,2402.16117,2403.18252,31.0,39.8,0
Visual Question Answering | MM-Vet,Visual Question Answering,MM-Vet,GPT-4 score,False,2404.07973,2308.12966,35.7,66.6,0
Visual Question Answering | MM-Vet,Visual Question Answering,MM-Vet,GPT-4 score,False,2311.07575,2409.18869,40.2,37.2,1
Visual Question Answering | MM-Vet,Visual Question Answering,MM-Vet,GPT-4 score,False,2402.16117,2403.07720,31.0,44.0,0
Visual Question Answering | MM-Vet,Visual Question Answering,MM-Vet,GPT-4 score,False,2308.01390,2312.10665,24.8,49.9,0
Visual Question Answering | MM-Vet,Visual Question Answering,MM-Vet,GPT-4 score,False,2411.14279,2403.18814,39.9,60.8,0
Visual Question Answering | MM-Vet,Visual Question Answering,MM-Vet,GPT-4 score,False,2405.05949,2406.17770,51.0,48.5,1
Visual Question Answering | MM-Vet,Visual Question Answering,MM-Vet,GPT-4 score,False,2308.01390,2403.18814,24.8,60.8,0
Visual Question Answering | MM-Vet,Visual Question Answering,MM-Vet,GPT-4 score,False,2409.18869,2312.10665,37.2,49.9,0
Visual Question Answering | MM-Vet,Visual Question Answering,MM-Vet,GPT-4 score,False,2407.16198,2405.15738,34.5,45.9,0
Visual Question Answering | MM-Vet,Visual Question Answering,MM-Vet,GPT-4 score,False,2401.12503,2403.07720,29.0,44.0,0
Visual Question Answering | MM-Vet,Visual Question Answering,MM-Vet,GPT-4 score,False,2311.07575,2308.12966,40.2,66.6,0
Visual Question Answering | MM-Vet,Visual Question Answering,MM-Vet,GPT-4 score,False,2311.07575,2402.11248,40.2,40.3,0
Visual Question Answering | MM-Vet,Visual Question Answering,MM-Vet,GPT-4 score,False,2501.17811,2406.00977,50.0,35.9,1
Visual Question Answering | MM-Vet,Visual Question Answering,MM-Vet,GPT-4 score,False,2406.00977,2401.17221,35.9,38.4,0
Visual Question Answering | MM-Vet,Visual Question Answering,MM-Vet,GPT-4 score,False,2312.13286,2401.17981,48.5,38.9,1
Visual Question Answering | MM-Vet,Visual Question Answering,MM-Vet,GPT-4 score,False,2311.07362,2403.18252,38.0,39.8,0
Visual Question Answering | MM-Vet,Visual Question Answering,MM-Vet,GPT-4 score,False,2401.12503,2403.18252,29.0,39.8,0
Visual Question Answering | MM-Vet,Visual Question Answering,MM-Vet,GPT-4 score,False,2405.18358,2310.03744,74.24,36.3,1
Visual Question Answering | MM-Vet,Visual Question Answering,MM-Vet,GPT-4 score,False,2308.10253,2407.16198,36.1,34.5,1
Visual Question Answering | MM-Vet,Visual Question Answering,MM-Vet,GPT-4 score,False,2408.08862,2403.18814,31.0,60.8,0
Visual Question Answering | MM-Vet,Visual Question Answering,MM-Vet,GPT-4 score,False,2401.17981,2303.11381,38.9,44.6,0
Visual Question Answering | MM-Vet,Visual Question Answering,MM-Vet,GPT-4 score,False,2405.15738,2312.14135,45.9,27.7,1
Visual Question Answering | MM-Vet,Visual Question Answering,MM-Vet,GPT-4 score,False,2402.19474,2411.14279,41.3,39.9,1
Visual Question Answering | MM-Vet,Visual Question Answering,MM-Vet,GPT-4 score,False,2405.15738,2311.12793,45.9,43.1,1
Visual Question Answering | MM-Vet,Visual Question Answering,MM-Vet,GPT-4 score,False,2407.16198,2303.11381,34.5,44.6,0
Visual Question Answering | MM-Vet,Visual Question Answering,MM-Vet,GPT-4 score,False,2312.10665,2303.11381,49.9,44.6,1
Visual Question Answering | MM-Vet,Visual Question Answering,MM-Vet,GPT-4 score,False,2311.07575,2405.14129,40.2,35.6,1
Image Classification | CIFAR-100,Image Classification,CIFAR-100,Percentage correct,False,2309.05224,1505.00853,85.35,59.8,1
Image Classification | CIFAR-100,Image Classification,CIFAR-100,Percentage correct,False,2209.15031,2007.12927,84.89,85.0,0
Image Classification | CIFAR-100,Image Classification,CIFAR-100,Percentage correct,False,2210.06944,2211.11754,80.16,93.8,0
Image Classification | CIFAR-100,Image Classification,CIFAR-100,Percentage correct,False,2012.02818,2210.06944,76.85,80.16,0
Image Classification | CIFAR-100,Image Classification,CIFAR-100,Percentage correct,False,2103.15808,2210.06944,94.09,80.16,1
Image Classification | CIFAR-100,Image Classification,CIFAR-100,Percentage correct,False,2102.11600,2203.15331,89.9,75.59,1
Image Classification | CIFAR-100,Image Classification,CIFAR-100,Percentage correct,False,1604.04112,1312.6116,73.5,61.9,1
Image Classification | CIFAR-100,Image Classification,CIFAR-100,Percentage correct,False,1409.5185,2002.12047,65.4,83.95,0
Image Classification | CIFAR-100,Image Classification,CIFAR-100,Percentage correct,False,1901.06656,2210.16914,79.9,66.0,1
Image Classification | CIFAR-100,Image Classification,CIFAR-100,Percentage correct,False,2012.02818,1507.06228,76.85,67.8,1
Image Classification | CIFAR-100,Image Classification,CIFAR-100,Percentage correct,False,2110.00476,1603.05027,86.9,77.3,1
Image Classification | CIFAR-100,Image Classification,CIFAR-100,Percentage correct,False,1903.06586,2203.15331,82.67,75.59,1
Image Classification | CIFAR-100,Image Classification,CIFAR-100,Percentage correct,False,2202.08360,2309.05224,81.53,85.35,0
Image Classification | CIFAR-100,Image Classification,CIFAR-100,Percentage correct,False,1908.08681,1505.00853,74.41,59.8,1
Image Classification | CIFAR-100,Image Classification,CIFAR-100,Percentage correct,False,2103.11816,1507.06228,91.8,67.8,1
Image Classification | CIFAR-100,Image Classification,CIFAR-100,Percentage correct,False,2102.11600,2205.10456,89.9,87.48,1
Image Classification | CIFAR-100,Image Classification,CIFAR-100,Percentage correct,False,2010.04925,1905.00397,86.64,88.3,0
Image Classification | CIFAR-100,Image Classification,CIFAR-100,Percentage correct,False,1908.08681,2211.11754,74.41,93.8,0
Image Classification | CIFAR-100,Image Classification,CIFAR-100,Percentage correct,False,2411.19671,1312.4400,81.44,64.3,1
Image Classification | CIFAR-100,Image Classification,CIFAR-100,Percentage correct,False,2202.08360,1312.4400,81.53,64.3,1
Image Classification | CIFAR-100,Image Classification,CIFAR-100,Percentage correct,False,2103.15808,1312.6116,94.09,61.9,1
Image Classification | CIFAR-100,Image Classification,CIFAR-100,Percentage correct,False,2103.11816,2012.02818,91.8,76.85,1
Image Classification | CIFAR-100,Image Classification,CIFAR-100,Percentage correct,False,2012.02818,2203.15331,76.85,75.59,1
Image Classification | CIFAR-100,Image Classification,CIFAR-100,Percentage correct,False,1905.00397,2002.12047,88.3,83.95,1
Image Classification | CIFAR-100,Image Classification,CIFAR-100,Percentage correct,False,1409.6070,2111.12933,75.7,95.1,0
Image Classification | CIFAR-100,Image Classification,CIFAR-100,Percentage correct,False,2209.15031,1505.00853,84.89,59.8,1
Image Classification | CIFAR-100,Image Classification,CIFAR-100,Percentage correct,False,2105.03404,2204.01186,89.5,81.7,1
Image Classification | CIFAR-100,Image Classification,CIFAR-100,Percentage correct,False,2105.03404,1409.5185,89.5,65.4,1
Image Classification | CIFAR-100,Image Classification,CIFAR-100,Percentage correct,False,2205.12755,2210.16914,94.95,66.0,1
Image Classification | CIFAR-100,Image Classification,CIFAR-100,Percentage correct,False,2010.04925,2111.12933,86.64,95.1,0
Image Classification | CIFAR-100,Image Classification,CIFAR-100,Percentage correct,False,2105.03404,2211.11754,89.5,93.8,0
Image Classification | CIFAR-100,Image Classification,CIFAR-100,Percentage correct,False,1604.04112,2012.02818,73.5,76.85,0
Image Classification | CIFAR-100,Image Classification,CIFAR-100,Percentage correct,False,1409.6070,1312.4400,75.7,64.3,1
Image Classification | CIFAR-100,Image Classification,CIFAR-100,Percentage correct,False,2211.11754,2204.01186,93.8,81.7,1
Image Classification | CIFAR-100,Image Classification,CIFAR-100,Percentage correct,False,1908.08681,2111.12933,74.41,95.1,0
Image Classification | CIFAR-100,Image Classification,CIFAR-100,Percentage correct,False,2111.12933,2205.10456,95.1,87.48,1
Image Classification | CIFAR-100,Image Classification,CIFAR-100,Percentage correct,False,1802.06205,1312.6116,80.29,61.9,1
Image Classification | CIFAR-100,Image Classification,CIFAR-100,Percentage correct,False,1901.06656,2204.01186,79.9,81.7,0
Image Classification | CIFAR-100,Image Classification,CIFAR-100,Percentage correct,False,1604.04112,1603.05027,73.5,77.3,0
Image Classification | CIFAR-100,Image Classification,CIFAR-100,Percentage correct,False,2012.02818,2103.15808,76.85,94.09,0
Image Classification | CIFAR-100,Image Classification,CIFAR-100,Percentage correct,False,1802.06205,2103.15808,80.29,94.09,0
Image Classification | CIFAR-100,Image Classification,CIFAR-100,Percentage correct,False,1903.06586,1507.06228,82.67,67.8,1
Image Classification | CIFAR-100,Image Classification,CIFAR-100,Percentage correct,False,1802.06205,2309.05224,80.29,85.35,0
Image Classification | CIFAR-100,Image Classification,CIFAR-100,Percentage correct,False,1901.06656,2205.12755,79.9,94.95,0
Image Classification | CIFAR-100,Image Classification,CIFAR-100,Percentage correct,False,2110.00476,2103.15808,86.9,94.09,0
Image Classification | CIFAR-100,Image Classification,CIFAR-100,Percentage correct,False,1508.00330,1604.04112,70.8,73.5,0
Image Classification | CIFAR-100,Image Classification,CIFAR-100,Percentage correct,False,1508.00330,2007.12927,70.8,85.0,0
Image Classification | CIFAR-100,Image Classification,CIFAR-100,Percentage correct,False,1312.6116,1505.00853,61.9,59.8,1
Image Classification | CIFAR-100,Image Classification,CIFAR-100,Percentage correct,False,2210.06944,1409.5185,80.16,65.4,1
Image Classification | CIFAR-100,Image Classification,CIFAR-100,Percentage correct,False,2103.11816,1903.06586,91.8,82.67,1
Image Classification | CIFAR-100,Image Classification,CIFAR-100,Percentage correct,False,1901.06656,1604.04112,79.9,73.5,1
Image Classification | CIFAR-100,Image Classification,CIFAR-100,Percentage correct,False,2012.02818,1312.4400,76.85,64.3,1
Image Classification | CIFAR-100,Image Classification,CIFAR-100,Percentage correct,False,2111.12933,2204.01186,95.1,81.7,1
Image Classification | CIFAR-100,Image Classification,CIFAR-100,Percentage correct,False,2012.02818,2002.12047,76.85,83.95,0
Image Classification | CIFAR-100,Image Classification,CIFAR-100,Percentage correct,False,2309.05224,1603.05027,85.35,77.3,1
Image Classification | CIFAR-100,Image Classification,CIFAR-100,Percentage correct,False,1412.6830,1312.4400,69.2,64.3,1
Image Classification | CIFAR-100,Image Classification,CIFAR-100,Percentage correct,False,1412.6830,2210.06944,69.2,80.16,0
Image Classification | CIFAR-100,Image Classification,CIFAR-100,Percentage correct,False,2202.08360,2111.12933,81.53,95.1,0
Image Classification | CIFAR-100,Image Classification,CIFAR-100,Percentage correct,False,1409.6070,1603.05027,75.7,77.3,0
Image Classification | CIFAR-100,Image Classification,CIFAR-100,Percentage correct,False,2411.19671,1507.06228,81.44,67.8,1
Image Classification | CIFAR-100,Image Classification,CIFAR-100,Percentage correct,False,2103.11816,1312.6116,91.8,61.9,1
Image Classification | CIFAR-100,Image Classification,CIFAR-100,Percentage correct,False,2110.00476,1412.6830,86.9,69.2,1
Image Classification | CIFAR-100,Image Classification,CIFAR-100,Percentage correct,False,1903.06586,2402.03752,82.67,78.27,1
Image Classification | CIFAR-100,Image Classification,CIFAR-100,Percentage correct,False,1901.06656,2202.08360,79.9,81.53,0
Image Classification | CIFAR-100,Image Classification,CIFAR-100,Percentage correct,False,1908.08681,1604.04112,74.41,73.5,1
Image Classification | CIFAR-100,Image Classification,CIFAR-100,Percentage correct,False,1611.01260,1802.06205,81.73,80.29,1
Image Classification | CIFAR-100,Image Classification,CIFAR-100,Percentage correct,False,1905.00397,1312.4400,88.3,64.3,1
Image Classification | CIFAR-100,Image Classification,CIFAR-100,Percentage correct,False,2202.08360,2012.02818,81.53,76.85,1
Image Classification | CIFAR-100,Image Classification,CIFAR-100,Percentage correct,False,2411.19671,2205.10456,81.44,87.48,0
Image Classification | CIFAR-100,Image Classification,CIFAR-100,Percentage correct,False,1903.06586,2002.12047,82.67,83.95,0
Image Classification | CIFAR-100,Image Classification,CIFAR-100,Percentage correct,False,2110.00476,1603.09382,86.9,75.42,1
Image Classification | CIFAR-100,Image Classification,CIFAR-100,Percentage correct,False,1908.08681,1409.6070,74.41,75.7,0
Image Classification | CIFAR-100,Image Classification,CIFAR-100,Percentage correct,False,1901.06656,1409.6070,79.9,75.7,1
Image Classification | CIFAR-100,Image Classification,CIFAR-100,Percentage correct,False,1412.6830,1507.06228,69.2,67.8,1
Image Classification | CIFAR-100,Image Classification,CIFAR-100,Percentage correct,False,2103.15808,2002.12047,94.09,83.95,1
Image Classification | CIFAR-100,Image Classification,CIFAR-100,Percentage correct,False,2205.12755,1409.5185,94.95,65.4,1
Image Classification | CIFAR-100,Image Classification,CIFAR-100,Percentage correct,False,1802.06205,1905.00397,80.29,88.3,0
Image Classification | CIFAR-100,Image Classification,CIFAR-100,Percentage correct,False,2209.15031,2309.05224,84.89,85.35,0
Image Classification | CIFAR-100,Image Classification,CIFAR-100,Percentage correct,False,2205.12755,1505.00853,94.95,59.8,1
Image Classification | CIFAR-100,Image Classification,CIFAR-100,Percentage correct,False,2110.00476,2010.04925,86.9,86.64,1
Image Classification | CIFAR-100,Image Classification,CIFAR-100,Percentage correct,False,1908.08681,2309.05224,74.41,85.35,0
Image Classification | CIFAR-100,Image Classification,CIFAR-100,Percentage correct,False,1603.09382,2205.10456,75.42,87.48,0
Image Classification | CIFAR-100,Image Classification,CIFAR-100,Percentage correct,False,1611.01260,1903.06586,81.73,82.67,0
Image Classification | CIFAR-100,Image Classification,CIFAR-100,Percentage correct,False,2105.03404,2205.10456,89.5,87.48,1
Image Classification | CIFAR-100,Image Classification,CIFAR-100,Percentage correct,False,2103.11816,2104.07916,91.8,77.9,1
Image Classification | CIFAR-100,Image Classification,CIFAR-100,Percentage correct,False,1908.08681,2203.15331,74.41,75.59,0
Image Classification | CIFAR-100,Image Classification,CIFAR-100,Percentage correct,False,2102.11600,2007.12927,89.9,85.0,1
Image Classification | CIFAR-100,Image Classification,CIFAR-100,Percentage correct,False,1508.00330,1409.5185,70.8,65.4,1
Image Classification | CIFAR-100,Image Classification,CIFAR-100,Percentage correct,False,2210.06944,2203.15331,80.16,75.59,1
Image Classification | CIFAR-100,Image Classification,CIFAR-100,Percentage correct,False,2103.11816,2110.00476,91.8,86.9,1
Image Classification | CIFAR-100,Image Classification,CIFAR-100,Percentage correct,False,1604.04112,2203.15331,73.5,75.59,0
Image Classification | CIFAR-100,Image Classification,CIFAR-100,Percentage correct,False,2210.06944,2002.12047,80.16,83.95,0
Image Classification | CIFAR-100,Image Classification,CIFAR-100,Percentage correct,False,2209.15031,2204.01186,84.89,81.7,1
Image Classification | CIFAR-100,Image Classification,CIFAR-100,Percentage correct,False,2103.11816,2205.10456,91.8,87.48,1
Image Classification | CIFAR-100,Image Classification,CIFAR-100,Percentage correct,False,2105.03404,1505.00853,89.5,59.8,1
Image Classification | CIFAR-100,Image Classification,CIFAR-100,Percentage correct,False,1409.6070,2210.06944,75.7,80.16,0
Image Classification | CIFAR-100,Image Classification,CIFAR-100,Percentage correct,False,2103.15808,1603.09382,94.09,75.42,1
Image Classification | CIFAR-100,Image Classification,CIFAR-100,Percentage correct,False,2007.12927,2104.07916,85.0,77.9,1
Image Classification | CIFAR-100,Image Classification,CIFAR-100,Percentage correct,False,2209.15031,2211.11754,84.89,93.8,0
Image Classification | CIFAR-100,Image Classification,CIFAR-100,Percentage correct,False,2007.12927,1312.6116,85.0,61.9,1
Image Classification | CIFAR-100,Image Classification,CIFAR-100,Percentage correct,False,2202.08360,1508.00330,81.53,70.8,1
Image Classification | CIFAR-100,Image Classification,CIFAR-100,Percentage correct,False,1409.6070,2102.11600,75.7,89.9,0
Image Classification | CIFAR-100,Image Classification,CIFAR-100,Percentage correct,False,2012.02818,1312.6116,76.85,61.9,1
Image Classification | CIFAR-100,Image Classification,CIFAR-100,Percentage correct,False,1604.04112,2110.00476,73.5,86.9,0
Image Classification | CIFAR-100,Image Classification,CIFAR-100,Percentage correct,False,1409.6070,2110.00476,75.7,86.9,0
Image Classification | CIFAR-100,Image Classification,CIFAR-100,Percentage correct,False,1604.04112,1903.06586,73.5,82.67,0
Image Classification | CIFAR-100,Image Classification,CIFAR-100,Percentage correct,False,2202.08360,1603.05027,81.53,77.3,1
Image Classification | CIFAR-100,Image Classification,CIFAR-100,Percentage correct,False,2202.08360,2002.12047,81.53,83.95,0
Image Classification | CIFAR-100,Image Classification,CIFAR-100,Percentage correct,False,1409.6070,1312.6116,75.7,61.9,1
Image Classification | CIFAR-100,Image Classification,CIFAR-100,Percentage correct,False,2210.06944,1903.06586,80.16,82.67,0
Image Classification | CIFAR-100,Image Classification,CIFAR-100,Percentage correct,False,2202.08360,2209.15031,81.53,84.89,0
Image Classification | CIFAR-100,Image Classification,CIFAR-100,Percentage correct,False,2105.03404,1409.6070,89.5,75.7,1
Image Classification | CIFAR-100,Image Classification,CIFAR-100,Percentage correct,False,1901.06656,1903.06586,79.9,82.67,0
Image Classification | CIFAR-100,Image Classification,CIFAR-100,Percentage correct,False,2210.16914,1312.4400,66.0,64.3,1
Image Classification | CIFAR-100,Image Classification,CIFAR-100,Percentage correct,False,2205.12755,1312.6116,94.95,61.9,1
Image Classification | CIFAR-100,Image Classification,CIFAR-100,Percentage correct,False,1611.01260,2210.16914,81.73,66.0,1
Image Classification | CIFAR-100,Image Classification,CIFAR-100,Percentage correct,False,2010.04925,1409.5185,86.64,65.4,1
Image Classification | CIFAR-100,Image Classification,CIFAR-100,Percentage correct,False,1908.08681,2012.02818,74.41,76.85,0
Image Classification | CIFAR-100,Image Classification,CIFAR-100,Percentage correct,False,1412.6830,1903.06586,69.2,82.67,0
Image Classification | CIFAR-100,Image Classification,CIFAR-100,Percentage correct,False,1412.6830,1312.6116,69.2,61.9,1
Image Classification | CIFAR-100,Image Classification,CIFAR-100,Percentage correct,False,1905.00397,1505.00853,88.3,59.8,1
Image Classification | CIFAR-100,Image Classification,CIFAR-100,Percentage correct,False,1508.00330,2103.15808,70.8,94.09,0
Image Classification | CIFAR-100,Image Classification,CIFAR-100,Percentage correct,False,2309.05224,2002.12047,85.35,83.95,1
Image Classification | CIFAR-100,Image Classification,CIFAR-100,Percentage correct,False,2210.16914,1603.05027,66.0,77.3,0
Image Classification | CIFAR-100,Image Classification,CIFAR-100,Percentage correct,False,1901.06656,1905.00397,79.9,88.3,0
Image Classification | CIFAR-100,Image Classification,CIFAR-100,Percentage correct,False,2411.19671,1505.00853,81.44,59.8,1
Image Classification | CIFAR-100,Image Classification,CIFAR-100,Percentage correct,False,1505.00853,1903.06586,59.8,82.67,0
Image Classification | CIFAR-100,Image Classification,CIFAR-100,Percentage correct,False,2007.12927,2210.06944,85.0,80.16,1
Image Classification | CIFAR-100,Image Classification,CIFAR-100,Percentage correct,False,2210.06944,2205.10456,80.16,87.48,0
Image Classification | CIFAR-100,Image Classification,CIFAR-100,Percentage correct,False,1409.6070,2203.15331,75.7,75.59,1
Image Classification | CIFAR-100,Image Classification,CIFAR-100,Percentage correct,False,1412.6830,2211.11754,69.2,93.8,0
Image Classification | CIFAR-100,Image Classification,CIFAR-100,Percentage correct,False,2309.05224,2111.12933,85.35,95.1,0
Image Classification | CIFAR-100,Image Classification,CIFAR-100,Percentage correct,False,1802.06205,2012.02818,80.29,76.85,1
Image Classification | CIFAR-100,Image Classification,CIFAR-100,Percentage correct,False,2205.10456,1603.05027,87.48,77.3,1
Image Classification | CIFAR-100,Image Classification,CIFAR-100,Percentage correct,False,2105.03404,2010.04925,89.5,86.64,1
Image Classification | CIFAR-100,Image Classification,CIFAR-100,Percentage correct,False,1611.01260,2102.11600,81.73,89.9,0
Image Classification | CIFAR-100,Image Classification,CIFAR-100,Percentage correct,False,1603.05027,2002.12047,77.3,83.95,0
Image Classification | CIFAR-100,Image Classification,CIFAR-100,Percentage correct,False,2210.16914,2111.12933,66.0,95.1,0
Image Classification | CIFAR-100,Image Classification,CIFAR-100,Percentage correct,False,2012.02818,2309.05224,76.85,85.35,0
Image Classification | CIFAR-100,Image Classification,CIFAR-100,Percentage correct,False,1508.00330,2104.07916,70.8,77.9,0
Image Classification | CIFAR-100,Image Classification,CIFAR-100,Percentage correct,False,1611.01260,2103.15808,81.73,94.09,0
Image Classification | CIFAR-100,Image Classification,CIFAR-100,Percentage correct,False,1908.08681,2007.12927,74.41,85.0,0
Image Classification | CIFAR-100,Image Classification,CIFAR-100,Percentage correct,False,1908.08681,2110.00476,74.41,86.9,0
Image Classification | CIFAR-100,Image Classification,CIFAR-100,Percentage correct,False,1508.00330,2209.15031,70.8,84.89,0
Image Classification | CIFAR-100,Image Classification,CIFAR-100,Percentage correct,False,2309.05224,2203.15331,85.35,75.59,1
Image Classification | CIFAR-100,Image Classification,CIFAR-100,Percentage correct,False,2205.12755,1603.09382,94.95,75.42,1
Image Classification | CIFAR-100,Image Classification,CIFAR-100,Percentage correct,False,2210.16914,2204.01186,66.0,81.7,0
Image Classification | CIFAR-100,Image Classification,CIFAR-100,Percentage correct,False,1507.06228,2104.07916,67.8,77.9,0
Image Classification | CIFAR-100,Image Classification,CIFAR-100,Percentage correct,False,1611.01260,1312.4400,81.73,64.3,1
Image Classification | CIFAR-100,Image Classification,CIFAR-100,Percentage correct,False,1604.04112,2209.15031,73.5,84.89,0
Image Classification | CIFAR-100,Image Classification,CIFAR-100,Percentage correct,False,2209.15031,2402.03752,84.89,78.27,1
Image Classification | CIFAR-100,Image Classification,CIFAR-100,Percentage correct,False,2103.11816,1905.00397,91.8,88.3,1
Image Classification | CIFAR-100,Image Classification,CIFAR-100,Percentage correct,False,2209.15031,2002.12047,84.89,83.95,1
Image Classification | CIFAR-100,Image Classification,CIFAR-100,Percentage correct,False,2103.11816,2205.12755,91.8,94.95,0
Image Classification | CIFAR-100,Image Classification,CIFAR-100,Percentage correct,False,1409.6070,2209.15031,75.7,84.89,0
Image Classification | CIFAR-100,Image Classification,CIFAR-100,Percentage correct,False,1505.00853,1603.05027,59.8,77.3,0
Image Classification | CIFAR-100,Image Classification,CIFAR-100,Percentage correct,False,1611.01260,1604.04112,81.73,73.5,1
Image Classification | CIFAR-100,Image Classification,CIFAR-100,Percentage correct,False,1409.6070,2104.07916,75.7,77.9,0
Image Classification | CIFAR-100,Image Classification,CIFAR-100,Percentage correct,False,2105.03404,2102.11600,89.5,89.9,0
Image Classification | CIFAR-100,Image Classification,CIFAR-100,Percentage correct,False,1409.6070,2205.10456,75.7,87.48,0
Image Classification | CIFAR-100,Image Classification,CIFAR-100,Percentage correct,False,2103.11816,1409.6070,91.8,75.7,1
Image Classification | CIFAR-100,Image Classification,CIFAR-100,Percentage correct,False,2105.03404,2209.15031,89.5,84.89,1
Image Classification | CIFAR-100,Image Classification,CIFAR-100,Percentage correct,False,2102.11600,2309.05224,89.9,85.35,1
Image Classification | CIFAR-100,Image Classification,CIFAR-100,Percentage correct,False,2210.16914,1409.5185,66.0,65.4,1
Image Classification | CIFAR-100,Image Classification,CIFAR-100,Percentage correct,False,2110.00476,1409.5185,86.9,65.4,1
Image Classification | CIFAR-100,Image Classification,CIFAR-100,Percentage correct,False,1901.06656,1412.6830,79.9,69.2,1
Image Classification | CIFAR-100,Image Classification,CIFAR-100,Percentage correct,False,1412.6830,1409.5185,69.2,65.4,1
Image Classification | CIFAR-100,Image Classification,CIFAR-100,Percentage correct,False,1409.6070,2012.02818,75.7,76.85,0
Image Classification | CIFAR-100,Image Classification,CIFAR-100,Percentage correct,False,1604.04112,1409.6070,73.5,75.7,0
Image Classification | CIFAR-100,Image Classification,CIFAR-100,Percentage correct,False,1604.04112,2210.16914,73.5,66.0,1
Image Classification | CIFAR-100,Image Classification,CIFAR-100,Percentage correct,False,2209.15031,2012.02818,84.89,76.85,1
Image Classification | CIFAR-100,Image Classification,CIFAR-100,Percentage correct,False,1312.6116,1603.05027,61.9,77.3,0
Image Classification | CIFAR-100,Image Classification,CIFAR-100,Percentage correct,False,2010.04925,2103.15808,86.64,94.09,0
Image Classification | CIFAR-100,Image Classification,CIFAR-100,Percentage correct,False,2103.11816,2209.15031,91.8,84.89,1
Image Classification | CIFAR-100,Image Classification,CIFAR-100,Percentage correct,False,1802.06205,1312.4400,80.29,64.3,1
Image Classification | CIFAR-100,Image Classification,CIFAR-100,Percentage correct,False,2211.11754,1903.06586,93.8,82.67,1
Image Classification | CIFAR-100,Image Classification,CIFAR-100,Percentage correct,False,1409.5185,1603.05027,65.4,77.3,0
Image Classification | CIFAR-100,Image Classification,CIFAR-100,Percentage correct,False,1908.08681,1603.05027,74.41,77.3,0
Image Classification | CIFAR-100,Image Classification,CIFAR-100,Percentage correct,False,2007.12927,2309.05224,85.0,85.35,0
Image Classification | CIFAR-100,Image Classification,CIFAR-100,Percentage correct,False,1901.06656,1507.06228,79.9,67.8,1
Image Classification | CIFAR-100,Image Classification,CIFAR-100,Percentage correct,False,2111.12933,1603.05027,95.1,77.3,1
Image Classification | CIFAR-100,Image Classification,CIFAR-100,Percentage correct,False,2102.11600,2211.11754,89.9,93.8,0
Image Classification | CIFAR-100,Image Classification,CIFAR-100,Percentage correct,False,2210.06944,2204.01186,80.16,81.7,0
Image Classification | CIFAR-100,Image Classification,CIFAR-100,Percentage correct,False,2210.16914,2104.07916,66.0,77.9,0
Image Classification | CIFAR-100,Image Classification,CIFAR-100,Percentage correct,False,1409.5185,2402.03752,65.4,78.27,0
Image Classification | CIFAR-100,Image Classification,CIFAR-100,Percentage correct,False,2209.15031,1507.06228,84.89,67.8,1
Image Classification | CIFAR-100,Image Classification,CIFAR-100,Percentage correct,False,2012.02818,2210.16914,76.85,66.0,1
Image Classification | CIFAR-100,Image Classification,CIFAR-100,Percentage correct,False,2411.19671,2205.12755,81.44,94.95,0
Image Classification | CIFAR-100,Image Classification,CIFAR-100,Percentage correct,False,2010.04925,2203.15331,86.64,75.59,1
Image Classification | CIFAR-100,Image Classification,CIFAR-100,Percentage correct,False,2210.16914,2002.12047,66.0,83.95,0
Image Classification | CIFAR-100,Image Classification,CIFAR-100,Percentage correct,False,1611.01260,1312.6116,81.73,61.9,1
Image Classification | CIFAR-100,Image Classification,CIFAR-100,Percentage correct,False,1312.6116,2104.07916,61.9,77.9,0
Image Classification | CIFAR-100,Image Classification,CIFAR-100,Percentage correct,False,1604.04112,2103.15808,73.5,94.09,0
Image Classification | CIFAR-100,Image Classification,CIFAR-100,Percentage correct,False,2103.15808,2211.11754,94.09,93.8,1
Image Classification | CIFAR-100,Image Classification,CIFAR-100,Percentage correct,False,1901.06656,2209.15031,79.9,84.89,0
Image Classification | CIFAR-100,Image Classification,CIFAR-100,Percentage correct,False,1409.6070,2402.03752,75.7,78.27,0
Image Classification | CIFAR-100,Image Classification,CIFAR-100,Percentage correct,False,2102.11600,1412.6830,89.9,69.2,1
Image Classification | CIFAR-100,Image Classification,CIFAR-100,Percentage correct,False,1908.08681,1312.4400,74.41,64.3,1
Image Classification | CIFAR-100,Image Classification,CIFAR-100,Percentage correct,False,2202.08360,2205.10456,81.53,87.48,0
Image Classification | CIFAR-100,Image Classification,CIFAR-100,Percentage correct,False,2411.19671,1409.6070,81.44,75.7,1
Object Detection | COCO test-dev,Object Detection,COCO test-dev,box mAP,False,2004.06002,2303.05499,50.1,63.0,0
Object Detection | COCO test-dev,Object Detection,COCO test-dev,box mAP,False,2007.08103,2106.09018,53.5,61.3,0
Object Detection | COCO test-dev,Object Detection,COCO test-dev,box mAP,False,2103.09460,2303.05499,44.3,63.0,0
Object Detection | COCO test-dev,Object Detection,COCO test-dev,box mAP,False,2103.09460,2008.01167,44.3,46.3,0
Object Detection | COCO test-dev,Object Detection,COCO test-dev,box mAP,False,1901.08043,1911.09516,43.7,43.9,0
Object Detection | COCO test-dev,Object Detection,COCO test-dev,box mAP,False,1711.06897,1904.01355,41.8,44.7,0
Object Detection | COCO test-dev,Object Detection,COCO test-dev,box mAP,False,2007.08103,1911.09516,53.5,43.9,1
Object Detection | COCO test-dev,Object Detection,COCO test-dev,box mAP,False,1811.04533,2108.07755,44.2,42.5,1
Object Detection | COCO test-dev,Object Detection,COCO test-dev,box mAP,False,1904.11490,2106.09018,46.5,61.3,0
Object Detection | COCO test-dev,Object Detection,COCO test-dev,box mAP,False,1711.08189,2212.11696,45.7,63.8,0
Object Detection | COCO test-dev,Object Detection,COCO test-dev,box mAP,False,1811.04533,1901.03278,44.2,39.8,1
Object Detection | COCO test-dev,Object Detection,COCO test-dev,box mAP,False,2004.08955,2104.04899,53.3,53.5,0
Object Detection | COCO test-dev,Object Detection,COCO test-dev,box mAP,False,1904.11490,1908.07919,46.5,47.3,0
Object Detection | COCO test-dev,Object Detection,COCO test-dev,box mAP,False,2105.04206,1908.07919,55.4,47.3,1
Object Detection | COCO test-dev,Object Detection,COCO test-dev,box mAP,False,1912.05070,1901.08043,40.3,43.7,0
Object Detection | COCO test-dev,Object Detection,COCO test-dev,box mAP,False,1712.00726,1906.11172,42.8,50.7,0
Object Detection | COCO test-dev,Object Detection,COCO test-dev,box mAP,False,1906.11172,2212.11696,50.7,63.8,0
Object Detection | COCO test-dev,Object Detection,COCO test-dev,box mAP,False,1912.02424,1901.03278,50.7,39.8,1
Object Detection | COCO test-dev,Object Detection,COCO test-dev,box mAP,False,1906.11172,2008.01167,50.7,46.3,1
Object Detection | COCO test-dev,Object Detection,COCO test-dev,box mAP,False,1711.08189,2108.07755,45.7,42.5,1
Object Detection | COCO test-dev,Object Detection,COCO test-dev,box mAP,False,1912.02424,2103.09460,50.7,44.3,1
Object Detection | COCO test-dev,Object Detection,COCO test-dev,box mAP,False,1711.06897,2303.05499,41.8,63.0,0
Object Detection | COCO test-dev,Object Detection,COCO test-dev,box mAP,False,2205.08534,2004.06002,60.9,50.1,1
Object Detection | COCO test-dev,Object Detection,COCO test-dev,box mAP,False,2105.04206,2208.10442,55.4,63.7,0
Object Detection | COCO test-dev,Object Detection,COCO test-dev,box mAP,False,2205.08534,1711.08189,60.9,45.7,1
Object Detection | COCO test-dev,Object Detection,COCO test-dev,box mAP,False,2006.02334,1904.01355,55.7,44.7,1
Object Detection | COCO test-dev,Object Detection,COCO test-dev,box mAP,False,1912.02424,2304.13027,50.7,64.8,0
Object Detection | COCO test-dev,Object Detection,COCO test-dev,box mAP,False,1712.00726,2107.00420,42.8,60.1,0
Object Detection | COCO test-dev,Object Detection,COCO test-dev,box mAP,False,1912.02424,1912.05070,50.7,40.3,1
Object Detection | COCO test-dev,Object Detection,COCO test-dev,box mAP,False,1909.03625,1901.03353,53.3,42.6,1
Object Detection | COCO test-dev,Object Detection,COCO test-dev,box mAP,False,1904.11490,1711.08189,46.5,45.7,1
Object Detection | COCO test-dev,Object Detection,COCO test-dev,box mAP,False,2107.00420,2303.05499,60.1,63.0,0
Object Detection | COCO test-dev,Object Detection,COCO test-dev,box mAP,False,2012.07177,2205.08534,57.3,60.9,0
Object Detection | COCO test-dev,Object Detection,COCO test-dev,box mAP,False,1906.11172,1904.01355,50.7,44.7,1
Object Detection | COCO test-dev,Object Detection,COCO test-dev,box mAP,False,1807.11590,2103.09460,40.6,44.3,0
Object Detection | COCO test-dev,Object Detection,COCO test-dev,box mAP,False,1711.06897,1903.11851,41.8,44.2,0
Object Detection | COCO test-dev,Object Detection,COCO test-dev,box mAP,False,1912.05027,2107.00420,52.1,60.1,0
Object Detection | COCO test-dev,Object Detection,COCO test-dev,box mAP,False,2004.06002,2011.08036,50.1,55.8,0
Object Detection | COCO test-dev,Object Detection,COCO test-dev,box mAP,False,1708.02002,2208.10442,40.8,63.7,0
Object Detection | COCO test-dev,Object Detection,COCO test-dev,box mAP,False,1811.04533,2103.09460,44.2,44.3,0
Object Detection | COCO test-dev,Object Detection,COCO test-dev,box mAP,False,2406.04330,2011.08036,60.0,55.8,1
Object Detection | COCO test-dev,Object Detection,COCO test-dev,box mAP,False,2006.02334,2106.09018,55.7,61.3,0
Object Detection | COCO test-dev,Object Detection,COCO test-dev,box mAP,False,1811.04533,2008.01167,44.2,46.3,0
Object Detection | COCO test-dev,Object Detection,COCO test-dev,box mAP,False,1906.11172,1908.07919,50.7,47.3,1
Object Detection | COCO test-dev,Object Detection,COCO test-dev,box mAP,False,1712.00726,1911.09516,42.8,43.9,0
Object Detection | COCO test-dev,Object Detection,COCO test-dev,box mAP,False,1711.06897,2006.02334,41.8,55.7,0
Object Detection | COCO test-dev,Object Detection,COCO test-dev,box mAP,False,1901.08043,1908.07919,43.7,47.3,0
Object Detection | COCO test-dev,Object Detection,COCO test-dev,box mAP,False,2406.04330,2304.13027,60.0,64.8,0
Object Detection | COCO test-dev,Object Detection,COCO test-dev,box mAP,False,1912.02424,1901.08043,50.7,43.7,1
Object Detection | COCO test-dev,Object Detection,COCO test-dev,box mAP,False,1906.11172,2303.05499,50.7,63.0,0
Object Detection | COCO test-dev,Object Detection,COCO test-dev,box mAP,False,1903.11851,1904.01355,44.2,44.7,0
Object Detection | COCO test-dev,Object Detection,COCO test-dev,box mAP,False,1912.05027,1904.01355,52.1,44.7,1
Object Detection | COCO test-dev,Object Detection,COCO test-dev,box mAP,False,1811.04533,1906.11172,44.2,50.7,0
Object Detection | COCO test-dev,Object Detection,COCO test-dev,box mAP,False,1711.06897,2106.09018,41.8,61.3,0
Object Detection | COCO test-dev,Object Detection,COCO test-dev,box mAP,False,1811.04533,2208.10442,44.2,63.7,0
Object Detection | COCO test-dev,Object Detection,COCO test-dev,box mAP,False,1901.08043,2008.01167,43.7,46.3,0
Object Detection | COCO test-dev,Object Detection,COCO test-dev,box mAP,False,1708.02002,2103.09460,40.8,44.3,0
Object Detection | COCO test-dev,Object Detection,COCO test-dev,box mAP,False,1903.11851,2208.10442,44.2,63.7,0
Object Detection | COCO test-dev,Object Detection,COCO test-dev,box mAP,False,1912.05027,1807.11590,52.1,40.6,1
Object Detection | COCO test-dev,Object Detection,COCO test-dev,box mAP,False,2007.08103,2107.00420,53.5,60.1,0
Object Detection | COCO test-dev,Object Detection,COCO test-dev,box mAP,False,1712.00726,2105.04206,42.8,55.4,0
Object Detection | COCO test-dev,Object Detection,COCO test-dev,box mAP,False,1911.09516,2212.11696,43.9,63.8,0
Object Detection | COCO test-dev,Object Detection,COCO test-dev,box mAP,False,2004.06002,2304.13027,50.1,64.8,0
Object Detection | COCO test-dev,Object Detection,COCO test-dev,box mAP,False,1909.02466,1909.03625,44.8,53.3,0
Object Detection | COCO test-dev,Object Detection,COCO test-dev,box mAP,False,1811.04533,2106.09018,44.2,61.3,0
Object Detection | COCO test-dev,Object Detection,COCO test-dev,box mAP,False,1711.06897,2105.04206,41.8,55.4,0
Object Detection | COCO test-dev,Object Detection,COCO test-dev,box mAP,False,2304.13027,2106.09018,64.8,61.3,1
Object Detection | COCO test-dev,Object Detection,COCO test-dev,box mAP,False,1912.02424,1807.11590,50.7,40.6,1
Object Detection | COCO test-dev,Object Detection,COCO test-dev,box mAP,False,1912.02424,2007.08103,50.7,53.5,0
Object Detection | COCO test-dev,Object Detection,COCO test-dev,box mAP,False,1807.11590,1711.06897,40.6,41.8,0
Object Detection | COCO test-dev,Object Detection,COCO test-dev,box mAP,False,1904.03797,2008.01167,43.9,46.3,0
Object Detection | COCO test-dev,Object Detection,COCO test-dev,box mAP,False,1909.03625,2303.05499,53.3,63.0,0
Object Detection | COCO test-dev,Object Detection,COCO test-dev,box mAP,False,2007.08103,2105.04206,53.5,55.4,0
Object Detection | COCO test-dev,Object Detection,COCO test-dev,box mAP,False,1712.00726,1903.11851,42.8,44.2,0
Object Detection | COCO test-dev,Object Detection,COCO test-dev,box mAP,False,1904.11490,2103.09460,46.5,44.3,1
Object Detection | COCO test-dev,Object Detection,COCO test-dev,box mAP,False,1911.09516,2107.00420,43.9,60.1,0
Object Detection | COCO test-dev,Object Detection,COCO test-dev,box mAP,False,2012.07177,1912.05070,57.3,40.3,1
Object Detection | COCO test-dev,Object Detection,COCO test-dev,box mAP,False,2012.07177,2406.04330,57.3,60.0,0
Object Detection | COCO test-dev,Object Detection,COCO test-dev,box mAP,False,1912.05070,2008.01167,40.3,46.3,0
Object Detection | COCO test-dev,Object Detection,COCO test-dev,box mAP,False,2007.08103,1712.00726,53.5,42.8,1
Object Detection | COCO test-dev,Object Detection,COCO test-dev,box mAP,False,1906.11172,2004.06002,50.7,50.1,1
Object Detection | COCO test-dev,Object Detection,COCO test-dev,box mAP,False,2103.09460,1909.02466,44.3,44.8,0
Object Detection | COCO test-dev,Object Detection,COCO test-dev,box mAP,False,1901.08043,2004.08955,43.7,53.3,0
Object Detection | COCO test-dev,Object Detection,COCO test-dev,box mAP,False,2012.07177,2004.06002,57.3,50.1,1
Object Detection | COCO test-dev,Object Detection,COCO test-dev,box mAP,False,1807.11590,1911.09516,40.6,43.9,0
Object Detection | COCO test-dev,Object Detection,COCO test-dev,box mAP,False,1811.04533,1904.11490,44.2,46.5,0
Object Detection | COCO test-dev,Object Detection,COCO test-dev,box mAP,False,1906.11172,2107.00420,50.7,60.1,0
Object Detection | COCO test-dev,Object Detection,COCO test-dev,box mAP,False,2107.00420,2104.04899,60.1,53.5,1
Object Detection | COCO test-dev,Object Detection,COCO test-dev,box mAP,False,2205.08534,1711.06897,60.9,41.8,1
Object Detection | COCO test-dev,Object Detection,COCO test-dev,box mAP,False,2304.13027,1909.03625,64.8,53.3,1
Object Detection | COCO test-dev,Object Detection,COCO test-dev,box mAP,False,1901.08043,2107.00420,43.7,60.1,0
Object Detection | COCO test-dev,Object Detection,COCO test-dev,box mAP,False,2406.04330,1904.01355,60.0,44.7,1
Object Detection | COCO test-dev,Object Detection,COCO test-dev,box mAP,False,2212.11696,2108.07755,63.8,42.5,1
Object Detection | COCO test-dev,Object Detection,COCO test-dev,box mAP,False,1711.08189,2004.06002,45.7,50.1,0
Object Detection | COCO test-dev,Object Detection,COCO test-dev,box mAP,False,1708.02002,1909.02466,40.8,44.8,0
Object Detection | COCO test-dev,Object Detection,COCO test-dev,box mAP,False,2304.13027,2212.11696,64.8,63.8,1
Object Detection | COCO test-dev,Object Detection,COCO test-dev,box mAP,False,1912.05027,2012.07177,52.1,57.3,0
Object Detection | COCO test-dev,Object Detection,COCO test-dev,box mAP,False,1906.11172,1901.03278,50.7,39.8,1
Object Detection | COCO test-dev,Object Detection,COCO test-dev,box mAP,False,2205.08534,1908.07919,60.9,47.3,1
Object Detection | COCO test-dev,Object Detection,COCO test-dev,box mAP,False,2007.08103,1903.11851,53.5,44.2,1
Object Detection | COCO test-dev,Object Detection,COCO test-dev,box mAP,False,1811.04533,1807.11590,44.2,40.6,1
Object Detection | COCO test-dev,Object Detection,COCO test-dev,box mAP,False,2304.13027,2008.01167,64.8,46.3,1
Object Detection | COCO test-dev,Object Detection,COCO test-dev,box mAP,False,1904.03797,1909.02466,43.9,44.8,0
Object Detection | COCO test-dev,Object Detection,COCO test-dev,box mAP,False,1904.03797,1908.07919,43.9,47.3,0
Object Detection | COCO test-dev,Object Detection,COCO test-dev,box mAP,False,2004.06002,1909.03625,50.1,53.3,0
Object Detection | COCO test-dev,Object Detection,COCO test-dev,box mAP,False,2212.11696,1908.07919,63.8,47.3,1
Object Detection | COCO test-dev,Object Detection,COCO test-dev,box mAP,False,1708.02002,2007.08103,40.8,53.5,0
Object Detection | COCO test-dev,Object Detection,COCO test-dev,box mAP,False,1904.11490,2303.05499,46.5,63.0,0
Object Detection | COCO test-dev,Object Detection,COCO test-dev,box mAP,False,1904.11490,1904.01355,46.5,44.7,1
Object Detection | COCO test-dev,Object Detection,COCO test-dev,box mAP,False,1711.06897,2004.06002,41.8,50.1,0
Object Detection | COCO test-dev,Object Detection,COCO test-dev,box mAP,False,1909.02466,1901.03353,44.8,42.6,1
Object Detection | COCO test-dev,Object Detection,COCO test-dev,box mAP,False,2205.08534,2106.09018,60.9,61.3,0
Object Detection | COCO test-dev,Object Detection,COCO test-dev,box mAP,False,2008.01167,1901.03278,46.3,39.8,1
Object Detection | COCO test-dev,Object Detection,COCO test-dev,box mAP,False,2103.09460,2104.04899,44.3,53.5,0
Object Detection | COCO test-dev,Object Detection,COCO test-dev,box mAP,False,2107.00420,1904.01355,60.1,44.7,1
Object Detection | COCO test-dev,Object Detection,COCO test-dev,box mAP,False,1712.00726,1901.03353,42.8,42.6,1
Object Detection | COCO test-dev,Object Detection,COCO test-dev,box mAP,False,2406.04330,2008.01167,60.0,46.3,1
Object Detection | COCO test-dev,Object Detection,COCO test-dev,box mAP,False,2303.05499,2104.04899,63.0,53.5,1
Object Detection | COCO test-dev,Object Detection,COCO test-dev,box mAP,False,1906.11172,1901.03353,50.7,42.6,1
Object Detection | COCO test-dev,Object Detection,COCO test-dev,box mAP,False,1711.06897,2108.07755,41.8,42.5,0
Object Detection | COCO test-dev,Object Detection,COCO test-dev,box mAP,False,2406.04330,2212.11696,60.0,63.8,0
Object Detection | COCO test-dev,Object Detection,COCO test-dev,box mAP,False,1807.11590,2107.00420,40.6,60.1,0
Object Detection | COCO test-dev,Object Detection,COCO test-dev,box mAP,False,2007.08103,2012.07177,53.5,57.3,0
Object Detection | COCO test-dev,Object Detection,COCO test-dev,box mAP,False,1811.04533,2105.04206,44.2,55.4,0
Object Detection | COCO test-dev,Object Detection,COCO test-dev,box mAP,False,2011.08036,2104.04899,55.8,53.5,1
Object Detection | COCO test-dev,Object Detection,COCO test-dev,box mAP,False,1807.11590,1904.01355,40.6,44.7,0
Object Detection | COCO test-dev,Object Detection,COCO test-dev,box mAP,False,2212.11696,2106.09018,63.8,61.3,1
Object Detection | COCO test-dev,Object Detection,COCO test-dev,box mAP,False,2205.08534,2008.01167,60.9,46.3,1
Object Detection | COCO test-dev,Object Detection,COCO test-dev,box mAP,False,1711.08189,1903.11851,45.7,44.2,1
Object Detection | COCO test-dev,Object Detection,COCO test-dev,box mAP,False,1712.00726,1909.02466,42.8,44.8,0
Object Detection | COCO test-dev,Object Detection,COCO test-dev,box mAP,False,1901.03353,1904.01355,42.6,44.7,0
Object Detection | COCO test-dev,Object Detection,COCO test-dev,box mAP,False,1912.02424,1708.02002,50.7,40.8,1
Object Detection | COCO test-dev,Object Detection,COCO test-dev,box mAP,False,1911.09516,1901.03278,43.9,39.8,1
Object Detection | COCO test-dev,Object Detection,COCO test-dev,box mAP,False,2105.04206,1911.09516,55.4,43.9,1
Object Detection | COCO test-dev,Object Detection,COCO test-dev,box mAP,False,1909.03625,2108.07755,53.3,42.5,1
Object Detection | COCO test-dev,Object Detection,COCO test-dev,box mAP,False,1711.08189,1901.08043,45.7,43.7,1
Object Detection | COCO test-dev,Object Detection,COCO test-dev,box mAP,False,1711.08189,1912.05070,45.7,40.3,1
Object Detection | COCO test-dev,Object Detection,COCO test-dev,box mAP,False,2406.04330,2104.04899,60.0,53.5,1
Object Detection | COCO test-dev,Object Detection,COCO test-dev,box mAP,False,2108.07755,1901.03278,42.5,39.8,1
Object Detection | COCO test-dev,Object Detection,COCO test-dev,box mAP,False,1711.08189,2107.00420,45.7,60.1,0
Object Detection | COCO test-dev,Object Detection,COCO test-dev,box mAP,False,1912.05027,2406.04330,52.1,60.0,0
Object Detection | COCO test-dev,Object Detection,COCO test-dev,box mAP,False,1912.05027,2108.07755,52.1,42.5,1
Object Detection | COCO test-dev,Object Detection,COCO test-dev,box mAP,False,1903.11851,2107.00420,44.2,60.1,0
Object Detection | COCO test-dev,Object Detection,COCO test-dev,box mAP,False,1708.02002,1807.11590,40.8,40.6,1
Object Detection | COCO test-dev,Object Detection,COCO test-dev,box mAP,False,1708.02002,1901.03353,40.8,42.6,0
Object Detection | COCO test-dev,Object Detection,COCO test-dev,box mAP,False,1912.05070,1904.01355,40.3,44.7,0
Object Detection | COCO test-dev,Object Detection,COCO test-dev,box mAP,False,1712.00726,1901.08043,42.8,43.7,0
Object Detection | COCO test-dev,Object Detection,COCO test-dev,box mAP,False,2205.08534,2107.00420,60.9,60.1,1
Object Detection | COCO test-dev,Object Detection,COCO test-dev,box mAP,False,1904.03797,1901.03353,43.9,42.6,1
Object Detection | COCO test-dev,Object Detection,COCO test-dev,box mAP,False,1911.09516,2106.09018,43.9,61.3,0
Object Detection | COCO test-dev,Object Detection,COCO test-dev,box mAP,False,2004.08955,2303.05499,53.3,63.0,0
Object Detection | COCO test-dev,Object Detection,COCO test-dev,box mAP,False,1708.02002,1904.11490,40.8,46.5,0
Object Detection | COCO test-dev,Object Detection,COCO test-dev,box mAP,False,1909.02466,2208.10442,44.8,63.7,0
Object Detection | COCO test-dev,Object Detection,COCO test-dev,box mAP,False,1711.06897,1911.09516,41.8,43.9,0
Object Detection | COCO test-dev,Object Detection,COCO test-dev,box mAP,False,2007.08103,2008.01167,53.5,46.3,1
Object Detection | COCO test-dev,Object Detection,COCO test-dev,box mAP,False,1904.11490,2004.06002,46.5,50.1,0
Object Detection | COCO test-dev,Object Detection,COCO test-dev,box mAP,False,2212.11696,2104.04899,63.8,53.5,1
Object Detection | COCO test-dev,Object Detection,COCO test-dev,box mAP,False,1909.02466,2406.04330,44.8,60.0,0
Object Detection | COCO test-dev,Object Detection,COCO test-dev,box mAP,False,1708.02002,2104.04899,40.8,53.5,0
Object Detection | COCO test-dev,Object Detection,COCO test-dev,box mAP,False,2012.07177,1909.03625,57.3,53.3,1
Object Detection | COCO test-dev,Object Detection,COCO test-dev,box mAP,False,2012.07177,1711.08189,57.3,45.7,1
Object Detection | COCO test-dev,Object Detection,COCO test-dev,box mAP,False,1807.11590,2205.08534,40.6,60.9,0
Object Detection | COCO test-dev,Object Detection,COCO test-dev,box mAP,False,2304.13027,1911.09516,64.8,43.9,1
Object Detection | COCO test-dev,Object Detection,COCO test-dev,box mAP,False,1708.02002,2004.06002,40.8,50.1,0
Object Detection | COCO test-dev,Object Detection,COCO test-dev,box mAP,False,1904.11490,1901.08043,46.5,43.7,1
Object Detection | COCO test-dev,Object Detection,COCO test-dev,box mAP,False,1912.05070,2006.02334,40.3,55.7,0
Object Detection | COCO test-dev,Object Detection,COCO test-dev,box mAP,False,1904.01355,2106.09018,44.7,61.3,0
Object Detection | COCO test-dev,Object Detection,COCO test-dev,box mAP,False,2007.08103,1909.03625,53.5,53.3,1
Object Detection | COCO test-dev,Object Detection,COCO test-dev,box mAP,False,1909.03625,1901.03278,53.3,39.8,1
Object Detection | COCO test-dev,Object Detection,COCO test-dev,box mAP,False,1708.02002,1909.03625,40.8,53.3,0
Object Detection | COCO test-dev,Object Detection,COCO test-dev,box mAP,False,2012.07177,2103.09460,57.3,44.3,1
Object Detection | COCO test-dev,Object Detection,COCO test-dev,box mAP,False,1912.05027,1711.08189,52.1,45.7,1
Object Detection | COCO test-dev,Object Detection,COCO test-dev,box mAP,False,2105.04206,1903.11851,55.4,44.2,1
Object Detection | COCO test-dev,Object Detection,COCO test-dev,box mAP,False,1712.00726,2006.02334,42.8,55.7,0
Object Detection | COCO test-dev,Object Detection,COCO test-dev,box mAP,False,1912.05070,2105.04206,40.3,55.4,0
Object Detection | COCO test-dev,Object Detection,COCO test-dev,box mAP,False,1912.05027,2105.04206,52.1,55.4,0
Object Detection | COCO test-dev,Object Detection,COCO test-dev,box mAP,False,1906.11172,2406.04330,50.7,60.0,0
Object Detection | COCO test-dev,Object Detection,COCO test-dev,box mAP,False,2103.09460,1904.01355,44.3,44.7,0
Object Detection | COCO test-dev,Object Detection,COCO test-dev,box mAP,False,2011.08036,2303.05499,55.8,63.0,0
Object Detection | COCO test-dev,Object Detection,COCO test-dev,box mAP,False,2303.05499,1904.01355,63.0,44.7,1
Object Detection | COCO test-dev,Object Detection,COCO test-dev,box mAP,False,1904.11490,2105.04206,46.5,55.4,0
Object Detection | COCO test-dev,Object Detection,COCO test-dev,box mAP,False,1912.05070,2107.00420,40.3,60.1,0
Object Detection | COCO test-dev,Object Detection,COCO test-dev,box mAP,False,2105.04206,2008.01167,55.4,46.3,1
Object Detection | COCO test-dev,Object Detection,COCO test-dev,box mAP,False,2007.08103,2006.02334,53.5,55.7,0
Object Detection | COCO test-dev,Object Detection,COCO test-dev,box mAP,False,1712.00726,2106.09018,42.8,61.3,0
Object Detection | COCO test-dev,Object Detection,COCO test-dev,box mAP,False,2406.04330,2303.05499,60.0,63.0,0
Object Detection | COCO test-dev,Object Detection,COCO test-dev,box mAP,False,1912.05070,1911.09516,40.3,43.9,0
Object Detection | COCO test-dev,Object Detection,COCO test-dev,box mAP,False,1807.11590,2004.08955,40.6,53.3,0
Object Detection | COCO test-dev,Object Detection,COCO test-dev,box mAP,False,2011.08036,2008.01167,55.8,46.3,1
Object Detection | COCO test-dev,Object Detection,COCO test-dev,box mAP,False,2208.10442,2108.07755,63.7,42.5,1
Object Detection | COCO test-dev,Object Detection,COCO test-dev,box mAP,False,2304.13027,2208.10442,64.8,63.7,1
Object Detection | COCO test-dev,Object Detection,COCO test-dev,box mAP,False,1904.03797,2011.08036,43.9,55.8,0
Object Detection | COCO test-dev,Object Detection,COCO test-dev,box mAP,False,1912.05070,2004.08955,40.3,53.3,0
Object Detection | COCO test-dev,Object Detection,COCO test-dev,box mAP,False,1711.08189,2303.05499,45.7,63.0,0
Object Detection | COCO test-dev,Object Detection,COCO test-dev,box mAP,False,1912.02424,2008.01167,50.7,46.3,1
Object Detection | COCO test-dev,Object Detection,COCO test-dev,box mAP,False,1909.02466,2004.06002,44.8,50.1,0
Object Detection | COCO test-dev,Object Detection,COCO test-dev,box mAP,False,2006.02334,2004.08955,55.7,53.3,1
Object Detection | COCO test-dev,Object Detection,COCO test-dev,box mAP,False,1912.05070,1903.11851,40.3,44.2,0
Object Detection | COCO test-dev,Object Detection,COCO test-dev,box mAP,False,1903.11851,1909.03625,44.2,53.3,0
Object Detection | COCO test-dev,Object Detection,COCO test-dev,box mAP,False,2007.08103,2004.06002,53.5,50.1,1
Semantic Segmentation | ADE20K,Semantic Segmentation,ADE20K,Validation mIoU,False,2205.14756,2112.12782,49.0,58.2,0
Semantic Segmentation | ADE20K,Semantic Segmentation,ADE20K,Validation mIoU,False,2107.06278,2301.00808,53.8,55.0,0
Semantic Segmentation | ADE20K,Semantic Segmentation,ADE20K,Validation mIoU,False,2112.01527,2106.13112,57.7,54.3,1
Semantic Segmentation | ADE20K,Semantic Segmentation,ADE20K,Validation mIoU,False,2012.15840,2106.13112,50.28,54.3,0
Semantic Segmentation | ADE20K,Semantic Segmentation,ADE20K,Validation mIoU,False,2201.00520,2503.19108,49.38,58.4,0
Semantic Segmentation | ADE20K,Semantic Segmentation,ADE20K,Validation mIoU,False,2003.11883,2206.02777,47.12,60.8,0
Semantic Segmentation | ADE20K,Semantic Segmentation,ADE20K,Validation mIoU,False,2112.01527,2207.14284,57.7,57.9,0
Semantic Segmentation | ADE20K,Semantic Segmentation,ADE20K,Validation mIoU,False,2206.02777,1904.04514,60.8,43.2,1
Semantic Segmentation | ADE20K,Semantic Segmentation,ADE20K,Validation mIoU,False,2012.15840,2503.19108,50.28,58.4,0
Semantic Segmentation | ADE20K,Semantic Segmentation,ADE20K,Validation mIoU,False,1904.04514,2003.13880,43.2,35.8,1
Semantic Segmentation | ADE20K,Semantic Segmentation,ADE20K,Validation mIoU,False,2204.07143,2205.14756,49.7,49.0,1
Semantic Segmentation | ADE20K,Semantic Segmentation,ADE20K,Validation mIoU,False,2503.19108,2201.10801,58.4,49.2,1
Semantic Segmentation | ADE20K,Semantic Segmentation,ADE20K,Validation mIoU,False,2204.07143,2203.06108,49.7,51.1,0
Semantic Segmentation | ADE20K,Semantic Segmentation,ADE20K,Validation mIoU,False,2205.13943,2003.13328,49.0,45.6,1
Semantic Segmentation | ADE20K,Semantic Segmentation,ADE20K,Validation mIoU,False,2207.14284,2301.00808,57.9,55.0,1
Semantic Segmentation | ADE20K,Semantic Segmentation,ADE20K,Validation mIoU,False,2211.03295,2211.05778,54.0,62.9,0
Semantic Segmentation | ADE20K,Semantic Segmentation,ADE20K,Validation mIoU,False,2303.08810,2003.13328,51.7,45.6,1
Semantic Segmentation | ADE20K,Semantic Segmentation,ADE20K,Validation mIoU,False,2112.01527,2112.12782,57.7,58.2,0
Semantic Segmentation | ADE20K,Semantic Segmentation,ADE20K,Validation mIoU,False,2003.13880,2303.08810,35.8,51.7,0
Semantic Segmentation | ADE20K,Semantic Segmentation,ADE20K,Validation mIoU,False,2201.00520,1803.06067,49.38,43.68,1
Semantic Segmentation | ADE20K,Semantic Segmentation,ADE20K,Validation mIoU,False,2107.06278,2109.04454,53.8,40.0,1
Semantic Segmentation | ADE20K,Semantic Segmentation,ADE20K,Validation mIoU,False,2003.11883,2202.09741,47.12,54.7,0
Semantic Segmentation | ADE20K,Semantic Segmentation,ADE20K,Validation mIoU,False,2209.03917,1411.4038,56.2,29.39,1
Semantic Segmentation | ADE20K,Semantic Segmentation,ADE20K,Validation mIoU,False,2201.00520,2301.00808,49.38,55.0,0
Semantic Segmentation | ADE20K,Semantic Segmentation,ADE20K,Validation mIoU,False,2211.07636,2106.13112,62.3,54.3,1
Semantic Segmentation | ADE20K,Semantic Segmentation,ADE20K,Validation mIoU,False,2205.14756,2203.06108,49.0,51.1,0
Semantic Segmentation | ADE20K,Semantic Segmentation,ADE20K,Validation mIoU,False,2303.08810,2207.14284,51.7,57.9,0
Semantic Segmentation | ADE20K,Semantic Segmentation,ADE20K,Validation mIoU,False,2003.13328,2304.07193,45.6,60.2,0
Semantic Segmentation | ADE20K,Semantic Segmentation,ADE20K,Validation mIoU,False,2204.01969,2205.13943,57.7,49.0,1
Semantic Segmentation | ADE20K,Semantic Segmentation,ADE20K,Validation mIoU,False,2202.09741,2303.08810,54.7,51.7,1
Semantic Segmentation | ADE20K,Semantic Segmentation,ADE20K,Validation mIoU,False,2003.13880,2112.12782,35.8,58.2,0
Semantic Segmentation | ADE20K,Semantic Segmentation,ADE20K,Validation mIoU,False,2201.00520,2205.13943,49.38,49.0,1
Semantic Segmentation | ADE20K,Semantic Segmentation,ADE20K,Validation mIoU,False,2204.07143,2304.07193,49.7,60.2,0
Semantic Segmentation | ADE20K,Semantic Segmentation,ADE20K,Validation mIoU,False,2204.07143,1511.00561,49.7,21.64,1
Semantic Segmentation | ADE20K,Semantic Segmentation,ADE20K,Validation mIoU,False,2201.00520,2105.05633,49.38,53.63,0
Semantic Segmentation | ADE20K,Semantic Segmentation,ADE20K,Validation mIoU,False,2205.13943,2112.12782,49.0,58.2,0
Semantic Segmentation | ADE20K,Semantic Segmentation,ADE20K,Validation mIoU,False,1511.00561,2004.08955,21.64,48.36,0
Semantic Segmentation | ADE20K,Semantic Segmentation,ADE20K,Validation mIoU,False,2003.11883,2205.14756,47.12,49.0,0
Semantic Segmentation | ADE20K,Semantic Segmentation,ADE20K,Validation mIoU,False,2107.06278,1803.06067,53.8,43.68,1
Semantic Segmentation | ADE20K,Semantic Segmentation,ADE20K,Validation mIoU,False,2211.03295,1411.4038,54.0,29.39,1
Semantic Segmentation | ADE20K,Semantic Segmentation,ADE20K,Validation mIoU,False,2106.03650,2111.10007,50.5,40.4,1
Semantic Segmentation | ADE20K,Semantic Segmentation,ADE20K,Validation mIoU,False,2107.06278,1904.04514,53.8,43.2,1
Semantic Segmentation | ADE20K,Semantic Segmentation,ADE20K,Validation mIoU,False,1511.00561,1803.06067,21.64,43.68,0
Semantic Segmentation | ADE20K,Semantic Segmentation,ADE20K,Validation mIoU,False,1511.00561,2111.01236,21.64,50.2,0
Semantic Segmentation | ADE20K,Semantic Segmentation,ADE20K,Validation mIoU,False,2106.14855,2003.13328,54.3,45.6,1
Semantic Segmentation | ADE20K,Semantic Segmentation,ADE20K,Validation mIoU,False,2106.14855,2207.14284,54.3,57.9,0
Semantic Segmentation | ADE20K,Semantic Segmentation,ADE20K,Validation mIoU,False,2204.07143,2112.01527,49.7,57.7,0
Semantic Segmentation | ADE20K,Semantic Segmentation,ADE20K,Validation mIoU,False,2211.05778,2211.02043,62.9,57.6,1
Semantic Segmentation | ADE20K,Semantic Segmentation,ADE20K,Validation mIoU,False,2003.11883,2106.13112,47.12,54.3,0
Semantic Segmentation | ADE20K,Semantic Segmentation,ADE20K,Validation mIoU,False,2503.19108,2205.14756,58.4,49.0,1
Semantic Segmentation | ADE20K,Semantic Segmentation,ADE20K,Validation mIoU,False,2209.03917,2211.05778,56.2,62.9,0
Semantic Segmentation | ADE20K,Semantic Segmentation,ADE20K,Validation mIoU,False,2012.15840,1904.04514,50.28,43.2,1
Semantic Segmentation | ADE20K,Semantic Segmentation,ADE20K,Validation mIoU,False,2003.11883,2105.05633,47.12,53.63,0
Semantic Segmentation | ADE20K,Semantic Segmentation,ADE20K,Validation mIoU,False,2209.03917,2303.08810,56.2,51.7,1
Semantic Segmentation | ADE20K,Semantic Segmentation,ADE20K,Validation mIoU,False,2209.03917,2106.13112,56.2,54.3,1
Semantic Segmentation | ADE20K,Semantic Segmentation,ADE20K,Validation mIoU,False,2106.03650,2205.14756,50.5,49.0,1
Semantic Segmentation | ADE20K,Semantic Segmentation,ADE20K,Validation mIoU,False,2201.00520,2203.06108,49.38,51.1,0
Semantic Segmentation | ADE20K,Semantic Segmentation,ADE20K,Validation mIoU,False,2003.11883,2111.10007,47.12,40.4,1
Semantic Segmentation | ADE20K,Semantic Segmentation,ADE20K,Validation mIoU,False,2111.01236,2004.08955,50.2,48.36,1
Semantic Segmentation | ADE20K,Semantic Segmentation,ADE20K,Validation mIoU,False,2112.12782,2211.02043,58.2,57.6,1
Semantic Segmentation | ADE20K,Semantic Segmentation,ADE20K,Validation mIoU,False,2211.07636,2111.01236,62.3,50.2,1
Semantic Segmentation | ADE20K,Semantic Segmentation,ADE20K,Validation mIoU,False,2003.11883,2503.19108,47.12,58.4,0
Semantic Segmentation | ADE20K,Semantic Segmentation,ADE20K,Validation mIoU,False,2003.11883,2311.17132,47.12,54.7,0
Semantic Segmentation | ADE20K,Semantic Segmentation,ADE20K,Validation mIoU,False,2204.07143,2211.03295,49.7,54.0,0
Semantic Segmentation | ADE20K,Semantic Segmentation,ADE20K,Validation mIoU,False,2209.03917,2212.11696,56.2,61.0,0
Semantic Segmentation | ADE20K,Semantic Segmentation,ADE20K,Validation mIoU,False,2109.04454,2003.13328,40.0,45.6,0
Semantic Segmentation | ADE20K,Semantic Segmentation,ADE20K,Validation mIoU,False,2207.14284,2112.12782,57.9,58.2,0
Semantic Segmentation | ADE20K,Semantic Segmentation,ADE20K,Validation mIoU,False,2212.11696,2111.01236,61.0,50.2,1
Semantic Segmentation | ADE20K,Semantic Segmentation,ADE20K,Validation mIoU,False,2206.02777,2111.01236,60.8,50.2,1
Semantic Segmentation | ADE20K,Semantic Segmentation,ADE20K,Validation mIoU,False,2209.03917,2205.13943,56.2,49.0,1
Semantic Segmentation | ADE20K,Semantic Segmentation,ADE20K,Validation mIoU,False,2203.06108,2303.08810,51.1,51.7,0
Semantic Segmentation | ADE20K,Semantic Segmentation,ADE20K,Validation mIoU,False,2211.07636,2111.10007,62.3,40.4,1
Semantic Segmentation | ADE20K,Semantic Segmentation,ADE20K,Validation mIoU,False,2112.01527,2003.13880,57.7,35.8,1
Semantic Segmentation | ADE20K,Semantic Segmentation,ADE20K,Validation mIoU,False,2109.04454,2203.06108,40.0,51.1,0
Semantic Segmentation | ADE20K,Semantic Segmentation,ADE20K,Validation mIoU,False,2004.08955,1904.04514,48.36,43.2,1
Semantic Segmentation | ADE20K,Semantic Segmentation,ADE20K,Validation mIoU,False,1511.00561,2106.13112,21.64,54.3,0
Semantic Segmentation | ADE20K,Semantic Segmentation,ADE20K,Validation mIoU,False,2012.15840,1411.4038,50.28,29.39,1
Semantic Segmentation | ADE20K,Semantic Segmentation,ADE20K,Validation mIoU,False,1511.00561,2111.10007,21.64,40.4,0
Semantic Segmentation | ADE20K,Semantic Segmentation,ADE20K,Validation mIoU,False,2203.06108,2211.02043,51.1,57.6,0
Semantic Segmentation | ADE20K,Semantic Segmentation,ADE20K,Validation mIoU,False,2304.07193,2301.00808,60.2,55.0,1
Semantic Segmentation | ADE20K,Semantic Segmentation,ADE20K,Validation mIoU,False,2211.05778,2003.13328,62.9,45.6,1
Semantic Segmentation | ADE20K,Semantic Segmentation,ADE20K,Validation mIoU,False,2106.03650,2205.13943,50.5,49.0,1
Semantic Segmentation | ADE20K,Semantic Segmentation,ADE20K,Validation mIoU,False,2109.04454,2003.13880,40.0,35.8,1
Semantic Segmentation | ADE20K,Semantic Segmentation,ADE20K,Validation mIoU,False,2211.03295,2503.19108,54.0,58.4,0
Semantic Segmentation | ADE20K,Semantic Segmentation,ADE20K,Validation mIoU,False,2202.09741,2004.08955,54.7,48.36,1
Semantic Segmentation | ADE20K,Semantic Segmentation,ADE20K,Validation mIoU,False,2212.11696,2201.10801,61.0,49.2,1
Semantic Segmentation | ADE20K,Semantic Segmentation,ADE20K,Validation mIoU,False,2112.01527,1904.04514,57.7,43.2,1
Semantic Segmentation | ADE20K,Semantic Segmentation,ADE20K,Validation mIoU,False,2209.03917,2109.04454,56.2,40.0,1
Semantic Segmentation | ADE20K,Semantic Segmentation,ADE20K,Validation mIoU,False,2209.03917,2004.08955,56.2,48.36,1
Semantic Segmentation | ADE20K,Semantic Segmentation,ADE20K,Validation mIoU,False,2112.01527,2304.07193,57.7,60.2,0
Semantic Segmentation | ADE20K,Semantic Segmentation,ADE20K,Validation mIoU,False,2106.13112,2211.02043,54.3,57.6,0
Semantic Segmentation | ADE20K,Semantic Segmentation,ADE20K,Validation mIoU,False,2105.05633,1411.4038,53.63,29.39,1
Semantic Segmentation | ADE20K,Semantic Segmentation,ADE20K,Validation mIoU,False,2106.13112,2003.13880,54.3,35.8,1
Semantic Segmentation | ADE20K,Semantic Segmentation,ADE20K,Validation mIoU,False,2003.11883,2003.13328,47.12,45.6,1
Semantic Segmentation | ADE20K,Semantic Segmentation,ADE20K,Validation mIoU,False,2012.15840,1803.06067,50.28,43.68,1
Semantic Segmentation | ADE20K,Semantic Segmentation,ADE20K,Validation mIoU,False,2204.01969,2503.19108,57.7,58.4,0
Semantic Segmentation | ADE20K,Semantic Segmentation,ADE20K,Validation mIoU,False,2112.12782,1411.4038,58.2,29.39,1
Semantic Segmentation | ADE20K,Semantic Segmentation,ADE20K,Validation mIoU,False,1511.00561,2211.02043,21.64,57.6,0
Semantic Segmentation | ADE20K,Semantic Segmentation,ADE20K,Validation mIoU,False,2304.07193,2211.02043,60.2,57.6,1
Semantic Segmentation | ADE20K,Semantic Segmentation,ADE20K,Validation mIoU,False,2112.01527,2211.03295,57.7,54.0,1
Semantic Segmentation | ADE20K,Semantic Segmentation,ADE20K,Validation mIoU,False,2204.07143,2112.12782,49.7,58.2,0
Semantic Segmentation | ADE20K,Semantic Segmentation,ADE20K,Validation mIoU,False,2112.01527,2105.05633,57.7,53.63,1
Semantic Segmentation | ADE20K,Semantic Segmentation,ADE20K,Validation mIoU,False,2211.03295,2112.12782,54.0,58.2,0
Semantic Segmentation | ADE20K,Semantic Segmentation,ADE20K,Validation mIoU,False,2004.08955,2201.10801,48.36,49.2,0
Semantic Segmentation | ADE20K,Semantic Segmentation,ADE20K,Validation mIoU,False,2105.05633,2106.14855,53.63,54.3,0
Semantic Segmentation | ADE20K,Semantic Segmentation,ADE20K,Validation mIoU,False,2303.08810,2112.12782,51.7,58.2,0
Semantic Segmentation | ADE20K,Semantic Segmentation,ADE20K,Validation mIoU,False,2111.01236,2311.17132,50.2,54.7,0
Semantic Segmentation | ADE20K,Semantic Segmentation,ADE20K,Validation mIoU,False,2201.10801,2112.12782,49.2,58.2,0
Semantic Segmentation | ADE20K,Semantic Segmentation,ADE20K,Validation mIoU,False,2211.03295,2207.14284,54.0,57.9,0
Semantic Segmentation | ADE20K,Semantic Segmentation,ADE20K,Validation mIoU,False,2211.05778,1803.06067,62.9,43.68,1
Semantic Segmentation | ADE20K,Semantic Segmentation,ADE20K,Validation mIoU,False,2106.03650,2304.07193,50.5,60.2,0
Semantic Segmentation | ADE20K,Semantic Segmentation,ADE20K,Validation mIoU,False,2503.19108,2106.14855,58.4,54.3,1
Semantic Segmentation | ADE20K,Semantic Segmentation,ADE20K,Validation mIoU,False,2112.01527,2106.14855,57.7,54.3,1
Semantic Segmentation | ADE20K,Semantic Segmentation,ADE20K,Validation mIoU,False,2206.02777,2211.05778,60.8,62.9,0
Semantic Segmentation | ADE20K,Semantic Segmentation,ADE20K,Validation mIoU,False,2112.01527,2301.00808,57.7,55.0,1
Semantic Segmentation | ADE20K,Semantic Segmentation,ADE20K,Validation mIoU,False,2106.03650,2106.13112,50.5,54.3,0
Semantic Segmentation | ADE20K,Semantic Segmentation,ADE20K,Validation mIoU,False,2503.19108,2211.02043,58.4,57.6,1
Semantic Segmentation | ADE20K,Semantic Segmentation,ADE20K,Validation mIoU,False,2012.15840,2204.01969,50.28,57.7,0
Semantic Segmentation | ADE20K,Semantic Segmentation,ADE20K,Validation mIoU,False,2212.11696,2203.06108,61.0,51.1,1
Semantic Segmentation | ADE20K,Semantic Segmentation,ADE20K,Validation mIoU,False,2206.02777,2205.13943,60.8,49.0,1
Semantic Segmentation | ADE20K,Semantic Segmentation,ADE20K,Validation mIoU,False,2209.03917,2112.12782,56.2,58.2,0
Semantic Segmentation | ADE20K,Semantic Segmentation,ADE20K,Validation mIoU,False,2201.10801,2105.05633,49.2,53.63,0
Semantic Segmentation | ADE20K,Semantic Segmentation,ADE20K,Validation mIoU,False,2003.11883,2003.13880,47.12,35.8,1
Semantic Segmentation | ADE20K,Semantic Segmentation,ADE20K,Validation mIoU,False,2503.19108,1803.06067,58.4,43.68,1
Semantic Segmentation | ADE20K,Semantic Segmentation,ADE20K,Validation mIoU,False,2201.10801,1904.04514,49.2,43.2,1
Semantic Segmentation | ADE20K,Semantic Segmentation,ADE20K,Validation mIoU,False,2211.07636,1803.06067,62.3,43.68,1
Semantic Segmentation | ADE20K,Semantic Segmentation,ADE20K,Validation mIoU,False,2503.19108,2205.13943,58.4,49.0,1
Semantic Segmentation | ADE20K,Semantic Segmentation,ADE20K,Validation mIoU,False,2201.00520,2206.02777,49.38,60.8,0
Semantic Segmentation | ADE20K,Semantic Segmentation,ADE20K,Validation mIoU,False,2202.09741,2003.13328,54.7,45.6,1
Semantic Segmentation | ADE20K,Semantic Segmentation,ADE20K,Validation mIoU,False,2107.06278,2203.06108,53.8,51.1,1
Semantic Segmentation | ADE20K,Semantic Segmentation,ADE20K,Validation mIoU,False,2106.03650,1511.00561,50.5,21.64,1
Semantic Segmentation | ADE20K,Semantic Segmentation,ADE20K,Validation mIoU,False,2204.01969,2203.06108,57.7,51.1,1
Semantic Segmentation | ADE20K,Semantic Segmentation,ADE20K,Validation mIoU,False,2204.07143,2211.07636,49.7,62.3,0
Semantic Segmentation | ADE20K,Semantic Segmentation,ADE20K,Validation mIoU,False,2111.10007,2304.07193,40.4,60.2,0
Semantic Segmentation | ADE20K,Semantic Segmentation,ADE20K,Validation mIoU,False,2211.05778,2109.04454,62.9,40.0,1
Semantic Segmentation | ADE20K,Semantic Segmentation,ADE20K,Validation mIoU,False,2112.01527,2107.06278,57.7,53.8,1
Semantic Segmentation | ADE20K,Semantic Segmentation,ADE20K,Validation mIoU,False,2106.03650,2003.13328,50.5,45.6,1
Semantic Segmentation | ADE20K,Semantic Segmentation,ADE20K,Validation mIoU,False,2204.01969,1904.04514,57.7,43.2,1
Semantic Segmentation | ADE20K,Semantic Segmentation,ADE20K,Validation mIoU,False,2111.10007,2003.13328,40.4,45.6,0
Semantic Segmentation | ADE20K,Semantic Segmentation,ADE20K,Validation mIoU,False,1904.04514,2301.00808,43.2,55.0,0
Semantic Segmentation | ADE20K,Semantic Segmentation,ADE20K,Validation mIoU,False,2003.11883,2301.00808,47.12,55.0,0
Semantic Segmentation | ADE20K,Semantic Segmentation,ADE20K,Validation mIoU,False,2209.03917,2111.01236,56.2,50.2,1
Semantic Segmentation | ADE20K,Semantic Segmentation,ADE20K,Validation mIoU,False,2204.07143,2204.01969,49.7,57.7,0
Semantic Segmentation | ADE20K,Semantic Segmentation,ADE20K,Validation mIoU,False,2212.11696,2105.05633,61.0,53.63,1
Semantic Segmentation | ADE20K,Semantic Segmentation,ADE20K,Validation mIoU,False,2202.09741,2112.01527,54.7,57.7,0
Semantic Segmentation | ADE20K,Semantic Segmentation,ADE20K,Validation mIoU,False,2107.06278,2211.05778,53.8,62.9,0
Semantic Segmentation | ADE20K,Semantic Segmentation,ADE20K,Validation mIoU,False,2107.06278,2207.14284,53.8,57.9,0
Semantic Segmentation | ADE20K,Semantic Segmentation,ADE20K,Validation mIoU,False,1904.04514,2207.14284,43.2,57.9,0
Semantic Segmentation | ADE20K,Semantic Segmentation,ADE20K,Validation mIoU,False,2211.05778,1411.4038,62.9,29.39,1
Semantic Segmentation | ADE20K,Semantic Segmentation,ADE20K,Validation mIoU,False,2012.15840,2205.13943,50.28,49.0,1
Semantic Segmentation | ADE20K,Semantic Segmentation,ADE20K,Validation mIoU,False,2107.06278,2111.10007,53.8,40.4,1
Semantic Segmentation | ADE20K,Semantic Segmentation,ADE20K,Validation mIoU,False,2206.02777,2203.06108,60.8,51.1,1
Semantic Segmentation | ADE20K,Semantic Segmentation,ADE20K,Validation mIoU,False,2111.01236,2003.13880,50.2,35.8,1
Semantic Segmentation | ADE20K,Semantic Segmentation,ADE20K,Validation mIoU,False,2204.07143,2012.15840,49.7,50.28,0
Semantic Segmentation | ADE20K,Semantic Segmentation,ADE20K,Validation mIoU,False,2212.11696,2304.07193,61.0,60.2,1
Semantic Segmentation | ADE20K,Semantic Segmentation,ADE20K,Validation mIoU,False,2209.03917,2003.13328,56.2,45.6,1
Semantic Segmentation | ADE20K,Semantic Segmentation,ADE20K,Validation mIoU,False,2012.15840,2301.00808,50.28,55.0,0
Semantic Segmentation | ADE20K,Semantic Segmentation,ADE20K,Validation mIoU,False,2204.07143,2106.14855,49.7,54.3,0
Semantic Segmentation | ADE20K,Semantic Segmentation,ADE20K,Validation mIoU,False,2311.17132,2207.14284,54.7,57.9,0
Semantic Segmentation | ADE20K,Semantic Segmentation,ADE20K,Validation mIoU,False,2204.01969,2106.14855,57.7,54.3,1
Semantic Segmentation | ADE20K,Semantic Segmentation,ADE20K,Validation mIoU,False,1511.00561,2207.14284,21.64,57.9,0
Semantic Segmentation | ADE20K,Semantic Segmentation,ADE20K,Validation mIoU,False,1511.00561,2203.06108,21.64,51.1,0
Semantic Segmentation | ADE20K,Semantic Segmentation,ADE20K,Validation mIoU,False,2205.14756,2304.07193,49.0,60.2,0
Semantic Segmentation | ADE20K,Semantic Segmentation,ADE20K,Validation mIoU,False,2111.10007,2205.14756,40.4,49.0,0
Semantic Segmentation | ADE20K,Semantic Segmentation,ADE20K,Validation mIoU,False,1904.04514,2205.13943,43.2,49.0,0
Semantic Segmentation | ADE20K,Semantic Segmentation,ADE20K,Validation mIoU,False,2202.09741,2105.05633,54.7,53.63,1
Semantic Segmentation | ADE20K,Semantic Segmentation,ADE20K,Validation mIoU,False,2003.11883,1411.4038,47.12,29.39,1
Semantic Segmentation | ADE20K,Semantic Segmentation,ADE20K,Validation mIoU,False,2003.11883,2209.03917,47.12,56.2,0
Semantic Segmentation | ADE20K,Semantic Segmentation,ADE20K,Validation mIoU,False,1511.00561,2201.10801,21.64,49.2,0
Semantic Segmentation | ADE20K,Semantic Segmentation,ADE20K,Validation mIoU,False,2503.19108,2105.05633,58.4,53.63,1
Semantic Segmentation | ADE20K,Semantic Segmentation,ADE20K,Validation mIoU,False,2012.15840,2105.05633,50.28,53.63,0
Semantic Segmentation | ADE20K,Semantic Segmentation,ADE20K,Validation mIoU,False,2201.00520,2112.12782,49.38,58.2,0
Semantic Segmentation | ADE20K,Semantic Segmentation,ADE20K,Validation mIoU,False,1803.06067,2205.13943,43.68,49.0,0
Semantic Segmentation | ADE20K,Semantic Segmentation,ADE20K,Validation mIoU,False,1803.06067,1411.4038,43.68,29.39,1
Semantic Segmentation | ADE20K,Semantic Segmentation,ADE20K,Validation mIoU,False,2202.09741,2211.02043,54.7,57.6,0
Semantic Segmentation | ADE20K,Semantic Segmentation,ADE20K,Validation mIoU,False,2209.03917,2211.07636,56.2,62.3,0
Semantic Segmentation | ADE20K,Semantic Segmentation,ADE20K,Validation mIoU,False,2201.00520,2106.14855,49.38,54.3,0
Semantic Segmentation | ADE20K,Semantic Segmentation,ADE20K,Validation mIoU,False,2106.03650,2105.05633,50.5,53.63,0
Semantic Segmentation | ADE20K,Semantic Segmentation,ADE20K,Validation mIoU,False,2211.07636,2212.11696,62.3,61.0,1
Semantic Segmentation | ADE20K,Semantic Segmentation,ADE20K,Validation mIoU,False,2201.10801,2304.07193,49.2,60.2,0
Semantic Segmentation | ADE20K,Semantic Segmentation,ADE20K,Validation mIoU,False,2106.03650,1411.4038,50.5,29.39,1
Semantic Segmentation | ADE20K,Semantic Segmentation,ADE20K,Validation mIoU,False,2012.15840,2203.06108,50.28,51.1,0
Semantic Segmentation | ADE20K,Semantic Segmentation,ADE20K,Validation mIoU,False,2003.13328,2211.02043,45.6,57.6,0
Semantic Segmentation | ADE20K,Semantic Segmentation,ADE20K,Validation mIoU,False,2211.07636,1904.04514,62.3,43.2,1
Semantic Segmentation | ADE20K,Semantic Segmentation,ADE20K,Validation mIoU,False,2211.03295,1904.04514,54.0,43.2,1
Semantic Segmentation | ADE20K,Semantic Segmentation,ADE20K,Validation mIoU,False,2311.17132,2105.05633,54.7,53.63,1
Semantic Segmentation | ADE20K,Semantic Segmentation,ADE20K,Validation mIoU,False,2201.10801,2003.13880,49.2,35.8,1
Semantic Segmentation | ADE20K,Semantic Segmentation,ADE20K,Validation mIoU,False,2107.06278,2311.17132,53.8,54.7,0
Semantic Segmentation | ADE20K,Semantic Segmentation,ADE20K,Validation mIoU,False,2012.15840,1511.00561,50.28,21.64,1
Semantic Segmentation | ADE20K,Semantic Segmentation,ADE20K,Validation mIoU,False,2211.07636,2109.04454,62.3,40.0,1
Semantic Segmentation | ADE20K,Semantic Segmentation,ADE20K,Validation mIoU,False,2211.05778,2303.08810,62.9,51.7,1
Semantic Segmentation | ADE20K,Semantic Segmentation,ADE20K,Validation mIoU,False,2003.11883,2012.15840,47.12,50.28,0
Semantic Segmentation | ADE20K,Semantic Segmentation,ADE20K,Validation mIoU,False,2003.11883,2205.13943,47.12,49.0,0
Semantic Segmentation | ADE20K,Semantic Segmentation,ADE20K,Validation mIoU,False,2205.14756,2211.02043,49.0,57.6,0
Semantic Segmentation | ADE20K,Semantic Segmentation,ADE20K,Validation mIoU,False,2211.07636,2003.13880,62.3,35.8,1
Semantic Segmentation | ADE20K,Semantic Segmentation,ADE20K,Validation mIoU,False,2503.19108,2003.13880,58.4,35.8,1
Semantic Segmentation | ADE20K,Semantic Segmentation,ADE20K,Validation mIoU,False,2107.06278,2211.02043,53.8,57.6,0
Semantic Segmentation | ADE20K,Semantic Segmentation,ADE20K,Validation mIoU,False,2211.05778,2203.06108,62.9,51.1,1
Semantic Segmentation | ADE20K,Semantic Segmentation,ADE20K,Validation mIoU,False,2106.13112,2112.12782,54.3,58.2,0
Semantic Segmentation | ADE20K,Semantic Segmentation,ADE20K,Validation mIoU,False,2204.01969,2107.06278,57.7,53.8,1
Object Detection | COCO minival,Object Detection,COCO minival,box AP,False,2205.08534,2301.05586,60.5,57.2,1
Object Detection | COCO minival,Object Detection,COCO minival,box AP,False,2011.08036,2111.11418,55.4,41.0,1
Object Detection | COCO minival,Object Detection,COCO minival,box AP,False,1904.08900,1811.11168,42.6,43.1,0
Object Detection | COCO minival,Object Detection,COCO minival,box AP,False,2211.12860,2112.03857,65.9,60.8,1
Object Detection | COCO minival,Object Detection,COCO minival,box AP,False,2112.03857,2009.13592,60.8,40.7,1
Object Detection | COCO minival,Object Detection,COCO minival,box AP,False,2207.14284,2109.07107,59.2,45.1,1
Object Detection | COCO minival,Object Detection,COCO minival,box AP,False,2301.05586,1912.05027,57.2,52.2,1
Object Detection | COCO minival,Object Detection,COCO minival,box AP,False,2103.14027,1512.03385,53.5,46.3,1
Object Detection | COCO minival,Object Detection,COCO minival,box AP,False,2207.14284,2306.00989,59.2,55.0,1
Object Detection | COCO minival,Object Detection,COCO minival,box AP,False,2111.11418,2007.02355,41.0,46.1,0
Object Detection | COCO minival,Object Detection,COCO minival,box AP,False,2207.14284,2204.03645,59.2,49.9,1
Object Detection | COCO minival,Object Detection,COCO minival,box AP,False,1909.09777,1808.01244,35.6,38.4,0
Object Detection | COCO minival,Object Detection,COCO minival,box AP,False,2211.09807,2412.09799,65.0,64.1,1
Object Detection | COCO minival,Object Detection,COCO minival,box AP,False,1811.11168,1903.00621,43.1,41.6,1
Object Detection | COCO minival,Object Detection,COCO minival,box AP,False,1811.05181,2204.03645,35.8,49.9,0
Object Detection | COCO minival,Object Detection,COCO minival,box AP,False,2211.05778,2301.05586,65.0,57.2,1
Object Detection | COCO minival,Object Detection,COCO minival,box AP,False,2203.16527,2312.09158,61.3,62.0,0
Object Detection | COCO minival,Object Detection,COCO minival,box AP,False,2205.08534,2109.07107,60.5,45.1,1
Object Detection | COCO minival,Object Detection,COCO minival,box AP,False,1909.09777,1512.03385,35.6,46.3,0
Object Detection | COCO minival,Object Detection,COCO minival,box AP,False,2211.05778,1811.05181,65.0,35.8,1
Object Detection | COCO minival,Object Detection,COCO minival,box AP,False,2211.05778,1712.00726,65.0,42.7,1
Object Detection | COCO minival,Object Detection,COCO minival,box AP,False,1908.04156,2106.02253,41.7,42.8,0
Object Detection | COCO minival,Object Detection,COCO minival,box AP,False,2009.13592,2007.02355,40.7,46.1,0
Object Detection | COCO minival,Object Detection,COCO minival,box AP,False,1904.08900,2104.01329,42.6,44.8,0
Object Detection | COCO minival,Object Detection,COCO minival,box AP,False,2202.03026,2204.03645,54.5,49.9,1
Object Detection | COCO minival,Object Detection,COCO minival,box AP,False,2203.16527,1808.01244,61.3,38.4,1
Object Detection | COCO minival,Object Detection,COCO minival,box AP,False,2103.14027,1811.05181,53.5,35.8,1
Object Detection | COCO minival,Object Detection,COCO minival,box AP,False,2104.01329,2007.02355,44.8,46.1,0
Object Detection | COCO minival,Object Detection,COCO minival,box AP,False,1909.09777,2111.11418,35.6,41.0,0
Object Detection | COCO minival,Object Detection,COCO minival,box AP,False,2211.02043,1808.01244,59.3,38.4,1
Object Detection | COCO minival,Object Detection,COCO minival,box AP,False,1904.02701,2009.13592,38.5,40.7,0
Object Detection | COCO minival,Object Detection,COCO minival,box AP,False,1909.09777,2204.03645,35.6,49.9,0
Object Detection | COCO minival,Object Detection,COCO minival,box AP,False,1904.02701,2103.14027,38.5,53.5,0
Object Detection | COCO minival,Object Detection,COCO minival,box AP,False,2306.00989,2412.09799,55.0,64.1,0
Object Detection | COCO minival,Object Detection,COCO minival,box AP,False,2207.14284,2111.11418,59.2,41.0,1
Object Detection | COCO minival,Object Detection,COCO minival,box AP,False,2301.05586,1808.01244,57.2,38.4,1
Object Detection | COCO minival,Object Detection,COCO minival,box AP,False,2211.12860,1512.03385,65.9,46.3,1
Object Detection | COCO minival,Object Detection,COCO minival,box AP,False,2301.05586,2009.13592,57.2,40.7,1
Object Detection | COCO minival,Object Detection,COCO minival,box AP,False,2211.12860,2312.09158,65.9,62.0,1
Object Detection | COCO minival,Object Detection,COCO minival,box AP,False,1909.09777,1912.05027,35.6,52.2,0
Object Detection | COCO minival,Object Detection,COCO minival,box AP,False,1904.08900,1712.00726,42.6,42.7,0
Object Detection | COCO minival,Object Detection,COCO minival,box AP,False,2009.13592,1811.11168,40.7,43.1,0
Object Detection | COCO minival,Object Detection,COCO minival,box AP,False,1909.09777,2106.02253,35.6,42.8,0
Object Detection | COCO minival,Object Detection,COCO minival,box AP,False,2103.14027,1912.05027,53.5,52.2,1
Object Detection | COCO minival,Object Detection,COCO minival,box AP,False,2106.02253,1811.11168,42.8,43.1,0
Object Detection | COCO minival,Object Detection,COCO minival,box AP,False,2211.12860,2205.08534,65.9,60.5,1
Object Detection | COCO minival,Object Detection,COCO minival,box AP,False,2106.02253,2312.09158,42.8,62.0,0
Object Detection | COCO minival,Object Detection,COCO minival,box AP,False,2104.01329,2312.09158,44.8,62.0,0
Object Detection | COCO minival,Object Detection,COCO minival,box AP,False,1811.05181,2007.02355,35.8,46.1,0
Object Detection | COCO minival,Object Detection,COCO minival,box AP,False,2211.05778,1912.05027,65.0,52.2,1
Object Detection | COCO minival,Object Detection,COCO minival,box AP,False,2211.07636,1803.08494,64.5,42.3,1
Object Detection | COCO minival,Object Detection,COCO minival,box AP,False,2202.03026,1908.04156,54.5,41.7,1
Object Detection | COCO minival,Object Detection,COCO minival,box AP,False,1712.00726,1811.11168,42.7,43.1,0
Object Detection | COCO minival,Object Detection,COCO minival,box AP,False,2207.14284,1712.00726,59.2,42.7,1
Object Detection | COCO minival,Object Detection,COCO minival,box AP,False,2007.02355,2211.09807,46.1,65.0,0
Object Detection | COCO minival,Object Detection,COCO minival,box AP,False,2112.03857,2412.09799,60.8,64.1,0
Object Detection | COCO minival,Object Detection,COCO minival,box AP,False,1904.03579,2112.03857,39.5,60.8,0
Object Detection | COCO minival,Object Detection,COCO minival,box AP,False,2301.05586,2306.00989,57.2,55.0,1
Object Detection | COCO minival,Object Detection,COCO minival,box AP,False,1808.01244,1903.00621,38.4,41.6,0
Object Detection | COCO minival,Object Detection,COCO minival,box AP,False,2211.12860,2204.03645,65.9,49.9,1
Object Detection | COCO minival,Object Detection,COCO minival,box AP,False,1904.03579,1808.01244,39.5,38.4,1
Object Detection | COCO minival,Object Detection,COCO minival,box AP,False,1512.03385,1903.00621,46.3,41.6,1
Object Detection | COCO minival,Object Detection,COCO minival,box AP,False,1712.00726,2007.02355,42.7,46.1,0
Object Detection | COCO minival,Object Detection,COCO minival,box AP,False,2211.05778,1803.08494,65.0,42.3,1
Object Detection | COCO minival,Object Detection,COCO minival,box AP,False,2204.03645,2109.07107,49.9,45.1,1
Object Detection | COCO minival,Object Detection,COCO minival,box AP,False,2112.04632,2412.09799,49.1,64.1,0
Object Detection | COCO minival,Object Detection,COCO minival,box AP,False,2009.13592,1903.00621,40.7,41.6,0
Object Detection | COCO minival,Object Detection,COCO minival,box AP,False,1904.02701,2211.09807,38.5,65.0,0
Object Detection | COCO minival,Object Detection,COCO minival,box AP,False,1904.03579,2111.11418,39.5,41.0,0
Object Detection | COCO minival,Object Detection,COCO minival,box AP,False,2112.04632,2108.06152,49.1,45.9,1
Object Detection | COCO minival,Object Detection,COCO minival,box AP,False,2211.02043,2301.05586,59.3,57.2,1
Object Detection | COCO minival,Object Detection,COCO minival,box AP,False,2211.02043,1903.00621,59.3,41.6,1
Object Detection | COCO minival,Object Detection,COCO minival,box AP,False,2011.08036,2204.03645,55.4,49.9,1
Object Detection | COCO minival,Object Detection,COCO minival,box AP,False,2211.02043,1909.09777,59.3,35.6,1
Object Detection | COCO minival,Object Detection,COCO minival,box AP,False,2104.01329,1912.05027,44.8,52.2,0
Object Detection | COCO minival,Object Detection,COCO minival,box AP,False,2202.03026,1811.11168,54.5,43.1,1
Object Detection | COCO minival,Object Detection,COCO minival,box AP,False,2207.14284,2412.09799,59.2,64.1,0
Object Detection | COCO minival,Object Detection,COCO minival,box AP,False,1909.09777,1908.04156,35.6,41.7,0
Object Detection | COCO minival,Object Detection,COCO minival,box AP,False,2203.16527,2104.01329,61.3,44.8,1
Object Detection | COCO minival,Object Detection,COCO minival,box AP,False,2205.08534,1811.05181,60.5,35.8,1
Object Detection | COCO minival,Object Detection,COCO minival,box AP,False,2109.07107,2412.09799,45.1,64.1,0
Object Detection | COCO minival,Object Detection,COCO minival,box AP,False,2211.05778,2211.12860,65.0,65.9,0
Object Detection | COCO minival,Object Detection,COCO minival,box AP,False,1909.09777,2107.00420,35.6,59.6,0
Object Detection | COCO minival,Object Detection,COCO minival,box AP,False,2205.08534,1803.08494,60.5,42.3,1
Object Detection | COCO minival,Object Detection,COCO minival,box AP,False,2202.03026,1904.02701,54.5,38.5,1
Object Detection | COCO minival,Object Detection,COCO minival,box AP,False,1811.05181,2111.11418,35.8,41.0,0
Object Detection | COCO minival,Object Detection,COCO minival,box AP,False,1803.08494,2306.00989,42.3,55.0,0
Object Detection | COCO minival,Object Detection,COCO minival,box AP,False,2106.02253,1808.01244,42.8,38.4,1
Object Detection | COCO minival,Object Detection,COCO minival,box AP,False,1904.08900,1808.01244,42.6,38.4,1
Object Detection | COCO minival,Object Detection,COCO minival,box AP,False,2207.14284,1903.00621,59.2,41.6,1
Object Detection | COCO minival,Object Detection,COCO minival,box AP,False,1912.05027,2306.00989,52.2,55.0,0
Object Detection | COCO minival,Object Detection,COCO minival,box AP,False,1904.02701,1904.03579,38.5,39.5,0
Object Detection | COCO minival,Object Detection,COCO minival,box AP,False,1904.03579,2009.13592,39.5,40.7,0
Object Detection | COCO minival,Object Detection,COCO minival,box AP,False,1811.05181,2107.00420,35.8,59.6,0
Object Detection | COCO minival,Object Detection,COCO minival,box AP,False,2202.03026,2107.00420,54.5,59.6,0
Object Detection | COCO minival,Object Detection,COCO minival,box AP,False,2202.03026,2312.09158,54.5,62.0,0
Object Detection | COCO minival,Object Detection,COCO minival,box AP,False,2106.13797,2211.05778,50.1,65.0,0
Object Detection | COCO minival,Object Detection,COCO minival,box AP,False,1811.05181,2412.09799,35.8,64.1,0
Object Detection | COCO minival,Object Detection,COCO minival,box AP,False,1908.04156,2104.01329,41.7,44.8,0
Object Detection | COCO minival,Object Detection,COCO minival,box AP,False,1904.08900,1903.00621,42.6,41.6,1
Object Detection | COCO minival,Object Detection,COCO minival,box AP,False,2202.03026,1712.00726,54.5,42.7,1
Object Detection | COCO minival,Object Detection,COCO minival,box AP,False,1904.08900,2306.00989,42.6,55.0,0
Object Detection | COCO minival,Object Detection,COCO minival,box AP,False,1811.05181,2112.03857,35.8,60.8,0
Object Detection | COCO minival,Object Detection,COCO minival,box AP,False,2202.03026,1904.03579,54.5,39.5,1
Object Detection | COCO minival,Object Detection,COCO minival,box AP,False,1712.00726,2306.00989,42.7,55.0,0
Object Detection | COCO minival,Object Detection,COCO minival,box AP,False,1904.02701,1909.09777,38.5,35.6,1
Object Detection | COCO minival,Object Detection,COCO minival,box AP,False,2104.01329,2211.12860,44.8,65.9,0
Object Detection | COCO minival,Object Detection,COCO minival,box AP,False,2301.05586,2111.11418,57.2,41.0,1
Object Detection | COCO minival,Object Detection,COCO minival,box AP,False,1908.04156,2111.11418,41.7,41.0,1
Object Detection | COCO minival,Object Detection,COCO minival,box AP,False,1904.08900,1904.02701,42.6,38.5,1
Object Detection | COCO minival,Object Detection,COCO minival,box AP,False,2211.07636,1912.05027,64.5,52.2,1
Object Detection | COCO minival,Object Detection,COCO minival,box AP,False,2112.04632,2009.13592,49.1,40.7,1
Object Detection | COCO minival,Object Detection,COCO minival,box AP,False,2301.05586,2107.00420,57.2,59.6,0
Object Detection | COCO minival,Object Detection,COCO minival,box AP,False,1712.00726,2211.09807,42.7,65.0,0
Object Detection | COCO minival,Object Detection,COCO minival,box AP,False,2202.03026,2007.02355,54.5,46.1,1
Object Detection | COCO minival,Object Detection,COCO minival,box AP,False,2111.11418,1811.11168,41.0,43.1,0
Object Detection | COCO minival,Object Detection,COCO minival,box AP,False,1712.00726,1808.01244,42.7,38.4,1
Object Detection | COCO minival,Object Detection,COCO minival,box AP,False,1904.02701,1912.05027,38.5,52.2,0
Object Detection | COCO minival,Object Detection,COCO minival,box AP,False,1811.05181,2312.09158,35.8,62.0,0
Object Detection | COCO minival,Object Detection,COCO minival,box AP,False,1904.08900,2109.07107,42.6,45.1,0
Object Detection | COCO minival,Object Detection,COCO minival,box AP,False,1908.04156,2106.13797,41.7,50.1,0
Object Detection | COCO minival,Object Detection,COCO minival,box AP,False,1712.00726,1803.08494,42.7,42.3,1
Object Detection | COCO minival,Object Detection,COCO minival,box AP,False,2301.05586,2412.09799,57.2,64.1,0
Object Detection | COCO minival,Object Detection,COCO minival,box AP,False,2211.02043,2211.09807,59.3,65.0,0
Object Detection | COCO minival,Object Detection,COCO minival,box AP,False,1803.08494,1811.11168,42.3,43.1,0
Object Detection | COCO minival,Object Detection,COCO minival,box AP,False,1904.08900,2301.05586,42.6,57.2,0
Object Detection | COCO minival,Object Detection,COCO minival,box AP,False,2207.14284,2112.03857,59.2,60.8,0
Object Detection | COCO minival,Object Detection,COCO minival,box AP,False,1908.04156,1512.03385,41.7,46.3,0
Object Detection | COCO minival,Object Detection,COCO minival,box AP,False,2111.11418,1808.01244,41.0,38.4,1
Object Detection | COCO minival,Object Detection,COCO minival,box AP,False,1904.03579,1811.05181,39.5,35.8,1
Object Detection | COCO minival,Object Detection,COCO minival,box AP,False,2203.16527,2108.06152,61.3,45.9,1
Object Detection | COCO minival,Object Detection,COCO minival,box AP,False,2106.13797,2009.13592,50.1,40.7,1
Object Detection | COCO minival,Object Detection,COCO minival,box AP,False,1904.08900,2412.09799,42.6,64.1,0
Object Detection | COCO minival,Object Detection,COCO minival,box AP,False,1909.09777,1903.00621,35.6,41.6,0
Object Detection | COCO minival,Object Detection,COCO minival,box AP,False,2111.11418,2412.09799,41.0,64.1,0
Object Detection | COCO minival,Object Detection,COCO minival,box AP,False,2211.12860,1912.05027,65.9,52.2,1
Object Detection | COCO minival,Object Detection,COCO minival,box AP,False,1803.08494,2412.09799,42.3,64.1,0
Object Detection | COCO minival,Object Detection,COCO minival,box AP,False,2312.09158,2211.09807,62.0,65.0,0
Object Detection | COCO minival,Object Detection,COCO minival,box AP,False,1712.00726,2211.12860,42.7,65.9,0
Object Detection | COCO minival,Object Detection,COCO minival,box AP,False,2011.08036,2009.13592,55.4,40.7,1
Object Detection | COCO minival,Object Detection,COCO minival,box AP,False,2211.07636,2108.06152,64.5,45.9,1
Object Detection | COCO minival,Object Detection,COCO minival,box AP,False,1808.01244,2211.09807,38.4,65.0,0
Object Detection | COCO minival,Object Detection,COCO minival,box AP,False,2103.14027,2301.05586,53.5,57.2,0
Object Detection | COCO minival,Object Detection,COCO minival,box AP,False,2111.11418,2009.13592,41.0,40.7,1
Object Detection | COCO minival,Object Detection,COCO minival,box AP,False,1811.05181,2109.07107,35.8,45.1,0
Object Detection | COCO minival,Object Detection,COCO minival,box AP,False,2103.14027,2306.00989,53.5,55.0,0
Object Detection | COCO minival,Object Detection,COCO minival,box AP,False,2207.14284,2007.02355,59.2,46.1,1
Object Detection | COCO minival,Object Detection,COCO minival,box AP,False,2205.08534,1904.03579,60.5,39.5,1
Object Detection | COCO minival,Object Detection,COCO minival,box AP,False,2104.01329,2112.03857,44.8,60.8,0
Object Detection | COCO minival,Object Detection,COCO minival,box AP,False,2207.14284,2112.04632,59.2,49.1,1
Object Detection | COCO minival,Object Detection,COCO minival,box AP,False,2204.03645,2009.13592,49.9,40.7,1
Object Detection | COCO minival,Object Detection,COCO minival,box AP,False,1904.08900,1912.05027,42.6,52.2,0
Object Detection | COCO minival,Object Detection,COCO minival,box AP,False,2011.08036,1803.08494,55.4,42.3,1
Object Detection | COCO minival,Object Detection,COCO minival,box AP,False,1904.03579,2312.09158,39.5,62.0,0
Object Detection | COCO minival,Object Detection,COCO minival,box AP,False,2207.14284,1808.01244,59.2,38.4,1
Object Detection | COCO minival,Object Detection,COCO minival,box AP,False,2211.02043,2103.14027,59.3,53.5,1
Object Detection | COCO minival,Object Detection,COCO minival,box AP,False,2203.16527,2205.08534,61.3,60.5,1
Object Detection | COCO minival,Object Detection,COCO minival,box AP,False,1909.09777,2104.01329,35.6,44.8,0
Object Detection | COCO minival,Object Detection,COCO minival,box AP,False,2205.08534,2312.09158,60.5,62.0,0
Object Detection | COCO minival,Object Detection,COCO minival,box AP,False,1811.05181,1811.11168,35.8,43.1,0
Object Detection | COCO minival,Object Detection,COCO minival,box AP,False,2108.06152,1512.03385,45.9,46.3,0
Object Detection | COCO minival,Object Detection,COCO minival,box AP,False,1908.04156,2203.16527,41.7,61.3,0
Object Detection | COCO minival,Object Detection,COCO minival,box AP,False,1512.03385,2107.00420,46.3,59.6,0
Object Detection | COCO minival,Object Detection,COCO minival,box AP,False,1904.03579,1903.00621,39.5,41.6,0
Object Detection | COCO minival,Object Detection,COCO minival,box AP,False,2111.11418,2112.03857,41.0,60.8,0
Object Detection | COCO minival,Object Detection,COCO minival,box AP,False,1803.08494,1811.05181,42.3,35.8,1
Object Detection | COCO minival,Object Detection,COCO minival,box AP,False,2103.14027,2107.00420,53.5,59.6,0
Object Detection | COCO minival,Object Detection,COCO minival,box AP,False,2104.01329,2211.09807,44.8,65.0,0
Object Detection | COCO minival,Object Detection,COCO minival,box AP,False,2106.02253,2211.07636,42.8,64.5,0
Object Detection | COCO minival,Object Detection,COCO minival,box AP,False,2211.07636,1512.03385,64.5,46.3,1
Object Detection | COCO minival,Object Detection,COCO minival,box AP,False,2205.08534,2412.09799,60.5,64.1,0
Object Detection | COCO minival,Object Detection,COCO minival,box AP,False,2202.03026,2203.16527,54.5,61.3,0
Object Detection | COCO minival,Object Detection,COCO minival,box AP,False,2112.04632,2211.07636,49.1,64.5,0
Object Detection | COCO minival,Object Detection,COCO minival,box AP,False,2106.13797,2306.00989,50.1,55.0,0
Object Detection | COCO minival,Object Detection,COCO minival,box AP,False,1512.03385,2007.02355,46.3,46.1,1
Object Detection | COCO minival,Object Detection,COCO minival,box AP,False,2011.08036,2207.14284,55.4,59.2,0
Object Detection | COCO minival,Object Detection,COCO minival,box AP,False,2011.08036,1903.00621,55.4,41.6,1
Object Detection | COCO minival,Object Detection,COCO minival,box AP,False,1904.02701,1712.00726,38.5,42.7,0
Object Detection | COCO minival,Object Detection,COCO minival,box AP,False,2301.05586,2312.09158,57.2,62.0,0
Object Detection | COCO minival,Object Detection,COCO minival,box AP,False,2207.14284,2108.06152,59.2,45.9,1
Object Detection | COCO minival,Object Detection,COCO minival,box AP,False,2211.12860,1808.01244,65.9,38.4,1
Object Detection | COCO minival,Object Detection,COCO minival,box AP,False,2106.13797,1808.01244,50.1,38.4,1
Object Detection | COCO minival,Object Detection,COCO minival,box AP,False,2202.03026,2106.02253,54.5,42.8,1
Object Detection | COCO minival,Object Detection,COCO minival,box AP,False,1909.09777,2211.09807,35.6,65.0,0
Object Detection | COCO minival,Object Detection,COCO minival,box AP,False,2205.08534,1811.11168,60.5,43.1,1
Object Detection | COCO minival,Object Detection,COCO minival,box AP,False,2011.08036,2104.01329,55.4,44.8,1
Object Detection | COCO minival,Object Detection,COCO minival,box AP,False,1904.03579,2007.02355,39.5,46.1,0
Object Detection | COCO minival,Object Detection,COCO minival,box AP,False,1908.04156,1712.00726,41.7,42.7,0
Object Detection | COCO minival,Object Detection,COCO minival,box AP,False,2204.03645,2107.00420,49.9,59.6,0
Object Detection | COCO minival,Object Detection,COCO minival,box AP,False,2011.08036,2306.00989,55.4,55.0,1
Object Detection | COCO minival,Object Detection,COCO minival,box AP,False,1904.08900,2112.04632,42.6,49.1,0
Object Detection | COCO minival,Object Detection,COCO minival,box AP,False,1811.05181,2108.06152,35.8,45.9,0
Object Detection | COCO minival,Object Detection,COCO minival,box AP,False,2211.02043,2211.07636,59.3,64.5,0
Object Detection | COCO minival,Object Detection,COCO minival,box AP,False,2112.04632,1811.05181,49.1,35.8,1
Object Detection | COCO minival,Object Detection,COCO minival,box AP,False,2211.07636,1808.01244,64.5,38.4,1
Object Detection | COCO minival,Object Detection,COCO minival,box AP,False,2211.02043,2112.03857,59.3,60.8,0
Object Detection | COCO minival,Object Detection,COCO minival,box AP,False,2211.02043,2106.13797,59.3,50.1,1
Object Detection | COCO minival,Object Detection,COCO minival,box AP,False,2009.13592,1808.01244,40.7,38.4,1
Object Detection | COCO minival,Object Detection,COCO minival,box AP,False,2301.05586,2007.02355,57.2,46.1,1
Object Detection | COCO minival,Object Detection,COCO minival,box AP,False,2107.00420,1903.00621,59.6,41.6,1
Action Classification | Kinetics-400,Action Classification,Kinetics-400,Acc@1,False,2310.01324,1904.11451,87.2,77.6,1
Action Classification | Kinetics-400,Action Classification,Kinetics-400,Acc@1,False,2109.08472,1812.08249,83.8,76.5,1
Action Classification | Kinetics-400,Action Classification,Kinetics-400,Acc@1,False,2111.09883,2303.09857,86.8,87.7,0
Action Classification | Kinetics-400,Action Classification,Kinetics-400,Acc@1,False,2111.09883,2102.05095,86.8,80.7,1
Action Classification | Kinetics-400,Action Classification,Kinetics-400,Acc@1,False,1912.00869,1906.05571,73.5,81.2,0
Action Classification | Kinetics-400,Action Classification,Kinetics-400,Acc@1,False,1705.07750,1810.11579,71.1,74.6,0
Action Classification | Kinetics-400,Action Classification,Kinetics-400,Acc@1,False,1912.00869,1908.00497,73.5,75.98,0
Action Classification | Kinetics-400,Action Classification,Kinetics-400,Acc@1,False,2207.11660,2102.05095,85.3,80.7,1
Action Classification | Kinetics-400,Action Classification,Kinetics-400,Acc@1,False,2111.09883,2310.01324,86.8,87.2,0
Action Classification | Kinetics-400,Action Classification,Kinetics-400,Acc@1,False,2207.11660,2303.09857,85.3,87.7,0
Action Classification | Kinetics-400,Action Classification,Kinetics-400,Acc@1,False,1705.07750,1812.08249,71.1,76.5,0
Action Classification | Kinetics-400,Action Classification,Kinetics-400,Acc@1,False,2503.14237,2404.03924,90.0,83.4,1
Action Classification | Kinetics-400,Action Classification,Kinetics-400,Acc@1,False,1906.05571,2012.06977,81.2,79.1,1
Action Classification | Kinetics-400,Action Classification,Kinetics-400,Acc@1,False,2404.03924,1711.09125,83.4,72.4,1
Action Classification | Kinetics-400,Action Classification,Kinetics-400,Acc@1,False,2109.08472,1906.05571,83.8,81.2,1
Action Classification | Kinetics-400,Action Classification,Kinetics-400,Acc@1,False,2207.01297,2212.03191,87.8,91.1,0
Action Classification | Kinetics-400,Action Classification,Kinetics-400,Acc@1,False,2203.10233,1810.11579,82.75,74.6,1
Action Classification | Kinetics-400,Action Classification,Kinetics-400,Acc@1,False,1608.00859,2206.06931,73.9,83.1,0
Action Classification | Kinetics-400,Action Classification,Kinetics-400,Acc@1,False,1812.08249,2212.03191,76.5,91.1,0
Action Classification | Kinetics-400,Action Classification,Kinetics-400,Acc@1,False,2403.06977,1708.03805,85.0,73.0,1
Action Classification | Kinetics-400,Action Classification,Kinetics-400,Acc@1,False,1811.10636,2212.03191,77.4,91.1,0
Action Classification | Kinetics-400,Action Classification,Kinetics-400,Acc@1,False,2109.08472,2207.11660,83.8,85.3,0
Action Classification | Kinetics-400,Action Classification,Kinetics-400,Acc@1,False,2306.00989,2206.06931,87.8,83.1,1
Action Classification | Kinetics-400,Action Classification,Kinetics-400,Acc@1,False,2102.05095,2207.01297,80.7,87.8,0
Action Classification | Kinetics-400,Action Classification,Kinetics-400,Acc@1,False,2503.14237,1711.09125,90.0,72.4,1
Action Classification | Kinetics-400,Action Classification,Kinetics-400,Acc@1,False,2403.06977,1812.08249,85.0,76.5,1
Action Classification | Kinetics-400,Action Classification,Kinetics-400,Acc@1,False,2111.09883,2106.01603,86.8,79.8,1
Action Classification | Kinetics-400,Action Classification,Kinetics-400,Acc@1,False,1705.07750,2206.06931,71.1,83.1,0
Action Classification | Kinetics-400,Action Classification,Kinetics-400,Acc@1,False,2304.10465,2212.03191,88.7,91.1,0
Action Classification | Kinetics-400,Action Classification,Kinetics-400,Acc@1,False,1608.00859,1708.03805,73.9,73.0,1
Action Classification | Kinetics-400,Action Classification,Kinetics-400,Acc@1,False,2503.14237,1906.05571,90.0,81.2,1
Action Classification | Kinetics-400,Action Classification,Kinetics-400,Acc@1,False,2304.10465,2103.15584,88.7,77.3,1
Action Classification | Kinetics-400,Action Classification,Kinetics-400,Acc@1,False,2304.10465,2112.09133,88.7,87.0,1
Action Classification | Kinetics-400,Action Classification,Kinetics-400,Acc@1,False,2207.11660,2112.09133,85.3,87.0,0
Action Classification | Kinetics-400,Action Classification,Kinetics-400,Acc@1,False,2404.03924,2206.06931,83.4,83.1,1
Action Classification | Kinetics-400,Action Classification,Kinetics-400,Acc@1,False,2304.10465,1608.00859,88.7,73.9,1
Action Classification | Kinetics-400,Action Classification,Kinetics-400,Acc@1,False,1908.00497,1904.02811,75.98,82.6,0
Action Classification | Kinetics-400,Action Classification,Kinetics-400,Acc@1,False,2403.06977,1904.11451,85.0,77.6,1
Action Classification | Kinetics-400,Action Classification,Kinetics-400,Acc@1,False,1904.02811,2112.09133,82.6,87.0,0
Action Classification | Kinetics-400,Action Classification,Kinetics-400,Acc@1,False,2303.16058,2112.09133,90.6,87.0,1
Action Classification | Kinetics-400,Action Classification,Kinetics-400,Acc@1,False,2403.06977,1908.00497,85.0,75.98,1
Action Classification | Kinetics-400,Action Classification,Kinetics-400,Acc@1,False,1905.12681,1711.09125,78.9,72.4,1
Action Classification | Kinetics-400,Action Classification,Kinetics-400,Acc@1,False,2304.10465,2207.11660,88.7,85.3,1
Action Classification | Kinetics-400,Action Classification,Kinetics-400,Acc@1,False,2303.09857,2212.03229,87.7,90.9,0
Action Classification | Kinetics-400,Action Classification,Kinetics-400,Acc@1,False,1811.10636,1708.03805,77.4,73.0,1
Action Classification | Kinetics-400,Action Classification,Kinetics-400,Acc@1,False,2302.00402,2306.00989,87.1,87.8,0
Action Classification | Kinetics-400,Action Classification,Kinetics-400,Acc@1,False,2106.01603,2206.06931,79.8,83.1,0
Action Classification | Kinetics-400,Action Classification,Kinetics-400,Acc@1,False,2104.11178,2012.06977,82.1,79.1,1
Action Classification | Kinetics-400,Action Classification,Kinetics-400,Acc@1,False,2403.06977,2302.00402,85.0,87.1,0
Action Classification | Kinetics-400,Action Classification,Kinetics-400,Acc@1,False,2310.01324,1708.03805,87.2,73.0,1
Action Classification | Kinetics-400,Action Classification,Kinetics-400,Acc@1,False,2104.11178,2102.05095,82.1,80.7,1
Action Classification | Kinetics-400,Action Classification,Kinetics-400,Acc@1,False,2310.01324,2301.00182,87.2,88.7,0
Action Classification | Kinetics-400,Action Classification,Kinetics-400,Acc@1,False,2301.00182,2212.03229,88.7,90.9,0
Action Classification | Kinetics-400,Action Classification,Kinetics-400,Acc@1,False,2109.08472,1810.11579,83.8,74.6,1
Action Classification | Kinetics-400,Action Classification,Kinetics-400,Acc@1,False,2304.10465,1912.00869,88.7,73.5,1
Action Classification | Kinetics-400,Action Classification,Kinetics-400,Acc@1,False,2304.10465,2109.01696,88.7,80.4,1
Action Classification | Kinetics-400,Action Classification,Kinetics-400,Acc@1,False,1912.00869,2303.09857,73.5,87.7,0
Action Classification | Kinetics-400,Action Classification,Kinetics-400,Acc@1,False,2203.10233,2112.09133,82.75,87.0,0
Action Classification | Kinetics-400,Action Classification,Kinetics-400,Acc@1,False,2404.03924,2306.00989,83.4,87.8,0
Action Classification | Kinetics-400,Action Classification,Kinetics-400,Acc@1,False,2503.14237,1904.02811,90.0,82.6,1
Action Classification | Kinetics-400,Action Classification,Kinetics-400,Acc@1,False,2303.16058,1906.05571,90.6,81.2,1
Action Classification | Kinetics-400,Action Classification,Kinetics-400,Acc@1,False,2211.07636,1711.09125,89.7,72.4,1
Action Classification | Kinetics-400,Action Classification,Kinetics-400,Acc@1,False,1906.05571,2106.01603,81.2,79.8,1
Action Classification | Kinetics-400,Action Classification,Kinetics-400,Acc@1,False,2207.11660,1906.05571,85.3,81.2,1
Action Classification | Kinetics-400,Action Classification,Kinetics-400,Acc@1,False,2404.03924,1811.10636,83.4,77.4,1
Action Classification | Kinetics-400,Action Classification,Kinetics-400,Acc@1,False,1608.00859,2301.00182,73.9,88.7,0
Action Classification | Kinetics-400,Action Classification,Kinetics-400,Acc@1,False,1705.07750,2303.09857,71.1,87.7,0
Action Classification | Kinetics-400,Action Classification,Kinetics-400,Acc@1,False,1912.00869,2207.01297,73.5,87.8,0
Action Classification | Kinetics-400,Action Classification,Kinetics-400,Acc@1,False,2103.15584,1810.11579,77.3,74.6,1
Action Classification | Kinetics-400,Action Classification,Kinetics-400,Acc@1,False,1705.07750,1904.11451,71.1,77.6,0
Action Classification | Kinetics-400,Action Classification,Kinetics-400,Acc@1,False,2404.03924,1908.02486,83.4,73.7,1
Action Classification | Kinetics-400,Action Classification,Kinetics-400,Acc@1,False,1811.10636,1908.00497,77.4,75.98,1
Action Classification | Kinetics-400,Action Classification,Kinetics-400,Acc@1,False,1708.03805,2303.09857,73.0,87.7,0
Action Classification | Kinetics-400,Action Classification,Kinetics-400,Acc@1,False,1705.07750,2212.03191,71.1,91.1,0
Action Classification | Kinetics-400,Action Classification,Kinetics-400,Acc@1,False,1912.00869,2211.07636,73.5,89.7,0
Action Classification | Kinetics-400,Action Classification,Kinetics-400,Acc@1,False,1908.02486,1711.09125,73.7,72.4,1
Action Classification | Kinetics-400,Action Classification,Kinetics-400,Acc@1,False,2211.07636,2212.03229,89.7,90.9,0
Action Classification | Kinetics-400,Action Classification,Kinetics-400,Acc@1,False,2304.10465,2212.03229,88.7,90.9,0
Action Classification | Kinetics-400,Action Classification,Kinetics-400,Acc@1,False,1608.00859,1711.09125,73.9,72.4,1
Action Classification | Kinetics-400,Action Classification,Kinetics-400,Acc@1,False,1906.05571,2112.09133,81.2,87.0,0
Action Classification | Kinetics-400,Action Classification,Kinetics-400,Acc@1,False,2106.01603,2212.03229,79.8,90.9,0
Action Classification | Kinetics-400,Action Classification,Kinetics-400,Acc@1,False,2103.15584,2102.05095,77.3,80.7,0
Action Classification | Kinetics-400,Action Classification,Kinetics-400,Acc@1,False,1705.07750,2207.01297,71.1,87.8,0
Action Classification | Kinetics-400,Action Classification,Kinetics-400,Acc@1,False,2404.03924,1906.05571,83.4,81.2,1
Action Classification | Kinetics-400,Action Classification,Kinetics-400,Acc@1,False,2310.01324,2012.06977,87.2,79.1,1
Action Classification | Kinetics-400,Action Classification,Kinetics-400,Acc@1,False,1906.05571,2207.01297,81.2,87.8,0
Action Classification | Kinetics-400,Action Classification,Kinetics-400,Acc@1,False,1908.02486,1905.12681,73.7,78.9,0
Action Classification | Kinetics-400,Action Classification,Kinetics-400,Acc@1,False,2104.11178,2211.07636,82.1,89.7,0
Action Classification | Kinetics-400,Action Classification,Kinetics-400,Acc@1,False,1906.05571,2212.03229,81.2,90.9,0
Action Classification | Kinetics-400,Action Classification,Kinetics-400,Acc@1,False,1904.02811,2102.05095,82.6,80.7,1
Action Classification | Kinetics-400,Action Classification,Kinetics-400,Acc@1,False,2109.08472,1905.12681,83.8,78.9,1
Action Classification | Kinetics-400,Action Classification,Kinetics-400,Acc@1,False,2302.00402,1811.10636,87.1,77.4,1
Action Classification | Kinetics-400,Action Classification,Kinetics-400,Acc@1,False,1912.00869,2403.06977,73.5,85.0,0
Action Classification | Kinetics-400,Action Classification,Kinetics-400,Acc@1,False,2303.16058,2303.09857,90.6,87.7,1
Action Classification | Kinetics-400,Action Classification,Kinetics-400,Acc@1,False,1905.12681,2212.03191,78.9,91.1,0
Action Classification | Kinetics-400,Action Classification,Kinetics-400,Acc@1,False,1912.00869,2012.06977,73.5,79.1,0
Action Classification | Kinetics-400,Action Classification,Kinetics-400,Acc@1,False,1912.00869,1811.10636,73.5,77.4,0
Action Classification | Kinetics-400,Action Classification,Kinetics-400,Acc@1,False,2111.09883,1810.11579,86.8,74.6,1
Action Classification | Kinetics-400,Action Classification,Kinetics-400,Acc@1,False,2212.03229,1711.09125,90.9,72.4,1
Action Classification | Kinetics-400,Action Classification,Kinetics-400,Acc@1,False,2303.16058,2106.01603,90.6,79.8,1
Action Classification | Kinetics-400,Action Classification,Kinetics-400,Acc@1,False,2203.10233,1708.03805,82.75,73.0,1
Action Classification | Kinetics-400,Action Classification,Kinetics-400,Acc@1,False,2112.09133,2207.01297,87.0,87.8,0
Action Classification | Kinetics-400,Action Classification,Kinetics-400,Acc@1,False,1908.00497,2112.09133,75.98,87.0,0
Action Classification | Kinetics-400,Action Classification,Kinetics-400,Acc@1,False,2111.09883,2302.00402,86.8,87.1,0
Action Classification | Kinetics-400,Action Classification,Kinetics-400,Acc@1,False,1708.03805,1905.12681,73.0,78.9,0
Action Classification | Kinetics-400,Action Classification,Kinetics-400,Acc@1,False,2303.09857,2212.03191,87.7,91.1,0
Action Classification | Kinetics-400,Action Classification,Kinetics-400,Acc@1,False,1608.00859,2503.14237,73.9,90.0,0
Action Classification | Kinetics-400,Action Classification,Kinetics-400,Acc@1,False,2303.16058,2306.00989,90.6,87.8,1
Action Classification | Kinetics-400,Action Classification,Kinetics-400,Acc@1,False,2104.11178,2404.03924,82.1,83.4,0
Action Classification | Kinetics-400,Action Classification,Kinetics-400,Acc@1,False,2310.01324,2303.09857,87.2,87.7,0
Action Classification | Kinetics-400,Action Classification,Kinetics-400,Acc@1,False,1908.00497,2012.06977,75.98,79.1,0
Action Classification | Kinetics-400,Action Classification,Kinetics-400,Acc@1,False,2109.08472,2303.16058,83.8,90.6,0
Action Classification | Kinetics-400,Action Classification,Kinetics-400,Acc@1,False,2403.06977,2102.05095,85.0,80.7,1
Action Classification | Kinetics-400,Action Classification,Kinetics-400,Acc@1,False,2104.11178,1711.09125,82.1,72.4,1
Action Classification | Kinetics-400,Action Classification,Kinetics-400,Acc@1,False,2012.06977,2206.06931,79.1,83.1,0
Action Classification | Kinetics-400,Action Classification,Kinetics-400,Acc@1,False,1708.03805,2012.06977,73.0,79.1,0
Action Classification | Kinetics-400,Action Classification,Kinetics-400,Acc@1,False,2503.14237,1708.03805,90.0,73.0,1
Action Classification | Kinetics-400,Action Classification,Kinetics-400,Acc@1,False,2503.14237,1904.11451,90.0,77.6,1
Action Classification | Kinetics-400,Action Classification,Kinetics-400,Acc@1,False,2102.05095,2306.00989,80.7,87.8,0
Action Classification | Kinetics-400,Action Classification,Kinetics-400,Acc@1,False,1608.00859,2303.09857,73.9,87.7,0
Action Classification | Kinetics-400,Action Classification,Kinetics-400,Acc@1,False,2310.01324,2211.07636,87.2,89.7,0
Action Classification | Kinetics-400,Action Classification,Kinetics-400,Acc@1,False,2106.01603,1711.09125,79.8,72.4,1
Action Classification | Kinetics-400,Action Classification,Kinetics-400,Acc@1,False,2203.10233,1904.11451,82.75,77.6,1
Action Classification | Kinetics-400,Action Classification,Kinetics-400,Acc@1,False,2111.09883,1906.05571,86.8,81.2,1
Action Classification | Kinetics-400,Action Classification,Kinetics-400,Acc@1,False,2111.09883,1708.03805,86.8,73.0,1
Action Classification | Kinetics-400,Action Classification,Kinetics-400,Acc@1,False,2303.16058,2212.03191,90.6,91.1,0
Action Classification | Kinetics-400,Action Classification,Kinetics-400,Acc@1,False,1810.11579,2207.01297,74.6,87.8,0
Action Classification | Kinetics-400,Action Classification,Kinetics-400,Acc@1,False,2304.10465,2403.06977,88.7,85.0,1
Action Classification | Kinetics-400,Action Classification,Kinetics-400,Acc@1,False,1705.07750,2310.01324,71.1,87.2,0
Action Classification | Kinetics-400,Action Classification,Kinetics-400,Acc@1,False,2306.00989,2112.09133,87.8,87.0,1
Action Classification | Kinetics-400,Action Classification,Kinetics-400,Acc@1,False,2104.11178,1908.00497,82.1,75.98,1
Action Classification | Kinetics-400,Action Classification,Kinetics-400,Acc@1,False,2302.00402,2303.09857,87.1,87.7,0
Action Classification | Kinetics-400,Action Classification,Kinetics-400,Acc@1,False,2111.09883,2212.03191,86.8,91.1,0
Action Classification | Kinetics-400,Action Classification,Kinetics-400,Acc@1,False,1904.11451,2106.01603,77.6,79.8,0
Action Classification | Kinetics-400,Action Classification,Kinetics-400,Acc@1,False,1912.00869,2103.15584,73.5,77.3,0
Action Classification | Kinetics-400,Action Classification,Kinetics-400,Acc@1,False,2104.11178,2206.06931,82.1,83.1,0
Action Classification | Kinetics-400,Action Classification,Kinetics-400,Acc@1,False,1811.10636,1908.02486,77.4,73.7,1
Action Classification | Kinetics-400,Action Classification,Kinetics-400,Acc@1,False,2109.08472,2207.01297,83.8,87.8,0
Action Classification | Kinetics-400,Action Classification,Kinetics-400,Acc@1,False,2503.14237,2207.11660,90.0,85.3,1
Action Classification | Kinetics-400,Action Classification,Kinetics-400,Acc@1,False,2303.09857,1905.12681,87.7,78.9,1
Action Classification | Kinetics-400,Action Classification,Kinetics-400,Acc@1,False,2112.09133,2212.03191,87.0,91.1,0
Action Classification | Kinetics-400,Action Classification,Kinetics-400,Acc@1,False,1705.07750,2111.09883,71.1,86.8,0
Action Classification | Kinetics-400,Action Classification,Kinetics-400,Acc@1,False,2404.03924,2109.01696,83.4,80.4,1
Action Classification | Kinetics-400,Action Classification,Kinetics-400,Acc@1,False,2212.03191,1711.09125,91.1,72.4,1
Action Classification | Kinetics-400,Action Classification,Kinetics-400,Acc@1,False,2404.03924,2212.03191,83.4,91.1,0
Action Classification | Kinetics-400,Action Classification,Kinetics-400,Acc@1,False,2303.09857,2207.01297,87.7,87.8,0
Action Classification | Kinetics-400,Action Classification,Kinetics-400,Acc@1,False,2104.11178,2203.10233,82.1,82.75,0
Action Classification | Kinetics-400,Action Classification,Kinetics-400,Acc@1,False,1708.03805,2211.07636,73.0,89.7,0
Action Classification | Kinetics-400,Action Classification,Kinetics-400,Acc@1,False,2104.11178,1906.05571,82.1,81.2,1
Action Classification | Kinetics-400,Action Classification,Kinetics-400,Acc@1,False,1904.02811,1810.11579,82.6,74.6,1
Action Classification | Kinetics-400,Action Classification,Kinetics-400,Acc@1,False,2109.08472,2301.00182,83.8,88.7,0
Action Classification | Kinetics-400,Action Classification,Kinetics-400,Acc@1,False,2301.00182,1812.08249,88.7,76.5,1
Action Classification | Kinetics-400,Action Classification,Kinetics-400,Acc@1,False,1904.11451,2212.03191,77.6,91.1,0
Action Classification | Kinetics-400,Action Classification,Kinetics-400,Acc@1,False,1908.00497,2212.03191,75.98,91.1,0
Action Classification | Kinetics-400,Action Classification,Kinetics-400,Acc@1,False,2109.08472,1904.02811,83.8,82.6,1
Action Classification | Kinetics-400,Action Classification,Kinetics-400,Acc@1,False,2303.16058,1711.09125,90.6,72.4,1
Action Classification | Kinetics-400,Action Classification,Kinetics-400,Acc@1,False,2301.00182,2109.01696,88.7,80.4,1
Action Classification | Kinetics-400,Action Classification,Kinetics-400,Acc@1,False,2109.01696,1708.03805,80.4,73.0,1
Action Classification | Kinetics-400,Action Classification,Kinetics-400,Acc@1,False,2109.08472,2302.00402,83.8,87.1,0
Action Classification | Kinetics-400,Action Classification,Kinetics-400,Acc@1,False,1906.05571,2109.01696,81.2,80.4,1
Action Classification | Kinetics-400,Action Classification,Kinetics-400,Acc@1,False,2111.09883,1811.10636,86.8,77.4,1
Action Classification | Kinetics-400,Action Classification,Kinetics-400,Acc@1,False,2103.15584,1905.12681,77.3,78.9,0
Action Classification | Kinetics-400,Action Classification,Kinetics-400,Acc@1,False,2102.05095,2211.07636,80.7,89.7,0
Action Classification | Kinetics-400,Action Classification,Kinetics-400,Acc@1,False,2403.06977,2301.00182,85.0,88.7,0
Action Classification | Kinetics-400,Action Classification,Kinetics-400,Acc@1,False,1912.00869,2503.14237,73.5,90.0,0
Action Classification | Kinetics-400,Action Classification,Kinetics-400,Acc@1,False,2207.11660,1905.12681,85.3,78.9,1
Action Classification | Kinetics-400,Action Classification,Kinetics-400,Acc@1,False,1908.00497,2303.16058,75.98,90.6,0
Action Classification | Kinetics-400,Action Classification,Kinetics-400,Acc@1,False,1812.08249,1711.09125,76.5,72.4,1
Action Classification | Kinetics-400,Action Classification,Kinetics-400,Acc@1,False,1705.07750,2112.09133,71.1,87.0,0
Action Classification | Kinetics-400,Action Classification,Kinetics-400,Acc@1,False,2104.11178,1708.03805,82.1,73.0,1
Action Classification | Kinetics-400,Action Classification,Kinetics-400,Acc@1,False,1811.10636,2303.16058,77.4,90.6,0
Action Classification | Kinetics-400,Action Classification,Kinetics-400,Acc@1,False,2304.10465,2111.09883,88.7,86.8,1
Action Classification | Kinetics-400,Action Classification,Kinetics-400,Acc@1,False,2303.16058,2012.06977,90.6,79.1,1
Action Classification | Kinetics-400,Action Classification,Kinetics-400,Acc@1,False,2304.10465,2206.06931,88.7,83.1,1
Action Classification | Kinetics-400,Action Classification,Kinetics-400,Acc@1,False,2012.06977,2212.03191,79.1,91.1,0
Action Classification | Kinetics-400,Action Classification,Kinetics-400,Acc@1,False,2306.00989,2203.10233,87.8,82.75,1
Action Classification | Kinetics-400,Action Classification,Kinetics-400,Acc@1,False,2404.03924,2303.09857,83.4,87.7,0
Action Classification | Kinetics-400,Action Classification,Kinetics-400,Acc@1,False,2404.03924,2112.09133,83.4,87.0,0
Action Classification | Kinetics-400,Action Classification,Kinetics-400,Acc@1,False,2403.06977,1711.09125,85.0,72.4,1
Action Classification | Kinetics-400,Action Classification,Kinetics-400,Acc@1,False,1705.07750,2102.05095,71.1,80.7,0
Action Classification | Kinetics-400,Action Classification,Kinetics-400,Acc@1,False,1608.00859,2203.10233,73.9,82.75,0
Action Classification | Kinetics-400,Action Classification,Kinetics-400,Acc@1,False,1908.02486,2106.01603,73.7,79.8,0
Action Classification | Kinetics-400,Action Classification,Kinetics-400,Acc@1,False,2310.01324,2207.01297,87.2,87.8,0
Action Classification | Kinetics-400,Action Classification,Kinetics-400,Acc@1,False,1908.02486,2206.06931,73.7,83.1,0
Action Classification | Kinetics-400,Action Classification,Kinetics-400,Acc@1,False,1908.00497,2103.15584,75.98,77.3,0
Action Classification | Kinetics-400,Action Classification,Kinetics-400,Acc@1,False,2104.11178,1904.02811,82.1,82.6,0
Action Classification | Kinetics-400,Action Classification,Kinetics-400,Acc@1,False,1904.02811,2301.00182,82.6,88.7,0
Action Classification | Kinetics-400,Action Classification,Kinetics-400,Acc@1,False,2103.15584,1711.09125,77.3,72.4,1
Action Classification | Kinetics-400,Action Classification,Kinetics-400,Acc@1,False,2103.15584,2012.06977,77.3,79.1,0
Action Classification | Kinetics-400,Action Classification,Kinetics-400,Acc@1,False,1811.10636,2303.09857,77.4,87.7,0
Action Classification | Kinetics-400,Action Classification,Kinetics-400,Acc@1,False,2301.00182,2012.06977,88.7,79.1,1
Action Classification | Kinetics-400,Action Classification,Kinetics-400,Acc@1,False,1904.02811,2212.03229,82.6,90.9,0
Action Classification | Kinetics-400,Action Classification,Kinetics-400,Acc@1,False,2503.14237,2211.07636,90.0,89.7,1
Action Classification | Kinetics-400,Action Classification,Kinetics-400,Acc@1,False,1810.11579,2206.06931,74.6,83.1,0
Action Classification | Kinetics-400,Action Classification,Kinetics-400,Acc@1,False,1912.00869,2206.06931,73.5,83.1,0
Action Classification | Kinetics-400,Action Classification,Kinetics-400,Acc@1,False,1812.08249,2207.01297,76.5,87.8,0
Action Classification | Kinetics-400,Action Classification,Kinetics-400,Acc@1,False,2310.01324,1908.00497,87.2,75.98,1
Action Classification | Kinetics-400,Action Classification,Kinetics-400,Acc@1,False,1908.02486,2203.10233,73.7,82.75,0
Action Classification | Kinetics-400,Action Classification,Kinetics-400,Acc@1,False,1811.10636,1812.08249,77.4,76.5,1
Action Classification | Kinetics-400,Action Classification,Kinetics-400,Acc@1,False,1705.07750,1905.12681,71.1,78.9,0
Person Re-Identification | Market-1501,Person Re-Identification,Market-1501,Rank-1,False,2101.08533,2007.07875,96.9,96.0,1
Person Re-Identification | Market-1501,Person Re-Identification,Market-1501,Rank-1,False,1811.12150,1910.10111,94.7,95.2,0
Person Re-Identification | Market-1501,Person Re-Identification,Market-1501,Rank-1,False,2311.10605,1910.10111,96.2,95.2,1
Person Re-Identification | Market-1501,Person Re-Identification,Market-1501,Rank-1,False,1709.04329,1812.03282,89.9,98.0,0
Person Re-Identification | Market-1501,Person Re-Identification,Market-1501,Rank-1,False,2204.13096,1804.00216,95.43,93.6,1
Person Re-Identification | Market-1501,Person Re-Identification,Market-1501,Rank-1,False,1804.00216,2211.13977,93.6,95.4,0
Person Re-Identification | Market-1501,Person Re-Identification,Market-1501,Rank-1,False,1905.00953,1703.07737,94.8,86.67,1
Person Re-Identification | Market-1501,Person Re-Identification,Market-1501,Rank-1,False,2007.07875,2204.13096,96.0,95.43,1
Person Re-Identification | Market-1501,Person Re-Identification,Market-1501,Rank-1,False,2108.01901,2108.08728,96.1,95.5,1
Person Re-Identification | Market-1501,Person Re-Identification,Market-1501,Rank-1,False,1904.11397,1703.08359,95.4,82.21,1
Person Re-Identification | Market-1501,Person Re-Identification,Market-1501,Rank-1,False,1910.12003,2303.17602,95.2,96.9,0
Person Re-Identification | Market-1501,Person Re-Identification,Market-1501,Rank-1,False,1812.03282,1904.11397,98.0,95.4,1
Person Re-Identification | Market-1501,Person Re-Identification,Market-1501,Rank-1,False,2204.13096,2308.10717,95.43,96.4,0
Person Re-Identification | Market-1501,Person Re-Identification,Market-1501,Rank-1,False,1611.05666,1603.00370,79.51,45.16,1
Person Re-Identification | Market-1501,Person Re-Identification,Market-1501,Rank-1,False,2112.04662,2204.13096,95.4,95.43,0
Person Re-Identification | Market-1501,Person Re-Identification,Market-1501,Rank-1,False,1703.05693,1701.08398,82.3,77.11,1
Person Re-Identification | Market-1501,Person Re-Identification,Market-1501,Rank-1,False,1910.12003,1705.04724,95.2,85.1,1
Person Re-Identification | Market-1501,Person Re-Identification,Market-1501,Rank-1,False,2503.00938,1903.06325,97.3,67.7,1
Person Re-Identification | Market-1501,Person Re-Identification,Market-1501,Rank-1,False,2009.05250,1703.05693,95.96,82.3,1
Person Re-Identification | Market-1501,Person Re-Identification,Market-1501,Rank-1,False,1912.01300,1901.00392,96.79,86.54,1
Person Re-Identification | Market-1501,Person Re-Identification,Market-1501,Rank-1,False,1904.00244,2009.05250,93.1,95.96,0
Person Re-Identification | Market-1501,Person Re-Identification,Market-1501,Rank-1,False,1910.10111,1611.05666,95.2,79.51,1
Person Re-Identification | Market-1501,Person Re-Identification,Market-1501,Rank-1,False,2108.01901,2308.10717,96.1,96.4,0
Person Re-Identification | Market-1501,Person Re-Identification,Market-1501,Rank-1,False,2108.05045,1904.11397,97.36,95.4,1
Person Re-Identification | Market-1501,Person Re-Identification,Market-1501,Rank-1,False,1904.00244,1705.04724,93.1,85.1,1
Person Re-Identification | Market-1501,Person Re-Identification,Market-1501,Rank-1,False,1904.00244,2211.13977,93.1,95.4,0
Person Re-Identification | Market-1501,Person Re-Identification,Market-1501,Rank-1,False,1804.01438,2308.10717,95.7,96.4,0
Person Re-Identification | Market-1501,Person Re-Identification,Market-1501,Rank-1,False,1912.01300,1904.11397,96.79,95.4,1
Person Re-Identification | Market-1501,Person Re-Identification,Market-1501,Rank-1,False,1611.05666,2009.05250,79.51,95.96,0
Person Re-Identification | Market-1501,Person Re-Identification,Market-1501,Rank-1,False,1904.00244,1703.08359,93.1,82.21,1
Person Re-Identification | Market-1501,Person Re-Identification,Market-1501,Rank-1,False,2101.08533,1705.04724,96.9,85.1,1
Person Re-Identification | Market-1501,Person Re-Identification,Market-1501,Rank-1,False,1904.11397,2303.17602,95.4,96.9,0
Person Re-Identification | Market-1501,Person Re-Identification,Market-1501,Rank-1,False,1710.06555,1709.08325,80.31,84.14,0
Person Re-Identification | Market-1501,Person Re-Identification,Market-1501,Rank-1,False,2311.10605,1703.05693,96.2,82.3,1
Person Re-Identification | Market-1501,Person Re-Identification,Market-1501,Rank-1,False,1811.12150,1711.10295,94.7,89.49,1
Person Re-Identification | Market-1501,Person Re-Identification,Market-1501,Rank-1,False,2101.08533,2009.05250,96.9,95.96,1
Person Re-Identification | Market-1501,Person Re-Identification,Market-1501,Rank-1,False,1811.12150,1710.06555,94.7,80.31,1
Person Re-Identification | Market-1501,Person Re-Identification,Market-1501,Rank-1,False,2204.13096,2211.13977,95.43,95.4,1
Person Re-Identification | Market-1501,Person Re-Identification,Market-1501,Rank-1,False,2007.07875,1701.08398,96.0,77.11,1
Person Re-Identification | Market-1501,Person Re-Identification,Market-1501,Rank-1,False,1910.10111,1701.08398,95.2,77.11,1
Person Re-Identification | Market-1501,Person Re-Identification,Market-1501,Rank-1,False,1910.10111,1705.04724,95.2,85.1,1
Person Re-Identification | Market-1501,Person Re-Identification,Market-1501,Rank-1,False,2108.05045,1711.10295,97.36,89.49,1
Person Re-Identification | Market-1501,Person Re-Identification,Market-1501,Rank-1,False,2303.17602,2211.13977,96.9,95.4,1
Person Re-Identification | Market-1501,Person Re-Identification,Market-1501,Rank-1,False,2204.13096,1703.05693,95.43,82.3,1
Person Re-Identification | Market-1501,Person Re-Identification,Market-1501,Rank-1,False,1903.06325,1710.06555,67.7,80.31,0
Person Re-Identification | Market-1501,Person Re-Identification,Market-1501,Rank-1,False,2108.01901,1904.11397,96.1,95.4,1
Person Re-Identification | Market-1501,Person Re-Identification,Market-1501,Rank-1,False,1703.07737,1709.08325,86.67,84.14,1
Person Re-Identification | Market-1501,Person Re-Identification,Market-1501,Rank-1,False,2503.00938,1812.03282,97.3,98.0,0
Person Re-Identification | Market-1501,Person Re-Identification,Market-1501,Rank-1,False,2009.05250,1812.03282,95.96,98.0,0
Person Re-Identification | Market-1501,Person Re-Identification,Market-1501,Rank-1,False,2108.01901,2112.04662,96.1,95.4,1
Person Re-Identification | Market-1501,Person Re-Identification,Market-1501,Rank-1,False,1912.01300,1709.04329,96.79,89.9,1
Person Re-Identification | Market-1501,Person Re-Identification,Market-1501,Rank-1,False,1812.03282,1901.00392,98.0,86.54,1
Person Re-Identification | Market-1501,Person Re-Identification,Market-1501,Rank-1,False,2104.06770,1711.10295,95.2,89.49,1
Person Re-Identification | Market-1501,Person Re-Identification,Market-1501,Rank-1,False,1711.10295,2108.08728,89.49,95.5,0
Person Re-Identification | Market-1501,Person Re-Identification,Market-1501,Rank-1,False,1910.10111,2203.16533,95.2,96.6,0
Person Re-Identification | Market-1501,Person Re-Identification,Market-1501,Rank-1,False,2311.10605,2303.17602,96.2,96.9,0
Person Re-Identification | Market-1501,Person Re-Identification,Market-1501,Rank-1,False,1904.00244,2308.10717,93.1,96.4,0
Person Re-Identification | Market-1501,Person Re-Identification,Market-1501,Rank-1,False,1903.06325,2308.10717,67.7,96.4,0
Person Re-Identification | Market-1501,Person Re-Identification,Market-1501,Rank-1,False,2104.06770,1904.11397,95.2,95.4,0
Person Re-Identification | Market-1501,Person Re-Identification,Market-1501,Rank-1,False,2007.07875,1905.00953,96.0,94.8,1
Person Re-Identification | Market-1501,Person Re-Identification,Market-1501,Rank-1,False,1603.00370,1901.00392,45.16,86.54,0
Person Re-Identification | Market-1501,Person Re-Identification,Market-1501,Rank-1,False,1804.01438,2101.08533,95.7,96.9,0
Person Re-Identification | Market-1501,Person Re-Identification,Market-1501,Rank-1,False,1905.00953,1705.04724,94.8,85.1,1
Person Re-Identification | Market-1501,Person Re-Identification,Market-1501,Rank-1,False,1709.08325,1711.10378,84.14,90.3,0
Person Re-Identification | Market-1501,Person Re-Identification,Market-1501,Rank-1,False,1703.08359,2108.08728,82.21,95.5,0
Person Re-Identification | Market-1501,Person Re-Identification,Market-1501,Rank-1,False,1710.06555,2204.13096,80.31,95.43,0
Person Re-Identification | Market-1501,Person Re-Identification,Market-1501,Rank-1,False,1904.11397,1701.08398,95.4,77.11,1
Person Re-Identification | Market-1501,Person Re-Identification,Market-1501,Rank-1,False,2204.13096,2203.16533,95.43,96.6,0
Person Re-Identification | Market-1501,Person Re-Identification,Market-1501,Rank-1,False,2204.13096,2303.17602,95.43,96.9,0
Person Re-Identification | Market-1501,Person Re-Identification,Market-1501,Rank-1,False,2204.13096,1711.10378,95.43,90.3,1
Person Re-Identification | Market-1501,Person Re-Identification,Market-1501,Rank-1,False,2308.10717,1804.00216,96.4,93.6,1
Person Re-Identification | Market-1501,Person Re-Identification,Market-1501,Rank-1,False,1811.12150,2104.06770,94.7,95.2,0
Person Re-Identification | Market-1501,Person Re-Identification,Market-1501,Rank-1,False,2311.10605,1709.04329,96.2,89.9,1
Person Re-Identification | Market-1501,Person Re-Identification,Market-1501,Rank-1,False,1910.12003,1903.06325,95.2,67.7,1
Person Re-Identification | Market-1501,Person Re-Identification,Market-1501,Rank-1,False,1711.10295,1603.00370,89.49,45.16,1
Person Re-Identification | Market-1501,Person Re-Identification,Market-1501,Rank-1,False,1812.03282,1610.02984,98.0,72.54,1
Person Re-Identification | Market-1501,Person Re-Identification,Market-1501,Rank-1,False,1904.00244,1901.00392,93.1,86.54,1
Person Re-Identification | Market-1501,Person Re-Identification,Market-1501,Rank-1,False,2108.05045,2112.04662,97.36,95.4,1
Person Re-Identification | Market-1501,Person Re-Identification,Market-1501,Rank-1,False,1611.05666,1703.05693,79.51,82.3,0
Person Re-Identification | Market-1501,Person Re-Identification,Market-1501,Rank-1,False,2009.05250,1912.01300,95.96,96.79,0
Person Re-Identification | Market-1501,Person Re-Identification,Market-1501,Rank-1,False,2112.04662,1812.03282,95.4,98.0,0
Person Re-Identification | Market-1501,Person Re-Identification,Market-1501,Rank-1,False,1611.05666,1804.00216,79.51,93.6,0
Person Re-Identification | Market-1501,Person Re-Identification,Market-1501,Rank-1,False,1705.04724,1901.00392,85.1,86.54,0
Person Re-Identification | Market-1501,Person Re-Identification,Market-1501,Rank-1,False,1811.12150,2308.10717,94.7,96.4,0
Person Re-Identification | Market-1501,Person Re-Identification,Market-1501,Rank-1,False,1904.00244,2203.16533,93.1,96.6,0
Person Re-Identification | Market-1501,Person Re-Identification,Market-1501,Rank-1,False,1904.11397,1703.07737,95.4,86.67,1
Person Re-Identification | Market-1501,Person Re-Identification,Market-1501,Rank-1,False,2108.05045,1703.07737,97.36,86.67,1
Person Re-Identification | Market-1501,Person Re-Identification,Market-1501,Rank-1,False,2007.07875,1711.10378,96.0,90.3,1
Person Re-Identification | Market-1501,Person Re-Identification,Market-1501,Rank-1,False,2311.10605,2108.01901,96.2,96.1,1
Person Re-Identification | Market-1501,Person Re-Identification,Market-1501,Rank-1,False,2112.04662,1701.08398,95.4,77.11,1
Person Re-Identification | Market-1501,Person Re-Identification,Market-1501,Rank-1,False,2009.05250,1711.10295,95.96,89.49,1
Person Re-Identification | Market-1501,Person Re-Identification,Market-1501,Rank-1,False,1603.00370,1703.08359,45.16,82.21,0
Person Re-Identification | Market-1501,Person Re-Identification,Market-1501,Rank-1,False,2108.05045,1703.08359,97.36,82.21,1
Person Re-Identification | Market-1501,Person Re-Identification,Market-1501,Rank-1,False,1910.12003,1709.08325,95.2,84.14,1
Person Re-Identification | Market-1501,Person Re-Identification,Market-1501,Rank-1,False,2101.08533,1703.05693,96.9,82.3,1
Person Re-Identification | Market-1501,Person Re-Identification,Market-1501,Rank-1,False,2108.01901,1703.08359,96.1,82.21,1
Person Re-Identification | Market-1501,Person Re-Identification,Market-1501,Rank-1,False,1611.05666,2104.06770,79.51,95.2,0
Person Re-Identification | Market-1501,Person Re-Identification,Market-1501,Rank-1,False,1804.01438,1812.03282,95.7,98.0,0
Person Re-Identification | Market-1501,Person Re-Identification,Market-1501,Rank-1,False,1611.05666,1812.03282,79.51,98.0,0
Person Re-Identification | Market-1501,Person Re-Identification,Market-1501,Rank-1,False,1703.08359,1804.00216,82.21,93.6,0
Person Re-Identification | Market-1501,Person Re-Identification,Market-1501,Rank-1,False,1811.12150,2007.07875,94.7,96.0,0
Person Re-Identification | Market-1501,Person Re-Identification,Market-1501,Rank-1,False,2108.01901,2108.05045,96.1,97.36,0
Person Re-Identification | Market-1501,Person Re-Identification,Market-1501,Rank-1,False,1710.06555,1703.07737,80.31,86.67,0
Person Re-Identification | Market-1501,Person Re-Identification,Market-1501,Rank-1,False,2104.06770,1901.00392,95.2,86.54,1
Person Re-Identification | Market-1501,Person Re-Identification,Market-1501,Rank-1,False,2204.13096,1610.02984,95.43,72.54,1
Person Re-Identification | Market-1501,Person Re-Identification,Market-1501,Rank-1,False,1812.03282,2204.13096,98.0,95.43,1
Person Re-Identification | Market-1501,Person Re-Identification,Market-1501,Rank-1,False,2112.04662,2009.05250,95.4,95.96,0
Person Re-Identification | Market-1501,Person Re-Identification,Market-1501,Rank-1,False,2203.16533,1709.08325,96.6,84.14,1
Person Re-Identification | Market-1501,Person Re-Identification,Market-1501,Rank-1,False,2203.16533,1804.00216,96.6,93.6,1
Person Re-Identification | Market-1501,Person Re-Identification,Market-1501,Rank-1,False,2503.00938,1709.04329,97.3,89.9,1
Person Re-Identification | Market-1501,Person Re-Identification,Market-1501,Rank-1,False,1610.02984,1701.08398,72.54,77.11,0
Person Re-Identification | Market-1501,Person Re-Identification,Market-1501,Rank-1,False,1912.01300,1903.06325,96.79,67.7,1
Person Re-Identification | Market-1501,Person Re-Identification,Market-1501,Rank-1,False,1904.11397,1709.08325,95.4,84.14,1
Person Re-Identification | Market-1501,Person Re-Identification,Market-1501,Rank-1,False,2108.01901,1910.10111,96.1,95.2,1
Person Re-Identification | Market-1501,Person Re-Identification,Market-1501,Rank-1,False,2112.04662,1710.06555,95.4,80.31,1
Person Re-Identification | Market-1501,Person Re-Identification,Market-1501,Rank-1,False,1904.11397,1705.04724,95.4,85.1,1
Person Re-Identification | Market-1501,Person Re-Identification,Market-1501,Rank-1,False,1903.06325,1709.08325,67.7,84.14,0
Person Re-Identification | Market-1501,Person Re-Identification,Market-1501,Rank-1,False,2108.08728,1703.05693,95.5,82.3,1
Person Re-Identification | Market-1501,Person Re-Identification,Market-1501,Rank-1,False,1904.00244,2007.07875,93.1,96.0,0
Person Re-Identification | Market-1501,Person Re-Identification,Market-1501,Rank-1,False,1811.12150,2203.16533,94.7,96.6,0
Person Re-Identification | Market-1501,Person Re-Identification,Market-1501,Rank-1,False,1910.10111,1912.01300,95.2,96.79,0
Person Re-Identification | Market-1501,Person Re-Identification,Market-1501,Rank-1,False,2007.07875,1901.00392,96.0,86.54,1
Person Re-Identification | Market-1501,Person Re-Identification,Market-1501,Rank-1,False,2009.05250,2108.08728,95.96,95.5,1
Person Re-Identification | Market-1501,Person Re-Identification,Market-1501,Rank-1,False,1804.01438,1709.08325,95.7,84.14,1
Person Re-Identification | Market-1501,Person Re-Identification,Market-1501,Rank-1,False,2112.04662,1901.00392,95.4,86.54,1
Person Re-Identification | Market-1501,Person Re-Identification,Market-1501,Rank-1,False,1910.12003,1711.10295,95.2,89.49,1
Person Re-Identification | Market-1501,Person Re-Identification,Market-1501,Rank-1,False,2112.04662,1603.00370,95.4,45.16,1
Person Re-Identification | Market-1501,Person Re-Identification,Market-1501,Rank-1,False,1710.06555,1711.10378,80.31,90.3,0
Person Re-Identification | Market-1501,Person Re-Identification,Market-1501,Rank-1,False,2101.08533,1910.12003,96.9,95.2,1
Person Re-Identification | Market-1501,Person Re-Identification,Market-1501,Rank-1,False,2007.07875,1812.03282,96.0,98.0,0
Person Re-Identification | Market-1501,Person Re-Identification,Market-1501,Rank-1,False,1904.00244,1910.12003,93.1,95.2,0
Person Re-Identification | Market-1501,Person Re-Identification,Market-1501,Rank-1,False,1703.08359,1709.08325,82.21,84.14,0
Person Re-Identification | Market-1501,Person Re-Identification,Market-1501,Rank-1,False,1912.01300,1703.08359,96.79,82.21,1
Person Re-Identification | Market-1501,Person Re-Identification,Market-1501,Rank-1,False,2311.10605,1711.10378,96.2,90.3,1
Person Re-Identification | Market-1501,Person Re-Identification,Market-1501,Rank-1,False,1711.10295,1703.08359,89.49,82.21,1
Person Re-Identification | Market-1501,Person Re-Identification,Market-1501,Rank-1,False,1711.10295,1812.03282,89.49,98.0,0
Person Re-Identification | Market-1501,Person Re-Identification,Market-1501,Rank-1,False,2311.10605,2308.10717,96.2,96.4,0
Person Re-Identification | Market-1501,Person Re-Identification,Market-1501,Rank-1,False,1603.00370,1904.11397,45.16,95.4,0
Person Re-Identification | Market-1501,Person Re-Identification,Market-1501,Rank-1,False,1904.00244,1711.10378,93.1,90.3,1
Person Re-Identification | Market-1501,Person Re-Identification,Market-1501,Rank-1,False,1711.10295,1701.08398,89.49,77.11,1
Person Re-Identification | Market-1501,Person Re-Identification,Market-1501,Rank-1,False,2204.13096,1709.08325,95.43,84.14,1
Person Re-Identification | Market-1501,Person Re-Identification,Market-1501,Rank-1,False,1903.06325,1701.08398,67.7,77.11,0
Person Re-Identification | Market-1501,Person Re-Identification,Market-1501,Rank-1,False,2104.06770,1912.01300,95.2,96.79,0
Person Re-Identification | Market-1501,Person Re-Identification,Market-1501,Rank-1,False,1812.03282,1804.00216,98.0,93.6,1
Person Re-Identification | Market-1501,Person Re-Identification,Market-1501,Rank-1,False,2308.10717,1709.08325,96.4,84.14,1
Person Re-Identification | Market-1501,Person Re-Identification,Market-1501,Rank-1,False,2108.05045,2303.17602,97.36,96.9,1
Person Re-Identification | Market-1501,Person Re-Identification,Market-1501,Rank-1,False,1804.01438,2503.00938,95.7,97.3,0
Person Re-Identification | Market-1501,Person Re-Identification,Market-1501,Rank-1,False,2009.05250,1804.00216,95.96,93.6,1
Person Re-Identification | Market-1501,Person Re-Identification,Market-1501,Rank-1,False,2108.01901,2203.16533,96.1,96.6,0
Person Re-Identification | Market-1501,Person Re-Identification,Market-1501,Rank-1,False,1905.00953,1703.05693,94.8,82.3,1
Person Re-Identification | Market-1501,Person Re-Identification,Market-1501,Rank-1,False,1603.00370,1709.08325,45.16,84.14,0
Person Re-Identification | Market-1501,Person Re-Identification,Market-1501,Rank-1,False,1905.00953,1901.00392,94.8,86.54,1
Person Re-Identification | Market-1501,Person Re-Identification,Market-1501,Rank-1,False,1710.06555,1705.04724,80.31,85.1,0
Person Re-Identification | Market-1501,Person Re-Identification,Market-1501,Rank-1,False,2112.04662,2101.08533,95.4,96.9,0
Person Re-Identification | Market-1501,Person Re-Identification,Market-1501,Rank-1,False,2101.08533,1903.06325,96.9,67.7,1
Person Re-Identification | Market-1501,Person Re-Identification,Market-1501,Rank-1,False,1703.08359,1703.07737,82.21,86.67,0
Person Re-Identification | Market-1501,Person Re-Identification,Market-1501,Rank-1,False,1703.07737,1901.00392,86.67,86.54,1
Person Re-Identification | Market-1501,Person Re-Identification,Market-1501,Rank-1,False,2203.16533,1703.07737,96.6,86.67,1
Person Re-Identification | Market-1501,Person Re-Identification,Market-1501,Rank-1,False,1603.00370,1905.00953,45.16,94.8,0
Person Re-Identification | Market-1501,Person Re-Identification,Market-1501,Rank-1,False,2101.08533,1812.03282,96.9,98.0,0
Person Re-Identification | Market-1501,Person Re-Identification,Market-1501,Rank-1,False,1804.01438,1804.00216,95.7,93.6,1
Person Re-Identification | Market-1501,Person Re-Identification,Market-1501,Rank-1,False,1705.04724,2203.16533,85.1,96.6,0
Person Re-Identification | Market-1501,Person Re-Identification,Market-1501,Rank-1,False,1611.05666,1711.10295,79.51,89.49,0
Person Re-Identification | Market-1501,Person Re-Identification,Market-1501,Rank-1,False,2009.05250,2007.07875,95.96,96.0,0
Person Re-Identification | Market-1501,Person Re-Identification,Market-1501,Rank-1,False,1804.00216,1701.08398,93.6,77.11,1
Person Re-Identification | Market-1501,Person Re-Identification,Market-1501,Rank-1,False,1610.02984,1703.07737,72.54,86.67,0
Person Re-Identification | Market-1501,Person Re-Identification,Market-1501,Rank-1,False,2308.10717,1703.07737,96.4,86.67,1
Person Re-Identification | Market-1501,Person Re-Identification,Market-1501,Rank-1,False,1811.12150,1812.03282,94.7,98.0,0
Person Re-Identification | Market-1501,Person Re-Identification,Market-1501,Rank-1,False,2104.06770,2211.13977,95.2,95.4,0
Person Re-Identification | Market-1501,Person Re-Identification,Market-1501,Rank-1,False,1904.00244,1903.06325,93.1,67.7,1
Person Re-Identification | Market-1501,Person Re-Identification,Market-1501,Rank-1,False,2108.01901,1812.03282,96.1,98.0,0
Person Re-Identification | Market-1501,Person Re-Identification,Market-1501,Rank-1,False,2009.05250,1904.11397,95.96,95.4,1
Person Re-Identification | Market-1501,Person Re-Identification,Market-1501,Rank-1,False,1611.05666,1709.08325,79.51,84.14,0
Person Re-Identification | Market-1501,Person Re-Identification,Market-1501,Rank-1,False,1603.00370,1804.00216,45.16,93.6,0
Person Re-Identification | Market-1501,Person Re-Identification,Market-1501,Rank-1,False,2303.17602,1703.05693,96.9,82.3,1
Person Re-Identification | Market-1501,Person Re-Identification,Market-1501,Rank-1,False,1904.11397,1610.02984,95.4,72.54,1
Person Re-Identification | Market-1501,Person Re-Identification,Market-1501,Rank-1,False,1811.12150,1709.04329,94.7,89.9,1
Person Re-Identification | Market-1501,Person Re-Identification,Market-1501,Rank-1,False,1910.10111,1603.00370,95.2,45.16,1
Person Re-Identification | Market-1501,Person Re-Identification,Market-1501,Rank-1,False,1804.01438,1904.11397,95.7,95.4,1
Person Re-Identification | Market-1501,Person Re-Identification,Market-1501,Rank-1,False,2009.05250,2303.17602,95.96,96.9,0
Person Re-Identification | Market-1501,Person Re-Identification,Market-1501,Rank-1,False,1910.10111,1903.06325,95.2,67.7,1
Person Re-Identification | Market-1501,Person Re-Identification,Market-1501,Rank-1,False,2503.00938,1705.04724,97.3,85.1,1
Person Re-Identification | Market-1501,Person Re-Identification,Market-1501,Rank-1,False,1709.04329,1610.02984,89.9,72.54,1
Person Re-Identification | Market-1501,Person Re-Identification,Market-1501,Rank-1,False,2101.08533,1603.00370,96.9,45.16,1
Person Re-Identification | Market-1501,Person Re-Identification,Market-1501,Rank-1,False,1903.06325,1812.03282,67.7,98.0,0
Person Re-Identification | Market-1501,Person Re-Identification,Market-1501,Rank-1,False,1705.04724,2108.08728,85.1,95.5,0
Person Re-Identification | Market-1501,Person Re-Identification,Market-1501,Rank-1,False,2108.05045,2101.08533,97.36,96.9,1
Person Re-Identification | Market-1501,Person Re-Identification,Market-1501,Rank-1,False,2108.08728,2211.13977,95.5,95.4,1
Person Re-Identification | Market-1501,Person Re-Identification,Market-1501,Rank-1,False,2007.07875,1910.12003,96.0,95.2,1
Person Re-Identification | Market-1501,Person Re-Identification,Market-1501,Rank-1,False,1904.11397,1711.10378,95.4,90.3,1
Person Re-Identification | Market-1501,Person Re-Identification,Market-1501,Rank-1,False,1910.10111,1703.07737,95.2,86.67,1
Person Re-Identification | Market-1501,Person Re-Identification,Market-1501,Rank-1,False,2009.05250,2204.13096,95.96,95.43,1
Person Re-Identification | Market-1501,Person Re-Identification,Market-1501,Rank-1,False,1709.04329,1705.04724,89.9,85.1,1
Person Re-Identification | Market-1501,Person Re-Identification,Market-1501,Rank-1,False,2009.05250,1901.00392,95.96,86.54,1
Person Re-Identification | Market-1501,Person Re-Identification,Market-1501,Rank-1,False,1910.10111,1703.05693,95.2,82.3,1
Person Re-Identification | Market-1501,Person Re-Identification,Market-1501,Rank-1,False,1705.04724,2303.17602,85.1,96.9,0
Person Re-Identification | Market-1501,Person Re-Identification,Market-1501,Rank-1,False,1709.04329,2203.16533,89.9,96.6,0
Person Re-Identification | Market-1501,Person Re-Identification,Market-1501,Rank-1,False,2112.04662,2108.08728,95.4,95.5,0
Person Re-Identification | Market-1501,Person Re-Identification,Market-1501,Rank-1,False,2007.07875,1710.06555,96.0,80.31,1
Person Re-Identification | Market-1501,Person Re-Identification,Market-1501,Rank-1,False,1710.06555,2108.08728,80.31,95.5,0
Few-Shot Image Classification | Mini-Imagenet 5-way (1-shot),Few-Shot Image Classification,Mini-Imagenet 5-way (1-shot),Accuracy,False,1703.05175,2008.11297,49.42,77.8,0
Few-Shot Image Classification | Mini-Imagenet 5-way (1-shot),Few-Shot Image Classification,Mini-Imagenet 5-way (1-shot),Accuracy,False,2203.09064,1712.09926,74.74,56.88,1
Few-Shot Image Classification | Mini-Imagenet 5-way (1-shot),Few-Shot Image Classification,Mini-Imagenet 5-way (1-shot),Accuracy,False,2204.03065,2105.05348,85.59,84.81,1
Few-Shot Image Classification | Mini-Imagenet 5-way (1-shot),Few-Shot Image Classification,Mini-Imagenet 5-way (1-shot),Accuracy,False,2006.09785,1703.05175,67.04,49.42,1
Few-Shot Image Classification | Mini-Imagenet 5-way (1-shot),Few-Shot Image Classification,Mini-Imagenet 5-way (1-shot),Accuracy,False,2102.03539,1806.04734,82.99,59.9,1
Few-Shot Image Classification | Mini-Imagenet 5-way (1-shot),Few-Shot Image Classification,Mini-Imagenet 5-way (1-shot),Accuracy,False,2003.04151,1703.05175,77.27,49.42,1
Few-Shot Image Classification | Mini-Imagenet 5-way (1-shot),Few-Shot Image Classification,Mini-Imagenet 5-way (1-shot),Accuracy,False,1911.06045,2501.14593,76.82,65.51,1
Few-Shot Image Classification | Mini-Imagenet 5-way (1-shot),Few-Shot Image Classification,Mini-Imagenet 5-way (1-shot),Accuracy,False,2101.02833,1906.00562,67.83,70.1,0
Few-Shot Image Classification | Mini-Imagenet 5-way (1-shot),Few-Shot Image Classification,Mini-Imagenet 5-way (1-shot),Accuracy,False,2107.07746,1905.06549,69.28,61.65,1
Few-Shot Image Classification | Mini-Imagenet 5-way (1-shot),Few-Shot Image Classification,Mini-Imagenet 5-way (1-shot),Accuracy,False,2008.11297,2304.01434,77.8,50.95,1
Few-Shot Image Classification | Mini-Imagenet 5-way (1-shot),Few-Shot Image Classification,Mini-Imagenet 5-way (1-shot),Accuracy,False,1801.05558,2111.04331,51.7,68.01,0
Few-Shot Image Classification | Mini-Imagenet 5-way (1-shot),Few-Shot Image Classification,Mini-Imagenet 5-way (1-shot),Accuracy,False,2003.11853,2101.02833,69.66,67.83,1
Few-Shot Image Classification | Mini-Imagenet 5-way (1-shot),Few-Shot Image Classification,Mini-Imagenet 5-way (1-shot),Accuracy,False,2003.04151,2004.12696,77.27,70.0,1
Few-Shot Image Classification | Mini-Imagenet 5-way (1-shot),Few-Shot Image Classification,Mini-Imagenet 5-way (1-shot),Accuracy,False,2304.01552,1904.03758,54.86,64.09,0
Few-Shot Image Classification | Mini-Imagenet 5-way (1-shot),Few-Shot Image Classification,Mini-Imagenet 5-way (1-shot),Accuracy,False,2304.01552,1806.04734,54.86,59.9,0
Few-Shot Image Classification | Mini-Imagenet 5-way (1-shot),Few-Shot Image Classification,Mini-Imagenet 5-way (1-shot),Accuracy,False,2111.04331,2006.09785,68.01,67.04,1
Few-Shot Image Classification | Mini-Imagenet 5-way (1-shot),Few-Shot Image Classification,Mini-Imagenet 5-way (1-shot),Accuracy,False,2109.12932,2203.09064,67.25,74.74,0
Few-Shot Image Classification | Mini-Imagenet 5-way (1-shot),Few-Shot Image Classification,Mini-Imagenet 5-way (1-shot),Accuracy,False,2304.13287,2003.00804,68.36,65.95,1
Few-Shot Image Classification | Mini-Imagenet 5-way (1-shot),Few-Shot Image Classification,Mini-Imagenet 5-way (1-shot),Accuracy,False,2107.07746,2105.05348,69.28,84.81,0
Few-Shot Image Classification | Mini-Imagenet 5-way (1-shot),Few-Shot Image Classification,Mini-Imagenet 5-way (1-shot),Accuracy,False,2011.14479,1902.03356,53.63,55.73,0
Few-Shot Image Classification | Mini-Imagenet 5-way (1-shot),Few-Shot Image Classification,Mini-Imagenet 5-way (1-shot),Accuracy,False,1805.10123,1904.03758,58.5,64.09,0
Few-Shot Image Classification | Mini-Imagenet 5-way (1-shot),Few-Shot Image Classification,Mini-Imagenet 5-way (1-shot),Accuracy,False,1812.02391,1806.04734,61.2,59.9,1
Few-Shot Image Classification | Mini-Imagenet 5-way (1-shot),Few-Shot Image Classification,Mini-Imagenet 5-way (1-shot),Accuracy,False,2304.01552,1902.03356,54.86,55.73,0
Few-Shot Image Classification | Mini-Imagenet 5-way (1-shot),Few-Shot Image Classification,Mini-Imagenet 5-way (1-shot),Accuracy,False,1703.05175,1711.06025,49.42,50.4,0
Few-Shot Image Classification | Mini-Imagenet 5-way (1-shot),Few-Shot Image Classification,Mini-Imagenet 5-way (1-shot),Accuracy,False,2011.14479,1811.07100,53.63,62.88,0
Few-Shot Image Classification | Mini-Imagenet 5-way (1-shot),Few-Shot Image Classification,Mini-Imagenet 5-way (1-shot),Accuracy,False,1801.05558,2203.09064,51.7,74.74,0
Few-Shot Image Classification | Mini-Imagenet 5-way (1-shot),Few-Shot Image Classification,Mini-Imagenet 5-way (1-shot),Accuracy,False,2304.01552,2101.02833,54.86,67.83,0
Few-Shot Image Classification | Mini-Imagenet 5-way (1-shot),Few-Shot Image Classification,Mini-Imagenet 5-way (1-shot),Accuracy,False,2004.12696,1906.00562,70.0,70.1,0
Few-Shot Image Classification | Mini-Imagenet 5-way (1-shot),Few-Shot Image Classification,Mini-Imagenet 5-way (1-shot),Accuracy,False,1703.05175,1905.06549,49.42,61.65,0
Few-Shot Image Classification | Mini-Imagenet 5-way (1-shot),Few-Shot Image Classification,Mini-Imagenet 5-way (1-shot),Accuracy,False,2501.14593,1902.03356,65.51,55.73,1
Few-Shot Image Classification | Mini-Imagenet 5-way (1-shot),Few-Shot Image Classification,Mini-Imagenet 5-way (1-shot),Accuracy,False,1703.05175,2304.13287,49.42,68.36,0
Few-Shot Image Classification | Mini-Imagenet 5-way (1-shot),Few-Shot Image Classification,Mini-Imagenet 5-way (1-shot),Accuracy,False,2108.05010,1703.05175,79.01,49.42,1
Few-Shot Image Classification | Mini-Imagenet 5-way (1-shot),Few-Shot Image Classification,Mini-Imagenet 5-way (1-shot),Accuracy,False,2111.04331,2003.04151,68.01,77.27,0
Few-Shot Image Classification | Mini-Imagenet 5-way (1-shot),Few-Shot Image Classification,Mini-Imagenet 5-way (1-shot),Accuracy,False,2011.14479,1906.00562,53.63,70.1,0
Few-Shot Image Classification | Mini-Imagenet 5-way (1-shot),Few-Shot Image Classification,Mini-Imagenet 5-way (1-shot),Accuracy,False,2204.07305,1904.03758,95.3,64.09,1
Few-Shot Image Classification | Mini-Imagenet 5-way (1-shot),Few-Shot Image Classification,Mini-Imagenet 5-way (1-shot),Accuracy,False,1905.10295,2009.03665,62.86,71.5,0
Few-Shot Image Classification | Mini-Imagenet 5-way (1-shot),Few-Shot Image Classification,Mini-Imagenet 5-way (1-shot),Accuracy,False,2011.14479,2204.07305,53.63,95.3,0
Few-Shot Image Classification | Mini-Imagenet 5-way (1-shot),Few-Shot Image Classification,Mini-Imagenet 5-way (1-shot),Accuracy,False,1806.04734,2009.03665,59.9,71.5,0
Few-Shot Image Classification | Mini-Imagenet 5-way (1-shot),Few-Shot Image Classification,Mini-Imagenet 5-way (1-shot),Accuracy,False,1911.06045,2304.01434,76.82,50.95,1
Few-Shot Image Classification | Mini-Imagenet 5-way (1-shot),Few-Shot Image Classification,Mini-Imagenet 5-way (1-shot),Accuracy,False,2204.07305,2304.01434,95.3,50.95,1
Few-Shot Image Classification | Mini-Imagenet 5-way (1-shot),Few-Shot Image Classification,Mini-Imagenet 5-way (1-shot),Accuracy,False,1905.10295,2004.12696,62.86,70.0,0
Few-Shot Image Classification | Mini-Imagenet 5-way (1-shot),Few-Shot Image Classification,Mini-Imagenet 5-way (1-shot),Accuracy,False,2011.14479,2203.09064,53.63,74.74,0
Few-Shot Image Classification | Mini-Imagenet 5-way (1-shot),Few-Shot Image Classification,Mini-Imagenet 5-way (1-shot),Accuracy,False,2108.05010,1806.04734,79.01,59.9,1
Few-Shot Image Classification | Mini-Imagenet 5-way (1-shot),Few-Shot Image Classification,Mini-Imagenet 5-way (1-shot),Accuracy,False,2304.01552,2107.07746,54.86,69.28,0
Few-Shot Image Classification | Mini-Imagenet 5-way (1-shot),Few-Shot Image Classification,Mini-Imagenet 5-way (1-shot),Accuracy,False,2501.14593,1906.00562,65.51,70.1,0
Few-Shot Image Classification | Mini-Imagenet 5-way (1-shot),Few-Shot Image Classification,Mini-Imagenet 5-way (1-shot),Accuracy,False,1812.03664,2102.03539,61.72,82.99,0
Few-Shot Image Classification | Mini-Imagenet 5-way (1-shot),Few-Shot Image Classification,Mini-Imagenet 5-way (1-shot),Accuracy,False,1906.00562,1711.06025,70.1,50.4,1
Few-Shot Image Classification | Mini-Imagenet 5-way (1-shot),Few-Shot Image Classification,Mini-Imagenet 5-way (1-shot),Accuracy,False,2102.03539,1703.05175,82.99,49.42,1
Few-Shot Image Classification | Mini-Imagenet 5-way (1-shot),Few-Shot Image Classification,Mini-Imagenet 5-way (1-shot),Accuracy,False,2206.07267,2203.09064,72.4,74.74,0
Few-Shot Image Classification | Mini-Imagenet 5-way (1-shot),Few-Shot Image Classification,Mini-Imagenet 5-way (1-shot),Accuracy,False,2109.12932,2008.11297,67.25,77.8,0
Few-Shot Image Classification | Mini-Imagenet 5-way (1-shot),Few-Shot Image Classification,Mini-Imagenet 5-way (1-shot),Accuracy,False,1905.06549,2203.09064,61.65,74.74,0
Few-Shot Image Classification | Mini-Imagenet 5-way (1-shot),Few-Shot Image Classification,Mini-Imagenet 5-way (1-shot),Accuracy,False,2003.04151,2203.09064,77.27,74.74,1
Few-Shot Image Classification | Mini-Imagenet 5-way (1-shot),Few-Shot Image Classification,Mini-Imagenet 5-way (1-shot),Accuracy,False,1801.05558,1904.03758,51.7,64.09,0
Few-Shot Image Classification | Mini-Imagenet 5-way (1-shot),Few-Shot Image Classification,Mini-Imagenet 5-way (1-shot),Accuracy,False,2006.09785,2102.03539,67.04,82.99,0
Few-Shot Image Classification | Mini-Imagenet 5-way (1-shot),Few-Shot Image Classification,Mini-Imagenet 5-way (1-shot),Accuracy,False,2003.04151,2206.07267,77.27,72.4,1
Few-Shot Image Classification | Mini-Imagenet 5-way (1-shot),Few-Shot Image Classification,Mini-Imagenet 5-way (1-shot),Accuracy,False,2101.02833,2107.07746,67.83,69.28,0
Few-Shot Image Classification | Mini-Imagenet 5-way (1-shot),Few-Shot Image Classification,Mini-Imagenet 5-way (1-shot),Accuracy,False,1805.10123,2011.14479,58.5,53.63,1
Few-Shot Image Classification | Mini-Imagenet 5-way (1-shot),Few-Shot Image Classification,Mini-Imagenet 5-way (1-shot),Accuracy,False,1812.02391,1711.06025,61.2,50.4,1
Few-Shot Image Classification | Mini-Imagenet 5-way (1-shot),Few-Shot Image Classification,Mini-Imagenet 5-way (1-shot),Accuracy,False,1801.05558,2304.13287,51.7,68.36,0
Few-Shot Image Classification | Mini-Imagenet 5-way (1-shot),Few-Shot Image Classification,Mini-Imagenet 5-way (1-shot),Accuracy,False,2006.03806,2008.11297,82.92,77.8,1
Few-Shot Image Classification | Mini-Imagenet 5-way (1-shot),Few-Shot Image Classification,Mini-Imagenet 5-way (1-shot),Accuracy,False,2204.03065,2004.12696,85.59,70.0,1
Few-Shot Image Classification | Mini-Imagenet 5-way (1-shot),Few-Shot Image Classification,Mini-Imagenet 5-way (1-shot),Accuracy,False,1902.03356,1812.03664,55.73,61.72,0
Few-Shot Image Classification | Mini-Imagenet 5-way (1-shot),Few-Shot Image Classification,Mini-Imagenet 5-way (1-shot),Accuracy,False,2109.12932,1806.04734,67.25,59.9,1
Few-Shot Image Classification | Mini-Imagenet 5-way (1-shot),Few-Shot Image Classification,Mini-Imagenet 5-way (1-shot),Accuracy,False,1801.05558,1806.04734,51.7,59.9,0
Few-Shot Image Classification | Mini-Imagenet 5-way (1-shot),Few-Shot Image Classification,Mini-Imagenet 5-way (1-shot),Accuracy,False,1911.06045,2003.04151,76.82,77.27,0
Few-Shot Image Classification | Mini-Imagenet 5-way (1-shot),Few-Shot Image Classification,Mini-Imagenet 5-way (1-shot),Accuracy,False,1902.03356,2009.03665,55.73,71.5,0
Few-Shot Image Classification | Mini-Imagenet 5-way (1-shot),Few-Shot Image Classification,Mini-Imagenet 5-way (1-shot),Accuracy,False,2006.09785,2009.03665,67.04,71.5,0
Few-Shot Image Classification | Mini-Imagenet 5-way (1-shot),Few-Shot Image Classification,Mini-Imagenet 5-way (1-shot),Accuracy,False,2003.04151,2107.07746,77.27,69.28,1
Few-Shot Image Classification | Mini-Imagenet 5-way (1-shot),Few-Shot Image Classification,Mini-Imagenet 5-way (1-shot),Accuracy,False,1905.10295,2102.03539,62.86,82.99,0
Few-Shot Image Classification | Mini-Imagenet 5-way (1-shot),Few-Shot Image Classification,Mini-Imagenet 5-way (1-shot),Accuracy,False,2006.09785,2105.05348,67.04,84.81,0
Few-Shot Image Classification | Mini-Imagenet 5-way (1-shot),Few-Shot Image Classification,Mini-Imagenet 5-way (1-shot),Accuracy,False,1904.03758,1712.09926,64.09,56.88,1
Few-Shot Image Classification | Mini-Imagenet 5-way (1-shot),Few-Shot Image Classification,Mini-Imagenet 5-way (1-shot),Accuracy,False,1805.10123,2501.14593,58.5,65.51,0
Few-Shot Image Classification | Mini-Imagenet 5-way (1-shot),Few-Shot Image Classification,Mini-Imagenet 5-way (1-shot),Accuracy,False,2304.01552,2102.03539,54.86,82.99,0
Few-Shot Image Classification | Mini-Imagenet 5-way (1-shot),Few-Shot Image Classification,Mini-Imagenet 5-way (1-shot),Accuracy,False,2501.14593,1812.03664,65.51,61.72,1
Few-Shot Image Classification | Mini-Imagenet 5-way (1-shot),Few-Shot Image Classification,Mini-Imagenet 5-way (1-shot),Accuracy,False,2006.09785,2203.09064,67.04,74.74,0
Few-Shot Image Classification | Mini-Imagenet 5-way (1-shot),Few-Shot Image Classification,Mini-Imagenet 5-way (1-shot),Accuracy,False,2204.03065,2203.09064,85.59,74.74,1
Few-Shot Image Classification | Mini-Imagenet 5-way (1-shot),Few-Shot Image Classification,Mini-Imagenet 5-way (1-shot),Accuracy,False,2108.05010,2003.04151,79.01,77.27,1
Few-Shot Image Classification | Mini-Imagenet 5-way (1-shot),Few-Shot Image Classification,Mini-Imagenet 5-way (1-shot),Accuracy,False,1812.03664,2203.09064,61.72,74.74,0
Few-Shot Image Classification | Mini-Imagenet 5-way (1-shot),Few-Shot Image Classification,Mini-Imagenet 5-way (1-shot),Accuracy,False,2003.00804,1712.09926,65.95,56.88,1
Few-Shot Image Classification | Mini-Imagenet 5-way (1-shot),Few-Shot Image Classification,Mini-Imagenet 5-way (1-shot),Accuracy,False,1904.03758,2008.11297,64.09,77.8,0
Few-Shot Image Classification | Mini-Imagenet 5-way (1-shot),Few-Shot Image Classification,Mini-Imagenet 5-way (1-shot),Accuracy,False,2003.04151,2501.14593,77.27,65.51,1
Few-Shot Image Classification | Mini-Imagenet 5-way (1-shot),Few-Shot Image Classification,Mini-Imagenet 5-way (1-shot),Accuracy,False,2003.11853,1703.05175,69.66,49.42,1
Few-Shot Image Classification | Mini-Imagenet 5-way (1-shot),Few-Shot Image Classification,Mini-Imagenet 5-way (1-shot),Accuracy,False,2004.12696,2304.01434,70.0,50.95,1
Few-Shot Image Classification | Mini-Imagenet 5-way (1-shot),Few-Shot Image Classification,Mini-Imagenet 5-way (1-shot),Accuracy,False,1911.06045,2006.03806,76.82,82.92,0
Few-Shot Image Classification | Mini-Imagenet 5-way (1-shot),Few-Shot Image Classification,Mini-Imagenet 5-way (1-shot),Accuracy,False,2006.03806,2004.12696,82.92,70.0,1
Few-Shot Image Classification | Mini-Imagenet 5-way (1-shot),Few-Shot Image Classification,Mini-Imagenet 5-way (1-shot),Accuracy,False,1905.10295,1711.06025,62.86,50.4,1
Few-Shot Image Classification | Mini-Imagenet 5-way (1-shot),Few-Shot Image Classification,Mini-Imagenet 5-way (1-shot),Accuracy,False,2003.11853,1811.07100,69.66,62.88,1
Few-Shot Image Classification | Mini-Imagenet 5-way (1-shot),Few-Shot Image Classification,Mini-Imagenet 5-way (1-shot),Accuracy,False,2111.04331,1811.07100,68.01,62.88,1
Few-Shot Image Classification | Mini-Imagenet 5-way (1-shot),Few-Shot Image Classification,Mini-Imagenet 5-way (1-shot),Accuracy,False,2011.14479,2003.00804,53.63,65.95,0
Few-Shot Image Classification | Mini-Imagenet 5-way (1-shot),Few-Shot Image Classification,Mini-Imagenet 5-way (1-shot),Accuracy,False,1806.04734,1906.00562,59.9,70.1,0
Few-Shot Image Classification | Mini-Imagenet 5-way (1-shot),Few-Shot Image Classification,Mini-Imagenet 5-way (1-shot),Accuracy,False,2501.14593,2204.03065,65.51,85.59,0
Few-Shot Image Classification | Mini-Imagenet 5-way (1-shot),Few-Shot Image Classification,Mini-Imagenet 5-way (1-shot),Accuracy,False,2003.04151,2105.05348,77.27,84.81,0
Few-Shot Image Classification | Mini-Imagenet 5-way (1-shot),Few-Shot Image Classification,Mini-Imagenet 5-way (1-shot),Accuracy,False,1812.02391,2110.09446,61.2,85.54,0
Few-Shot Image Classification | Mini-Imagenet 5-way (1-shot),Few-Shot Image Classification,Mini-Imagenet 5-way (1-shot),Accuracy,False,2206.07267,1711.06025,72.4,50.4,1
Few-Shot Image Classification | Mini-Imagenet 5-way (1-shot),Few-Shot Image Classification,Mini-Imagenet 5-way (1-shot),Accuracy,False,2004.12696,1711.06025,70.0,50.4,1
Few-Shot Image Classification | Mini-Imagenet 5-way (1-shot),Few-Shot Image Classification,Mini-Imagenet 5-way (1-shot),Accuracy,False,1811.07100,2204.07305,62.88,95.3,0
Few-Shot Image Classification | Mini-Imagenet 5-way (1-shot),Few-Shot Image Classification,Mini-Imagenet 5-way (1-shot),Accuracy,False,2105.05348,2304.01434,84.81,50.95,1
Few-Shot Image Classification | Mini-Imagenet 5-way (1-shot),Few-Shot Image Classification,Mini-Imagenet 5-way (1-shot),Accuracy,False,2304.01552,1711.06025,54.86,50.4,1
Few-Shot Image Classification | Mini-Imagenet 5-way (1-shot),Few-Shot Image Classification,Mini-Imagenet 5-way (1-shot),Accuracy,False,2206.07267,1904.03758,72.4,64.09,1
Few-Shot Image Classification | Mini-Imagenet 5-way (1-shot),Few-Shot Image Classification,Mini-Imagenet 5-way (1-shot),Accuracy,False,2003.11853,2105.05348,69.66,84.81,0
Few-Shot Image Classification | Mini-Imagenet 5-way (1-shot),Few-Shot Image Classification,Mini-Imagenet 5-way (1-shot),Accuracy,False,1812.02391,2304.01434,61.2,50.95,1
Few-Shot Image Classification | Mini-Imagenet 5-way (1-shot),Few-Shot Image Classification,Mini-Imagenet 5-way (1-shot),Accuracy,False,1911.06045,2204.07305,76.82,95.3,0
Few-Shot Image Classification | Mini-Imagenet 5-way (1-shot),Few-Shot Image Classification,Mini-Imagenet 5-way (1-shot),Accuracy,False,1812.02391,1902.03356,61.2,55.73,1
Few-Shot Image Classification | Mini-Imagenet 5-way (1-shot),Few-Shot Image Classification,Mini-Imagenet 5-way (1-shot),Accuracy,False,2003.04151,2008.11297,77.27,77.8,0
Few-Shot Image Classification | Mini-Imagenet 5-way (1-shot),Few-Shot Image Classification,Mini-Imagenet 5-way (1-shot),Accuracy,False,2006.09785,2004.12696,67.04,70.0,0
Few-Shot Image Classification | Mini-Imagenet 5-way (1-shot),Few-Shot Image Classification,Mini-Imagenet 5-way (1-shot),Accuracy,False,1703.05175,2009.03665,49.42,71.5,0
Few-Shot Image Classification | Mini-Imagenet 5-way (1-shot),Few-Shot Image Classification,Mini-Imagenet 5-way (1-shot),Accuracy,False,1801.05558,1902.03356,51.7,55.73,0
Few-Shot Image Classification | Mini-Imagenet 5-way (1-shot),Few-Shot Image Classification,Mini-Imagenet 5-way (1-shot),Accuracy,False,1811.07100,1905.06549,62.88,61.65,1
Few-Shot Image Classification | Mini-Imagenet 5-way (1-shot),Few-Shot Image Classification,Mini-Imagenet 5-way (1-shot),Accuracy,False,1801.05558,1805.10123,51.7,58.5,0
Few-Shot Image Classification | Mini-Imagenet 5-way (1-shot),Few-Shot Image Classification,Mini-Imagenet 5-way (1-shot),Accuracy,False,1911.06045,2009.03665,76.82,71.5,1
Few-Shot Image Classification | Mini-Imagenet 5-way (1-shot),Few-Shot Image Classification,Mini-Imagenet 5-way (1-shot),Accuracy,False,1812.03664,1904.03758,61.72,64.09,0
Few-Shot Image Classification | Mini-Imagenet 5-way (1-shot),Few-Shot Image Classification,Mini-Imagenet 5-way (1-shot),Accuracy,False,1905.10295,2105.05348,62.86,84.81,0
Few-Shot Image Classification | Mini-Imagenet 5-way (1-shot),Few-Shot Image Classification,Mini-Imagenet 5-way (1-shot),Accuracy,False,2109.12932,2304.13287,67.25,68.36,0
Few-Shot Image Classification | Mini-Imagenet 5-way (1-shot),Few-Shot Image Classification,Mini-Imagenet 5-way (1-shot),Accuracy,False,1906.00562,2110.09446,70.1,85.54,0
Few-Shot Image Classification | Mini-Imagenet 5-way (1-shot),Few-Shot Image Classification,Mini-Imagenet 5-way (1-shot),Accuracy,False,1812.02391,2009.03665,61.2,71.5,0
Few-Shot Image Classification | Mini-Imagenet 5-way (1-shot),Few-Shot Image Classification,Mini-Imagenet 5-way (1-shot),Accuracy,False,1902.03356,2102.03539,55.73,82.99,0
Few-Shot Image Classification | Mini-Imagenet 5-way (1-shot),Few-Shot Image Classification,Mini-Imagenet 5-way (1-shot),Accuracy,False,1811.07100,2008.11297,62.88,77.8,0
Few-Shot Image Classification | Mini-Imagenet 5-way (1-shot),Few-Shot Image Classification,Mini-Imagenet 5-way (1-shot),Accuracy,False,1801.05558,1712.09926,51.7,56.88,0
Few-Shot Image Classification | Mini-Imagenet 5-way (1-shot),Few-Shot Image Classification,Mini-Imagenet 5-way (1-shot),Accuracy,False,2101.02833,2204.03065,67.83,85.59,0
Few-Shot Image Classification | Mini-Imagenet 5-way (1-shot),Few-Shot Image Classification,Mini-Imagenet 5-way (1-shot),Accuracy,False,2006.03806,2003.00804,82.92,65.95,1
Few-Shot Image Classification | Mini-Imagenet 5-way (1-shot),Few-Shot Image Classification,Mini-Imagenet 5-way (1-shot),Accuracy,False,2107.07746,1904.03758,69.28,64.09,1
Few-Shot Image Classification | Mini-Imagenet 5-way (1-shot),Few-Shot Image Classification,Mini-Imagenet 5-way (1-shot),Accuracy,False,2101.02833,1711.06025,67.83,50.4,1
Few-Shot Image Classification | Mini-Imagenet 5-way (1-shot),Few-Shot Image Classification,Mini-Imagenet 5-way (1-shot),Accuracy,False,2003.11853,2304.01552,69.66,54.86,1
Few-Shot Image Classification | Mini-Imagenet 5-way (1-shot),Few-Shot Image Classification,Mini-Imagenet 5-way (1-shot),Accuracy,False,2304.13287,2110.09446,68.36,85.54,0
Few-Shot Image Classification | Mini-Imagenet 5-way (1-shot),Few-Shot Image Classification,Mini-Imagenet 5-way (1-shot),Accuracy,False,1911.06045,1905.06549,76.82,61.65,1
Few-Shot Image Classification | Mini-Imagenet 5-way (1-shot),Few-Shot Image Classification,Mini-Imagenet 5-way (1-shot),Accuracy,False,1911.06045,2107.07746,76.82,69.28,1
Few-Shot Image Classification | Mini-Imagenet 5-way (1-shot),Few-Shot Image Classification,Mini-Imagenet 5-way (1-shot),Accuracy,False,2204.07305,2009.03665,95.3,71.5,1
Few-Shot Image Classification | Mini-Imagenet 5-way (1-shot),Few-Shot Image Classification,Mini-Imagenet 5-way (1-shot),Accuracy,False,1905.10295,2109.12932,62.86,67.25,0
Few-Shot Image Classification | Mini-Imagenet 5-way (1-shot),Few-Shot Image Classification,Mini-Imagenet 5-way (1-shot),Accuracy,False,1812.03664,2004.12696,61.72,70.0,0
Few-Shot Image Classification | Mini-Imagenet 5-way (1-shot),Few-Shot Image Classification,Mini-Imagenet 5-way (1-shot),Accuracy,False,1902.03356,2109.12932,55.73,67.25,0
Few-Shot Image Classification | Mini-Imagenet 5-way (1-shot),Few-Shot Image Classification,Mini-Imagenet 5-way (1-shot),Accuracy,False,1905.06549,1906.00562,61.65,70.1,0
Few-Shot Image Classification | Mini-Imagenet 5-way (1-shot),Few-Shot Image Classification,Mini-Imagenet 5-way (1-shot),Accuracy,False,2108.05010,1812.02391,79.01,61.2,1
Few-Shot Image Classification | Mini-Imagenet 5-way (1-shot),Few-Shot Image Classification,Mini-Imagenet 5-way (1-shot),Accuracy,False,1805.10123,1812.03664,58.5,61.72,0
Few-Shot Image Classification | Mini-Imagenet 5-way (1-shot),Few-Shot Image Classification,Mini-Imagenet 5-way (1-shot),Accuracy,False,2109.12932,2102.03539,67.25,82.99,0
Few-Shot Image Classification | Mini-Imagenet 5-way (1-shot),Few-Shot Image Classification,Mini-Imagenet 5-way (1-shot),Accuracy,False,2501.14593,1904.03758,65.51,64.09,1
Few-Shot Image Classification | Mini-Imagenet 5-way (1-shot),Few-Shot Image Classification,Mini-Imagenet 5-way (1-shot),Accuracy,False,2003.04151,1812.02391,77.27,61.2,1
Few-Shot Image Classification | Mini-Imagenet 5-way (1-shot),Few-Shot Image Classification,Mini-Imagenet 5-way (1-shot),Accuracy,False,2206.07267,1703.05175,72.4,49.42,1
Few-Shot Image Classification | Mini-Imagenet 5-way (1-shot),Few-Shot Image Classification,Mini-Imagenet 5-way (1-shot),Accuracy,False,1811.07100,1904.03758,62.88,64.09,0
Few-Shot Image Classification | Mini-Imagenet 5-way (1-shot),Few-Shot Image Classification,Mini-Imagenet 5-way (1-shot),Accuracy,False,2006.03806,2501.14593,82.92,65.51,1
Few-Shot Image Classification | Mini-Imagenet 5-way (1-shot),Few-Shot Image Classification,Mini-Imagenet 5-way (1-shot),Accuracy,False,1905.10295,2003.00804,62.86,65.95,0
Few-Shot Image Classification | Mini-Imagenet 5-way (1-shot),Few-Shot Image Classification,Mini-Imagenet 5-way (1-shot),Accuracy,False,1806.04734,1712.09926,59.9,56.88,1
Few-Shot Image Classification | Mini-Imagenet 5-way (1-shot),Few-Shot Image Classification,Mini-Imagenet 5-way (1-shot),Accuracy,False,1902.03356,2203.09064,55.73,74.74,0
Few-Shot Image Classification | Mini-Imagenet 5-way (1-shot),Few-Shot Image Classification,Mini-Imagenet 5-way (1-shot),Accuracy,False,2204.03065,1711.06025,85.59,50.4,1
Few-Shot Image Classification | Mini-Imagenet 5-way (1-shot),Few-Shot Image Classification,Mini-Imagenet 5-way (1-shot),Accuracy,False,2006.03806,2206.07267,82.92,72.4,1
Few-Shot Image Classification | Mini-Imagenet 5-way (1-shot),Few-Shot Image Classification,Mini-Imagenet 5-way (1-shot),Accuracy,False,1905.10295,2204.03065,62.86,85.59,0
Few-Shot Image Classification | Mini-Imagenet 5-way (1-shot),Few-Shot Image Classification,Mini-Imagenet 5-way (1-shot),Accuracy,False,2204.03065,1902.03356,85.59,55.73,1
Few-Shot Image Classification | Mini-Imagenet 5-way (1-shot),Few-Shot Image Classification,Mini-Imagenet 5-way (1-shot),Accuracy,False,2108.05010,2006.09785,79.01,67.04,1
Few-Shot Image Classification | Mini-Imagenet 5-way (1-shot),Few-Shot Image Classification,Mini-Imagenet 5-way (1-shot),Accuracy,False,2111.04331,2102.03539,68.01,82.99,0
Few-Shot Image Classification | Mini-Imagenet 5-way (1-shot),Few-Shot Image Classification,Mini-Imagenet 5-way (1-shot),Accuracy,False,2101.02833,1811.07100,67.83,62.88,1
Few-Shot Image Classification | Mini-Imagenet 5-way (1-shot),Few-Shot Image Classification,Mini-Imagenet 5-way (1-shot),Accuracy,False,2101.02833,2109.12932,67.83,67.25,1
Few-Shot Image Classification | Mini-Imagenet 5-way (1-shot),Few-Shot Image Classification,Mini-Imagenet 5-way (1-shot),Accuracy,False,2111.04331,1806.04734,68.01,59.9,1
Few-Shot Image Classification | Mini-Imagenet 5-way (1-shot),Few-Shot Image Classification,Mini-Imagenet 5-way (1-shot),Accuracy,False,2204.07305,2206.07267,95.3,72.4,1
Few-Shot Image Classification | Mini-Imagenet 5-way (1-shot),Few-Shot Image Classification,Mini-Imagenet 5-way (1-shot),Accuracy,False,2003.04151,1812.03664,77.27,61.72,1
Few-Shot Image Classification | Mini-Imagenet 5-way (1-shot),Few-Shot Image Classification,Mini-Imagenet 5-way (1-shot),Accuracy,False,1911.06045,2003.11853,76.82,69.66,1
Few-Shot Image Classification | Mini-Imagenet 5-way (1-shot),Few-Shot Image Classification,Mini-Imagenet 5-way (1-shot),Accuracy,False,1805.10123,2203.09064,58.5,74.74,0
Few-Shot Image Classification | Mini-Imagenet 5-way (1-shot),Few-Shot Image Classification,Mini-Imagenet 5-way (1-shot),Accuracy,False,2109.12932,2004.12696,67.25,70.0,0
Few-Shot Image Classification | Mini-Imagenet 5-way (1-shot),Few-Shot Image Classification,Mini-Imagenet 5-way (1-shot),Accuracy,False,2006.03806,1812.02391,82.92,61.2,1
Few-Shot Image Classification | Mini-Imagenet 5-way (1-shot),Few-Shot Image Classification,Mini-Imagenet 5-way (1-shot),Accuracy,False,1902.03356,2110.09446,55.73,85.54,0
Few-Shot Image Classification | Mini-Imagenet 5-way (1-shot),Few-Shot Image Classification,Mini-Imagenet 5-way (1-shot),Accuracy,False,2003.11853,2003.04151,69.66,77.27,0
Few-Shot Image Classification | Mini-Imagenet 5-way (1-shot),Few-Shot Image Classification,Mini-Imagenet 5-way (1-shot),Accuracy,False,2105.05348,2004.12696,84.81,70.0,1
Few-Shot Image Classification | Mini-Imagenet 5-way (1-shot),Few-Shot Image Classification,Mini-Imagenet 5-way (1-shot),Accuracy,False,1805.10123,2006.03806,58.5,82.92,0
Few-Shot Image Classification | Mini-Imagenet 5-way (1-shot),Few-Shot Image Classification,Mini-Imagenet 5-way (1-shot),Accuracy,False,2008.11297,1806.04734,77.8,59.9,1
Few-Shot Image Classification | Mini-Imagenet 5-way (1-shot),Few-Shot Image Classification,Mini-Imagenet 5-way (1-shot),Accuracy,False,1905.10295,2206.07267,62.86,72.4,0
Few-Shot Image Classification | Mini-Imagenet 5-way (1-shot),Few-Shot Image Classification,Mini-Imagenet 5-way (1-shot),Accuracy,False,2107.07746,2206.07267,69.28,72.4,0
Few-Shot Image Classification | Mini-Imagenet 5-way (1-shot),Few-Shot Image Classification,Mini-Imagenet 5-way (1-shot),Accuracy,False,2003.11853,1902.03356,69.66,55.73,1
Few-Shot Image Classification | Mini-Imagenet 5-way (1-shot),Few-Shot Image Classification,Mini-Imagenet 5-way (1-shot),Accuracy,False,2003.04151,1902.03356,77.27,55.73,1
Few-Shot Image Classification | Mini-Imagenet 5-way (1-shot),Few-Shot Image Classification,Mini-Imagenet 5-way (1-shot),Accuracy,False,2105.05348,1712.09926,84.81,56.88,1
Few-Shot Image Classification | Mini-Imagenet 5-way (1-shot),Few-Shot Image Classification,Mini-Imagenet 5-way (1-shot),Accuracy,False,2304.13287,1712.09926,68.36,56.88,1
Few-Shot Image Classification | Mini-Imagenet 5-way (1-shot),Few-Shot Image Classification,Mini-Imagenet 5-way (1-shot),Accuracy,False,2003.04151,1711.06025,77.27,50.4,1
Few-Shot Image Classification | Mini-Imagenet 5-way (1-shot),Few-Shot Image Classification,Mini-Imagenet 5-way (1-shot),Accuracy,False,2111.04331,1906.00562,68.01,70.1,0
Few-Shot Image Classification | Mini-Imagenet 5-way (1-shot),Few-Shot Image Classification,Mini-Imagenet 5-way (1-shot),Accuracy,False,2109.12932,2105.05348,67.25,84.81,0
Few-Shot Image Classification | Mini-Imagenet 5-way (1-shot),Few-Shot Image Classification,Mini-Imagenet 5-way (1-shot),Accuracy,False,2501.14593,1703.05175,65.51,49.42,1
Few-Shot Image Classification | Mini-Imagenet 5-way (1-shot),Few-Shot Image Classification,Mini-Imagenet 5-way (1-shot),Accuracy,False,1905.10295,1904.03758,62.86,64.09,0
Few-Shot Image Classification | Mini-Imagenet 5-way (1-shot),Few-Shot Image Classification,Mini-Imagenet 5-way (1-shot),Accuracy,False,1911.06045,1811.07100,76.82,62.88,1
Few-Shot Image Classification | Mini-Imagenet 5-way (1-shot),Few-Shot Image Classification,Mini-Imagenet 5-way (1-shot),Accuracy,False,2304.01552,2004.12696,54.86,70.0,0
Few-Shot Image Classification | Mini-Imagenet 5-way (1-shot),Few-Shot Image Classification,Mini-Imagenet 5-way (1-shot),Accuracy,False,1812.02391,2004.12696,61.2,70.0,0
Few-Shot Image Classification | Mini-Imagenet 5-way (1-shot),Few-Shot Image Classification,Mini-Imagenet 5-way (1-shot),Accuracy,False,1805.10123,2003.04151,58.5,77.27,0
Few-Shot Image Classification | Mini-Imagenet 5-way (1-shot),Few-Shot Image Classification,Mini-Imagenet 5-way (1-shot),Accuracy,False,1904.03758,2009.03665,64.09,71.5,0
Few-Shot Image Classification | Mini-Imagenet 5-way (1-shot),Few-Shot Image Classification,Mini-Imagenet 5-way (1-shot),Accuracy,False,2003.11853,2304.01434,69.66,50.95,1
Few-Shot Image Classification | Mini-Imagenet 5-way (1-shot),Few-Shot Image Classification,Mini-Imagenet 5-way (1-shot),Accuracy,False,2011.14479,2501.14593,53.63,65.51,0
Few-Shot Image Classification | Mini-Imagenet 5-way (1-shot),Few-Shot Image Classification,Mini-Imagenet 5-way (1-shot),Accuracy,False,1805.10123,1703.05175,58.5,49.42,1
Few-Shot Image Classification | Mini-Imagenet 5-way (1-shot),Few-Shot Image Classification,Mini-Imagenet 5-way (1-shot),Accuracy,False,2304.13287,1806.04734,68.36,59.9,1
Few-Shot Image Classification | Mini-Imagenet 5-way (1-shot),Few-Shot Image Classification,Mini-Imagenet 5-way (1-shot),Accuracy,False,1801.05558,2501.14593,51.7,65.51,0
Few-Shot Image Classification | Mini-Imagenet 5-way (1-shot),Few-Shot Image Classification,Mini-Imagenet 5-way (1-shot),Accuracy,False,2003.11853,1712.09926,69.66,56.88,1
Few-Shot Image Classification | Mini-Imagenet 5-way (1-shot),Few-Shot Image Classification,Mini-Imagenet 5-way (1-shot),Accuracy,False,1811.07100,1712.09926,62.88,56.88,1
Few-Shot Image Classification | Mini-Imagenet 5-way (1-shot),Few-Shot Image Classification,Mini-Imagenet 5-way (1-shot),Accuracy,False,2501.14593,2304.01434,65.51,50.95,1
Few-Shot Image Classification | Mini-Imagenet 5-way (1-shot),Few-Shot Image Classification,Mini-Imagenet 5-way (1-shot),Accuracy,False,1904.03758,1711.06025,64.09,50.4,1
Few-Shot Image Classification | Mini-Imagenet 5-way (1-shot),Few-Shot Image Classification,Mini-Imagenet 5-way (1-shot),Accuracy,False,2108.05010,2008.11297,79.01,77.8,1
Few-Shot Image Classification | Mini-Imagenet 5-way (1-shot),Few-Shot Image Classification,Mini-Imagenet 5-way (1-shot),Accuracy,False,1811.07100,1703.05175,62.88,49.42,1
Few-Shot Image Classification | Mini-Imagenet 5-way (1-shot),Few-Shot Image Classification,Mini-Imagenet 5-way (1-shot),Accuracy,False,2006.03806,2204.07305,82.92,95.3,0
Few-Shot Image Classification | Mini-Imagenet 5-way (1-shot),Few-Shot Image Classification,Mini-Imagenet 5-way (1-shot),Accuracy,False,2108.05010,2101.02833,79.01,67.83,1
Few-Shot Image Classification | Mini-Imagenet 5-way (1-shot),Few-Shot Image Classification,Mini-Imagenet 5-way (1-shot),Accuracy,False,2108.05010,2011.14479,79.01,53.63,1
Few-Shot Image Classification | Mini-Imagenet 5-way (1-shot),Few-Shot Image Classification,Mini-Imagenet 5-way (1-shot),Accuracy,False,2102.03539,2304.13287,82.99,68.36,1
Few-Shot Image Classification | Mini-Imagenet 5-way (1-shot),Few-Shot Image Classification,Mini-Imagenet 5-way (1-shot),Accuracy,False,2006.03806,2107.07746,82.92,69.28,1
Few-Shot Image Classification | Mini-Imagenet 5-way (1-shot),Few-Shot Image Classification,Mini-Imagenet 5-way (1-shot),Accuracy,False,2206.07267,2304.13287,72.4,68.36,1
Few-Shot Image Classification | Mini-Imagenet 5-way (1-shot),Few-Shot Image Classification,Mini-Imagenet 5-way (1-shot),Accuracy,False,2501.14593,2109.12932,65.51,67.25,0
Few-Shot Image Classification | Mini-Imagenet 5-way (1-shot),Few-Shot Image Classification,Mini-Imagenet 5-way (1-shot),Accuracy,False,1811.07100,2006.09785,62.88,67.04,0
Few-Shot Image Classification | Mini-Imagenet 5-way (1-shot),Few-Shot Image Classification,Mini-Imagenet 5-way (1-shot),Accuracy,False,2003.11853,1812.02391,69.66,61.2,1
Few-Shot Image Classification | Mini-Imagenet 5-way (1-shot),Few-Shot Image Classification,Mini-Imagenet 5-way (1-shot),Accuracy,False,1801.05558,2006.03806,51.7,82.92,0
Few-Shot Image Classification | Mini-Imagenet 5-way (1-shot),Few-Shot Image Classification,Mini-Imagenet 5-way (1-shot),Accuracy,False,2304.01434,2110.09446,50.95,85.54,0
Semantic Segmentation | Cityscapes test,Semantic Segmentation,Cityscapes test,Mean IoU (class),False,1908.01748,1702.08502,72.5,77.6,0
Semantic Segmentation | Cityscapes test,Semantic Segmentation,Cityscapes test,Mean IoU (class),False,1504.01013,1908.07678,71.6,81.3,0
Semantic Segmentation | Cityscapes test,Semantic Segmentation,Cityscapes test,Mean IoU (class),False,2101.10837,1811.11721,54.82,81.4,0
Semantic Segmentation | Cityscapes test,Semantic Segmentation,Cityscapes test,Mean IoU (class),False,1804.09337,1912.10917,80.3,71.5,1
Semantic Segmentation | Cityscapes test,Semantic Segmentation,Cityscapes test,Mean IoU (class),False,2003.11883,2403.10662,83.6,76.41,1
Semantic Segmentation | Cityscapes test,Semantic Segmentation,Cityscapes test,Mean IoU (class),False,1606.00915,1611.08323,70.4,71.8,0
Semantic Segmentation | Cityscapes test,Semantic Segmentation,Cityscapes test,Mean IoU (class),False,2003.11883,1908.01748,83.6,72.5,1
Semantic Segmentation | Cityscapes test,Semantic Segmentation,Cityscapes test,Mean IoU (class),False,1909.07229,2012.15840,83.3,81.64,1
Semantic Segmentation | Cityscapes test,Semantic Segmentation,Cityscapes test,Mean IoU (class),False,2104.02745,1811.11721,85.6,81.4,1
Semantic Segmentation | Cityscapes test,Semantic Segmentation,Cityscapes test,Mean IoU (class),False,1809.09077,2401.15741,71.3,84.83,0
Semantic Segmentation | Cityscapes test,Semantic Segmentation,Cityscapes test,Mean IoU (class),False,1904.02365,1704.08545,67.8,70.6,0
Semantic Segmentation | Cityscapes test,Semantic Segmentation,Cityscapes test,Mean IoU (class),False,1809.00916,1906.09826,81.7,70.7,1
Semantic Segmentation | Cityscapes test,Semantic Segmentation,Cityscapes test,Mean IoU (class),False,1909.11065,1904.02365,84.5,67.8,1
Semantic Segmentation | Cityscapes test,Semantic Segmentation,Cityscapes test,Mean IoU (class),False,1909.11065,2401.10891,84.5,84.8,0
Semantic Segmentation | Cityscapes test,Semantic Segmentation,Cityscapes test,Mean IoU (class),False,2205.08534,1908.01748,85.2,72.5,1
Semantic Segmentation | Cityscapes test,Semantic Segmentation,Cityscapes test,Mean IoU (class),False,1809.06323,2205.08534,67.3,85.2,0
Semantic Segmentation | Cityscapes test,Semantic Segmentation,Cityscapes test,Mean IoU (class),False,1909.07229,1902.04502,83.3,68.0,1
Semantic Segmentation | Cityscapes test,Semantic Segmentation,Cityscapes test,Mean IoU (class),False,1909.07229,2307.14179,83.3,79.9,1
Semantic Segmentation | Cityscapes test,Semantic Segmentation,Cityscapes test,Mean IoU (class),False,1612.01105,1804.09337,80.2,80.3,0
Semantic Segmentation | Cityscapes test,Semantic Segmentation,Cityscapes test,Mean IoU (class),False,1908.07919,2205.08534,81.6,85.2,0
Semantic Segmentation | Cityscapes test,Semantic Segmentation,Cityscapes test,Mean IoU (class),False,1904.02365,2104.02745,67.8,85.6,0
Semantic Segmentation | Cityscapes test,Semantic Segmentation,Cityscapes test,Mean IoU (class),False,2004.08955,1909.02651,83.3,81.0,1
Semantic Segmentation | Cityscapes test,Semantic Segmentation,Cityscapes test,Mean IoU (class),False,1511.07122,2307.14179,67.1,79.9,0
Semantic Segmentation | Cityscapes test,Semantic Segmentation,Cityscapes test,Mean IoU (class),False,1504.01013,1804.09337,71.6,80.3,0
Semantic Segmentation | Cityscapes test,Semantic Segmentation,Cityscapes test,Mean IoU (class),False,1704.08545,1911.10194,70.6,84.2,0
Semantic Segmentation | Cityscapes test,Semantic Segmentation,Cityscapes test,Mean IoU (class),False,1611.08323,1511.07122,71.8,67.1,1
Semantic Segmentation | Cityscapes test,Semantic Segmentation,Cityscapes test,Mean IoU (class),False,2205.08534,1702.08502,85.2,77.6,1
Semantic Segmentation | Cityscapes test,Semantic Segmentation,Cityscapes test,Mean IoU (class),False,1902.04502,1809.00916,68.0,81.7,0
Semantic Segmentation | Cityscapes test,Semantic Segmentation,Cityscapes test,Mean IoU (class),False,1912.10917,2401.10891,71.5,84.8,0
Semantic Segmentation | Cityscapes test,Semantic Segmentation,Cityscapes test,Mean IoU (class),False,2003.11883,1908.07678,83.6,81.3,1
Semantic Segmentation | Cityscapes test,Semantic Segmentation,Cityscapes test,Mean IoU (class),False,1504.01013,1908.07919,71.6,81.6,0
Semantic Segmentation | Cityscapes test,Semantic Segmentation,Cityscapes test,Mean IoU (class),False,1809.00916,1909.06121,81.7,82.0,0
Semantic Segmentation | Cityscapes test,Semantic Segmentation,Cityscapes test,Mean IoU (class),False,1809.06323,2312.02021,67.3,86.4,0
Semantic Segmentation | Cityscapes test,Semantic Segmentation,Cityscapes test,Mean IoU (class),False,1904.02365,2401.10891,67.8,84.8,0
Semantic Segmentation | Cityscapes test,Semantic Segmentation,Cityscapes test,Mean IoU (class),False,1809.02983,1809.06323,81.5,67.3,1
Semantic Segmentation | Cityscapes test,Semantic Segmentation,Cityscapes test,Mean IoU (class),False,1909.07229,2205.08534,83.3,85.2,0
Semantic Segmentation | Cityscapes test,Semantic Segmentation,Cityscapes test,Mean IoU (class),False,1909.07229,1811.11721,83.3,81.4,1
Semantic Segmentation | Cityscapes test,Semantic Segmentation,Cityscapes test,Mean IoU (class),False,1809.02983,1611.08323,81.5,71.8,1
Semantic Segmentation | Cityscapes test,Semantic Segmentation,Cityscapes test,Mean IoU (class),False,2003.11883,1909.02651,83.6,81.0,1
Semantic Segmentation | Cityscapes test,Semantic Segmentation,Cityscapes test,Mean IoU (class),False,2312.02021,1705.08790,86.4,63.06,1
Semantic Segmentation | Cityscapes test,Semantic Segmentation,Cityscapes test,Mean IoU (class),False,1612.01105,2011.08577,80.2,83.0,0
Semantic Segmentation | Cityscapes test,Semantic Segmentation,Cityscapes test,Mean IoU (class),False,1704.08545,2401.10891,70.6,84.8,0
Semantic Segmentation | Cityscapes test,Semantic Segmentation,Cityscapes test,Mean IoU (class),False,2004.08955,1705.08790,83.3,63.06,1
Semantic Segmentation | Cityscapes test,Semantic Segmentation,Cityscapes test,Mean IoU (class),False,1908.07678,1702.08502,81.3,77.6,1
Semantic Segmentation | Cityscapes test,Semantic Segmentation,Cityscapes test,Mean IoU (class),False,1606.00915,1809.06323,70.4,67.3,1
Semantic Segmentation | Cityscapes test,Semantic Segmentation,Cityscapes test,Mean IoU (class),False,1909.07229,1504.01013,83.3,71.6,1
Semantic Segmentation | Cityscapes test,Semantic Segmentation,Cityscapes test,Mean IoU (class),False,1909.11065,1804.09337,84.5,80.3,1
Semantic Segmentation | Cityscapes test,Semantic Segmentation,Cityscapes test,Mean IoU (class),False,1511.07122,2403.10662,67.1,76.41,0
Semantic Segmentation | Cityscapes test,Semantic Segmentation,Cityscapes test,Mean IoU (class),False,2011.08577,1902.04502,83.0,68.0,1
Semantic Segmentation | Cityscapes test,Semantic Segmentation,Cityscapes test,Mean IoU (class),False,1904.02365,2012.15840,67.8,81.64,0
Semantic Segmentation | Cityscapes test,Semantic Segmentation,Cityscapes test,Mean IoU (class),False,1809.00916,2307.14179,81.7,79.9,1
Semantic Segmentation | Cityscapes test,Semantic Segmentation,Cityscapes test,Mean IoU (class),False,1909.07229,1912.06683,83.3,70.75,1
Semantic Segmentation | Cityscapes test,Semantic Segmentation,Cityscapes test,Mean IoU (class),False,1809.00916,1811.11721,81.7,81.4,1
Semantic Segmentation | Cityscapes test,Semantic Segmentation,Cityscapes test,Mean IoU (class),False,2011.08577,1908.07678,83.0,81.3,1
Semantic Segmentation | Cityscapes test,Semantic Segmentation,Cityscapes test,Mean IoU (class),False,1612.01105,2012.15840,80.2,81.64,0
Semantic Segmentation | Cityscapes test,Semantic Segmentation,Cityscapes test,Mean IoU (class),False,1606.00915,1908.07919,70.4,81.6,0
Semantic Segmentation | Cityscapes test,Semantic Segmentation,Cityscapes test,Mean IoU (class),False,1809.06323,1912.06683,67.3,70.75,0
Semantic Segmentation | Cityscapes test,Semantic Segmentation,Cityscapes test,Mean IoU (class),False,1804.09337,2403.10662,80.3,76.41,1
Semantic Segmentation | Cityscapes test,Semantic Segmentation,Cityscapes test,Mean IoU (class),False,1612.01105,1811.11721,80.2,81.4,0
Semantic Segmentation | Cityscapes test,Semantic Segmentation,Cityscapes test,Mean IoU (class),False,2401.15741,2012.15840,84.83,81.64,1
Semantic Segmentation | Cityscapes test,Semantic Segmentation,Cityscapes test,Mean IoU (class),False,1612.01105,1902.04502,80.2,68.0,1
Semantic Segmentation | Cityscapes test,Semantic Segmentation,Cityscapes test,Mean IoU (class),False,1809.09077,1911.10194,71.3,84.2,0
Semantic Segmentation | Cityscapes test,Semantic Segmentation,Cityscapes test,Mean IoU (class),False,1504.01013,1909.11065,71.6,84.5,0
Semantic Segmentation | Cityscapes test,Semantic Segmentation,Cityscapes test,Mean IoU (class),False,1912.10917,1908.01748,71.5,72.5,0
Semantic Segmentation | Cityscapes test,Semantic Segmentation,Cityscapes test,Mean IoU (class),False,1908.07919,2104.02745,81.6,85.6,0
Semantic Segmentation | Cityscapes test,Semantic Segmentation,Cityscapes test,Mean IoU (class),False,1809.02983,1504.01013,81.5,71.6,1
Semantic Segmentation | Cityscapes test,Semantic Segmentation,Cityscapes test,Mean IoU (class),False,2401.15741,2401.10891,84.83,84.8,1
Semantic Segmentation | Cityscapes test,Semantic Segmentation,Cityscapes test,Mean IoU (class),False,1612.01105,1909.11065,80.2,84.5,0
Semantic Segmentation | Cityscapes test,Semantic Segmentation,Cityscapes test,Mean IoU (class),False,1809.09077,1904.02365,71.3,67.8,1
Semantic Segmentation | Cityscapes test,Semantic Segmentation,Cityscapes test,Mean IoU (class),False,1912.06683,1611.08323,70.75,71.8,0
Semantic Segmentation | Cityscapes test,Semantic Segmentation,Cityscapes test,Mean IoU (class),False,2104.02745,1702.08502,85.6,77.6,1
Semantic Segmentation | Cityscapes test,Semantic Segmentation,Cityscapes test,Mean IoU (class),False,2104.02745,2401.10891,85.6,84.8,1
Semantic Segmentation | Cityscapes test,Semantic Segmentation,Cityscapes test,Mean IoU (class),False,1908.07919,2101.06085,81.6,82.4,0
Semantic Segmentation | Cityscapes test,Semantic Segmentation,Cityscapes test,Mean IoU (class),False,2011.08577,1811.11721,83.0,81.4,1
Semantic Segmentation | Cityscapes test,Semantic Segmentation,Cityscapes test,Mean IoU (class),False,1611.08323,1908.07919,71.8,81.6,0
Semantic Segmentation | Cityscapes test,Semantic Segmentation,Cityscapes test,Mean IoU (class),False,2401.15741,2307.14179,84.83,79.9,1
Semantic Segmentation | Cityscapes test,Semantic Segmentation,Cityscapes test,Mean IoU (class),False,2101.10837,1705.08790,54.82,63.06,0
Semantic Segmentation | Cityscapes test,Semantic Segmentation,Cityscapes test,Mean IoU (class),False,2003.11883,2104.02745,83.6,85.6,0
Semantic Segmentation | Cityscapes test,Semantic Segmentation,Cityscapes test,Mean IoU (class),False,1809.09077,2011.08577,71.3,83.0,0
Semantic Segmentation | Cityscapes test,Semantic Segmentation,Cityscapes test,Mean IoU (class),False,2011.08577,1809.06323,83.0,67.3,1
Semantic Segmentation | Cityscapes test,Semantic Segmentation,Cityscapes test,Mean IoU (class),False,1912.10917,1809.00916,71.5,81.7,0
Semantic Segmentation | Cityscapes test,Semantic Segmentation,Cityscapes test,Mean IoU (class),False,1809.06323,2101.06085,67.3,82.4,0
Semantic Segmentation | Cityscapes test,Semantic Segmentation,Cityscapes test,Mean IoU (class),False,1908.07678,1811.11721,81.3,81.4,0
Semantic Segmentation | Cityscapes test,Semantic Segmentation,Cityscapes test,Mean IoU (class),False,1908.07678,1705.08790,81.3,63.06,1
Semantic Segmentation | Cityscapes test,Semantic Segmentation,Cityscapes test,Mean IoU (class),False,1904.02365,1702.08502,67.8,77.6,0
Semantic Segmentation | Cityscapes test,Semantic Segmentation,Cityscapes test,Mean IoU (class),False,1809.09077,1606.00915,71.3,70.4,1
Semantic Segmentation | Cityscapes test,Semantic Segmentation,Cityscapes test,Mean IoU (class),False,1809.02983,1909.06121,81.5,82.0,0
Semantic Segmentation | Cityscapes test,Semantic Segmentation,Cityscapes test,Mean IoU (class),False,1809.09077,1705.08790,71.3,63.06,1
Semantic Segmentation | Cityscapes test,Semantic Segmentation,Cityscapes test,Mean IoU (class),False,2003.11883,2205.08534,83.6,85.2,0
Semantic Segmentation | Cityscapes test,Semantic Segmentation,Cityscapes test,Mean IoU (class),False,2101.10837,1908.07678,54.82,81.3,0
Semantic Segmentation | Cityscapes test,Semantic Segmentation,Cityscapes test,Mean IoU (class),False,1804.09337,1908.01748,80.3,72.5,1
Semantic Segmentation | Cityscapes test,Semantic Segmentation,Cityscapes test,Mean IoU (class),False,1612.01105,2003.11883,80.2,83.6,0
Semantic Segmentation | Cityscapes test,Semantic Segmentation,Cityscapes test,Mean IoU (class),False,1909.07229,2104.02745,83.3,85.6,0
Semantic Segmentation | Cityscapes test,Semantic Segmentation,Cityscapes test,Mean IoU (class),False,1809.02983,1912.10917,81.5,71.5,1
Semantic Segmentation | Cityscapes test,Semantic Segmentation,Cityscapes test,Mean IoU (class),False,1911.10194,1909.06121,84.2,82.0,1
Semantic Segmentation | Cityscapes test,Semantic Segmentation,Cityscapes test,Mean IoU (class),False,1809.09077,1611.08323,71.3,71.8,0
Semantic Segmentation | Cityscapes test,Semantic Segmentation,Cityscapes test,Mean IoU (class),False,1612.01105,1705.08790,80.2,63.06,1
Semantic Segmentation | Cityscapes test,Semantic Segmentation,Cityscapes test,Mean IoU (class),False,2003.11883,1811.11721,83.6,81.4,1
Semantic Segmentation | Cityscapes test,Semantic Segmentation,Cityscapes test,Mean IoU (class),False,1702.08502,1906.09826,77.6,70.7,1
Semantic Segmentation | Cityscapes test,Semantic Segmentation,Cityscapes test,Mean IoU (class),False,1809.09077,1908.01748,71.3,72.5,0
Semantic Segmentation | Cityscapes test,Semantic Segmentation,Cityscapes test,Mean IoU (class),False,1902.04502,1702.08502,68.0,77.6,0
Semantic Segmentation | Cityscapes test,Semantic Segmentation,Cityscapes test,Mean IoU (class),False,2401.15741,2104.02745,84.83,85.6,0
Semantic Segmentation | Cityscapes test,Semantic Segmentation,Cityscapes test,Mean IoU (class),False,2401.15741,1912.10917,84.83,71.5,1
Semantic Segmentation | Cityscapes test,Semantic Segmentation,Cityscapes test,Mean IoU (class),False,1611.08323,2104.02745,71.8,85.6,0
Semantic Segmentation | Cityscapes test,Semantic Segmentation,Cityscapes test,Mean IoU (class),False,1809.02983,2312.02021,81.5,86.4,0
Semantic Segmentation | Cityscapes test,Semantic Segmentation,Cityscapes test,Mean IoU (class),False,1511.07122,1702.08502,67.1,77.6,0
Semantic Segmentation | Cityscapes test,Semantic Segmentation,Cityscapes test,Mean IoU (class),False,1611.08323,1908.01748,71.8,72.5,0
Semantic Segmentation | Cityscapes test,Semantic Segmentation,Cityscapes test,Mean IoU (class),False,1511.07122,1811.11721,67.1,81.4,0
Semantic Segmentation | Cityscapes test,Semantic Segmentation,Cityscapes test,Mean IoU (class),False,2003.11883,1911.10194,83.6,84.2,0
Semantic Segmentation | Cityscapes test,Semantic Segmentation,Cityscapes test,Mean IoU (class),False,1809.06323,1704.08545,67.3,70.6,0
Semantic Segmentation | Cityscapes test,Semantic Segmentation,Cityscapes test,Mean IoU (class),False,2101.06085,1908.01748,82.4,72.5,1
Semantic Segmentation | Cityscapes test,Semantic Segmentation,Cityscapes test,Mean IoU (class),False,2101.10837,1911.10194,54.82,84.2,0
Semantic Segmentation | Cityscapes test,Semantic Segmentation,Cityscapes test,Mean IoU (class),False,1909.02651,1909.06121,81.0,82.0,0
Semantic Segmentation | Cityscapes test,Semantic Segmentation,Cityscapes test,Mean IoU (class),False,1809.02983,1908.01748,81.5,72.5,1
Semantic Segmentation | Cityscapes test,Semantic Segmentation,Cityscapes test,Mean IoU (class),False,1606.00915,2012.15840,70.4,81.64,0
Semantic Segmentation | Cityscapes test,Semantic Segmentation,Cityscapes test,Mean IoU (class),False,1809.02983,2101.10837,81.5,54.82,1
Semantic Segmentation | Cityscapes test,Semantic Segmentation,Cityscapes test,Mean IoU (class),False,1809.02983,1909.02651,81.5,81.0,1
Semantic Segmentation | Cityscapes test,Semantic Segmentation,Cityscapes test,Mean IoU (class),False,1909.11065,1705.08790,84.5,63.06,1
Semantic Segmentation | Cityscapes test,Semantic Segmentation,Cityscapes test,Mean IoU (class),False,2003.11883,1702.08502,83.6,77.6,1
Semantic Segmentation | Cityscapes test,Semantic Segmentation,Cityscapes test,Mean IoU (class),False,2101.06085,2307.14179,82.4,79.9,1
Semantic Segmentation | Cityscapes test,Semantic Segmentation,Cityscapes test,Mean IoU (class),False,1804.09337,1811.11721,80.3,81.4,0
Semantic Segmentation | Cityscapes test,Semantic Segmentation,Cityscapes test,Mean IoU (class),False,1912.10917,2101.06085,71.5,82.4,0
Semantic Segmentation | Cityscapes test,Semantic Segmentation,Cityscapes test,Mean IoU (class),False,2003.11883,1705.08790,83.6,63.06,1
Semantic Segmentation | Cityscapes test,Semantic Segmentation,Cityscapes test,Mean IoU (class),False,1912.10917,2312.02021,71.5,86.4,0
Semantic Segmentation | Cityscapes test,Semantic Segmentation,Cityscapes test,Mean IoU (class),False,1809.06323,1809.00916,67.3,81.7,0
Semantic Segmentation | Cityscapes test,Semantic Segmentation,Cityscapes test,Mean IoU (class),False,2401.15741,1804.09337,84.83,80.3,1
Semantic Segmentation | Cityscapes test,Semantic Segmentation,Cityscapes test,Mean IoU (class),False,1809.09077,1809.00916,71.3,81.7,0
Semantic Segmentation | Cityscapes test,Semantic Segmentation,Cityscapes test,Mean IoU (class),False,2003.11883,1809.00916,83.6,81.7,1
Semantic Segmentation | Cityscapes test,Semantic Segmentation,Cityscapes test,Mean IoU (class),False,1611.08323,1702.08502,71.8,77.6,0
Semantic Segmentation | Cityscapes test,Semantic Segmentation,Cityscapes test,Mean IoU (class),False,2205.08534,1811.11721,85.2,81.4,1
Semantic Segmentation | Cityscapes test,Semantic Segmentation,Cityscapes test,Mean IoU (class),False,2101.10837,1809.00916,54.82,81.7,0
Semantic Segmentation | Cityscapes test,Semantic Segmentation,Cityscapes test,Mean IoU (class),False,1504.01013,1702.08502,71.6,77.6,0
Semantic Segmentation | Cityscapes test,Semantic Segmentation,Cityscapes test,Mean IoU (class),False,2004.08955,2401.15741,83.3,84.83,0
Semantic Segmentation | Cityscapes test,Semantic Segmentation,Cityscapes test,Mean IoU (class),False,1908.01748,2403.10662,72.5,76.41,0
Semantic Segmentation | Cityscapes test,Semantic Segmentation,Cityscapes test,Mean IoU (class),False,2101.10837,2403.10662,54.82,76.41,0
Semantic Segmentation | Cityscapes test,Semantic Segmentation,Cityscapes test,Mean IoU (class),False,2011.08577,1705.08790,83.0,63.06,1
Semantic Segmentation | Cityscapes test,Semantic Segmentation,Cityscapes test,Mean IoU (class),False,1511.07122,2312.02021,67.1,86.4,0
Semantic Segmentation | Cityscapes test,Semantic Segmentation,Cityscapes test,Mean IoU (class),False,2101.06085,2401.10891,82.4,84.8,0
Semantic Segmentation | Cityscapes test,Semantic Segmentation,Cityscapes test,Mean IoU (class),False,1504.01013,1809.06323,71.6,67.3,1
Semantic Segmentation | Cityscapes test,Semantic Segmentation,Cityscapes test,Mean IoU (class),False,1809.02983,1912.06683,81.5,70.75,1
Semantic Segmentation | Cityscapes test,Semantic Segmentation,Cityscapes test,Mean IoU (class),False,2401.10891,2403.10662,84.8,76.41,1
Semantic Segmentation | Cityscapes test,Semantic Segmentation,Cityscapes test,Mean IoU (class),False,2104.02745,2312.02021,85.6,86.4,0
Semantic Segmentation | Cityscapes test,Semantic Segmentation,Cityscapes test,Mean IoU (class),False,2003.11883,2307.14179,83.6,79.9,1
Semantic Segmentation | Cityscapes test,Semantic Segmentation,Cityscapes test,Mean IoU (class),False,2003.11883,2401.10891,83.6,84.8,0
Semantic Segmentation | Cityscapes test,Semantic Segmentation,Cityscapes test,Mean IoU (class),False,1909.02651,1908.01748,81.0,72.5,1
Semantic Segmentation | Cityscapes test,Semantic Segmentation,Cityscapes test,Mean IoU (class),False,1611.08323,1809.00916,71.8,81.7,0
Semantic Segmentation | Cityscapes test,Semantic Segmentation,Cityscapes test,Mean IoU (class),False,1904.02365,1912.10917,67.8,71.5,0
Semantic Segmentation | Cityscapes test,Semantic Segmentation,Cityscapes test,Mean IoU (class),False,1809.02983,1908.07919,81.5,81.6,0
Semantic Segmentation | Cityscapes test,Semantic Segmentation,Cityscapes test,Mean IoU (class),False,2401.10891,1906.09826,84.8,70.7,1
Semantic Segmentation | Cityscapes test,Semantic Segmentation,Cityscapes test,Mean IoU (class),False,2004.08955,2012.15840,83.3,81.64,1
Semantic Segmentation | Cityscapes test,Semantic Segmentation,Cityscapes test,Mean IoU (class),False,1909.06121,1908.01748,82.0,72.5,1
Semantic Segmentation | Cityscapes test,Semantic Segmentation,Cityscapes test,Mean IoU (class),False,1809.00916,2012.15840,81.7,81.64,1
Semantic Segmentation | Cityscapes test,Semantic Segmentation,Cityscapes test,Mean IoU (class),False,1606.00915,1909.11065,70.4,84.5,0
Semantic Segmentation | Cityscapes test,Semantic Segmentation,Cityscapes test,Mean IoU (class),False,2012.15840,2401.10891,81.64,84.8,0
Semantic Segmentation | Cityscapes test,Semantic Segmentation,Cityscapes test,Mean IoU (class),False,1909.11065,2101.06085,84.5,82.4,1
Semantic Segmentation | Cityscapes test,Semantic Segmentation,Cityscapes test,Mean IoU (class),False,1804.09337,1908.07919,80.3,81.6,0
Semantic Segmentation | Cityscapes test,Semantic Segmentation,Cityscapes test,Mean IoU (class),False,2401.15741,1906.09826,84.83,70.7,1
Semantic Segmentation | Cityscapes test,Semantic Segmentation,Cityscapes test,Mean IoU (class),False,2003.11883,2401.15741,83.6,84.83,0
Semantic Segmentation | Cityscapes test,Semantic Segmentation,Cityscapes test,Mean IoU (class),False,1912.06683,1811.11721,70.75,81.4,0
Semantic Segmentation | Cityscapes test,Semantic Segmentation,Cityscapes test,Mean IoU (class),False,1912.10917,1909.06121,71.5,82.0,0
Semantic Segmentation | Cityscapes test,Semantic Segmentation,Cityscapes test,Mean IoU (class),False,1612.01105,1908.01748,80.2,72.5,1
Semantic Segmentation | Cityscapes test,Semantic Segmentation,Cityscapes test,Mean IoU (class),False,2101.10837,2401.15741,54.82,84.83,0
Semantic Segmentation | Cityscapes test,Semantic Segmentation,Cityscapes test,Mean IoU (class),False,1606.00915,2101.10837,70.4,54.82,1
Semantic Segmentation | Cityscapes test,Semantic Segmentation,Cityscapes test,Mean IoU (class),False,2003.11883,1611.08323,83.6,71.8,1
Semantic Segmentation | Cityscapes test,Semantic Segmentation,Cityscapes test,Mean IoU (class),False,1912.10917,1908.07678,71.5,81.3,0
Semantic Segmentation | Cityscapes test,Semantic Segmentation,Cityscapes test,Mean IoU (class),False,1504.01013,1612.01105,71.6,80.2,0
Semantic Segmentation | Cityscapes test,Semantic Segmentation,Cityscapes test,Mean IoU (class),False,1912.06683,2403.10662,70.75,76.41,0
Semantic Segmentation | Cityscapes test,Semantic Segmentation,Cityscapes test,Mean IoU (class),False,1904.02365,1809.06323,67.8,67.3,1
Semantic Segmentation | Cityscapes test,Semantic Segmentation,Cityscapes test,Mean IoU (class),False,1606.00915,1909.02651,70.4,81.0,0
Semantic Segmentation | Cityscapes test,Semantic Segmentation,Cityscapes test,Mean IoU (class),False,1606.00915,1809.00916,70.4,81.7,0
Semantic Segmentation | Cityscapes test,Semantic Segmentation,Cityscapes test,Mean IoU (class),False,1504.01013,1912.10917,71.6,71.5,1
Semantic Segmentation | Cityscapes test,Semantic Segmentation,Cityscapes test,Mean IoU (class),False,1504.01013,1911.10194,71.6,84.2,0
Semantic Segmentation | Cityscapes test,Semantic Segmentation,Cityscapes test,Mean IoU (class),False,1909.02651,2403.10662,81.0,76.41,1
Semantic Segmentation | Cityscapes test,Semantic Segmentation,Cityscapes test,Mean IoU (class),False,1909.02651,1804.09337,81.0,80.3,1
Semantic Segmentation | Cityscapes test,Semantic Segmentation,Cityscapes test,Mean IoU (class),False,1909.07229,1804.09337,83.3,80.3,1
Semantic Segmentation | Cityscapes test,Semantic Segmentation,Cityscapes test,Mean IoU (class),False,1909.11065,1811.11721,84.5,81.4,1
Semantic Segmentation | Cityscapes test,Semantic Segmentation,Cityscapes test,Mean IoU (class),False,2312.02021,1908.01748,86.4,72.5,1
Semantic Segmentation | Cityscapes test,Semantic Segmentation,Cityscapes test,Mean IoU (class),False,1809.09077,1908.07919,71.3,81.6,0
Semantic Segmentation | Cityscapes test,Semantic Segmentation,Cityscapes test,Mean IoU (class),False,1612.01105,1702.08502,80.2,77.6,1
Semantic Segmentation | Cityscapes test,Semantic Segmentation,Cityscapes test,Mean IoU (class),False,2104.02745,2307.14179,85.6,79.9,1
Semantic Segmentation | Cityscapes test,Semantic Segmentation,Cityscapes test,Mean IoU (class),False,1908.01748,2307.14179,72.5,79.9,0
Semantic Segmentation | Cityscapes test,Semantic Segmentation,Cityscapes test,Mean IoU (class),False,1612.01105,1911.10194,80.2,84.2,0
Semantic Segmentation | Cityscapes test,Semantic Segmentation,Cityscapes test,Mean IoU (class),False,1909.06121,1811.11721,82.0,81.4,1
Semantic Segmentation | Cityscapes test,Semantic Segmentation,Cityscapes test,Mean IoU (class),False,2401.15741,1811.11721,84.83,81.4,1
Semantic Segmentation | Cityscapes test,Semantic Segmentation,Cityscapes test,Mean IoU (class),False,1809.09077,1909.11065,71.3,84.5,0
Semantic Segmentation | Cityscapes test,Semantic Segmentation,Cityscapes test,Mean IoU (class),False,2101.10837,1704.08545,54.82,70.6,0
Semantic Segmentation | Cityscapes test,Semantic Segmentation,Cityscapes test,Mean IoU (class),False,2307.14179,1702.08502,79.9,77.6,1
Semantic Segmentation | Cityscapes test,Semantic Segmentation,Cityscapes test,Mean IoU (class),False,1804.09337,1704.08545,80.3,70.6,1
Semantic Segmentation | Cityscapes test,Semantic Segmentation,Cityscapes test,Mean IoU (class),False,1909.11065,1912.06683,84.5,70.75,1
Semantic Segmentation | Cityscapes test,Semantic Segmentation,Cityscapes test,Mean IoU (class),False,2011.08577,2307.14179,83.0,79.9,1
Semantic Segmentation | Cityscapes test,Semantic Segmentation,Cityscapes test,Mean IoU (class),False,1504.01013,1902.04502,71.6,68.0,1
Semantic Segmentation | Cityscapes test,Semantic Segmentation,Cityscapes test,Mean IoU (class),False,1912.10917,2403.10662,71.5,76.41,0
Semantic Segmentation | Cityscapes test,Semantic Segmentation,Cityscapes test,Mean IoU (class),False,1704.08545,2012.15840,70.6,81.64,0
Semantic Segmentation | Cityscapes test,Semantic Segmentation,Cityscapes test,Mean IoU (class),False,2312.02021,2012.15840,86.4,81.64,1
Semantic Segmentation | Cityscapes test,Semantic Segmentation,Cityscapes test,Mean IoU (class),False,2101.10837,1511.07122,54.82,67.1,0
Semantic Segmentation | Cityscapes test,Semantic Segmentation,Cityscapes test,Mean IoU (class),False,1904.02365,1912.06683,67.8,70.75,0
Semantic Segmentation | Cityscapes test,Semantic Segmentation,Cityscapes test,Mean IoU (class),False,2205.08534,2101.06085,85.2,82.4,1
Semantic Segmentation | Cityscapes test,Semantic Segmentation,Cityscapes test,Mean IoU (class),False,2004.08955,1911.10194,83.3,84.2,0
Semantic Segmentation | Cityscapes test,Semantic Segmentation,Cityscapes test,Mean IoU (class),False,1902.04502,2012.15840,68.0,81.64,0
Semantic Segmentation | Cityscapes test,Semantic Segmentation,Cityscapes test,Mean IoU (class),False,1809.02983,2403.10662,81.5,76.41,1
Skeleton Based Action Recognition | NTU RGB+D,Skeleton Based Action Recognition,NTU RGB+D,Accuracy (CS),False,2008.03791,1611.06067,87.3,73.4,1
Skeleton Based Action Recognition | NTU RGB+D,Skeleton Based Action Recognition,NTU RGB+D,Accuracy (CS),False,2411.18941,1707.00823,93.8,80.9,1
Skeleton Based Action Recognition | NTU RGB+D,Skeleton Based Action Recognition,NTU RGB+D,Accuracy (CS),False,2208.08599,2003.03007,92.8,90.3,1
Skeleton Based Action Recognition | NTU RGB+D,Skeleton Based Action Recognition,NTU RGB+D,Accuracy (CS),False,2007.14690,1912.11521,91.5,90.3,1
Skeleton Based Action Recognition | NTU RGB+D,Skeleton Based Action Recognition,NTU RGB+D,Accuracy (CS),False,2205.09443,2008.03791,92.6,87.3,1
Skeleton Based Action Recognition | NTU RGB+D,Skeleton Based Action Recognition,NTU RGB+D,Accuracy (CS),False,2407.12312,1804.07453,93.7,89.4,1
Skeleton Based Action Recognition | NTU RGB+D,Skeleton Based Action Recognition,NTU RGB+D,Accuracy (CS),False,1804.07453,2104.13586,89.4,94.1,0
Skeleton Based Action Recognition | NTU RGB+D,Skeleton Based Action Recognition,NTU RGB+D,Accuracy (CS),False,2301.13090,1911.04131,90.0,89.4,1
Skeleton Based Action Recognition | NTU RGB+D,Skeleton Based Action Recognition,NTU RGB+D,Accuracy (CS),False,2205.09443,2104.13586,92.6,94.1,0
Skeleton Based Action Recognition | NTU RGB+D,Skeleton Based Action Recognition,NTU RGB+D,Accuracy (CS),False,2407.15706,2208.08599,93.5,92.8,1
Skeleton Based Action Recognition | NTU RGB+D,Skeleton Based Action Recognition,NTU RGB+D,Accuracy (CS),False,1805.11790,1611.06067,79.6,73.4,1
Skeleton Based Action Recognition | NTU RGB+D,Skeleton Based Action Recognition,NTU RGB+D,Accuracy (CS),False,2407.12312,2106.15125,93.7,92.1,1
Skeleton Based Action Recognition | NTU RGB+D,Skeleton Based Action Recognition,NTU RGB+D,Accuracy (CS),False,2203.11009,1911.04131,88.9,89.4,0
Skeleton Based Action Recognition | NTU RGB+D,Skeleton Based Action Recognition,NTU RGB+D,Accuracy (CS),False,2012.14371,2104.13586,91.56,94.1,0
Skeleton Based Action Recognition | NTU RGB+D,Skeleton Based Action Recognition,NTU RGB+D,Accuracy (CS),False,2301.13090,2208.08599,90.0,92.8,0
Skeleton Based Action Recognition | NTU RGB+D,Skeleton Based Action Recognition,NTU RGB+D,Accuracy (CS),False,2007.15678,1805.02556,89.7,80.7,1
Skeleton Based Action Recognition | NTU RGB+D,Skeleton Based Action Recognition,NTU RGB+D,Accuracy (CS),False,2407.12322,2012.14371,93.6,91.56,1
Skeleton Based Action Recognition | NTU RGB+D,Skeleton Based Action Recognition,NTU RGB+D,Accuracy (CS),False,2301.13090,1904.01189,90.0,89.0,1
Skeleton Based Action Recognition | NTU RGB+D,Skeleton Based Action Recognition,NTU RGB+D,Accuracy (CS),False,1804.07453,2211.09590,89.4,92.9,0
Skeleton Based Action Recognition | NTU RGB+D,Skeleton Based Action Recognition,NTU RGB+D,Accuracy (CS),False,2208.05775,2106.15125,92.9,92.1,1
Skeleton Based Action Recognition | NTU RGB+D,Skeleton Based Action Recognition,NTU RGB+D,Accuracy (CS),False,2205.09443,2007.14690,92.6,91.5,1
Skeleton Based Action Recognition | NTU RGB+D,Skeleton Based Action Recognition,NTU RGB+D,Accuracy (CS),False,2208.05775,1804.08254,92.9,82.67,1
Skeleton Based Action Recognition | NTU RGB+D,Skeleton Based Action Recognition,NTU RGB+D,Accuracy (CS),False,2203.11009,2104.13586,88.9,94.1,0
Skeleton Based Action Recognition | NTU RGB+D,Skeleton Based Action Recognition,NTU RGB+D,Accuracy (CS),False,2003.07564,2008.03791,90.2,87.3,1
Skeleton Based Action Recognition | NTU RGB+D,Skeleton Based Action Recognition,NTU RGB+D,Accuracy (CS),False,2008.07404,2407.12322,89.9,93.6,0
Skeleton Based Action Recognition | NTU RGB+D,Skeleton Based Action Recognition,NTU RGB+D,Accuracy (CS),False,2407.15706,2211.09590,93.5,92.9,1
Skeleton Based Action Recognition | NTU RGB+D,Skeleton Based Action Recognition,NTU RGB+D,Accuracy (CS),False,1707.00823,1904.01189,80.9,89.0,0
Skeleton Based Action Recognition | NTU RGB+D,Skeleton Based Action Recognition,NTU RGB+D,Accuracy (CS),False,1807.04445,1805.02556,79.8,80.7,0
Skeleton Based Action Recognition | NTU RGB+D,Skeleton Based Action Recognition,NTU RGB+D,Accuracy (CS),False,2106.15125,2210.05895,92.1,93.2,0
Skeleton Based Action Recognition | NTU RGB+D,Skeleton Based Action Recognition,NTU RGB+D,Accuracy (CS),False,2210.05895,1911.04131,93.2,89.4,1
Skeleton Based Action Recognition | NTU RGB+D,Skeleton Based Action Recognition,NTU RGB+D,Accuracy (CS),False,2407.12322,1707.00823,93.6,80.9,1
Skeleton Based Action Recognition | NTU RGB+D,Skeleton Based Action Recognition,NTU RGB+D,Accuracy (CS),False,2407.12312,1809.04983,93.7,87.5,1
Skeleton Based Action Recognition | NTU RGB+D,Skeleton Based Action Recognition,NTU RGB+D,Accuracy (CS),False,2208.08599,1611.06067,92.8,73.4,1
Skeleton Based Action Recognition | NTU RGB+D,Skeleton Based Action Recognition,NTU RGB+D,Accuracy (CS),False,1704.02581,1805.11790,71.3,79.6,0
Skeleton Based Action Recognition | NTU RGB+D,Skeleton Based Action Recognition,NTU RGB+D,Accuracy (CS),False,2008.07404,2106.15125,89.9,92.1,0
Skeleton Based Action Recognition | NTU RGB+D,Skeleton Based Action Recognition,NTU RGB+D,Accuracy (CS),False,2203.11009,2210.06551,88.9,93.0,0
Skeleton Based Action Recognition | NTU RGB+D,Skeleton Based Action Recognition,NTU RGB+D,Accuracy (CS),False,2106.15125,2003.03007,92.1,90.3,1
Skeleton Based Action Recognition | NTU RGB+D,Skeleton Based Action Recognition,NTU RGB+D,Accuracy (CS),False,1910.06251,1912.11521,86.7,90.3,0
Skeleton Based Action Recognition | NTU RGB+D,Skeleton Based Action Recognition,NTU RGB+D,Accuracy (CS),False,2407.12312,1811.04237,93.7,89.1,1
Skeleton Based Action Recognition | NTU RGB+D,Skeleton Based Action Recognition,NTU RGB+D,Accuracy (CS),False,1704.02581,1904.12659,71.3,86.8,0
Skeleton Based Action Recognition | NTU RGB+D,Skeleton Based Action Recognition,NTU RGB+D,Accuracy (CS),False,2007.15678,1811.04237,89.7,89.1,1
Skeleton Based Action Recognition | NTU RGB+D,Skeleton Based Action Recognition,NTU RGB+D,Accuracy (CS),False,1911.04131,1805.02556,89.4,80.7,1
Skeleton Based Action Recognition | NTU RGB+D,Skeleton Based Action Recognition,NTU RGB+D,Accuracy (CS),False,2007.14690,2312.01697,91.5,94.3,0
Skeleton Based Action Recognition | NTU RGB+D,Skeleton Based Action Recognition,NTU RGB+D,Accuracy (CS),False,2210.06551,2208.08599,93.0,92.8,1
Skeleton Based Action Recognition | NTU RGB+D,Skeleton Based Action Recognition,NTU RGB+D,Accuracy (CS),False,2008.03791,1904.01189,87.3,89.0,0
Skeleton Based Action Recognition | NTU RGB+D,Skeleton Based Action Recognition,NTU RGB+D,Accuracy (CS),False,1906.09955,1805.02556,83.36,80.7,1
Skeleton Based Action Recognition | NTU RGB+D,Skeleton Based Action Recognition,NTU RGB+D,Accuracy (CS),False,1906.09955,2007.14690,83.36,91.5,0
Skeleton Based Action Recognition | NTU RGB+D,Skeleton Based Action Recognition,NTU RGB+D,Accuracy (CS),False,2208.08599,1811.04237,92.8,89.1,1
Skeleton Based Action Recognition | NTU RGB+D,Skeleton Based Action Recognition,NTU RGB+D,Accuracy (CS),False,2210.06551,2008.03791,93.0,87.3,1
Skeleton Based Action Recognition | NTU RGB+D,Skeleton Based Action Recognition,NTU RGB+D,Accuracy (CS),False,2203.11009,2208.08599,88.9,92.8,0
Skeleton Based Action Recognition | NTU RGB+D,Skeleton Based Action Recognition,NTU RGB+D,Accuracy (CS),False,2003.03007,2007.14690,90.3,91.5,0
Skeleton Based Action Recognition | NTU RGB+D,Skeleton Based Action Recognition,NTU RGB+D,Accuracy (CS),False,1906.09955,2211.09590,83.36,92.9,0
Skeleton Based Action Recognition | NTU RGB+D,Skeleton Based Action Recognition,NTU RGB+D,Accuracy (CS),False,1704.02581,2007.14690,71.3,91.5,0
Skeleton Based Action Recognition | NTU RGB+D,Skeleton Based Action Recognition,NTU RGB+D,Accuracy (CS),False,2203.11009,2003.03007,88.9,90.3,0
Skeleton Based Action Recognition | NTU RGB+D,Skeleton Based Action Recognition,NTU RGB+D,Accuracy (CS),False,2407.15706,2210.06551,93.5,93.0,1
Skeleton Based Action Recognition | NTU RGB+D,Skeleton Based Action Recognition,NTU RGB+D,Accuracy (CS),False,1809.04983,2312.01697,87.5,94.3,0
Skeleton Based Action Recognition | NTU RGB+D,Skeleton Based Action Recognition,NTU RGB+D,Accuracy (CS),False,2411.18941,1811.04237,93.8,89.1,1
Skeleton Based Action Recognition | NTU RGB+D,Skeleton Based Action Recognition,NTU RGB+D,Accuracy (CS),False,2012.14371,1604.02808,91.56,62.93,1
Skeleton Based Action Recognition | NTU RGB+D,Skeleton Based Action Recognition,NTU RGB+D,Accuracy (CS),False,2106.15125,1904.01189,92.1,89.0,1
Skeleton Based Action Recognition | NTU RGB+D,Skeleton Based Action Recognition,NTU RGB+D,Accuracy (CS),False,1906.09955,2106.15125,83.36,92.1,0
Skeleton Based Action Recognition | NTU RGB+D,Skeleton Based Action Recognition,NTU RGB+D,Accuracy (CS),False,1611.06067,1904.01189,73.4,89.0,0
Skeleton Based Action Recognition | NTU RGB+D,Skeleton Based Action Recognition,NTU RGB+D,Accuracy (CS),False,1809.04983,2104.13586,87.5,94.1,0
Skeleton Based Action Recognition | NTU RGB+D,Skeleton Based Action Recognition,NTU RGB+D,Accuracy (CS),False,1904.12659,1611.06067,86.8,73.4,1
Skeleton Based Action Recognition | NTU RGB+D,Skeleton Based Action Recognition,NTU RGB+D,Accuracy (CS),False,2007.14690,2104.13586,91.5,94.1,0
Skeleton Based Action Recognition | NTU RGB+D,Skeleton Based Action Recognition,NTU RGB+D,Accuracy (CS),False,2008.03791,2312.01697,87.3,94.3,0
Skeleton Based Action Recognition | NTU RGB+D,Skeleton Based Action Recognition,NTU RGB+D,Accuracy (CS),False,2407.12312,2210.05895,93.7,93.2,1
Skeleton Based Action Recognition | NTU RGB+D,Skeleton Based Action Recognition,NTU RGB+D,Accuracy (CS),False,2008.03791,1910.06251,87.3,86.7,1
Skeleton Based Action Recognition | NTU RGB+D,Skeleton Based Action Recognition,NTU RGB+D,Accuracy (CS),False,2211.09590,1910.06251,92.9,86.7,1
Skeleton Based Action Recognition | NTU RGB+D,Skeleton Based Action Recognition,NTU RGB+D,Accuracy (CS),False,1805.11790,1804.08254,79.6,82.67,0
Skeleton Based Action Recognition | NTU RGB+D,Skeleton Based Action Recognition,NTU RGB+D,Accuracy (CS),False,1704.02581,1707.00823,71.3,80.9,0
Skeleton Based Action Recognition | NTU RGB+D,Skeleton Based Action Recognition,NTU RGB+D,Accuracy (CS),False,1704.02581,2407.15706,71.3,93.5,0
Skeleton Based Action Recognition | NTU RGB+D,Skeleton Based Action Recognition,NTU RGB+D,Accuracy (CS),False,2003.03007,1805.02556,90.3,80.7,1
Skeleton Based Action Recognition | NTU RGB+D,Skeleton Based Action Recognition,NTU RGB+D,Accuracy (CS),False,2210.06551,2205.09443,93.0,92.6,1
Skeleton Based Action Recognition | NTU RGB+D,Skeleton Based Action Recognition,NTU RGB+D,Accuracy (CS),False,1604.02808,2007.14690,62.93,91.5,0
Skeleton Based Action Recognition | NTU RGB+D,Skeleton Based Action Recognition,NTU RGB+D,Accuracy (CS),False,1910.06251,1805.02556,86.7,80.7,1
Skeleton Based Action Recognition | NTU RGB+D,Skeleton Based Action Recognition,NTU RGB+D,Accuracy (CS),False,1704.02581,2007.15678,71.3,89.7,0
Skeleton Based Action Recognition | NTU RGB+D,Skeleton Based Action Recognition,NTU RGB+D,Accuracy (CS),False,1904.12659,2008.03791,86.8,87.3,0
Skeleton Based Action Recognition | NTU RGB+D,Skeleton Based Action Recognition,NTU RGB+D,Accuracy (CS),False,1904.12659,1805.02556,86.8,80.7,1
Skeleton Based Action Recognition | NTU RGB+D,Skeleton Based Action Recognition,NTU RGB+D,Accuracy (CS),False,1604.02808,1910.06251,62.93,86.7,0
Skeleton Based Action Recognition | NTU RGB+D,Skeleton Based Action Recognition,NTU RGB+D,Accuracy (CS),False,2301.13090,1807.04445,90.0,79.8,1
Skeleton Based Action Recognition | NTU RGB+D,Skeleton Based Action Recognition,NTU RGB+D,Accuracy (CS),False,2007.15678,1911.04131,89.7,89.4,1
Skeleton Based Action Recognition | NTU RGB+D,Skeleton Based Action Recognition,NTU RGB+D,Accuracy (CS),False,1804.07453,1811.04237,89.4,89.1,1
Skeleton Based Action Recognition | NTU RGB+D,Skeleton Based Action Recognition,NTU RGB+D,Accuracy (CS),False,2012.14371,1809.04983,91.56,87.5,1
Skeleton Based Action Recognition | NTU RGB+D,Skeleton Based Action Recognition,NTU RGB+D,Accuracy (CS),False,2211.09590,2010.07367,92.9,85.2,1
Skeleton Based Action Recognition | NTU RGB+D,Skeleton Based Action Recognition,NTU RGB+D,Accuracy (CS),False,1604.02808,2010.07367,62.93,85.2,0
Skeleton Based Action Recognition | NTU RGB+D,Skeleton Based Action Recognition,NTU RGB+D,Accuracy (CS),False,1804.07453,2106.15125,89.4,92.1,0
Skeleton Based Action Recognition | NTU RGB+D,Skeleton Based Action Recognition,NTU RGB+D,Accuracy (CS),False,2301.13090,2210.06551,90.0,93.0,0
Skeleton Based Action Recognition | NTU RGB+D,Skeleton Based Action Recognition,NTU RGB+D,Accuracy (CS),False,2008.07404,2003.03007,89.9,90.3,0
Skeleton Based Action Recognition | NTU RGB+D,Skeleton Based Action Recognition,NTU RGB+D,Accuracy (CS),False,2208.08599,2010.07367,92.8,85.2,1
Skeleton Based Action Recognition | NTU RGB+D,Skeleton Based Action Recognition,NTU RGB+D,Accuracy (CS),False,2210.06551,1611.06067,93.0,73.4,1
Skeleton Based Action Recognition | NTU RGB+D,Skeleton Based Action Recognition,NTU RGB+D,Accuracy (CS),False,2411.18941,1805.02556,93.8,80.7,1
Skeleton Based Action Recognition | NTU RGB+D,Skeleton Based Action Recognition,NTU RGB+D,Accuracy (CS),False,1906.09955,2203.11009,83.36,88.9,0
Skeleton Based Action Recognition | NTU RGB+D,Skeleton Based Action Recognition,NTU RGB+D,Accuracy (CS),False,1811.04237,1809.04983,89.1,87.5,1
Skeleton Based Action Recognition | NTU RGB+D,Skeleton Based Action Recognition,NTU RGB+D,Accuracy (CS),False,2203.11009,1707.00823,88.9,80.9,1
Skeleton Based Action Recognition | NTU RGB+D,Skeleton Based Action Recognition,NTU RGB+D,Accuracy (CS),False,2411.18941,1911.04131,93.8,89.4,1
Skeleton Based Action Recognition | NTU RGB+D,Skeleton Based Action Recognition,NTU RGB+D,Accuracy (CS),False,2012.14371,2106.15125,91.56,92.1,0
Skeleton Based Action Recognition | NTU RGB+D,Skeleton Based Action Recognition,NTU RGB+D,Accuracy (CS),False,2208.05775,2312.01697,92.9,94.3,0
Skeleton Based Action Recognition | NTU RGB+D,Skeleton Based Action Recognition,NTU RGB+D,Accuracy (CS),False,1704.02581,1804.07453,71.3,89.4,0
Skeleton Based Action Recognition | NTU RGB+D,Skeleton Based Action Recognition,NTU RGB+D,Accuracy (CS),False,2205.09443,1611.06067,92.6,73.4,1
Skeleton Based Action Recognition | NTU RGB+D,Skeleton Based Action Recognition,NTU RGB+D,Accuracy (CS),False,2203.11009,2008.07404,88.9,89.9,0
Skeleton Based Action Recognition | NTU RGB+D,Skeleton Based Action Recognition,NTU RGB+D,Accuracy (CS),False,2210.05895,2104.13586,93.2,94.1,0
Skeleton Based Action Recognition | NTU RGB+D,Skeleton Based Action Recognition,NTU RGB+D,Accuracy (CS),False,2003.03007,2205.09443,90.3,92.6,0
Skeleton Based Action Recognition | NTU RGB+D,Skeleton Based Action Recognition,NTU RGB+D,Accuracy (CS),False,2008.07404,2012.14371,89.9,91.56,0
Skeleton Based Action Recognition | NTU RGB+D,Skeleton Based Action Recognition,NTU RGB+D,Accuracy (CS),False,1805.11790,1904.12659,79.6,86.8,0
Skeleton Based Action Recognition | NTU RGB+D,Skeleton Based Action Recognition,NTU RGB+D,Accuracy (CS),False,2301.13090,1910.06251,90.0,86.7,1
Skeleton Based Action Recognition | NTU RGB+D,Skeleton Based Action Recognition,NTU RGB+D,Accuracy (CS),False,2208.05775,2205.09443,92.9,92.6,1
Skeleton Based Action Recognition | NTU RGB+D,Skeleton Based Action Recognition,NTU RGB+D,Accuracy (CS),False,2007.15678,2208.08599,89.7,92.8,0
Skeleton Based Action Recognition | NTU RGB+D,Skeleton Based Action Recognition,NTU RGB+D,Accuracy (CS),False,2407.15706,2012.14371,93.5,91.56,1
Skeleton Based Action Recognition | NTU RGB+D,Skeleton Based Action Recognition,NTU RGB+D,Accuracy (CS),False,1906.09955,2012.14371,83.36,91.56,0
Skeleton Based Action Recognition | NTU RGB+D,Skeleton Based Action Recognition,NTU RGB+D,Accuracy (CS),False,2407.15706,1811.04237,93.5,89.1,1
Skeleton Based Action Recognition | NTU RGB+D,Skeleton Based Action Recognition,NTU RGB+D,Accuracy (CS),False,2203.11009,1809.04983,88.9,87.5,1
Skeleton Based Action Recognition | NTU RGB+D,Skeleton Based Action Recognition,NTU RGB+D,Accuracy (CS),False,2210.05895,2312.01697,93.2,94.3,0
Skeleton Based Action Recognition | NTU RGB+D,Skeleton Based Action Recognition,NTU RGB+D,Accuracy (CS),False,2012.14371,2208.08599,91.56,92.8,0
Skeleton Based Action Recognition | NTU RGB+D,Skeleton Based Action Recognition,NTU RGB+D,Accuracy (CS),False,1704.02581,2210.05895,71.3,93.2,0
Skeleton Based Action Recognition | NTU RGB+D,Skeleton Based Action Recognition,NTU RGB+D,Accuracy (CS),False,2008.07404,1805.02556,89.9,80.7,1
Skeleton Based Action Recognition | NTU RGB+D,Skeleton Based Action Recognition,NTU RGB+D,Accuracy (CS),False,1604.02808,2312.01697,62.93,94.3,0
Skeleton Based Action Recognition | NTU RGB+D,Skeleton Based Action Recognition,NTU RGB+D,Accuracy (CS),False,1904.12659,2411.18941,86.8,93.8,0
Skeleton Based Action Recognition | NTU RGB+D,Skeleton Based Action Recognition,NTU RGB+D,Accuracy (CS),False,2008.03791,1805.02556,87.3,80.7,1
Skeleton Based Action Recognition | NTU RGB+D,Skeleton Based Action Recognition,NTU RGB+D,Accuracy (CS),False,2208.05775,1912.11521,92.9,90.3,1
Skeleton Based Action Recognition | NTU RGB+D,Skeleton Based Action Recognition,NTU RGB+D,Accuracy (CS),False,1805.11790,2407.15706,79.6,93.5,0
Skeleton Based Action Recognition | NTU RGB+D,Skeleton Based Action Recognition,NTU RGB+D,Accuracy (CS),False,2012.14371,2205.09443,91.56,92.6,0
Skeleton Based Action Recognition | NTU RGB+D,Skeleton Based Action Recognition,NTU RGB+D,Accuracy (CS),False,2012.14371,2210.05895,91.56,93.2,0
Skeleton Based Action Recognition | NTU RGB+D,Skeleton Based Action Recognition,NTU RGB+D,Accuracy (CS),False,1805.11790,2007.14690,79.6,91.5,0
Skeleton Based Action Recognition | NTU RGB+D,Skeleton Based Action Recognition,NTU RGB+D,Accuracy (CS),False,1804.07453,2012.14371,89.4,91.56,0
Skeleton Based Action Recognition | NTU RGB+D,Skeleton Based Action Recognition,NTU RGB+D,Accuracy (CS),False,2008.07404,1811.04237,89.9,89.1,1
Skeleton Based Action Recognition | NTU RGB+D,Skeleton Based Action Recognition,NTU RGB+D,Accuracy (CS),False,2211.09590,1809.04983,92.9,87.5,1
Skeleton Based Action Recognition | NTU RGB+D,Skeleton Based Action Recognition,NTU RGB+D,Accuracy (CS),False,1704.02581,2012.14371,71.3,91.56,0
Skeleton Based Action Recognition | NTU RGB+D,Skeleton Based Action Recognition,NTU RGB+D,Accuracy (CS),False,1906.09955,1611.06067,83.36,73.4,1
Skeleton Based Action Recognition | NTU RGB+D,Skeleton Based Action Recognition,NTU RGB+D,Accuracy (CS),False,2012.14371,1904.01189,91.56,89.0,1
Skeleton Based Action Recognition | NTU RGB+D,Skeleton Based Action Recognition,NTU RGB+D,Accuracy (CS),False,2203.11009,1804.08254,88.9,82.67,1
Skeleton Based Action Recognition | NTU RGB+D,Skeleton Based Action Recognition,NTU RGB+D,Accuracy (CS),False,2205.09443,1804.08254,92.6,82.67,1
Skeleton Based Action Recognition | NTU RGB+D,Skeleton Based Action Recognition,NTU RGB+D,Accuracy (CS),False,1804.07453,1904.12659,89.4,86.8,1
Skeleton Based Action Recognition | NTU RGB+D,Skeleton Based Action Recognition,NTU RGB+D,Accuracy (CS),False,2208.08599,2003.07564,92.8,90.2,1
Skeleton Based Action Recognition | NTU RGB+D,Skeleton Based Action Recognition,NTU RGB+D,Accuracy (CS),False,1804.07453,1809.04983,89.4,87.5,1
Skeleton Based Action Recognition | NTU RGB+D,Skeleton Based Action Recognition,NTU RGB+D,Accuracy (CS),False,2407.15706,2008.03791,93.5,87.3,1
Skeleton Based Action Recognition | NTU RGB+D,Skeleton Based Action Recognition,NTU RGB+D,Accuracy (CS),False,1805.11790,2208.05775,79.6,92.9,0
Skeleton Based Action Recognition | NTU RGB+D,Skeleton Based Action Recognition,NTU RGB+D,Accuracy (CS),False,1807.04445,2211.09590,79.8,92.9,0
Skeleton Based Action Recognition | NTU RGB+D,Skeleton Based Action Recognition,NTU RGB+D,Accuracy (CS),False,2012.14371,2312.01697,91.56,94.3,0
Skeleton Based Action Recognition | NTU RGB+D,Skeleton Based Action Recognition,NTU RGB+D,Accuracy (CS),False,1911.04131,1611.06067,89.4,73.4,1
Skeleton Based Action Recognition | NTU RGB+D,Skeleton Based Action Recognition,NTU RGB+D,Accuracy (CS),False,2210.05895,1611.06067,93.2,73.4,1
Skeleton Based Action Recognition | NTU RGB+D,Skeleton Based Action Recognition,NTU RGB+D,Accuracy (CS),False,1807.04445,2007.14690,79.8,91.5,0
Skeleton Based Action Recognition | NTU RGB+D,Skeleton Based Action Recognition,NTU RGB+D,Accuracy (CS),False,1906.09955,1809.04983,83.36,87.5,0
Skeleton Based Action Recognition | NTU RGB+D,Skeleton Based Action Recognition,NTU RGB+D,Accuracy (CS),False,1906.09955,2210.06551,83.36,93.0,0
Skeleton Based Action Recognition | NTU RGB+D,Skeleton Based Action Recognition,NTU RGB+D,Accuracy (CS),False,1807.04445,2312.01697,79.8,94.3,0
Skeleton Based Action Recognition | NTU RGB+D,Skeleton Based Action Recognition,NTU RGB+D,Accuracy (CS),False,2407.12322,2003.03007,93.6,90.3,1
Skeleton Based Action Recognition | NTU RGB+D,Skeleton Based Action Recognition,NTU RGB+D,Accuracy (CS),False,2008.07404,1804.08254,89.9,82.67,1
Skeleton Based Action Recognition | NTU RGB+D,Skeleton Based Action Recognition,NTU RGB+D,Accuracy (CS),False,2003.03007,1910.06251,90.3,86.7,1
Skeleton Based Action Recognition | NTU RGB+D,Skeleton Based Action Recognition,NTU RGB+D,Accuracy (CS),False,1805.11790,1805.02556,79.6,80.7,0
Skeleton Based Action Recognition | NTU RGB+D,Skeleton Based Action Recognition,NTU RGB+D,Accuracy (CS),False,2211.09590,2210.05895,92.9,93.2,0
Skeleton Based Action Recognition | NTU RGB+D,Skeleton Based Action Recognition,NTU RGB+D,Accuracy (CS),False,2007.14690,1904.01189,91.5,89.0,1
Skeleton Based Action Recognition | NTU RGB+D,Skeleton Based Action Recognition,NTU RGB+D,Accuracy (CS),False,1906.09955,2407.15706,83.36,93.5,0
Skeleton Based Action Recognition | NTU RGB+D,Skeleton Based Action Recognition,NTU RGB+D,Accuracy (CS),False,2211.09590,1904.01189,92.9,89.0,1
Skeleton Based Action Recognition | NTU RGB+D,Skeleton Based Action Recognition,NTU RGB+D,Accuracy (CS),False,1704.02581,1906.09955,71.3,83.36,0
Skeleton Based Action Recognition | NTU RGB+D,Skeleton Based Action Recognition,NTU RGB+D,Accuracy (CS),False,2012.14371,2211.09590,91.56,92.9,0
Skeleton Based Action Recognition | NTU RGB+D,Skeleton Based Action Recognition,NTU RGB+D,Accuracy (CS),False,2208.05775,1604.02808,92.9,62.93,1
Skeleton Based Action Recognition | NTU RGB+D,Skeleton Based Action Recognition,NTU RGB+D,Accuracy (CS),False,1912.11521,1904.01189,90.3,89.0,1
Skeleton Based Action Recognition | NTU RGB+D,Skeleton Based Action Recognition,NTU RGB+D,Accuracy (CS),False,1807.04445,1707.00823,79.8,80.9,0
Skeleton Based Action Recognition | NTU RGB+D,Skeleton Based Action Recognition,NTU RGB+D,Accuracy (CS),False,1805.02556,2010.07367,80.7,85.2,0
Skeleton Based Action Recognition | NTU RGB+D,Skeleton Based Action Recognition,NTU RGB+D,Accuracy (CS),False,2012.14371,1910.06251,91.56,86.7,1
Skeleton Based Action Recognition | NTU RGB+D,Skeleton Based Action Recognition,NTU RGB+D,Accuracy (CS),False,1809.04983,1912.11521,87.5,90.3,0
Skeleton Based Action Recognition | NTU RGB+D,Skeleton Based Action Recognition,NTU RGB+D,Accuracy (CS),False,2407.12322,1811.04237,93.6,89.1,1
Skeleton Based Action Recognition | NTU RGB+D,Skeleton Based Action Recognition,NTU RGB+D,Accuracy (CS),False,2407.12322,1804.08254,93.6,82.67,1
Skeleton Based Action Recognition | NTU RGB+D,Skeleton Based Action Recognition,NTU RGB+D,Accuracy (CS),False,2007.15678,1604.02808,89.7,62.93,1
Skeleton Based Action Recognition | NTU RGB+D,Skeleton Based Action Recognition,NTU RGB+D,Accuracy (CS),False,1805.11790,1604.02808,79.6,62.93,1
Skeleton Based Action Recognition | NTU RGB+D,Skeleton Based Action Recognition,NTU RGB+D,Accuracy (CS),False,2003.07564,1604.02808,90.2,62.93,1
Skeleton Based Action Recognition | NTU RGB+D,Skeleton Based Action Recognition,NTU RGB+D,Accuracy (CS),False,1804.07453,2407.15706,89.4,93.5,0
Skeleton Based Action Recognition | NTU RGB+D,Skeleton Based Action Recognition,NTU RGB+D,Accuracy (CS),False,2008.07404,2211.09590,89.9,92.9,0
Skeleton Based Action Recognition | NTU RGB+D,Skeleton Based Action Recognition,NTU RGB+D,Accuracy (CS),False,2106.15125,2205.09443,92.1,92.6,0
Skeleton Based Action Recognition | NTU RGB+D,Skeleton Based Action Recognition,NTU RGB+D,Accuracy (CS),False,1804.07453,1604.02808,89.4,62.93,1
Skeleton Based Action Recognition | NTU RGB+D,Skeleton Based Action Recognition,NTU RGB+D,Accuracy (CS),False,1604.02808,1611.06067,62.93,73.4,0
Skeleton Based Action Recognition | NTU RGB+D,Skeleton Based Action Recognition,NTU RGB+D,Accuracy (CS),False,2203.11009,1912.11521,88.9,90.3,0
Skeleton Based Action Recognition | NTU RGB+D,Skeleton Based Action Recognition,NTU RGB+D,Accuracy (CS),False,2407.12312,1910.06251,93.7,86.7,1
Skeleton Based Action Recognition | NTU RGB+D,Skeleton Based Action Recognition,NTU RGB+D,Accuracy (CS),False,2007.15678,2407.15706,89.7,93.5,0
Skeleton Based Action Recognition | NTU RGB+D,Skeleton Based Action Recognition,NTU RGB+D,Accuracy (CS),False,2407.15706,1707.00823,93.5,80.9,1
Skeleton Based Action Recognition | NTU RGB+D,Skeleton Based Action Recognition,NTU RGB+D,Accuracy (CS),False,2407.12312,2301.13090,93.7,90.0,1
Skeleton Based Action Recognition | NTU RGB+D,Skeleton Based Action Recognition,NTU RGB+D,Accuracy (CS),False,1704.02581,2208.05775,71.3,92.9,0
Skeleton Based Action Recognition | NTU RGB+D,Skeleton Based Action Recognition,NTU RGB+D,Accuracy (CS),False,2407.12322,2312.01697,93.6,94.3,0
Skeleton Based Action Recognition | NTU RGB+D,Skeleton Based Action Recognition,NTU RGB+D,Accuracy (CS),False,2301.13090,1805.02556,90.0,80.7,1
Skeleton Based Action Recognition | NTU RGB+D,Skeleton Based Action Recognition,NTU RGB+D,Accuracy (CS),False,2407.15706,2104.13586,93.5,94.1,0
Skeleton Based Action Recognition | NTU RGB+D,Skeleton Based Action Recognition,NTU RGB+D,Accuracy (CS),False,2210.06551,2104.13586,93.0,94.1,0
Skeleton Based Action Recognition | NTU RGB+D,Skeleton Based Action Recognition,NTU RGB+D,Accuracy (CS),False,1811.04237,2104.13586,89.1,94.1,0
Skeleton Based Action Recognition | NTU RGB+D,Skeleton Based Action Recognition,NTU RGB+D,Accuracy (CS),False,1704.02581,1611.06067,71.3,73.4,0
Skeleton Based Action Recognition | NTU RGB+D,Skeleton Based Action Recognition,NTU RGB+D,Accuracy (CS),False,1906.09955,2007.15678,83.36,89.7,0
Skeleton Based Action Recognition | NTU RGB+D,Skeleton Based Action Recognition,NTU RGB+D,Accuracy (CS),False,1804.07453,2210.05895,89.4,93.2,0
Skeleton Based Action Recognition | NTU RGB+D,Skeleton Based Action Recognition,NTU RGB+D,Accuracy (CS),False,1911.04131,2010.07367,89.4,85.2,1
Skeleton Based Action Recognition | NTU RGB+D,Skeleton Based Action Recognition,NTU RGB+D,Accuracy (CS),False,2407.12322,2003.07564,93.6,90.2,1
Skeleton Based Action Recognition | NTU RGB+D,Skeleton Based Action Recognition,NTU RGB+D,Accuracy (CS),False,2407.12312,1805.11790,93.7,79.6,1
Skeleton Based Action Recognition | NTU RGB+D,Skeleton Based Action Recognition,NTU RGB+D,Accuracy (CS),False,1904.12659,2007.14690,86.8,91.5,0
Skeleton Based Action Recognition | NTU RGB+D,Skeleton Based Action Recognition,NTU RGB+D,Accuracy (CS),False,2203.11009,2003.07564,88.9,90.2,0
Skeleton Based Action Recognition | NTU RGB+D,Skeleton Based Action Recognition,NTU RGB+D,Accuracy (CS),False,2208.05775,1910.06251,92.9,86.7,1
Skeleton Based Action Recognition | NTU RGB+D,Skeleton Based Action Recognition,NTU RGB+D,Accuracy (CS),False,2208.05775,1805.02556,92.9,80.7,1
Skeleton Based Action Recognition | NTU RGB+D,Skeleton Based Action Recognition,NTU RGB+D,Accuracy (CS),False,2007.14690,1707.00823,91.5,80.9,1
Skeleton Based Action Recognition | NTU RGB+D,Skeleton Based Action Recognition,NTU RGB+D,Accuracy (CS),False,2407.15706,2312.01697,93.5,94.3,0
Skeleton Based Action Recognition | NTU RGB+D,Skeleton Based Action Recognition,NTU RGB+D,Accuracy (CS),False,2407.15706,1910.06251,93.5,86.7,1
Skeleton Based Action Recognition | NTU RGB+D,Skeleton Based Action Recognition,NTU RGB+D,Accuracy (CS),False,1911.04131,1904.01189,89.4,89.0,1
Skeleton Based Action Recognition | NTU RGB+D,Skeleton Based Action Recognition,NTU RGB+D,Accuracy (CS),False,1805.02556,1904.01189,80.7,89.0,0
Skeleton Based Action Recognition | NTU RGB+D,Skeleton Based Action Recognition,NTU RGB+D,Accuracy (CS),False,2106.15125,2007.14690,92.1,91.5,1
Skeleton Based Action Recognition | NTU RGB+D,Skeleton Based Action Recognition,NTU RGB+D,Accuracy (CS),False,1804.07453,2003.07564,89.4,90.2,0
Skeleton Based Action Recognition | NTU RGB+D,Skeleton Based Action Recognition,NTU RGB+D,Accuracy (CS),False,2407.12312,1707.00823,93.7,80.9,1
Skeleton Based Action Recognition | NTU RGB+D,Skeleton Based Action Recognition,NTU RGB+D,Accuracy (CS),False,1704.02581,1911.04131,71.3,89.4,0
3D Point Cloud Classification | ModelNet40,3D Point Cloud Classification,ModelNet40,Overall Accuracy,False,2107.12655,2012.09164,94.0,93.7,1
3D Point Cloud Classification | ModelNet40,3D Point Cloud Classification,ModelNet40,Overall Accuracy,False,1604.03265,2112.04903,89.2,93.7,0
3D Point Cloud Classification | ModelNet40,3D Point Cloud Classification,ModelNet40,Overall Accuracy,False,2205.10528,1811.07246,93.5,92.5,1
3D Point Cloud Classification | ModelNet40,3D Point Cloud Classification,ModelNet40,Overall Accuracy,False,2108.06076,1706.02413,94.0,90.7,1
3D Point Cloud Classification | ModelNet40,3D Point Cloud Classification,ModelNet40,Overall Accuracy,False,2202.07123,2210.06944,94.5,93.6,1
3D Point Cloud Classification | ModelNet40,3D Point Cloud Classification,ModelNet40,Overall Accuracy,False,2112.04863,1704.02901,93.4,87.4,1
3D Point Cloud Classification | ModelNet40,3D Point Cloud Classification,ModelNet40,Overall Accuracy,False,2310.03670,2308.16532,94.1,94.0,1
3D Point Cloud Classification | ModelNet40,3D Point Cloud Classification,ModelNet40,Overall Accuracy,False,2404.14966,2112.04903,95.1,93.7,1
3D Point Cloud Classification | ModelNet40,3D Point Cloud Classification,ModelNet40,Overall Accuracy,False,2202.10251,2308.16532,93.7,94.0,0
3D Point Cloud Classification | ModelNet40,3D Point Cloud Classification,ModelNet40,Overall Accuracy,False,1803.10091,1911.12885,92.3,93.8,0
3D Point Cloud Classification | ModelNet40,3D Point Cloud Classification,ModelNet40,Overall Accuracy,False,2206.04670,2202.07123,94.0,94.5,0
3D Point Cloud Classification | ModelNet40,3D Point Cloud Classification,ModelNet40,Overall Accuracy,False,1811.07246,2205.09962,92.5,93.3,0
3D Point Cloud Classification | ModelNet40,3D Point Cloud Classification,ModelNet40,Overall Accuracy,False,1706.02413,1704.02901,90.7,87.4,1
3D Point Cloud Classification | ModelNet40,3D Point Cloud Classification,ModelNet40,Overall Accuracy,False,1803.10091,2506.21724,92.3,94.7,0
3D Point Cloud Classification | ModelNet40,3D Point Cloud Classification,ModelNet40,Overall Accuracy,False,2108.06076,2506.21724,94.0,94.7,0
3D Point Cloud Classification | ModelNet40,3D Point Cloud Classification,ModelNet40,Overall Accuracy,False,2107.12655,2011.13244,94.0,93.8,1
3D Point Cloud Classification | ModelNet40,3D Point Cloud Classification,ModelNet40,Overall Accuracy,False,1803.04249,1811.07246,90.9,92.5,0
3D Point Cloud Classification | ModelNet40,3D Point Cloud Classification,ModelNet40,Overall Accuracy,False,2408.11567,2012.09439,93.88,93.8,1
3D Point Cloud Classification | ModelNet40,3D Point Cloud Classification,ModelNet40,Overall Accuracy,False,2108.12468,2205.10528,94.1,93.5,1
3D Point Cloud Classification | ModelNet40,3D Point Cloud Classification,ModelNet40,Overall Accuracy,False,1803.04249,1604.03265,90.9,89.2,1
3D Point Cloud Classification | ModelNet40,3D Point Cloud Classification,ModelNet40,Overall Accuracy,False,2310.03670,2212.05171,94.1,94.7,0
3D Point Cloud Classification | ModelNet40,3D Point Cloud Classification,ModelNet40,Overall Accuracy,False,2012.09439,2103.14635,93.8,93.9,0
3D Point Cloud Classification | ModelNet40,3D Point Cloud Classification,ModelNet40,Overall Accuracy,False,2506.21724,2011.13244,94.7,93.8,1
3D Point Cloud Classification | ModelNet40,3D Point Cloud Classification,ModelNet40,Overall Accuracy,False,2108.12468,2107.12655,94.1,94.0,1
3D Point Cloud Classification | ModelNet40,3D Point Cloud Classification,ModelNet40,Overall Accuracy,False,2111.08799,2103.14635,93.8,93.9,0
3D Point Cloud Classification | ModelNet40,3D Point Cloud Classification,ModelNet40,Overall Accuracy,False,2206.04670,2212.05171,94.0,94.7,0
3D Point Cloud Classification | ModelNet40,3D Point Cloud Classification,ModelNet40,Overall Accuracy,False,2212.05171,2105.01288,94.7,94.2,1
3D Point Cloud Classification | ModelNet40,3D Point Cloud Classification,ModelNet40,Overall Accuracy,False,2205.14401,1704.02901,94.0,87.4,1
3D Point Cloud Classification | ModelNet40,3D Point Cloud Classification,ModelNet40,Overall Accuracy,False,2108.12468,2011.13244,94.1,93.8,1
3D Point Cloud Classification | ModelNet40,3D Point Cloud Classification,ModelNet40,Overall Accuracy,False,1706.02413,2404.14966,90.7,95.1,0
3D Point Cloud Classification | ModelNet40,3D Point Cloud Classification,ModelNet40,Overall Accuracy,False,1604.03265,1910.06849,89.2,93.6,0
3D Point Cloud Classification | ModelNet40,3D Point Cloud Classification,ModelNet40,Overall Accuracy,False,2012.09439,2404.16432,93.8,94.1,0
3D Point Cloud Classification | ModelNet40,3D Point Cloud Classification,ModelNet40,Overall Accuracy,False,2012.09439,1704.02901,93.8,87.4,1
3D Point Cloud Classification | ModelNet40,3D Point Cloud Classification,ModelNet40,Overall Accuracy,False,2506.21724,2111.08799,94.7,93.8,1
3D Point Cloud Classification | ModelNet40,3D Point Cloud Classification,ModelNet40,Overall Accuracy,False,2404.14966,2308.16532,95.1,94.0,1
3D Point Cloud Classification | ModelNet40,3D Point Cloud Classification,ModelNet40,Overall Accuracy,False,2209.10318,2112.04863,94.5,93.4,1
3D Point Cloud Classification | ModelNet40,3D Point Cloud Classification,ModelNet40,Overall Accuracy,False,2206.04670,2506.21724,94.0,94.7,0
3D Point Cloud Classification | ModelNet40,3D Point Cloud Classification,ModelNet40,Overall Accuracy,False,2209.10318,2012.10921,94.5,93.8,1
3D Point Cloud Classification | ModelNet40,3D Point Cloud Classification,ModelNet40,Overall Accuracy,False,2302.02318,1704.02901,94.7,87.4,1
3D Point Cloud Classification | ModelNet40,3D Point Cloud Classification,ModelNet40,Overall Accuracy,False,2302.02318,2105.01288,94.7,94.2,1
3D Point Cloud Classification | ModelNet40,3D Point Cloud Classification,ModelNet40,Overall Accuracy,False,1911.12885,2112.04903,93.8,93.7,1
3D Point Cloud Classification | ModelNet40,3D Point Cloud Classification,ModelNet40,Overall Accuracy,False,1704.02901,2105.01288,87.4,94.2,0
3D Point Cloud Classification | ModelNet40,3D Point Cloud Classification,ModelNet40,Overall Accuracy,False,1904.08889,2212.05171,92.9,94.7,0
3D Point Cloud Classification | ModelNet40,3D Point Cloud Classification,ModelNet40,Overall Accuracy,False,2103.14635,2012.10921,93.9,93.8,1
3D Point Cloud Classification | ModelNet40,3D Point Cloud Classification,ModelNet40,Overall Accuracy,False,1803.10091,2404.14966,92.3,95.1,0
3D Point Cloud Classification | ModelNet40,3D Point Cloud Classification,ModelNet40,Overall Accuracy,False,2108.12468,2206.04670,94.1,94.0,1
3D Point Cloud Classification | ModelNet40,3D Point Cloud Classification,ModelNet40,Overall Accuracy,False,2112.04863,2012.10921,93.4,93.8,0
3D Point Cloud Classification | ModelNet40,3D Point Cloud Classification,ModelNet40,Overall Accuracy,False,2302.02318,2404.14966,94.7,95.1,0
3D Point Cloud Classification | ModelNet40,3D Point Cloud Classification,ModelNet40,Overall Accuracy,False,2108.06076,2112.04863,94.0,93.4,1
3D Point Cloud Classification | ModelNet40,3D Point Cloud Classification,ModelNet40,Overall Accuracy,False,2107.12655,2103.14635,94.0,93.9,1
3D Point Cloud Classification | ModelNet40,3D Point Cloud Classification,ModelNet40,Overall Accuracy,False,2209.10318,2103.14635,94.5,93.9,1
3D Point Cloud Classification | ModelNet40,3D Point Cloud Classification,ModelNet40,Overall Accuracy,False,1604.03265,2103.14635,89.2,93.9,0
3D Point Cloud Classification | ModelNet40,3D Point Cloud Classification,ModelNet40,Overall Accuracy,False,2302.02318,1604.03265,94.7,89.2,1
3D Point Cloud Classification | ModelNet40,3D Point Cloud Classification,ModelNet40,Overall Accuracy,False,2404.16432,2012.09164,94.1,93.7,1
3D Point Cloud Classification | ModelNet40,3D Point Cloud Classification,ModelNet40,Overall Accuracy,False,2210.12755,2205.09962,93.6,93.3,1
3D Point Cloud Classification | ModelNet40,3D Point Cloud Classification,ModelNet40,Overall Accuracy,False,2404.16432,2105.01288,94.1,94.2,0
3D Point Cloud Classification | ModelNet40,3D Point Cloud Classification,ModelNet40,Overall Accuracy,False,2310.03670,2205.09962,94.1,93.3,1
3D Point Cloud Classification | ModelNet40,3D Point Cloud Classification,ModelNet40,Overall Accuracy,False,2108.06076,2205.09962,94.0,93.3,1
3D Point Cloud Classification | ModelNet40,3D Point Cloud Classification,ModelNet40,Overall Accuracy,False,2107.12655,1811.07246,94.0,92.5,1
3D Point Cloud Classification | ModelNet40,3D Point Cloud Classification,ModelNet40,Overall Accuracy,False,2408.11567,2103.14635,93.88,93.9,0
3D Point Cloud Classification | ModelNet40,3D Point Cloud Classification,ModelNet40,Overall Accuracy,False,1803.04249,2011.13244,90.9,93.8,0
3D Point Cloud Classification | ModelNet40,3D Point Cloud Classification,ModelNet40,Overall Accuracy,False,2310.03670,1911.12885,94.1,93.8,1
3D Point Cloud Classification | ModelNet40,3D Point Cloud Classification,ModelNet40,Overall Accuracy,False,1904.08889,1704.02901,92.9,87.4,1
3D Point Cloud Classification | ModelNet40,3D Point Cloud Classification,ModelNet40,Overall Accuracy,False,1803.04249,1704.02901,90.9,87.4,1
3D Point Cloud Classification | ModelNet40,3D Point Cloud Classification,ModelNet40,Overall Accuracy,False,2110.10538,2205.10528,92.9,93.5,0
3D Point Cloud Classification | ModelNet40,3D Point Cloud Classification,ModelNet40,Overall Accuracy,False,1803.04249,2408.11567,90.9,93.88,0
3D Point Cloud Classification | ModelNet40,3D Point Cloud Classification,ModelNet40,Overall Accuracy,False,1803.10091,2110.10538,92.3,92.9,0
3D Point Cloud Classification | ModelNet40,3D Point Cloud Classification,ModelNet40,Overall Accuracy,False,1803.04249,2212.05171,90.9,94.7,0
3D Point Cloud Classification | ModelNet40,3D Point Cloud Classification,ModelNet40,Overall Accuracy,False,1911.12885,2107.12655,93.8,94.0,0
3D Point Cloud Classification | ModelNet40,3D Point Cloud Classification,ModelNet40,Overall Accuracy,False,2112.04863,2012.09164,93.4,93.7,0
3D Point Cloud Classification | ModelNet40,3D Point Cloud Classification,ModelNet40,Overall Accuracy,False,1803.04249,1910.06849,90.9,93.6,0
3D Point Cloud Classification | ModelNet40,3D Point Cloud Classification,ModelNet40,Overall Accuracy,False,2012.09439,2012.09164,93.8,93.7,1
3D Point Cloud Classification | ModelNet40,3D Point Cloud Classification,ModelNet40,Overall Accuracy,False,2212.05171,1811.07246,94.7,92.5,1
3D Point Cloud Classification | ModelNet40,3D Point Cloud Classification,ModelNet40,Overall Accuracy,False,2108.06076,1803.04249,94.0,90.9,1
3D Point Cloud Classification | ModelNet40,3D Point Cloud Classification,ModelNet40,Overall Accuracy,False,2206.04670,2112.04863,94.0,93.4,1
3D Point Cloud Classification | ModelNet40,3D Point Cloud Classification,ModelNet40,Overall Accuracy,False,2404.14966,2202.10251,95.1,93.7,1
3D Point Cloud Classification | ModelNet40,3D Point Cloud Classification,ModelNet40,Overall Accuracy,False,2205.14401,2205.10528,94.0,93.5,1
3D Point Cloud Classification | ModelNet40,3D Point Cloud Classification,ModelNet40,Overall Accuracy,False,2110.10538,2103.14635,92.9,93.9,0
3D Point Cloud Classification | ModelNet40,3D Point Cloud Classification,ModelNet40,Overall Accuracy,False,2108.12468,2110.10538,94.1,92.9,1
3D Point Cloud Classification | ModelNet40,3D Point Cloud Classification,ModelNet40,Overall Accuracy,False,2408.11567,2011.13244,93.88,93.8,1
3D Point Cloud Classification | ModelNet40,3D Point Cloud Classification,ModelNet40,Overall Accuracy,False,2212.05171,2012.10921,94.7,93.8,1
3D Point Cloud Classification | ModelNet40,3D Point Cloud Classification,ModelNet40,Overall Accuracy,False,2110.10538,2404.16432,92.9,94.1,0
3D Point Cloud Classification | ModelNet40,3D Point Cloud Classification,ModelNet40,Overall Accuracy,False,2302.02318,2210.06944,94.7,93.6,1
3D Point Cloud Classification | ModelNet40,3D Point Cloud Classification,ModelNet40,Overall Accuracy,False,2110.10538,2205.09962,92.9,93.3,0
3D Point Cloud Classification | ModelNet40,3D Point Cloud Classification,ModelNet40,Overall Accuracy,False,2302.02318,2103.14635,94.7,93.9,1
3D Point Cloud Classification | ModelNet40,3D Point Cloud Classification,ModelNet40,Overall Accuracy,False,2310.03670,2206.04670,94.1,94.0,1
3D Point Cloud Classification | ModelNet40,3D Point Cloud Classification,ModelNet40,Overall Accuracy,False,2111.08799,2202.10251,93.8,93.7,1
3D Point Cloud Classification | ModelNet40,3D Point Cloud Classification,ModelNet40,Overall Accuracy,False,1706.02413,2202.10251,90.7,93.7,0
3D Point Cloud Classification | ModelNet40,3D Point Cloud Classification,ModelNet40,Overall Accuracy,False,2408.11567,2107.12655,93.88,94.0,0
3D Point Cloud Classification | ModelNet40,3D Point Cloud Classification,ModelNet40,Overall Accuracy,False,1803.04249,2302.02318,90.9,94.7,0
3D Point Cloud Classification | ModelNet40,3D Point Cloud Classification,ModelNet40,Overall Accuracy,False,2302.02318,2202.10251,94.7,93.7,1
3D Point Cloud Classification | ModelNet40,3D Point Cloud Classification,ModelNet40,Overall Accuracy,False,2111.08799,2105.01288,93.8,94.2,0
3D Point Cloud Classification | ModelNet40,3D Point Cloud Classification,ModelNet40,Overall Accuracy,False,1706.02413,2205.09962,90.7,93.3,0
3D Point Cloud Classification | ModelNet40,3D Point Cloud Classification,ModelNet40,Overall Accuracy,False,2012.09439,1811.07246,93.8,92.5,1
3D Point Cloud Classification | ModelNet40,3D Point Cloud Classification,ModelNet40,Overall Accuracy,False,2308.16532,2012.09164,94.0,93.7,1
3D Point Cloud Classification | ModelNet40,3D Point Cloud Classification,ModelNet40,Overall Accuracy,False,1904.08889,2103.14635,92.9,93.9,0
3D Point Cloud Classification | ModelNet40,3D Point Cloud Classification,ModelNet40,Overall Accuracy,False,2310.03670,2205.14401,94.1,94.0,1
3D Point Cloud Classification | ModelNet40,3D Point Cloud Classification,ModelNet40,Overall Accuracy,False,2112.04903,2404.16432,93.7,94.1,0
3D Point Cloud Classification | ModelNet40,3D Point Cloud Classification,ModelNet40,Overall Accuracy,False,1911.12885,2105.01288,93.8,94.2,0
3D Point Cloud Classification | ModelNet40,3D Point Cloud Classification,ModelNet40,Overall Accuracy,False,2408.11567,2108.12468,93.88,94.1,0
3D Point Cloud Classification | ModelNet40,3D Point Cloud Classification,ModelNet40,Overall Accuracy,False,1604.03265,2107.12655,89.2,94.0,0
3D Point Cloud Classification | ModelNet40,3D Point Cloud Classification,ModelNet40,Overall Accuracy,False,1803.10091,2205.14401,92.3,94.0,0
3D Point Cloud Classification | ModelNet40,3D Point Cloud Classification,ModelNet40,Overall Accuracy,False,1706.02413,2103.14635,90.7,93.9,0
3D Point Cloud Classification | ModelNet40,3D Point Cloud Classification,ModelNet40,Overall Accuracy,False,1911.12885,2202.07123,93.8,94.5,0
3D Point Cloud Classification | ModelNet40,3D Point Cloud Classification,ModelNet40,Overall Accuracy,False,2209.10318,2112.04903,94.5,93.7,1
3D Point Cloud Classification | ModelNet40,3D Point Cloud Classification,ModelNet40,Overall Accuracy,False,2112.04903,2202.07123,93.7,94.5,0
3D Point Cloud Classification | ModelNet40,3D Point Cloud Classification,ModelNet40,Overall Accuracy,False,2310.03670,2302.02318,94.1,94.7,0
3D Point Cloud Classification | ModelNet40,3D Point Cloud Classification,ModelNet40,Overall Accuracy,False,2408.11567,2205.10528,93.88,93.5,1
3D Point Cloud Classification | ModelNet40,3D Point Cloud Classification,ModelNet40,Overall Accuracy,False,2108.06076,2404.14966,94.0,95.1,0
3D Point Cloud Classification | ModelNet40,3D Point Cloud Classification,ModelNet40,Overall Accuracy,False,2310.03670,2103.14635,94.1,93.9,1
3D Point Cloud Classification | ModelNet40,3D Point Cloud Classification,ModelNet40,Overall Accuracy,False,2210.06944,2105.01288,93.6,94.2,0
3D Point Cloud Classification | ModelNet40,3D Point Cloud Classification,ModelNet40,Overall Accuracy,False,2108.06076,1803.10091,94.0,92.3,1
3D Point Cloud Classification | ModelNet40,3D Point Cloud Classification,ModelNet40,Overall Accuracy,False,2209.10318,2302.02318,94.5,94.7,0
3D Point Cloud Classification | ModelNet40,3D Point Cloud Classification,ModelNet40,Overall Accuracy,False,1803.04249,1908.06295,90.9,93.1,0
3D Point Cloud Classification | ModelNet40,3D Point Cloud Classification,ModelNet40,Overall Accuracy,False,1911.12885,2308.16532,93.8,94.0,0
3D Point Cloud Classification | ModelNet40,3D Point Cloud Classification,ModelNet40,Overall Accuracy,False,2112.04903,2205.10528,93.7,93.5,1
3D Point Cloud Classification | ModelNet40,3D Point Cloud Classification,ModelNet40,Overall Accuracy,False,2310.03670,1803.04249,94.1,90.9,1
3D Point Cloud Classification | ModelNet40,3D Point Cloud Classification,ModelNet40,Overall Accuracy,False,1904.08889,2202.10251,92.9,93.7,0
3D Point Cloud Classification | ModelNet40,3D Point Cloud Classification,ModelNet40,Overall Accuracy,False,2112.04903,2506.21724,93.7,94.7,0
3D Point Cloud Classification | ModelNet40,3D Point Cloud Classification,ModelNet40,Overall Accuracy,False,2302.02318,2210.12755,94.7,93.6,1
3D Point Cloud Classification | ModelNet40,3D Point Cloud Classification,ModelNet40,Overall Accuracy,False,1910.06849,2012.09164,93.6,93.7,0
3D Point Cloud Classification | ModelNet40,3D Point Cloud Classification,ModelNet40,Overall Accuracy,False,1911.12885,1704.02901,93.8,87.4,1
3D Point Cloud Classification | ModelNet40,3D Point Cloud Classification,ModelNet40,Overall Accuracy,False,2310.03670,2011.13244,94.1,93.8,1
3D Point Cloud Classification | ModelNet40,3D Point Cloud Classification,ModelNet40,Overall Accuracy,False,2408.11567,2012.09164,93.88,93.7,1
3D Point Cloud Classification | ModelNet40,3D Point Cloud Classification,ModelNet40,Overall Accuracy,False,1904.08889,2206.04670,92.9,94.0,0
3D Point Cloud Classification | ModelNet40,3D Point Cloud Classification,ModelNet40,Overall Accuracy,False,2103.14635,2012.09164,93.9,93.7,1
3D Point Cloud Classification | ModelNet40,3D Point Cloud Classification,ModelNet40,Overall Accuracy,False,1910.06849,2011.13244,93.6,93.8,0
3D Point Cloud Classification | ModelNet40,3D Point Cloud Classification,ModelNet40,Overall Accuracy,False,2112.04863,2404.16432,93.4,94.1,0
3D Point Cloud Classification | ModelNet40,3D Point Cloud Classification,ModelNet40,Overall Accuracy,False,1706.02413,1604.03265,90.7,89.2,1
3D Point Cloud Classification | ModelNet40,3D Point Cloud Classification,ModelNet40,Overall Accuracy,False,2209.10318,2210.06944,94.5,93.6,1
3D Point Cloud Classification | ModelNet40,3D Point Cloud Classification,ModelNet40,Overall Accuracy,False,1803.04249,1904.08889,90.9,92.9,0
3D Point Cloud Classification | ModelNet40,3D Point Cloud Classification,ModelNet40,Overall Accuracy,False,1803.04249,2506.21724,90.9,94.7,0
3D Point Cloud Classification | ModelNet40,3D Point Cloud Classification,ModelNet40,Overall Accuracy,False,1911.12885,2202.10251,93.8,93.7,1
3D Point Cloud Classification | ModelNet40,3D Point Cloud Classification,ModelNet40,Overall Accuracy,False,1911.12885,2506.21724,93.8,94.7,0
3D Point Cloud Classification | ModelNet40,3D Point Cloud Classification,ModelNet40,Overall Accuracy,False,2012.09164,1908.06295,93.7,93.1,1
3D Point Cloud Classification | ModelNet40,3D Point Cloud Classification,ModelNet40,Overall Accuracy,False,2206.04670,2112.04903,94.0,93.7,1
3D Point Cloud Classification | ModelNet40,3D Point Cloud Classification,ModelNet40,Overall Accuracy,False,1704.02901,2011.13244,87.4,93.8,0
3D Point Cloud Classification | ModelNet40,3D Point Cloud Classification,ModelNet40,Overall Accuracy,False,1803.04249,2308.16532,90.9,94.0,0
3D Point Cloud Classification | ModelNet40,3D Point Cloud Classification,ModelNet40,Overall Accuracy,False,1803.10091,2112.04863,92.3,93.4,0
3D Point Cloud Classification | ModelNet40,3D Point Cloud Classification,ModelNet40,Overall Accuracy,False,2108.06076,2012.09164,94.0,93.7,1
3D Point Cloud Classification | ModelNet40,3D Point Cloud Classification,ModelNet40,Overall Accuracy,False,2209.10318,2205.10528,94.5,93.5,1
3D Point Cloud Classification | ModelNet40,3D Point Cloud Classification,ModelNet40,Overall Accuracy,False,2210.12755,2404.16432,93.6,94.1,0
3D Point Cloud Classification | ModelNet40,3D Point Cloud Classification,ModelNet40,Overall Accuracy,False,2308.16532,2012.10921,94.0,93.8,1
3D Point Cloud Classification | ModelNet40,3D Point Cloud Classification,ModelNet40,Overall Accuracy,False,2110.10538,2112.04903,92.9,93.7,0
3D Point Cloud Classification | ModelNet40,3D Point Cloud Classification,ModelNet40,Overall Accuracy,False,1904.08889,2506.21724,92.9,94.7,0
3D Point Cloud Classification | ModelNet40,3D Point Cloud Classification,ModelNet40,Overall Accuracy,False,1803.04249,2202.07123,90.9,94.5,0
3D Point Cloud Classification | ModelNet40,3D Point Cloud Classification,ModelNet40,Overall Accuracy,False,2404.14966,2506.21724,95.1,94.7,1
3D Point Cloud Classification | ModelNet40,3D Point Cloud Classification,ModelNet40,Overall Accuracy,False,2206.04670,2105.01288,94.0,94.2,0
3D Point Cloud Classification | ModelNet40,3D Point Cloud Classification,ModelNet40,Overall Accuracy,False,2103.14635,2212.05171,93.9,94.7,0
3D Point Cloud Classification | ModelNet40,3D Point Cloud Classification,ModelNet40,Overall Accuracy,False,1911.12885,2112.04863,93.8,93.4,1
3D Point Cloud Classification | ModelNet40,3D Point Cloud Classification,ModelNet40,Overall Accuracy,False,2210.12755,1908.06295,93.6,93.1,1
3D Point Cloud Classification | ModelNet40,3D Point Cloud Classification,ModelNet40,Overall Accuracy,False,2108.12468,1908.06295,94.1,93.1,1
3D Point Cloud Classification | ModelNet40,3D Point Cloud Classification,ModelNet40,Overall Accuracy,False,1910.06849,2012.10921,93.6,93.8,0
3D Point Cloud Classification | ModelNet40,3D Point Cloud Classification,ModelNet40,Overall Accuracy,False,2112.04863,2011.13244,93.4,93.8,0
3D Point Cloud Classification | ModelNet40,3D Point Cloud Classification,ModelNet40,Overall Accuracy,False,1803.04249,2112.04863,90.9,93.4,0
3D Point Cloud Classification | ModelNet40,3D Point Cloud Classification,ModelNet40,Overall Accuracy,False,2103.14635,2011.13244,93.9,93.8,1
3D Point Cloud Classification | ModelNet40,3D Point Cloud Classification,ModelNet40,Overall Accuracy,False,1904.08889,2205.14401,92.9,94.0,0
3D Point Cloud Classification | ModelNet40,3D Point Cloud Classification,ModelNet40,Overall Accuracy,False,1904.08889,2012.10921,92.9,93.8,0
3D Point Cloud Classification | ModelNet40,3D Point Cloud Classification,ModelNet40,Overall Accuracy,False,1706.02413,2506.21724,90.7,94.7,0
3D Point Cloud Classification | ModelNet40,3D Point Cloud Classification,ModelNet40,Overall Accuracy,False,2108.12468,1811.07246,94.1,92.5,1
3D Point Cloud Classification | ModelNet40,3D Point Cloud Classification,ModelNet40,Overall Accuracy,False,1910.06849,2202.10251,93.6,93.7,0
3D Point Cloud Classification | ModelNet40,3D Point Cloud Classification,ModelNet40,Overall Accuracy,False,2205.14401,1811.07246,94.0,92.5,1
3D Point Cloud Classification | ModelNet40,3D Point Cloud Classification,ModelNet40,Overall Accuracy,False,2012.09439,2210.06944,93.8,93.6,1
3D Point Cloud Classification | ModelNet40,3D Point Cloud Classification,ModelNet40,Overall Accuracy,False,2112.04903,2107.12655,93.7,94.0,0
3D Point Cloud Classification | ModelNet40,3D Point Cloud Classification,ModelNet40,Overall Accuracy,False,2310.03670,2112.04903,94.1,93.7,1
3D Point Cloud Classification | ModelNet40,3D Point Cloud Classification,ModelNet40,Overall Accuracy,False,2012.09439,1604.03265,93.8,89.2,1
3D Point Cloud Classification | ModelNet40,3D Point Cloud Classification,ModelNet40,Overall Accuracy,False,2404.14966,2103.14635,95.1,93.9,1
3D Point Cloud Classification | ModelNet40,3D Point Cloud Classification,ModelNet40,Overall Accuracy,False,2111.08799,1811.07246,93.8,92.5,1
3D Point Cloud Classification | ModelNet40,3D Point Cloud Classification,ModelNet40,Overall Accuracy,False,2404.14966,1811.07246,95.1,92.5,1
3D Point Cloud Classification | ModelNet40,3D Point Cloud Classification,ModelNet40,Overall Accuracy,False,1803.04249,2107.12655,90.9,94.0,0
3D Point Cloud Classification | ModelNet40,3D Point Cloud Classification,ModelNet40,Overall Accuracy,False,2212.05171,2404.16432,94.7,94.1,1
3D Point Cloud Classification | ModelNet40,3D Point Cloud Classification,ModelNet40,Overall Accuracy,False,2212.05171,2205.09962,94.7,93.3,1
3D Point Cloud Classification | ModelNet40,3D Point Cloud Classification,ModelNet40,Overall Accuracy,False,1706.02413,2112.04903,90.7,93.7,0
3D Point Cloud Classification | ModelNet40,3D Point Cloud Classification,ModelNet40,Overall Accuracy,False,1911.12885,2206.04670,93.8,94.0,0
3D Point Cloud Classification | ModelNet40,3D Point Cloud Classification,ModelNet40,Overall Accuracy,False,2408.11567,2212.05171,93.88,94.7,0
3D Point Cloud Classification | ModelNet40,3D Point Cloud Classification,ModelNet40,Overall Accuracy,False,1706.02413,2404.16432,90.7,94.1,0
3D Point Cloud Classification | ModelNet40,3D Point Cloud Classification,ModelNet40,Overall Accuracy,False,1604.03265,1908.06295,89.2,93.1,0
3D Point Cloud Classification | ModelNet40,3D Point Cloud Classification,ModelNet40,Overall Accuracy,False,2404.14966,2404.16432,95.1,94.1,1
3D Point Cloud Classification | ModelNet40,3D Point Cloud Classification,ModelNet40,Overall Accuracy,False,2209.10318,2011.13244,94.5,93.8,1
3D Point Cloud Classification | ModelNet40,3D Point Cloud Classification,ModelNet40,Overall Accuracy,False,2205.14401,2202.10251,94.0,93.7,1
3D Point Cloud Classification | ModelNet40,3D Point Cloud Classification,ModelNet40,Overall Accuracy,False,1803.10091,2105.01288,92.3,94.2,0
3D Point Cloud Classification | ModelNet40,3D Point Cloud Classification,ModelNet40,Overall Accuracy,False,2506.21724,1811.07246,94.7,92.5,1
3D Point Cloud Classification | ModelNet40,3D Point Cloud Classification,ModelNet40,Overall Accuracy,False,1803.04249,1911.12885,90.9,93.8,0
3D Point Cloud Classification | ModelNet40,3D Point Cloud Classification,ModelNet40,Overall Accuracy,False,2108.06076,2205.10528,94.0,93.5,1
3D Point Cloud Classification | ModelNet40,3D Point Cloud Classification,ModelNet40,Overall Accuracy,False,2209.10318,2105.01288,94.5,94.2,1
3D Point Cloud Classification | ModelNet40,3D Point Cloud Classification,ModelNet40,Overall Accuracy,False,1803.10091,1706.02413,92.3,90.7,1
3D Point Cloud Classification | ModelNet40,3D Point Cloud Classification,ModelNet40,Overall Accuracy,False,2012.09439,2205.14401,93.8,94.0,0
3D Point Cloud Classification | ModelNet40,3D Point Cloud Classification,ModelNet40,Overall Accuracy,False,2112.04863,2212.05171,93.4,94.7,0
3D Point Cloud Classification | ModelNet40,3D Point Cloud Classification,ModelNet40,Overall Accuracy,False,2209.10318,1811.07246,94.5,92.5,1
3D Point Cloud Classification | ModelNet40,3D Point Cloud Classification,ModelNet40,Overall Accuracy,False,2310.03670,2105.01288,94.1,94.2,0
3D Point Cloud Classification | ModelNet40,3D Point Cloud Classification,ModelNet40,Overall Accuracy,False,2105.01288,2011.13244,94.2,93.8,1
3D Point Cloud Classification | ModelNet40,3D Point Cloud Classification,ModelNet40,Overall Accuracy,False,2209.10318,2404.16432,94.5,94.1,1
3D Point Cloud Classification | ModelNet40,3D Point Cloud Classification,ModelNet40,Overall Accuracy,False,2108.06076,2212.05171,94.0,94.7,0
3D Point Cloud Classification | ModelNet40,3D Point Cloud Classification,ModelNet40,Overall Accuracy,False,2205.09962,2011.13244,93.3,93.8,0
3D Point Cloud Classification | ModelNet40,3D Point Cloud Classification,ModelNet40,Overall Accuracy,False,1803.04249,2210.06944,90.9,93.6,0
3D Point Cloud Classification | ModelNet40,3D Point Cloud Classification,ModelNet40,Overall Accuracy,False,1803.10091,2108.12468,92.3,94.1,0
3D Point Cloud Classification | ModelNet40,3D Point Cloud Classification,ModelNet40,Overall Accuracy,False,1604.03265,2202.07123,89.2,94.5,0
3D Point Cloud Classification | ModelNet40,3D Point Cloud Classification,ModelNet40,Overall Accuracy,False,1706.02413,2105.01288,90.7,94.2,0
3D Point Cloud Classification | ModelNet40,3D Point Cloud Classification,ModelNet40,Overall Accuracy,False,2112.04903,2011.13244,93.7,93.8,0
3D Point Cloud Classification | ModelNet40,3D Point Cloud Classification,ModelNet40,Overall Accuracy,False,2404.14966,2105.01288,95.1,94.2,1
Image Super-Resolution | Set14 - 4x upscaling,Image Super-Resolution,Set14 - 4x upscaling,PSNR,False,1501.00092,2310.10413,27.5,28.38,0
Image Super-Resolution | Set14 - 4x upscaling,Image Super-Resolution,Set14 - 4x upscaling,PSNR,False,2309.14162,2208.11247,28.8,29.44,0
Image Super-Resolution | Set14 - 4x upscaling,Image Super-Resolution,Set14 - 4x upscaling,PSNR,False,1511.02228,1804.02815,27.88,26.13,1
Image Super-Resolution | Set14 - 4x upscaling,Image Super-Resolution,Set14 - 4x upscaling,PSNR,False,2404.00722,1907.10399,29.54,28.95,1
Image Super-Resolution | Set14 - 4x upscaling,Image Super-Resolution,Set14 - 4x upscaling,PSNR,False,1708.02209,1907.04253,28.26,28.84,0
Image Super-Resolution | Set14 - 4x upscaling,Image Super-Resolution,Set14 - 4x upscaling,PSNR,False,2309.14162,2401.08209,28.8,29.24,0
Image Super-Resolution | Set14 - 4x upscaling,Image Super-Resolution,Set14 - 4x upscaling,PSNR,False,2401.08913,1906.06874,28.3,28.67,0
Image Super-Resolution | Set14 - 4x upscaling,Image Super-Resolution,Set14 - 4x upscaling,PSNR,False,2308.03364,1906.06874,29.29,28.67,1
Image Super-Resolution | Set14 - 4x upscaling,Image Super-Resolution,Set14 - 4x upscaling,PSNR,False,1511.04491,1806.02919,28.02,28.36,0
Image Super-Resolution | Set14 - 4x upscaling,Image Super-Resolution,Set14 - 4x upscaling,PSNR,False,1906.12021,1609.05158,29.02,27.66,1
Image Super-Resolution | Set14 - 4x upscaling,Image Super-Resolution,Set14 - 4x upscaling,PSNR,False,1903.09814,2401.08209,28.81,29.24,0
Image Super-Resolution | Set14 - 4x upscaling,Image Super-Resolution,Set14 - 4x upscaling,PSNR,False,1809.04789,1907.04253,27.6222,28.84,0
Image Super-Resolution | Set14 - 4x upscaling,Image Super-Resolution,Set14 - 4x upscaling,PSNR,False,1708.02209,2408.09940,28.26,28.53,0
Image Super-Resolution | Set14 - 4x upscaling,Image Super-Resolution,Set14 - 4x upscaling,PSNR,False,2006.01424,1906.06874,28.95,28.67,1
Image Super-Resolution | Set14 - 4x upscaling,Image Super-Resolution,Set14 - 4x upscaling,PSNR,False,1804.02815,2310.10413,26.13,28.38,0
Image Super-Resolution | Set14 - 4x upscaling,Image Super-Resolution,Set14 - 4x upscaling,PSNR,False,1906.06874,1806.02919,28.67,28.36,1
Image Super-Resolution | Set14 - 4x upscaling,Image Super-Resolution,Set14 - 4x upscaling,PSNR,False,2309.14162,1909.05305,28.8,25.19,1
Image Super-Resolution | Set14 - 4x upscaling,Image Super-Resolution,Set14 - 4x upscaling,PSNR,False,1712.06116,2208.11247,28.35,29.44,0
Image Super-Resolution | Set14 - 4x upscaling,Image Super-Resolution,Set14 - 4x upscaling,PSNR,False,1501.00092,2208.11247,27.5,29.44,0
Image Super-Resolution | Set14 - 4x upscaling,Image Super-Resolution,Set14 - 4x upscaling,PSNR,False,2308.03364,1907.04253,29.29,28.84,1
Image Super-Resolution | Set14 - 4x upscaling,Image Super-Resolution,Set14 - 4x upscaling,PSNR,False,1501.00092,1809.00219,27.5,28.99,0
Image Super-Resolution | Set14 - 4x upscaling,Image Super-Resolution,Set14 - 4x upscaling,PSNR,False,2008.08767,2008.10329,28.99,28.47,1
Image Super-Resolution | Set14 - 4x upscaling,Image Super-Resolution,Set14 - 4x upscaling,PSNR,False,2303.09190,1909.11856,28.92,28.58,1
Image Super-Resolution | Set14 - 4x upscaling,Image Super-Resolution,Set14 - 4x upscaling,PSNR,False,2308.03364,1609.05158,29.29,27.66,1
Image Super-Resolution | Set14 - 4x upscaling,Image Super-Resolution,Set14 - 4x upscaling,PSNR,False,1809.04789,1907.10399,27.6222,28.95,0
Image Super-Resolution | Set14 - 4x upscaling,Image Super-Resolution,Set14 - 4x upscaling,PSNR,False,2208.11247,1907.04253,29.44,28.84,1
Image Super-Resolution | Set14 - 4x upscaling,Image Super-Resolution,Set14 - 4x upscaling,PSNR,False,1712.06116,1511.04491,28.35,28.02,1
Image Super-Resolution | Set14 - 4x upscaling,Image Super-Resolution,Set14 - 4x upscaling,PSNR,False,2404.00722,1511.02228,29.54,27.88,1
Image Super-Resolution | Set14 - 4x upscaling,Image Super-Resolution,Set14 - 4x upscaling,PSNR,False,1511.04491,1907.04253,28.02,28.84,0
Image Super-Resolution | Set14 - 4x upscaling,Image Super-Resolution,Set14 - 4x upscaling,PSNR,False,1906.12021,2401.08209,29.02,29.24,0
Image Super-Resolution | Set14 - 4x upscaling,Image Super-Resolution,Set14 - 4x upscaling,PSNR,False,1608.03981,1907.04253,28.04,28.84,0
Image Super-Resolution | Set14 - 4x upscaling,Image Super-Resolution,Set14 - 4x upscaling,PSNR,False,2407.05878,2308.03364,28.87,29.29,0
Image Super-Resolution | Set14 - 4x upscaling,Image Super-Resolution,Set14 - 4x upscaling,PSNR,False,2503.20337,2208.11247,29.29,29.44,0
Image Super-Resolution | Set14 - 4x upscaling,Image Super-Resolution,Set14 - 4x upscaling,PSNR,False,2407.05878,1609.05158,28.87,27.66,1
Image Super-Resolution | Set14 - 4x upscaling,Image Super-Resolution,Set14 - 4x upscaling,PSNR,False,1909.11856,1806.02919,28.58,28.36,1
Image Super-Resolution | Set14 - 4x upscaling,Image Super-Resolution,Set14 - 4x upscaling,PSNR,False,1903.09814,1708.02209,28.81,28.26,1
Image Super-Resolution | Set14 - 4x upscaling,Image Super-Resolution,Set14 - 4x upscaling,PSNR,False,2404.00722,1608.03981,29.54,28.04,1
Image Super-Resolution | Set14 - 4x upscaling,Image Super-Resolution,Set14 - 4x upscaling,PSNR,False,1501.00092,2303.09190,27.5,28.92,0
Image Super-Resolution | Set14 - 4x upscaling,Image Super-Resolution,Set14 - 4x upscaling,PSNR,False,2008.08767,2401.08209,28.99,29.24,0
Image Super-Resolution | Set14 - 4x upscaling,Image Super-Resolution,Set14 - 4x upscaling,PSNR,False,2503.20337,1801.10319,29.29,28.32,1
Image Super-Resolution | Set14 - 4x upscaling,Image Super-Resolution,Set14 - 4x upscaling,PSNR,False,2405.05001,1909.11856,29.51,28.58,1
Image Super-Resolution | Set14 - 4x upscaling,Image Super-Resolution,Set14 - 4x upscaling,PSNR,False,2008.08767,2309.14162,28.99,28.8,1
Image Super-Resolution | Set14 - 4x upscaling,Image Super-Resolution,Set14 - 4x upscaling,PSNR,False,2008.08767,1609.05158,28.99,27.66,1
Image Super-Resolution | Set14 - 4x upscaling,Image Super-Resolution,Set14 - 4x upscaling,PSNR,False,2006.01424,1805.07071,28.95,28.41,1
Image Super-Resolution | Set14 - 4x upscaling,Image Super-Resolution,Set14 - 4x upscaling,PSNR,False,1803.02735,1612.07919,28.82,28.42,1
Image Super-Resolution | Set14 - 4x upscaling,Image Super-Resolution,Set14 - 4x upscaling,PSNR,False,1809.04789,1801.10319,27.6222,28.32,0
Image Super-Resolution | Set14 - 4x upscaling,Image Super-Resolution,Set14 - 4x upscaling,PSNR,False,1612.07919,1608.03981,28.42,28.04,1
Image Super-Resolution | Set14 - 4x upscaling,Image Super-Resolution,Set14 - 4x upscaling,PSNR,False,2404.00722,1803.02735,29.54,28.82,1
Image Super-Resolution | Set14 - 4x upscaling,Image Super-Resolution,Set14 - 4x upscaling,PSNR,False,1809.00219,1909.11856,28.99,28.58,1
Image Super-Resolution | Set14 - 4x upscaling,Image Super-Resolution,Set14 - 4x upscaling,PSNR,False,1906.12021,1907.10399,29.02,28.95,1
Image Super-Resolution | Set14 - 4x upscaling,Image Super-Resolution,Set14 - 4x upscaling,PSNR,False,1906.12021,2309.14162,29.02,28.8,1
Image Super-Resolution | Set14 - 4x upscaling,Image Super-Resolution,Set14 - 4x upscaling,PSNR,False,1809.00219,1906.06874,28.99,28.67,1
Image Super-Resolution | Set14 - 4x upscaling,Image Super-Resolution,Set14 - 4x upscaling,PSNR,False,1609.05158,1712.06116,27.66,28.35,0
Image Super-Resolution | Set14 - 4x upscaling,Image Super-Resolution,Set14 - 4x upscaling,PSNR,False,1609.05158,2008.10329,27.66,28.47,0
Image Super-Resolution | Set14 - 4x upscaling,Image Super-Resolution,Set14 - 4x upscaling,PSNR,False,2401.08209,1907.10399,29.24,28.95,1
Image Super-Resolution | Set14 - 4x upscaling,Image Super-Resolution,Set14 - 4x upscaling,PSNR,False,1809.00219,1608.03981,28.99,28.04,1
Image Super-Resolution | Set14 - 4x upscaling,Image Super-Resolution,Set14 - 4x upscaling,PSNR,False,2401.08209,1712.05248,29.24,27.48,1
Image Super-Resolution | Set14 - 4x upscaling,Image Super-Resolution,Set14 - 4x upscaling,PSNR,False,1712.06116,2008.10329,28.35,28.47,0
Image Super-Resolution | Set14 - 4x upscaling,Image Super-Resolution,Set14 - 4x upscaling,PSNR,False,2303.09190,1907.04253,28.92,28.84,1
Image Super-Resolution | Set14 - 4x upscaling,Image Super-Resolution,Set14 - 4x upscaling,PSNR,False,1803.02735,1708.02209,28.82,28.26,1
Image Super-Resolution | Set14 - 4x upscaling,Image Super-Resolution,Set14 - 4x upscaling,PSNR,False,2303.09190,2008.08767,28.92,28.99,0
Image Super-Resolution | Set14 - 4x upscaling,Image Super-Resolution,Set14 - 4x upscaling,PSNR,False,2407.05878,2503.20337,28.87,29.29,0
Image Super-Resolution | Set14 - 4x upscaling,Image Super-Resolution,Set14 - 4x upscaling,PSNR,False,2308.03364,1804.02815,29.29,26.13,1
Image Super-Resolution | Set14 - 4x upscaling,Image Super-Resolution,Set14 - 4x upscaling,PSNR,False,1511.02228,1906.06874,27.88,28.67,0
Image Super-Resolution | Set14 - 4x upscaling,Image Super-Resolution,Set14 - 4x upscaling,PSNR,False,1903.09814,2408.09940,28.81,28.53,1
Image Super-Resolution | Set14 - 4x upscaling,Image Super-Resolution,Set14 - 4x upscaling,PSNR,False,2006.01424,1608.03981,28.95,28.04,1
Image Super-Resolution | Set14 - 4x upscaling,Image Super-Resolution,Set14 - 4x upscaling,PSNR,False,2006.01424,1807.02758,28.95,28.87,1
Image Super-Resolution | Set14 - 4x upscaling,Image Super-Resolution,Set14 - 4x upscaling,PSNR,False,1809.00219,2401.08209,28.99,29.24,0
Image Super-Resolution | Set14 - 4x upscaling,Image Super-Resolution,Set14 - 4x upscaling,PSNR,False,2503.20337,1608.03981,29.29,28.04,1
Image Super-Resolution | Set14 - 4x upscaling,Image Super-Resolution,Set14 - 4x upscaling,PSNR,False,1612.07919,1909.05305,28.42,25.19,1
Image Super-Resolution | Set14 - 4x upscaling,Image Super-Resolution,Set14 - 4x upscaling,PSNR,False,1903.09814,2310.10413,28.81,28.38,1
Image Super-Resolution | Set14 - 4x upscaling,Image Super-Resolution,Set14 - 4x upscaling,PSNR,False,2407.05878,1809.00219,28.87,28.99,0
Image Super-Resolution | Set14 - 4x upscaling,Image Super-Resolution,Set14 - 4x upscaling,PSNR,False,1708.02209,1804.02815,28.26,26.13,1
Image Super-Resolution | Set14 - 4x upscaling,Image Super-Resolution,Set14 - 4x upscaling,PSNR,False,2401.08913,1609.05158,28.3,27.66,1
Image Super-Resolution | Set14 - 4x upscaling,Image Super-Resolution,Set14 - 4x upscaling,PSNR,False,1712.05248,1801.10319,27.48,28.32,0
Image Super-Resolution | Set14 - 4x upscaling,Image Super-Resolution,Set14 - 4x upscaling,PSNR,False,1809.00219,1801.10319,28.99,28.32,1
Image Super-Resolution | Set14 - 4x upscaling,Image Super-Resolution,Set14 - 4x upscaling,PSNR,False,2503.20337,1712.06116,29.29,28.35,1
Image Super-Resolution | Set14 - 4x upscaling,Image Super-Resolution,Set14 - 4x upscaling,PSNR,False,1809.04789,1609.05158,27.6222,27.66,0
Image Super-Resolution | Set14 - 4x upscaling,Image Super-Resolution,Set14 - 4x upscaling,PSNR,False,2309.14162,1801.10319,28.8,28.32,1
Image Super-Resolution | Set14 - 4x upscaling,Image Super-Resolution,Set14 - 4x upscaling,PSNR,False,2407.05878,1801.10319,28.87,28.32,1
Image Super-Resolution | Set14 - 4x upscaling,Image Super-Resolution,Set14 - 4x upscaling,PSNR,False,2008.10329,2310.10413,28.47,28.38,1
Image Super-Resolution | Set14 - 4x upscaling,Image Super-Resolution,Set14 - 4x upscaling,PSNR,False,1611.06345,1804.02815,28.8,26.13,1
Image Super-Resolution | Set14 - 4x upscaling,Image Super-Resolution,Set14 - 4x upscaling,PSNR,False,2308.03364,1809.00219,29.29,28.99,1
Image Super-Resolution | Set14 - 4x upscaling,Image Super-Resolution,Set14 - 4x upscaling,PSNR,False,1805.07071,2503.20337,28.41,29.29,0
Image Super-Resolution | Set14 - 4x upscaling,Image Super-Resolution,Set14 - 4x upscaling,PSNR,False,1511.02228,1609.05158,27.88,27.66,1
Image Super-Resolution | Set14 - 4x upscaling,Image Super-Resolution,Set14 - 4x upscaling,PSNR,False,2008.10329,1806.02919,28.47,28.36,1
Image Super-Resolution | Set14 - 4x upscaling,Image Super-Resolution,Set14 - 4x upscaling,PSNR,False,1809.04789,1909.11856,27.6222,28.58,0
Image Super-Resolution | Set14 - 4x upscaling,Image Super-Resolution,Set14 - 4x upscaling,PSNR,False,2401.08913,1906.12021,28.3,29.02,0
Image Super-Resolution | Set14 - 4x upscaling,Image Super-Resolution,Set14 - 4x upscaling,PSNR,False,2405.05001,2408.09940,29.51,28.53,1
Image Super-Resolution | Set14 - 4x upscaling,Image Super-Resolution,Set14 - 4x upscaling,PSNR,False,1809.00219,2408.09940,28.99,28.53,1
Image Super-Resolution | Set14 - 4x upscaling,Image Super-Resolution,Set14 - 4x upscaling,PSNR,False,2006.01424,1806.02919,28.95,28.36,1
Image Super-Resolution | Set14 - 4x upscaling,Image Super-Resolution,Set14 - 4x upscaling,PSNR,False,1809.04789,2208.11247,27.6222,29.44,0
Image Super-Resolution | Set14 - 4x upscaling,Image Super-Resolution,Set14 - 4x upscaling,PSNR,False,2308.03364,2310.10413,29.29,28.38,1
Image Super-Resolution | Set14 - 4x upscaling,Image Super-Resolution,Set14 - 4x upscaling,PSNR,False,2404.00722,1903.09814,29.54,28.81,1
Image Super-Resolution | Set14 - 4x upscaling,Image Super-Resolution,Set14 - 4x upscaling,PSNR,False,2308.03364,2008.08767,29.29,28.99,1
Image Super-Resolution | Set14 - 4x upscaling,Image Super-Resolution,Set14 - 4x upscaling,PSNR,False,1805.07071,1501.00092,28.41,27.5,1
Image Super-Resolution | Set14 - 4x upscaling,Image Super-Resolution,Set14 - 4x upscaling,PSNR,False,2006.01424,2208.11247,28.95,29.44,0
Image Super-Resolution | Set14 - 4x upscaling,Image Super-Resolution,Set14 - 4x upscaling,PSNR,False,1903.09814,1909.05305,28.81,25.19,1
Image Super-Resolution | Set14 - 4x upscaling,Image Super-Resolution,Set14 - 4x upscaling,PSNR,False,1809.04789,1708.02209,27.6222,28.26,0
Image Super-Resolution | Set14 - 4x upscaling,Image Super-Resolution,Set14 - 4x upscaling,PSNR,False,1511.02228,1501.00092,27.88,27.5,1
Image Super-Resolution | Set14 - 4x upscaling,Image Super-Resolution,Set14 - 4x upscaling,PSNR,False,2405.05001,1909.05305,29.51,25.19,1
Image Super-Resolution | Set14 - 4x upscaling,Image Super-Resolution,Set14 - 4x upscaling,PSNR,False,2407.05878,1906.06874,28.87,28.67,1
Image Super-Resolution | Set14 - 4x upscaling,Image Super-Resolution,Set14 - 4x upscaling,PSNR,False,1805.07071,1612.07919,28.41,28.42,0
Image Super-Resolution | Set14 - 4x upscaling,Image Super-Resolution,Set14 - 4x upscaling,PSNR,False,2308.03364,1806.02919,29.29,28.36,1
Image Super-Resolution | Set14 - 4x upscaling,Image Super-Resolution,Set14 - 4x upscaling,PSNR,False,1909.11856,1807.02758,28.58,28.87,0
Image Super-Resolution | Set14 - 4x upscaling,Image Super-Resolution,Set14 - 4x upscaling,PSNR,False,1708.02209,1511.04491,28.26,28.02,1
Image Super-Resolution | Set14 - 4x upscaling,Image Super-Resolution,Set14 - 4x upscaling,PSNR,False,1712.06116,1801.10319,28.35,28.32,1
Image Super-Resolution | Set14 - 4x upscaling,Image Super-Resolution,Set14 - 4x upscaling,PSNR,False,2401.08913,1511.04491,28.3,28.02,1
Image Super-Resolution | Set14 - 4x upscaling,Image Super-Resolution,Set14 - 4x upscaling,PSNR,False,1906.12021,1611.06345,29.02,28.8,1
Image Super-Resolution | Set14 - 4x upscaling,Image Super-Resolution,Set14 - 4x upscaling,PSNR,False,2006.01424,2401.08913,28.95,28.3,1
Image Super-Resolution | Set14 - 4x upscaling,Image Super-Resolution,Set14 - 4x upscaling,PSNR,False,2208.11247,1909.05305,29.44,25.19,1
Image Super-Resolution | Set14 - 4x upscaling,Image Super-Resolution,Set14 - 4x upscaling,PSNR,False,2303.09190,1807.02758,28.92,28.87,1
Image Super-Resolution | Set14 - 4x upscaling,Image Super-Resolution,Set14 - 4x upscaling,PSNR,False,1712.05248,1804.02815,27.48,26.13,1
Image Super-Resolution | Set14 - 4x upscaling,Image Super-Resolution,Set14 - 4x upscaling,PSNR,False,1801.10319,1612.07919,28.32,28.42,0
Image Super-Resolution | Set14 - 4x upscaling,Image Super-Resolution,Set14 - 4x upscaling,PSNR,False,1708.02209,1712.05248,28.26,27.48,1
Image Super-Resolution | Set14 - 4x upscaling,Image Super-Resolution,Set14 - 4x upscaling,PSNR,False,1712.06116,2310.10413,28.35,28.38,0
Image Super-Resolution | Set14 - 4x upscaling,Image Super-Resolution,Set14 - 4x upscaling,PSNR,False,2006.01424,1909.05305,28.95,25.19,1
Image Super-Resolution | Set14 - 4x upscaling,Image Super-Resolution,Set14 - 4x upscaling,PSNR,False,2008.08767,1612.07919,28.99,28.42,1
Image Super-Resolution | Set14 - 4x upscaling,Image Super-Resolution,Set14 - 4x upscaling,PSNR,False,1803.02735,1608.03981,28.82,28.04,1
Image Super-Resolution | Set14 - 4x upscaling,Image Super-Resolution,Set14 - 4x upscaling,PSNR,False,2401.08913,1712.05248,28.3,27.48,1
Image Super-Resolution | Set14 - 4x upscaling,Image Super-Resolution,Set14 - 4x upscaling,PSNR,False,1611.06345,1909.05305,28.8,25.19,1
Image Super-Resolution | Set14 - 4x upscaling,Image Super-Resolution,Set14 - 4x upscaling,PSNR,False,1903.09814,1907.04253,28.81,28.84,0
Image Super-Resolution | Set14 - 4x upscaling,Image Super-Resolution,Set14 - 4x upscaling,PSNR,False,1803.02735,2401.08913,28.82,28.3,1
Image Super-Resolution | Set14 - 4x upscaling,Image Super-Resolution,Set14 - 4x upscaling,PSNR,False,1501.00092,2503.20337,27.5,29.29,0
Image Super-Resolution | Set14 - 4x upscaling,Image Super-Resolution,Set14 - 4x upscaling,PSNR,False,2401.08209,1511.04491,29.24,28.02,1
Image Super-Resolution | Set14 - 4x upscaling,Image Super-Resolution,Set14 - 4x upscaling,PSNR,False,1805.07071,1806.02919,28.41,28.36,1
Image Super-Resolution | Set14 - 4x upscaling,Image Super-Resolution,Set14 - 4x upscaling,PSNR,False,2006.01424,1907.04253,28.95,28.84,1
Image Super-Resolution | Set14 - 4x upscaling,Image Super-Resolution,Set14 - 4x upscaling,PSNR,False,1805.07071,2308.03364,28.41,29.29,0
Image Super-Resolution | Set14 - 4x upscaling,Image Super-Resolution,Set14 - 4x upscaling,PSNR,False,1809.04789,2008.10329,27.6222,28.47,0
Image Super-Resolution | Set14 - 4x upscaling,Image Super-Resolution,Set14 - 4x upscaling,PSNR,False,2008.10329,1511.04491,28.47,28.02,1
Image Super-Resolution | Set14 - 4x upscaling,Image Super-Resolution,Set14 - 4x upscaling,PSNR,False,2303.09190,1511.04491,28.92,28.02,1
Image Super-Resolution | Set14 - 4x upscaling,Image Super-Resolution,Set14 - 4x upscaling,PSNR,False,2503.20337,2408.09940,29.29,28.53,1
Image Super-Resolution | Set14 - 4x upscaling,Image Super-Resolution,Set14 - 4x upscaling,PSNR,False,1809.04789,1906.06874,27.6222,28.67,0
Image Super-Resolution | Set14 - 4x upscaling,Image Super-Resolution,Set14 - 4x upscaling,PSNR,False,1805.07071,1809.00219,28.41,28.99,0
Image Super-Resolution | Set14 - 4x upscaling,Image Super-Resolution,Set14 - 4x upscaling,PSNR,False,1809.00219,2208.11247,28.99,29.44,0
Image Super-Resolution | Set14 - 4x upscaling,Image Super-Resolution,Set14 - 4x upscaling,PSNR,False,1511.02228,2008.08767,27.88,28.99,0
Image Super-Resolution | Set14 - 4x upscaling,Image Super-Resolution,Set14 - 4x upscaling,PSNR,False,2407.05878,1907.04253,28.87,28.84,1
Image Super-Resolution | Set14 - 4x upscaling,Image Super-Resolution,Set14 - 4x upscaling,PSNR,False,1804.02815,1807.02758,26.13,28.87,0
Image Super-Resolution | Set14 - 4x upscaling,Image Super-Resolution,Set14 - 4x upscaling,PSNR,False,1809.04789,1807.02758,27.6222,28.87,0
Image Super-Resolution | Set14 - 4x upscaling,Image Super-Resolution,Set14 - 4x upscaling,PSNR,False,1906.12021,2503.20337,29.02,29.29,0
Image Super-Resolution | Set14 - 4x upscaling,Image Super-Resolution,Set14 - 4x upscaling,PSNR,False,1712.06116,1807.02758,28.35,28.87,0
Image Super-Resolution | Set14 - 4x upscaling,Image Super-Resolution,Set14 - 4x upscaling,PSNR,False,2309.14162,1712.06116,28.8,28.35,1
Image Super-Resolution | Set14 - 4x upscaling,Image Super-Resolution,Set14 - 4x upscaling,PSNR,False,2401.08913,2408.09940,28.3,28.53,0
Image Super-Resolution | Set14 - 4x upscaling,Image Super-Resolution,Set14 - 4x upscaling,PSNR,False,1805.07071,2208.11247,28.41,29.44,0
Image Super-Resolution | Set14 - 4x upscaling,Image Super-Resolution,Set14 - 4x upscaling,PSNR,False,1708.02209,2008.10329,28.26,28.47,0
Image Super-Resolution | Set14 - 4x upscaling,Image Super-Resolution,Set14 - 4x upscaling,PSNR,False,1805.07071,1803.02735,28.41,28.82,0
Image Super-Resolution | Set14 - 4x upscaling,Image Super-Resolution,Set14 - 4x upscaling,PSNR,False,1712.05248,1907.04253,27.48,28.84,0
Image Super-Resolution | Set14 - 4x upscaling,Image Super-Resolution,Set14 - 4x upscaling,PSNR,False,2404.00722,1801.10319,29.54,28.32,1
Image Super-Resolution | Set14 - 4x upscaling,Image Super-Resolution,Set14 - 4x upscaling,PSNR,False,1712.05248,1511.04491,27.48,28.02,0
Image Super-Resolution | Set14 - 4x upscaling,Image Super-Resolution,Set14 - 4x upscaling,PSNR,False,2303.09190,1609.05158,28.92,27.66,1
Image Super-Resolution | Set14 - 4x upscaling,Image Super-Resolution,Set14 - 4x upscaling,PSNR,False,1611.06345,1712.06116,28.8,28.35,1
Image Super-Resolution | Set14 - 4x upscaling,Image Super-Resolution,Set14 - 4x upscaling,PSNR,False,2407.05878,2309.14162,28.87,28.8,1
Image Super-Resolution | Set14 - 4x upscaling,Image Super-Resolution,Set14 - 4x upscaling,PSNR,False,1809.00219,1712.05248,28.99,27.48,1
Image Super-Resolution | Set14 - 4x upscaling,Image Super-Resolution,Set14 - 4x upscaling,PSNR,False,1805.07071,1903.09814,28.41,28.81,0
Image Super-Resolution | Set14 - 4x upscaling,Image Super-Resolution,Set14 - 4x upscaling,PSNR,False,1809.00219,1906.12021,28.99,29.02,0
Image Super-Resolution | Set14 - 4x upscaling,Image Super-Resolution,Set14 - 4x upscaling,PSNR,False,1511.02228,2309.14162,27.88,28.8,0
Image Super-Resolution | Set14 - 4x upscaling,Image Super-Resolution,Set14 - 4x upscaling,PSNR,False,1712.05248,1909.11856,27.48,28.58,0
Image Super-Resolution | Set14 - 4x upscaling,Image Super-Resolution,Set14 - 4x upscaling,PSNR,False,1511.04491,1612.07919,28.02,28.42,0
Image Super-Resolution | Set14 - 4x upscaling,Image Super-Resolution,Set14 - 4x upscaling,PSNR,False,1803.02735,1809.00219,28.82,28.99,0
Image Super-Resolution | Set14 - 4x upscaling,Image Super-Resolution,Set14 - 4x upscaling,PSNR,False,1805.07071,1712.05248,28.41,27.48,1
Image Super-Resolution | Set14 - 4x upscaling,Image Super-Resolution,Set14 - 4x upscaling,PSNR,False,1805.07071,1511.04491,28.41,28.02,1
Image Super-Resolution | Set14 - 4x upscaling,Image Super-Resolution,Set14 - 4x upscaling,PSNR,False,2401.08913,2303.09190,28.3,28.92,0
Image Super-Resolution | Set14 - 4x upscaling,Image Super-Resolution,Set14 - 4x upscaling,PSNR,False,1803.02735,1804.02815,28.82,26.13,1
Image Super-Resolution | Set14 - 4x upscaling,Image Super-Resolution,Set14 - 4x upscaling,PSNR,False,2006.01424,2503.20337,28.95,29.29,0
Image Super-Resolution | Set14 - 4x upscaling,Image Super-Resolution,Set14 - 4x upscaling,PSNR,False,1511.02228,1807.02758,27.88,28.87,0
Image Super-Resolution | Set14 - 4x upscaling,Image Super-Resolution,Set14 - 4x upscaling,PSNR,False,2404.00722,1712.06116,29.54,28.35,1
Image Super-Resolution | Set14 - 4x upscaling,Image Super-Resolution,Set14 - 4x upscaling,PSNR,False,1511.02228,2308.03364,27.88,29.29,0
Image Super-Resolution | Set14 - 4x upscaling,Image Super-Resolution,Set14 - 4x upscaling,PSNR,False,2008.10329,1612.07919,28.47,28.42,1
Image Super-Resolution | Set14 - 4x upscaling,Image Super-Resolution,Set14 - 4x upscaling,PSNR,False,2309.14162,2310.10413,28.8,28.38,1
Image Super-Resolution | Set14 - 4x upscaling,Image Super-Resolution,Set14 - 4x upscaling,PSNR,False,1712.06116,1608.03981,28.35,28.04,1
Image Super-Resolution | Set14 - 4x upscaling,Image Super-Resolution,Set14 - 4x upscaling,PSNR,False,2407.05878,1907.10399,28.87,28.95,0
Image Super-Resolution | Set14 - 4x upscaling,Image Super-Resolution,Set14 - 4x upscaling,PSNR,False,2008.08767,2310.10413,28.99,28.38,1
Image Super-Resolution | Set14 - 4x upscaling,Image Super-Resolution,Set14 - 4x upscaling,PSNR,False,1809.00219,2503.20337,28.99,29.29,0
Image Super-Resolution | Set14 - 4x upscaling,Image Super-Resolution,Set14 - 4x upscaling,PSNR,False,2303.09190,1712.06116,28.92,28.35,1
Image Super-Resolution | Set14 - 4x upscaling,Image Super-Resolution,Set14 - 4x upscaling,PSNR,False,1712.05248,1806.02919,27.48,28.36,0
Image Super-Resolution | Set14 - 4x upscaling,Image Super-Resolution,Set14 - 4x upscaling,PSNR,False,1906.06874,2008.10329,28.67,28.47,1
Image Super-Resolution | Set14 - 4x upscaling,Image Super-Resolution,Set14 - 4x upscaling,PSNR,False,2404.00722,2309.14162,29.54,28.8,1
Image Super-Resolution | Set14 - 4x upscaling,Image Super-Resolution,Set14 - 4x upscaling,PSNR,False,1712.05248,1807.02758,27.48,28.87,0
Image Super-Resolution | Set14 - 4x upscaling,Image Super-Resolution,Set14 - 4x upscaling,PSNR,False,1803.02735,2503.20337,28.82,29.29,0
Image Super-Resolution | Set14 - 4x upscaling,Image Super-Resolution,Set14 - 4x upscaling,PSNR,False,1609.05158,2310.10413,27.66,28.38,0
Image Super-Resolution | Set14 - 4x upscaling,Image Super-Resolution,Set14 - 4x upscaling,PSNR,False,2006.01424,2308.03364,28.95,29.29,0
Image Super-Resolution | Set14 - 4x upscaling,Image Super-Resolution,Set14 - 4x upscaling,PSNR,False,2303.09190,1907.10399,28.92,28.95,0
Image Super-Resolution | Set14 - 4x upscaling,Image Super-Resolution,Set14 - 4x upscaling,PSNR,False,1906.12021,2310.10413,29.02,28.38,1
Image Super-Resolution | Set14 - 4x upscaling,Image Super-Resolution,Set14 - 4x upscaling,PSNR,False,2404.00722,1906.06874,29.54,28.67,1
Image Super-Resolution | Set14 - 4x upscaling,Image Super-Resolution,Set14 - 4x upscaling,PSNR,False,1611.06345,2401.08209,28.8,29.24,0
Image Super-Resolution | Set14 - 4x upscaling,Image Super-Resolution,Set14 - 4x upscaling,PSNR,False,1809.00219,1708.02209,28.99,28.26,1
Image Super-Resolution | Set14 - 4x upscaling,Image Super-Resolution,Set14 - 4x upscaling,PSNR,False,2405.05001,1804.02815,29.51,26.13,1
Image Super-Resolution | Set14 - 4x upscaling,Image Super-Resolution,Set14 - 4x upscaling,PSNR,False,1803.02735,2401.08209,28.82,29.24,0
Image Super-Resolution | Set14 - 4x upscaling,Image Super-Resolution,Set14 - 4x upscaling,PSNR,False,2401.08913,1807.02758,28.3,28.87,0
Image Super-Resolution | Set14 - 4x upscaling,Image Super-Resolution,Set14 - 4x upscaling,PSNR,False,1903.09814,2008.08767,28.81,28.99,0
Image Super-Resolution | Set14 - 4x upscaling,Image Super-Resolution,Set14 - 4x upscaling,PSNR,False,1712.06116,1907.10399,28.35,28.95,0
Image Super-Resolution | Set14 - 4x upscaling,Image Super-Resolution,Set14 - 4x upscaling,PSNR,False,1804.02815,1612.07919,26.13,28.42,0
Image Super-Resolution | Set14 - 4x upscaling,Image Super-Resolution,Set14 - 4x upscaling,PSNR,False,1805.07071,1608.03981,28.41,28.04,1
Image Super-Resolution | Set14 - 4x upscaling,Image Super-Resolution,Set14 - 4x upscaling,PSNR,False,2407.05878,2401.08913,28.87,28.3,1
Image Super-Resolution | Set14 - 4x upscaling,Image Super-Resolution,Set14 - 4x upscaling,PSNR,False,1909.11856,2408.09940,28.58,28.53,1
Image Super-Resolution | Set14 - 4x upscaling,Image Super-Resolution,Set14 - 4x upscaling,PSNR,False,2208.11247,1804.02815,29.44,26.13,1
Image Super-Resolution | Set14 - 4x upscaling,Image Super-Resolution,Set14 - 4x upscaling,PSNR,False,2407.05878,2310.10413,28.87,28.38,1
Image Super-Resolution | Set14 - 4x upscaling,Image Super-Resolution,Set14 - 4x upscaling,PSNR,False,1909.11856,1907.10399,28.58,28.95,0
Image Super-Resolution | Set14 - 4x upscaling,Image Super-Resolution,Set14 - 4x upscaling,PSNR,False,1609.05158,1807.02758,27.66,28.87,0
Image Super-Resolution | Set14 - 4x upscaling,Image Super-Resolution,Set14 - 4x upscaling,PSNR,False,1511.02228,1909.05305,27.88,25.19,1
Anomaly Detection | MVTec AD,Anomaly Detection,MVTec AD,Detection AUROC,False,2305.17382,2305.09446,86.1,98.2,0
Anomaly Detection | MVTec AD,Anomaly Detection,MVTec AD,Detection AUROC,False,2303.15140,2211.11317,99.6,98.6,1
Anomaly Detection | MVTec AD,Anomaly Detection,MVTec AD,Detection AUROC,False,2206.04325,2504.05662,99.3,99.1,1
Anomaly Detection | MVTec AD,Anomaly Detection,MVTec AD,Detection AUROC,False,2505.17551,2309.07068,99.7,98.6,1
Anomaly Detection | MVTec AD,Anomaly Detection,MVTec AD,Detection AUROC,False,2303.15140,2311.06504,99.6,95.81,1
Anomaly Detection | MVTec AD,Anomaly Detection,MVTec AD,Detection AUROC,False,2011.02578,2412.07579,86.5,99.2,0
Anomaly Detection | MVTec AD,Anomaly Detection,MVTec AD,Detection AUROC,False,2303.14814,2211.12634,95.2,99.63,0
Anomaly Detection | MVTec AD,Anomaly Detection,MVTec AD,Detection AUROC,False,2310.18961,2412.17458,91.5,99.8,0
Anomaly Detection | MVTec AD,Anomaly Detection,MVTec AD,Detection AUROC,False,2303.14814,2012.12111,95.2,87.5,1
Anomaly Detection | MVTec AD,Anomaly Detection,MVTec AD,Detection AUROC,False,2303.14814,2412.07579,95.2,99.2,0
Anomaly Detection | MVTec AD,Anomaly Detection,MVTec AD,Detection AUROC,False,2012.12111,2401.16753,87.5,97.8,0
Anomaly Detection | MVTec AD,Anomaly Detection,MVTec AD,Detection AUROC,False,2008.12577,2211.12634,94.9,99.63,0
Anomaly Detection | MVTec AD,Anomaly Detection,MVTec AD,Detection AUROC,False,2311.06504,2008.12577,95.81,94.9,1
Anomaly Detection | MVTec AD,Anomaly Detection,MVTec AD,Detection AUROC,False,2407.09359,2111.07677,99.9,99.4,1
Anomaly Detection | MVTec AD,Anomaly Detection,MVTec AD,Detection AUROC,False,2303.14814,2407.09359,95.2,99.9,0
Anomaly Detection | MVTec AD,Anomaly Detection,MVTec AD,Detection AUROC,False,2308.06748,2403.05897,99.7,99.6,1
Anomaly Detection | MVTec AD,Anomaly Detection,MVTec AD,Detection AUROC,False,2305.17382,2101.10043,86.1,93.4,0
Anomaly Detection | MVTec AD,Anomaly Detection,MVTec AD,Detection AUROC,False,2303.15140,2309.07068,99.6,98.6,1
Anomaly Detection | MVTec AD,Anomaly Detection,MVTec AD,Detection AUROC,False,2107.12571,2312.12913,98.26,99.5,0
Anomaly Detection | MVTec AD,Anomaly Detection,MVTec AD,Detection AUROC,False,2311.06504,2104.13897,95.81,95.0,1
Anomaly Detection | MVTec AD,Anomaly Detection,MVTec AD,Detection AUROC,False,2106.03844,2407.09359,87.2,99.9,0
Anomaly Detection | MVTec AD,Anomaly Detection,MVTec AD,Detection AUROC,False,2012.07122,2208.01521,93.8,98.2,0
Anomaly Detection | MVTec AD,Anomaly Detection,MVTec AD,Detection AUROC,False,2011.02578,2211.12634,86.5,99.63,0
Anomaly Detection | MVTec AD,Anomaly Detection,MVTec AD,Detection AUROC,False,2412.17458,2108.12159,99.8,95.1,1
Anomaly Detection | MVTec AD,Anomaly Detection,MVTec AD,Detection AUROC,False,2107.12571,2208.01521,98.26,98.2,1
Anomaly Detection | MVTec AD,Anomaly Detection,MVTec AD,Detection AUROC,False,2310.18961,2303.14535,91.5,99.8,0
Anomaly Detection | MVTec AD,Anomaly Detection,MVTec AD,Detection AUROC,False,2011.02578,2211.11317,86.5,98.6,0
Anomaly Detection | MVTec AD,Anomaly Detection,MVTec AD,Detection AUROC,False,2012.12111,2305.16713,87.5,99.72,0
Anomaly Detection | MVTec AD,Anomaly Detection,MVTec AD,Detection AUROC,False,2206.04325,2308.06748,99.3,99.7,0
Anomaly Detection | MVTec AD,Anomaly Detection,MVTec AD,Detection AUROC,False,2303.14814,2303.16191,95.2,99.8,0
Anomaly Detection | MVTec AD,Anomaly Detection,MVTec AD,Detection AUROC,False,2106.03844,2408.03143,87.2,98.4,0
Anomaly Detection | MVTec AD,Anomaly Detection,MVTec AD,Detection AUROC,False,2011.02578,2311.09999,86.5,99.4,0
Anomaly Detection | MVTec AD,Anomaly Detection,MVTec AD,Detection AUROC,False,2008.12577,2108.12159,94.9,95.1,0
Anomaly Detection | MVTec AD,Anomaly Detection,MVTec AD,Detection AUROC,False,2505.17551,2504.05662,99.7,99.1,1
Anomaly Detection | MVTec AD,Anomaly Detection,MVTec AD,Detection AUROC,False,2310.18961,2309.07068,91.5,98.6,0
Anomaly Detection | MVTec AD,Anomaly Detection,MVTec AD,Detection AUROC,False,2303.14535,2305.16713,99.8,99.72,1
Anomaly Detection | MVTec AD,Anomaly Detection,MVTec AD,Detection AUROC,False,2011.02578,2012.07122,86.5,93.8,0
Anomaly Detection | MVTec AD,Anomaly Detection,MVTec AD,Detection AUROC,False,2303.14814,2504.05662,95.2,99.1,0
Anomaly Detection | MVTec AD,Anomaly Detection,MVTec AD,Detection AUROC,False,2107.12571,2305.16713,98.26,99.72,0
Anomaly Detection | MVTec AD,Anomaly Detection,MVTec AD,Detection AUROC,False,2006.16067,2407.09359,92.1,99.9,0
Anomaly Detection | MVTec AD,Anomaly Detection,MVTec AD,Detection AUROC,False,2407.09359,2504.05662,99.9,99.1,1
Anomaly Detection | MVTec AD,Anomaly Detection,MVTec AD,Detection AUROC,False,2111.07677,2403.05897,99.4,99.6,0
Anomaly Detection | MVTec AD,Anomaly Detection,MVTec AD,Detection AUROC,False,2111.07677,2208.01521,99.4,98.2,1
Anomaly Detection | MVTec AD,Anomaly Detection,MVTec AD,Detection AUROC,False,2011.02578,2302.07849,86.5,85.8,1
Anomaly Detection | MVTec AD,Anomaly Detection,MVTec AD,Detection AUROC,False,2407.09359,2401.16753,99.9,97.8,1
Anomaly Detection | MVTec AD,Anomaly Detection,MVTec AD,Detection AUROC,False,2208.01521,2305.16713,98.2,99.72,0
Anomaly Detection | MVTec AD,Anomaly Detection,MVTec AD,Detection AUROC,False,2008.12577,2101.10043,94.9,93.4,1
Anomaly Detection | MVTec AD,Anomaly Detection,MVTec AD,Detection AUROC,False,2311.06504,2107.12571,95.81,98.26,0
Anomaly Detection | MVTec AD,Anomaly Detection,MVTec AD,Detection AUROC,False,2109.15222,2006.16067,97.2,92.1,1
Anomaly Detection | MVTec AD,Anomaly Detection,MVTec AD,Detection AUROC,False,2412.17458,2312.12913,99.8,99.5,1
Anomaly Detection | MVTec AD,Anomaly Detection,MVTec AD,Detection AUROC,False,2008.12577,2309.07068,94.9,98.6,0
Anomaly Detection | MVTec AD,Anomaly Detection,MVTec AD,Detection AUROC,False,2109.15222,2310.18961,97.2,91.5,1
Anomaly Detection | MVTec AD,Anomaly Detection,MVTec AD,Detection AUROC,False,2401.16753,2110.03396,97.8,96.0,1
Anomaly Detection | MVTec AD,Anomaly Detection,MVTec AD,Detection AUROC,False,2302.07849,2305.16713,85.8,99.72,0
Anomaly Detection | MVTec AD,Anomaly Detection,MVTec AD,Detection AUROC,False,2109.15222,2107.12571,97.2,98.26,0
Anomaly Detection | MVTec AD,Anomaly Detection,MVTec AD,Detection AUROC,False,2310.18961,2305.16713,91.5,99.72,0
Anomaly Detection | MVTec AD,Anomaly Detection,MVTec AD,Detection AUROC,False,2211.11317,2303.14535,98.6,99.8,0
Anomaly Detection | MVTec AD,Anomaly Detection,MVTec AD,Detection AUROC,False,2311.06504,2407.09359,95.81,99.9,0
Anomaly Detection | MVTec AD,Anomaly Detection,MVTec AD,Detection AUROC,False,2401.16753,2504.05662,97.8,99.1,0
Anomaly Detection | MVTec AD,Anomaly Detection,MVTec AD,Detection AUROC,False,2412.17458,2211.12634,99.8,99.63,1
Anomaly Detection | MVTec AD,Anomaly Detection,MVTec AD,Detection AUROC,False,2012.07122,2211.12634,93.8,99.63,0
Anomaly Detection | MVTec AD,Anomaly Detection,MVTec AD,Detection AUROC,False,2012.07122,2309.07068,93.8,98.6,0
Anomaly Detection | MVTec AD,Anomaly Detection,MVTec AD,Detection AUROC,False,2104.13897,2211.12634,95.0,99.63,0
Anomaly Detection | MVTec AD,Anomaly Detection,MVTec AD,Detection AUROC,False,2104.13897,2305.16713,95.0,99.72,0
Anomaly Detection | MVTec AD,Anomaly Detection,MVTec AD,Detection AUROC,False,2310.18961,2211.11317,91.5,98.6,0
Anomaly Detection | MVTec AD,Anomaly Detection,MVTec AD,Detection AUROC,False,2012.07122,2104.13897,93.8,95.0,0
Anomaly Detection | MVTec AD,Anomaly Detection,MVTec AD,Detection AUROC,False,2107.12571,2110.03396,98.26,96.0,1
Anomaly Detection | MVTec AD,Anomaly Detection,MVTec AD,Detection AUROC,False,2303.14814,2101.10043,95.2,93.4,1
Anomaly Detection | MVTec AD,Anomaly Detection,MVTec AD,Detection AUROC,False,2104.13897,2008.12577,95.0,94.9,1
Anomaly Detection | MVTec AD,Anomaly Detection,MVTec AD,Detection AUROC,False,2412.17458,2012.12111,99.8,87.5,1
Anomaly Detection | MVTec AD,Anomaly Detection,MVTec AD,Detection AUROC,False,2109.15222,2101.10043,97.2,93.4,1
Anomaly Detection | MVTec AD,Anomaly Detection,MVTec AD,Detection AUROC,False,2106.03844,2211.11317,87.2,98.6,0
Anomaly Detection | MVTec AD,Anomaly Detection,MVTec AD,Detection AUROC,False,2303.15140,2108.12159,99.6,95.1,1
Anomaly Detection | MVTec AD,Anomaly Detection,MVTec AD,Detection AUROC,False,2412.17458,2302.07849,99.8,85.8,1
Anomaly Detection | MVTec AD,Anomaly Detection,MVTec AD,Detection AUROC,False,2305.17382,2104.13897,86.1,95.0,0
Anomaly Detection | MVTec AD,Anomaly Detection,MVTec AD,Detection AUROC,False,2008.12577,2303.16191,94.9,99.8,0
Anomaly Detection | MVTec AD,Anomaly Detection,MVTec AD,Detection AUROC,False,2104.13897,2407.09359,95.0,99.9,0
Anomaly Detection | MVTec AD,Anomaly Detection,MVTec AD,Detection AUROC,False,2006.16067,2107.12571,92.1,98.26,0
Anomaly Detection | MVTec AD,Anomaly Detection,MVTec AD,Detection AUROC,False,2104.13897,2412.07579,95.0,99.2,0
Anomaly Detection | MVTec AD,Anomaly Detection,MVTec AD,Detection AUROC,False,2008.12577,2504.05662,94.9,99.1,0
Anomaly Detection | MVTec AD,Anomaly Detection,MVTec AD,Detection AUROC,False,2408.03143,2309.07068,98.4,98.6,0
Anomaly Detection | MVTec AD,Anomaly Detection,MVTec AD,Detection AUROC,False,2311.09999,2303.14535,99.4,99.8,0
Anomaly Detection | MVTec AD,Anomaly Detection,MVTec AD,Detection AUROC,False,2109.15222,2504.05662,97.2,99.1,0
Anomaly Detection | MVTec AD,Anomaly Detection,MVTec AD,Detection AUROC,False,2310.18961,2107.12571,91.5,98.26,0
Anomaly Detection | MVTec AD,Anomaly Detection,MVTec AD,Detection AUROC,False,2305.16713,2312.12913,99.72,99.5,1
Anomaly Detection | MVTec AD,Anomaly Detection,MVTec AD,Detection AUROC,False,2305.09446,2111.07677,98.2,99.4,0
Anomaly Detection | MVTec AD,Anomaly Detection,MVTec AD,Detection AUROC,False,2305.15956,2305.16713,99.8,99.72,1
Anomaly Detection | MVTec AD,Anomaly Detection,MVTec AD,Detection AUROC,False,2310.18961,2208.01521,91.5,98.2,0
Anomaly Detection | MVTec AD,Anomaly Detection,MVTec AD,Detection AUROC,False,2302.07849,2412.07579,85.8,99.2,0
Anomaly Detection | MVTec AD,Anomaly Detection,MVTec AD,Detection AUROC,False,2412.07579,2305.16713,99.2,99.72,0
Anomaly Detection | MVTec AD,Anomaly Detection,MVTec AD,Detection AUROC,False,2403.05897,2303.16191,99.6,99.8,0
Anomaly Detection | MVTec AD,Anomaly Detection,MVTec AD,Detection AUROC,False,2303.14814,2211.11317,95.2,98.6,0
Anomaly Detection | MVTec AD,Anomaly Detection,MVTec AD,Detection AUROC,False,2310.18961,2408.03143,91.5,98.4,0
Anomaly Detection | MVTec AD,Anomaly Detection,MVTec AD,Detection AUROC,False,2310.18961,2104.13897,91.5,95.0,0
Anomaly Detection | MVTec AD,Anomaly Detection,MVTec AD,Detection AUROC,False,2104.13897,2312.12913,95.0,99.5,0
Anomaly Detection | MVTec AD,Anomaly Detection,MVTec AD,Detection AUROC,False,2309.07068,2305.16713,98.6,99.72,0
Anomaly Detection | MVTec AD,Anomaly Detection,MVTec AD,Detection AUROC,False,2311.06504,2312.12913,95.81,99.5,0
Anomaly Detection | MVTec AD,Anomaly Detection,MVTec AD,Detection AUROC,False,2110.03396,2303.16191,96.0,99.8,0
Anomaly Detection | MVTec AD,Anomaly Detection,MVTec AD,Detection AUROC,False,2310.18961,2407.09359,91.5,99.9,0
Anomaly Detection | MVTec AD,Anomaly Detection,MVTec AD,Detection AUROC,False,2011.02578,2312.12913,86.5,99.5,0
Anomaly Detection | MVTec AD,Anomaly Detection,MVTec AD,Detection AUROC,False,2505.17551,2008.12577,99.7,94.9,1
Anomaly Detection | MVTec AD,Anomaly Detection,MVTec AD,Detection AUROC,False,2008.12577,2206.04325,94.9,99.3,0
Anomaly Detection | MVTec AD,Anomaly Detection,MVTec AD,Detection AUROC,False,2303.14814,2008.12577,95.2,94.9,1
Anomaly Detection | MVTec AD,Anomaly Detection,MVTec AD,Detection AUROC,False,2305.17382,2305.16713,86.1,99.72,0
Anomaly Detection | MVTec AD,Anomaly Detection,MVTec AD,Detection AUROC,False,2104.13897,2505.17551,95.0,99.7,0
Anomaly Detection | MVTec AD,Anomaly Detection,MVTec AD,Detection AUROC,False,2104.13897,2206.04325,95.0,99.3,0
Anomaly Detection | MVTec AD,Anomaly Detection,MVTec AD,Detection AUROC,False,2108.12159,2101.10043,95.1,93.4,1
Anomaly Detection | MVTec AD,Anomaly Detection,MVTec AD,Detection AUROC,False,2206.04325,2309.07068,99.3,98.6,1
Anomaly Detection | MVTec AD,Anomaly Detection,MVTec AD,Detection AUROC,False,2311.09999,2303.16191,99.4,99.8,0
Anomaly Detection | MVTec AD,Anomaly Detection,MVTec AD,Detection AUROC,False,2011.02578,2106.03844,86.5,87.2,0
Anomaly Detection | MVTec AD,Anomaly Detection,MVTec AD,Detection AUROC,False,2110.03396,2101.10043,96.0,93.4,1
Anomaly Detection | MVTec AD,Anomaly Detection,MVTec AD,Detection AUROC,False,2211.11317,2308.06748,98.6,99.7,0
Anomaly Detection | MVTec AD,Anomaly Detection,MVTec AD,Detection AUROC,False,2012.07122,2311.09999,93.8,99.4,0
Anomaly Detection | MVTec AD,Anomaly Detection,MVTec AD,Detection AUROC,False,2310.18961,2303.14814,91.5,95.2,0
Anomaly Detection | MVTec AD,Anomaly Detection,MVTec AD,Detection AUROC,False,2006.16067,2309.07068,92.1,98.6,0
Anomaly Detection | MVTec AD,Anomaly Detection,MVTec AD,Detection AUROC,False,2408.03143,2303.14535,98.4,99.8,0
Anomaly Detection | MVTec AD,Anomaly Detection,MVTec AD,Detection AUROC,False,2109.15222,2211.12634,97.2,99.63,0
Anomaly Detection | MVTec AD,Anomaly Detection,MVTec AD,Detection AUROC,False,2211.11317,2401.16753,98.6,97.8,1
Anomaly Detection | MVTec AD,Anomaly Detection,MVTec AD,Detection AUROC,False,2305.09446,2303.16191,98.2,99.8,0
Anomaly Detection | MVTec AD,Anomaly Detection,MVTec AD,Detection AUROC,False,2106.03844,2308.06748,87.2,99.7,0
Anomaly Detection | MVTec AD,Anomaly Detection,MVTec AD,Detection AUROC,False,2011.02578,2401.16753,86.5,97.8,0
Anomaly Detection | MVTec AD,Anomaly Detection,MVTec AD,Detection AUROC,False,2505.17551,2303.16191,99.7,99.8,0
Anomaly Detection | MVTec AD,Anomaly Detection,MVTec AD,Detection AUROC,False,2505.17551,2006.16067,99.7,92.1,1
Anomaly Detection | MVTec AD,Anomaly Detection,MVTec AD,Detection AUROC,False,2310.18961,2012.07122,91.5,93.8,0
Anomaly Detection | MVTec AD,Anomaly Detection,MVTec AD,Detection AUROC,False,2106.03844,2208.01521,87.2,98.2,0
Anomaly Detection | MVTec AD,Anomaly Detection,MVTec AD,Detection AUROC,False,2109.15222,2011.02578,97.2,86.5,1
Anomaly Detection | MVTec AD,Anomaly Detection,MVTec AD,Detection AUROC,False,2305.17382,2401.16753,86.1,97.8,0
Anomaly Detection | MVTec AD,Anomaly Detection,MVTec AD,Detection AUROC,False,2006.16067,2008.12577,92.1,94.9,0
Anomaly Detection | MVTec AD,Anomaly Detection,MVTec AD,Detection AUROC,False,2310.18961,2311.09999,91.5,99.4,0
Anomaly Detection | MVTec AD,Anomaly Detection,MVTec AD,Detection AUROC,False,2407.09359,2412.07579,99.9,99.2,1
Anomaly Detection | MVTec AD,Anomaly Detection,MVTec AD,Detection AUROC,False,2412.17458,2412.07579,99.8,99.2,1
Anomaly Detection | MVTec AD,Anomaly Detection,MVTec AD,Detection AUROC,False,2505.17551,2206.04325,99.7,99.3,1
Anomaly Detection | MVTec AD,Anomaly Detection,MVTec AD,Detection AUROC,False,2305.17382,2504.05662,86.1,99.1,0
Anomaly Detection | MVTec AD,Anomaly Detection,MVTec AD,Detection AUROC,False,2109.15222,2302.07849,97.2,85.8,1
Anomaly Detection | MVTec AD,Anomaly Detection,MVTec AD,Detection AUROC,False,2303.14814,2108.12159,95.2,95.1,1
Anomaly Detection | MVTec AD,Anomaly Detection,MVTec AD,Detection AUROC,False,2107.12571,2101.10043,98.26,93.4,1
Anomaly Detection | MVTec AD,Anomaly Detection,MVTec AD,Detection AUROC,False,2303.15140,2308.06748,99.6,99.7,0
Anomaly Detection | MVTec AD,Anomaly Detection,MVTec AD,Detection AUROC,False,2311.06504,2305.15956,95.81,99.8,0
Anomaly Detection | MVTec AD,Anomaly Detection,MVTec AD,Detection AUROC,False,2109.15222,2303.14535,97.2,99.8,0
Anomaly Detection | MVTec AD,Anomaly Detection,MVTec AD,Detection AUROC,False,2305.17382,2111.07677,86.1,99.4,0
Anomaly Detection | MVTec AD,Anomaly Detection,MVTec AD,Detection AUROC,False,2109.15222,2412.07579,97.2,99.2,0
Anomaly Detection | MVTec AD,Anomaly Detection,MVTec AD,Detection AUROC,False,2106.03844,2504.05662,87.2,99.1,0
Anomaly Detection | MVTec AD,Anomaly Detection,MVTec AD,Detection AUROC,False,2505.17551,2407.09359,99.7,99.9,0
Anomaly Detection | MVTec AD,Anomaly Detection,MVTec AD,Detection AUROC,False,2407.09359,2206.04325,99.9,99.3,1
Anomaly Detection | MVTec AD,Anomaly Detection,MVTec AD,Detection AUROC,False,2012.07122,2305.16713,93.8,99.72,0
Anomaly Detection | MVTec AD,Anomaly Detection,MVTec AD,Detection AUROC,False,2310.18961,2302.07849,91.5,85.8,1
Anomaly Detection | MVTec AD,Anomaly Detection,MVTec AD,Detection AUROC,False,2006.16067,2312.12913,92.1,99.5,0
Anomaly Detection | MVTec AD,Anomaly Detection,MVTec AD,Detection AUROC,False,2006.16067,2408.03143,92.1,98.4,0
Anomaly Detection | MVTec AD,Anomaly Detection,MVTec AD,Detection AUROC,False,2106.03844,2312.12913,87.2,99.5,0
Anomaly Detection | MVTec AD,Anomaly Detection,MVTec AD,Detection AUROC,False,2305.15956,2312.12913,99.8,99.5,1
Anomaly Detection | MVTec AD,Anomaly Detection,MVTec AD,Detection AUROC,False,2407.09359,2211.11317,99.9,98.6,1
Anomaly Detection | MVTec AD,Anomaly Detection,MVTec AD,Detection AUROC,False,2206.04325,2211.12634,99.3,99.63,0
Anomaly Detection | MVTec AD,Anomaly Detection,MVTec AD,Detection AUROC,False,2412.17458,2407.09359,99.8,99.9,0
Anomaly Detection | MVTec AD,Anomaly Detection,MVTec AD,Detection AUROC,False,2109.15222,2401.16753,97.2,97.8,0
Anomaly Detection | MVTec AD,Anomaly Detection,MVTec AD,Detection AUROC,False,2302.07849,2110.03396,85.8,96.0,0
Anomaly Detection | MVTec AD,Anomaly Detection,MVTec AD,Detection AUROC,False,2305.15956,2403.05897,99.8,99.6,1
Anomaly Detection | MVTec AD,Anomaly Detection,MVTec AD,Detection AUROC,False,2011.02578,2012.12111,86.5,87.5,0
Anomaly Detection | MVTec AD,Anomaly Detection,MVTec AD,Detection AUROC,False,2412.17458,2206.04325,99.8,99.3,1
Anomaly Detection | MVTec AD,Anomaly Detection,MVTec AD,Detection AUROC,False,2407.09359,2110.03396,99.9,96.0,1
Anomaly Detection | MVTec AD,Anomaly Detection,MVTec AD,Detection AUROC,False,2107.12571,2408.03143,98.26,98.4,0
Anomaly Detection | MVTec AD,Anomaly Detection,MVTec AD,Detection AUROC,False,2311.06504,2504.05662,95.81,99.1,0
Anomaly Detection | MVTec AD,Anomaly Detection,MVTec AD,Detection AUROC,False,2305.09446,2211.11317,98.2,98.6,0
Anomaly Detection | MVTec AD,Anomaly Detection,MVTec AD,Detection AUROC,False,2106.03844,2309.07068,87.2,98.6,0
Anomaly Detection | MVTec AD,Anomaly Detection,MVTec AD,Detection AUROC,False,2305.09446,2309.07068,98.2,98.6,0
Anomaly Detection | MVTec AD,Anomaly Detection,MVTec AD,Detection AUROC,False,2412.17458,2107.12571,99.8,98.26,1
Anomaly Detection | MVTec AD,Anomaly Detection,MVTec AD,Detection AUROC,False,2008.12577,2401.16753,94.9,97.8,0
Anomaly Detection | MVTec AD,Anomaly Detection,MVTec AD,Detection AUROC,False,2311.09999,2504.05662,99.4,99.1,1
Anomaly Detection | MVTec AD,Anomaly Detection,MVTec AD,Detection AUROC,False,2006.16067,2110.03396,92.1,96.0,0
Anomaly Detection | MVTec AD,Anomaly Detection,MVTec AD,Detection AUROC,False,2303.15140,2407.09359,99.6,99.9,0
Anomaly Detection | MVTec AD,Anomaly Detection,MVTec AD,Detection AUROC,False,2302.07849,2012.12111,85.8,87.5,0
Anomaly Detection | MVTec AD,Anomaly Detection,MVTec AD,Detection AUROC,False,2505.17551,2012.12111,99.7,87.5,1
Anomaly Detection | MVTec AD,Anomaly Detection,MVTec AD,Detection AUROC,False,2011.02578,2308.06748,86.5,99.7,0
Anomaly Detection | MVTec AD,Anomaly Detection,MVTec AD,Detection AUROC,False,2305.15956,2012.12111,99.8,87.5,1
Anomaly Detection | MVTec AD,Anomaly Detection,MVTec AD,Detection AUROC,False,2305.09446,2308.06748,98.2,99.7,0
Anomaly Detection | MVTec AD,Anomaly Detection,MVTec AD,Detection AUROC,False,2412.07579,2208.01521,99.2,98.2,1
Anomaly Detection | MVTec AD,Anomaly Detection,MVTec AD,Detection AUROC,False,2305.17382,2312.12913,86.1,99.5,0
Anomaly Detection | MVTec AD,Anomaly Detection,MVTec AD,Detection AUROC,False,2012.07122,2407.09359,93.8,99.9,0
Anomaly Detection | MVTec AD,Anomaly Detection,MVTec AD,Detection AUROC,False,2012.07122,2403.05897,93.8,99.6,0
Anomaly Detection | MVTec AD,Anomaly Detection,MVTec AD,Detection AUROC,False,2305.17382,2408.03143,86.1,98.4,0
Anomaly Detection | MVTec AD,Anomaly Detection,MVTec AD,Detection AUROC,False,2208.01521,2401.16753,98.2,97.8,1
Anomaly Detection | MVTec AD,Anomaly Detection,MVTec AD,Detection AUROC,False,2006.16067,2106.03844,92.1,87.2,1
Anomaly Detection | MVTec AD,Anomaly Detection,MVTec AD,Detection AUROC,False,2109.15222,2012.07122,97.2,93.8,1
Anomaly Detection | MVTec AD,Anomaly Detection,MVTec AD,Detection AUROC,False,2408.03143,2012.12111,98.4,87.5,1
Anomaly Detection | MVTec AD,Anomaly Detection,MVTec AD,Detection AUROC,False,2111.07677,2309.07068,99.4,98.6,1
Anomaly Detection | MVTec AD,Anomaly Detection,MVTec AD,Detection AUROC,False,2407.09359,2305.15956,99.9,99.8,1
Anomaly Detection | MVTec AD,Anomaly Detection,MVTec AD,Detection AUROC,False,2305.09446,2106.03844,98.2,87.2,1
Anomaly Detection | MVTec AD,Anomaly Detection,MVTec AD,Detection AUROC,False,2104.13897,2401.16753,95.0,97.8,0
Anomaly Detection | MVTec AD,Anomaly Detection,MVTec AD,Detection AUROC,False,2303.15140,2302.07849,99.6,85.8,1
Anomaly Detection | MVTec AD,Anomaly Detection,MVTec AD,Detection AUROC,False,2305.17382,2211.12634,86.1,99.63,0
Anomaly Detection | MVTec AD,Anomaly Detection,MVTec AD,Detection AUROC,False,2309.07068,2303.16191,98.6,99.8,0
Anomaly Detection | MVTec AD,Anomaly Detection,MVTec AD,Detection AUROC,False,2305.15956,2504.05662,99.8,99.1,1
Anomaly Detection | MVTec AD,Anomaly Detection,MVTec AD,Detection AUROC,False,2012.07122,2312.12913,93.8,99.5,0
Anomaly Detection | MVTec AD,Anomaly Detection,MVTec AD,Detection AUROC,False,2012.12111,2403.05897,87.5,99.6,0
Anomaly Detection | MVTec AD,Anomaly Detection,MVTec AD,Detection AUROC,False,2407.09359,2303.16191,99.9,99.8,1
Anomaly Detection | MVTec AD,Anomaly Detection,MVTec AD,Detection AUROC,False,2305.09446,2104.13897,98.2,95.0,1
Anomaly Detection | MVTec AD,Anomaly Detection,MVTec AD,Detection AUROC,False,2012.12111,2504.05662,87.5,99.1,0
Anomaly Detection | MVTec AD,Anomaly Detection,MVTec AD,Detection AUROC,False,2302.07849,2308.06748,85.8,99.7,0
Anomaly Detection | MVTec AD,Anomaly Detection,MVTec AD,Detection AUROC,False,2310.18961,2101.10043,91.5,93.4,0
Anomaly Detection | MVTec AD,Anomaly Detection,MVTec AD,Detection AUROC,False,2311.06504,2110.03396,95.81,96.0,0
Anomaly Detection | MVTec AD,Anomaly Detection,MVTec AD,Detection AUROC,False,2101.10043,2312.12913,93.4,99.5,0
Semantic Segmentation | NYU Depth v2,Semantic Segmentation,NYU Depth v2,Mean IoU,False,2210.01384,2204.08721,22.1,54.2,0
Semantic Segmentation | NYU Depth v2,Semantic Segmentation,NYU Depth v2,Mean IoU,False,1705.07238,2308.12320,44.5,55.8,0
Semantic Segmentation | NYU Depth v2,Semantic Segmentation,NYU Depth v2,Mean IoU,False,2107.13800,2109.13432,42.6,52.2,0
Semantic Segmentation | NYU Depth v2,Semantic Segmentation,NYU Depth v2,Mean IoU,False,2103.14431,2404.03527,48.88,55.0,0
Semantic Segmentation | NYU Depth v2,Semantic Segmentation,NYU Depth v2,Mean IoU,False,2204.01678,2309.13635,56.0,59.02,0
Semantic Segmentation | NYU Depth v2,Semantic Segmentation,NYU Depth v2,Mean IoU,False,1905.10089,2206.08927,48.3,40.84,1
Semantic Segmentation | NYU Depth v2,Semantic Segmentation,NYU Depth v2,Mean IoU,False,2304.08028,1705.07238,49.62,44.5,1
Semantic Segmentation | NYU Depth v2,Semantic Segmentation,NYU Depth v2,Mean IoU,False,1803.06791,2206.08927,43.9,40.84,1
Semantic Segmentation | NYU Depth v2,Semantic Segmentation,NYU Depth v2,Mean IoU,False,2210.01384,2204.00102,22.1,51.0,0
Semantic Segmentation | NYU Depth v2,Semantic Segmentation,NYU Depth v2,Mean IoU,False,2204.00102,2204.08721,51.0,54.2,0
Semantic Segmentation | NYU Depth v2,Semantic Segmentation,NYU Depth v2,Mean IoU,False,2302.11951,2206.02425,53.5,48.45,1
Semantic Segmentation | NYU Depth v2,Semantic Segmentation,NYU Depth v2,Mean IoU,False,1703.04977,2107.13800,37.3,42.6,0
Semantic Segmentation | NYU Depth v2,Semantic Segmentation,NYU Depth v2,Mean IoU,False,2206.02425,2308.06024,48.45,49.4,0
Semantic Segmentation | NYU Depth v2,Semantic Segmentation,NYU Depth v2,Mean IoU,False,1905.10089,2308.12320,48.3,55.8,0
Semantic Segmentation | NYU Depth v2,Semantic Segmentation,NYU Depth v2,Mean IoU,False,2302.11951,2307.12349,53.5,55.5,0
Semantic Segmentation | NYU Depth v2,Semantic Segmentation,NYU Depth v2,Mean IoU,False,2201.01427,1707.06426,52.5,41.2,1
Semantic Segmentation | NYU Depth v2,Semantic Segmentation,NYU Depth v2,Mean IoU,False,2307.12349,2204.08721,55.5,54.2,1
Semantic Segmentation | NYU Depth v2,Semantic Segmentation,NYU Depth v2,Mean IoU,False,2308.06024,2307.12349,49.4,55.5,0
Semantic Segmentation | NYU Depth v2,Semantic Segmentation,NYU Depth v2,Mean IoU,False,1905.10089,1707.06426,48.3,41.2,1
Semantic Segmentation | NYU Depth v2,Semantic Segmentation,NYU Depth v2,Mean IoU,False,2207.04526,2504.04701,53.34,58.4,0
Semantic Segmentation | NYU Depth v2,Semantic Segmentation,NYU Depth v2,Mean IoU,False,2310.07669,2204.08721,50.7,54.2,0
Semantic Segmentation | NYU Depth v2,Semantic Segmentation,NYU Depth v2,Mean IoU,False,2210.06989,1707.06426,41.51,41.2,1
Semantic Segmentation | NYU Depth v2,Semantic Segmentation,NYU Depth v2,Mean IoU,False,2201.01427,2210.00923,52.5,39.31,1
Semantic Segmentation | NYU Depth v2,Semantic Segmentation,NYU Depth v2,Mean IoU,False,2109.13432,1707.06426,52.2,41.2,1
Semantic Segmentation | NYU Depth v2,Semantic Segmentation,NYU Depth v2,Mean IoU,False,2311.05770,1707.06426,58.08,41.2,1
Semantic Segmentation | NYU Depth v2,Semantic Segmentation,NYU Depth v2,Mean IoU,False,2307.12349,2107.13800,55.5,42.6,1
Semantic Segmentation | NYU Depth v2,Semantic Segmentation,NYU Depth v2,Mean IoU,False,1906.03525,2201.01427,50.4,52.5,0
Semantic Segmentation | NYU Depth v2,Semantic Segmentation,NYU Depth v2,Mean IoU,False,2307.15362,2210.00923,46.43,39.31,1
Semantic Segmentation | NYU Depth v2,Semantic Segmentation,NYU Depth v2,Mean IoU,False,2207.04526,2311.05770,53.34,58.08,0
Semantic Segmentation | NYU Depth v2,Semantic Segmentation,NYU Depth v2,Mean IoU,False,1803.06791,1707.08254,43.9,32.3,1
Semantic Segmentation | NYU Depth v2,Semantic Segmentation,NYU Depth v2,Mean IoU,False,2504.04701,2204.01678,58.4,56.0,1
Semantic Segmentation | NYU Depth v2,Semantic Segmentation,NYU Depth v2,Mean IoU,False,2101.07422,2002.02200,45.0,33.49,1
Semantic Segmentation | NYU Depth v2,Semantic Segmentation,NYU Depth v2,Mean IoU,False,1705.07238,2210.00923,44.5,39.31,1
Semantic Segmentation | NYU Depth v2,Semantic Segmentation,NYU Depth v2,Mean IoU,False,2309.13635,2101.07422,59.02,45.0,1
Semantic Segmentation | NYU Depth v2,Semantic Segmentation,NYU Depth v2,Mean IoU,False,2103.14431,2210.00923,48.88,39.31,1
Semantic Segmentation | NYU Depth v2,Semantic Segmentation,NYU Depth v2,Mean IoU,False,2504.04701,2107.02575,58.4,48.1,1
Semantic Segmentation | NYU Depth v2,Semantic Segmentation,NYU Depth v2,Mean IoU,False,2309.14065,2107.02575,55.3,48.1,1
Semantic Segmentation | NYU Depth v2,Semantic Segmentation,NYU Depth v2,Mean IoU,False,2107.02575,2002.02200,48.1,33.49,1
Semantic Segmentation | NYU Depth v2,Semantic Segmentation,NYU Depth v2,Mean IoU,False,2308.12320,2204.08721,55.8,54.2,1
Semantic Segmentation | NYU Depth v2,Semantic Segmentation,NYU Depth v2,Mean IoU,False,2504.04701,1707.08254,58.4,32.3,1
Semantic Segmentation | NYU Depth v2,Semantic Segmentation,NYU Depth v2,Mean IoU,False,2504.04701,1707.06426,58.4,41.2,1
Semantic Segmentation | NYU Depth v2,Semantic Segmentation,NYU Depth v2,Mean IoU,False,2504.04701,1905.10089,58.4,48.3,1
Semantic Segmentation | NYU Depth v2,Semantic Segmentation,NYU Depth v2,Mean IoU,False,2207.04526,2204.08721,53.34,54.2,0
Semantic Segmentation | NYU Depth v2,Semantic Segmentation,NYU Depth v2,Mean IoU,False,2311.05709,2309.13635,60.8,59.02,1
Semantic Segmentation | NYU Depth v2,Semantic Segmentation,NYU Depth v2,Mean IoU,False,1703.04977,2304.08028,37.3,49.62,0
Semantic Segmentation | NYU Depth v2,Semantic Segmentation,NYU Depth v2,Mean IoU,False,2107.02575,2311.05770,48.1,58.08,0
Semantic Segmentation | NYU Depth v2,Semantic Segmentation,NYU Depth v2,Mean IoU,False,2309.14065,2310.07669,55.3,50.7,1
Semantic Segmentation | NYU Depth v2,Semantic Segmentation,NYU Depth v2,Mean IoU,False,2312.00360,2107.13800,59.3,42.6,1
Semantic Segmentation | NYU Depth v2,Semantic Segmentation,NYU Depth v2,Mean IoU,False,2210.06989,2409.15117,41.51,61.5,0
Semantic Segmentation | NYU Depth v2,Semantic Segmentation,NYU Depth v2,Mean IoU,False,2311.05709,2107.02575,60.8,48.1,1
Semantic Segmentation | NYU Depth v2,Semantic Segmentation,NYU Depth v2,Mean IoU,False,2309.14065,2201.01427,55.3,52.5,1
Semantic Segmentation | NYU Depth v2,Semantic Segmentation,NYU Depth v2,Mean IoU,False,2207.04526,2304.08028,53.34,49.62,1
Semantic Segmentation | NYU Depth v2,Semantic Segmentation,NYU Depth v2,Mean IoU,False,2311.05709,2201.01427,60.8,52.5,1
Semantic Segmentation | NYU Depth v2,Semantic Segmentation,NYU Depth v2,Mean IoU,False,2302.11951,2409.15117,53.5,61.5,0
Semantic Segmentation | NYU Depth v2,Semantic Segmentation,NYU Depth v2,Mean IoU,False,1705.07238,2404.03527,44.5,55.0,0
Semantic Segmentation | NYU Depth v2,Semantic Segmentation,NYU Depth v2,Mean IoU,False,2308.06024,2210.00923,49.4,39.31,1
Semantic Segmentation | NYU Depth v2,Semantic Segmentation,NYU Depth v2,Mean IoU,False,1906.03525,1703.04977,50.4,37.3,1
Semantic Segmentation | NYU Depth v2,Semantic Segmentation,NYU Depth v2,Mean IoU,False,2206.02425,1803.06791,48.45,43.9,1
Semantic Segmentation | NYU Depth v2,Semantic Segmentation,NYU Depth v2,Mean IoU,False,2311.05709,2404.03527,60.8,55.0,1
Semantic Segmentation | NYU Depth v2,Semantic Segmentation,NYU Depth v2,Mean IoU,False,1705.07238,2101.07422,44.5,45.0,0
Semantic Segmentation | NYU Depth v2,Semantic Segmentation,NYU Depth v2,Mean IoU,False,1803.06791,2201.01427,43.9,52.5,0
Semantic Segmentation | NYU Depth v2,Semantic Segmentation,NYU Depth v2,Mean IoU,False,2504.04701,2210.01384,58.4,22.1,1
Semantic Segmentation | NYU Depth v2,Semantic Segmentation,NYU Depth v2,Mean IoU,False,2101.07422,2307.15362,45.0,46.43,0
Semantic Segmentation | NYU Depth v2,Semantic Segmentation,NYU Depth v2,Mean IoU,False,2101.07422,2210.06989,45.0,41.51,1
Semantic Segmentation | NYU Depth v2,Semantic Segmentation,NYU Depth v2,Mean IoU,False,2308.06024,2103.14431,49.4,48.88,1
Semantic Segmentation | NYU Depth v2,Semantic Segmentation,NYU Depth v2,Mean IoU,False,2002.02200,2409.15117,33.49,61.5,0
Semantic Segmentation | NYU Depth v2,Semantic Segmentation,NYU Depth v2,Mean IoU,False,2304.08028,1707.06426,49.62,41.2,1
Semantic Segmentation | NYU Depth v2,Semantic Segmentation,NYU Depth v2,Mean IoU,False,2307.12349,2109.13432,55.5,52.2,1
Semantic Segmentation | NYU Depth v2,Semantic Segmentation,NYU Depth v2,Mean IoU,False,2103.14431,2409.15117,48.88,61.5,0
Semantic Segmentation | NYU Depth v2,Semantic Segmentation,NYU Depth v2,Mean IoU,False,2207.04526,2308.06024,53.34,49.4,1
Semantic Segmentation | NYU Depth v2,Semantic Segmentation,NYU Depth v2,Mean IoU,False,2309.14065,1707.08254,55.3,32.3,1
Semantic Segmentation | NYU Depth v2,Semantic Segmentation,NYU Depth v2,Mean IoU,False,2206.08927,2308.12320,40.84,55.8,0
Semantic Segmentation | NYU Depth v2,Semantic Segmentation,NYU Depth v2,Mean IoU,False,2311.05709,1905.10089,60.8,48.3,1
Semantic Segmentation | NYU Depth v2,Semantic Segmentation,NYU Depth v2,Mean IoU,False,1705.07238,2107.13800,44.5,42.6,1
Semantic Segmentation | NYU Depth v2,Semantic Segmentation,NYU Depth v2,Mean IoU,False,2504.04701,2307.15362,58.4,46.43,1
Semantic Segmentation | NYU Depth v2,Semantic Segmentation,NYU Depth v2,Mean IoU,False,2302.11951,2310.07669,53.5,50.7,1
Semantic Segmentation | NYU Depth v2,Semantic Segmentation,NYU Depth v2,Mean IoU,False,2308.06024,2204.08721,49.4,54.2,0
Semantic Segmentation | NYU Depth v2,Semantic Segmentation,NYU Depth v2,Mean IoU,False,2206.08927,2204.08721,40.84,54.2,0
Semantic Segmentation | NYU Depth v2,Semantic Segmentation,NYU Depth v2,Mean IoU,False,2206.02425,2101.07422,48.45,45.0,1
Semantic Segmentation | NYU Depth v2,Semantic Segmentation,NYU Depth v2,Mean IoU,False,1803.06791,2210.06989,43.9,41.51,1
Semantic Segmentation | NYU Depth v2,Semantic Segmentation,NYU Depth v2,Mean IoU,False,1703.04977,2311.05770,37.3,58.08,0
Semantic Segmentation | NYU Depth v2,Semantic Segmentation,NYU Depth v2,Mean IoU,False,2504.04701,2107.13800,58.4,42.6,1
Semantic Segmentation | NYU Depth v2,Semantic Segmentation,NYU Depth v2,Mean IoU,False,1905.10089,1707.08254,48.3,32.3,1
Semantic Segmentation | NYU Depth v2,Semantic Segmentation,NYU Depth v2,Mean IoU,False,2011.02572,2312.00360,50.7,59.3,0
Semantic Segmentation | NYU Depth v2,Semantic Segmentation,NYU Depth v2,Mean IoU,False,1707.08254,2409.15117,32.3,61.5,0
Semantic Segmentation | NYU Depth v2,Semantic Segmentation,NYU Depth v2,Mean IoU,False,2207.04526,2310.07669,53.34,50.7,1
Semantic Segmentation | NYU Depth v2,Semantic Segmentation,NYU Depth v2,Mean IoU,False,2206.08927,2101.07422,40.84,45.0,0
Semantic Segmentation | NYU Depth v2,Semantic Segmentation,NYU Depth v2,Mean IoU,False,2206.02425,1705.07238,48.45,44.5,1
Semantic Segmentation | NYU Depth v2,Semantic Segmentation,NYU Depth v2,Mean IoU,False,1611.06612,2103.14431,46.5,48.88,0
Semantic Segmentation | NYU Depth v2,Semantic Segmentation,NYU Depth v2,Mean IoU,False,2309.13635,2210.00923,59.02,39.31,1
Semantic Segmentation | NYU Depth v2,Semantic Segmentation,NYU Depth v2,Mean IoU,False,2011.02572,2210.00923,50.7,39.31,1
Semantic Segmentation | NYU Depth v2,Semantic Segmentation,NYU Depth v2,Mean IoU,False,1705.07238,2309.13635,44.5,59.02,0
Semantic Segmentation | NYU Depth v2,Semantic Segmentation,NYU Depth v2,Mean IoU,False,2311.05709,2107.13800,60.8,42.6,1
Semantic Segmentation | NYU Depth v2,Semantic Segmentation,NYU Depth v2,Mean IoU,False,2312.00360,2204.00102,59.3,51.0,1
Semantic Segmentation | NYU Depth v2,Semantic Segmentation,NYU Depth v2,Mean IoU,False,2101.07422,1707.08254,45.0,32.3,1
Semantic Segmentation | NYU Depth v2,Semantic Segmentation,NYU Depth v2,Mean IoU,False,1611.06612,2210.00923,46.5,39.31,1
Semantic Segmentation | NYU Depth v2,Semantic Segmentation,NYU Depth v2,Mean IoU,False,1803.06791,2309.13635,43.9,59.02,0
Semantic Segmentation | NYU Depth v2,Semantic Segmentation,NYU Depth v2,Mean IoU,False,2204.01678,2311.05709,56.0,60.8,0
Semantic Segmentation | NYU Depth v2,Semantic Segmentation,NYU Depth v2,Mean IoU,False,2011.02572,2206.08927,50.7,40.84,1
Semantic Segmentation | NYU Depth v2,Semantic Segmentation,NYU Depth v2,Mean IoU,False,2204.00102,1707.06426,51.0,41.2,1
Semantic Segmentation | NYU Depth v2,Semantic Segmentation,NYU Depth v2,Mean IoU,False,2107.13800,2002.02200,42.6,33.49,1
Semantic Segmentation | NYU Depth v2,Semantic Segmentation,NYU Depth v2,Mean IoU,False,2504.04701,1705.07238,58.4,44.5,1
Semantic Segmentation | NYU Depth v2,Semantic Segmentation,NYU Depth v2,Mean IoU,False,2302.11951,2404.03527,53.5,55.0,0
Semantic Segmentation | NYU Depth v2,Semantic Segmentation,NYU Depth v2,Mean IoU,False,2504.04701,2210.06989,58.4,41.51,1
Semantic Segmentation | NYU Depth v2,Semantic Segmentation,NYU Depth v2,Mean IoU,False,2204.08721,2409.15117,54.2,61.5,0
Semantic Segmentation | NYU Depth v2,Semantic Segmentation,NYU Depth v2,Mean IoU,False,1611.06612,2204.08721,46.5,54.2,0
Semantic Segmentation | NYU Depth v2,Semantic Segmentation,NYU Depth v2,Mean IoU,False,2309.14065,2504.04701,55.3,58.4,0
Semantic Segmentation | NYU Depth v2,Semantic Segmentation,NYU Depth v2,Mean IoU,False,2302.11951,2204.01678,53.5,56.0,0
Semantic Segmentation | NYU Depth v2,Semantic Segmentation,NYU Depth v2,Mean IoU,False,2201.01427,2311.05770,52.5,58.08,0
Semantic Segmentation | NYU Depth v2,Semantic Segmentation,NYU Depth v2,Mean IoU,False,2206.08927,2309.13635,40.84,59.02,0
Semantic Segmentation | NYU Depth v2,Semantic Segmentation,NYU Depth v2,Mean IoU,False,1705.07238,2308.06024,44.5,49.4,0
Semantic Segmentation | NYU Depth v2,Semantic Segmentation,NYU Depth v2,Mean IoU,False,2404.03527,2210.00923,55.0,39.31,1
Semantic Segmentation | NYU Depth v2,Semantic Segmentation,NYU Depth v2,Mean IoU,False,2307.12349,2002.02200,55.5,33.49,1
Semantic Segmentation | NYU Depth v2,Semantic Segmentation,NYU Depth v2,Mean IoU,False,2206.02425,1611.06612,48.45,46.5,1
Semantic Segmentation | NYU Depth v2,Semantic Segmentation,NYU Depth v2,Mean IoU,False,2310.07669,2308.12320,50.7,55.8,0
Semantic Segmentation | NYU Depth v2,Semantic Segmentation,NYU Depth v2,Mean IoU,False,1611.06612,1707.06426,46.5,41.2,1
Semantic Segmentation | NYU Depth v2,Semantic Segmentation,NYU Depth v2,Mean IoU,False,1611.06612,1905.10089,46.5,48.3,0
Semantic Segmentation | NYU Depth v2,Semantic Segmentation,NYU Depth v2,Mean IoU,False,2302.11951,2210.06989,53.5,41.51,1
Semantic Segmentation | NYU Depth v2,Semantic Segmentation,NYU Depth v2,Mean IoU,False,2302.11951,1705.07238,53.5,44.5,1
Semantic Segmentation | NYU Depth v2,Semantic Segmentation,NYU Depth v2,Mean IoU,False,2310.07669,2307.15362,50.7,46.43,1
Semantic Segmentation | NYU Depth v2,Semantic Segmentation,NYU Depth v2,Mean IoU,False,2201.01427,2308.12320,52.5,55.8,0
Semantic Segmentation | NYU Depth v2,Semantic Segmentation,NYU Depth v2,Mean IoU,False,1905.10089,2101.07422,48.3,45.0,1
Semantic Segmentation | NYU Depth v2,Semantic Segmentation,NYU Depth v2,Mean IoU,False,2307.12349,2307.15362,55.5,46.43,1
Semantic Segmentation | NYU Depth v2,Semantic Segmentation,NYU Depth v2,Mean IoU,False,2504.04701,2308.12320,58.4,55.8,1
Semantic Segmentation | NYU Depth v2,Semantic Segmentation,NYU Depth v2,Mean IoU,False,2206.02425,2309.13635,48.45,59.02,0
Semantic Segmentation | NYU Depth v2,Semantic Segmentation,NYU Depth v2,Mean IoU,False,2103.14431,2312.00360,48.88,59.3,0
Semantic Segmentation | NYU Depth v2,Semantic Segmentation,NYU Depth v2,Mean IoU,False,2404.03527,1707.06426,55.0,41.2,1
Semantic Segmentation | NYU Depth v2,Semantic Segmentation,NYU Depth v2,Mean IoU,False,2504.04701,2309.13635,58.4,59.02,0
Semantic Segmentation | NYU Depth v2,Semantic Segmentation,NYU Depth v2,Mean IoU,False,1803.06791,2307.15362,43.9,46.43,0
Semantic Segmentation | NYU Depth v2,Semantic Segmentation,NYU Depth v2,Mean IoU,False,2011.02572,2204.01678,50.7,56.0,0
Semantic Segmentation | NYU Depth v2,Semantic Segmentation,NYU Depth v2,Mean IoU,False,1906.03525,2311.05770,50.4,58.08,0
Semantic Segmentation | NYU Depth v2,Semantic Segmentation,NYU Depth v2,Mean IoU,False,2206.02425,2504.04701,48.45,58.4,0
Semantic Segmentation | NYU Depth v2,Semantic Segmentation,NYU Depth v2,Mean IoU,False,1905.10089,2210.06989,48.3,41.51,1
Semantic Segmentation | NYU Depth v2,Semantic Segmentation,NYU Depth v2,Mean IoU,False,1611.06612,2409.15117,46.5,61.5,0
Semantic Segmentation | NYU Depth v2,Semantic Segmentation,NYU Depth v2,Mean IoU,False,2002.02200,2307.15362,33.49,46.43,0
Semantic Segmentation | NYU Depth v2,Semantic Segmentation,NYU Depth v2,Mean IoU,False,2103.14431,2310.07669,48.88,50.7,0
Semantic Segmentation | NYU Depth v2,Semantic Segmentation,NYU Depth v2,Mean IoU,False,2204.00102,1707.08254,51.0,32.3,1
Semantic Segmentation | NYU Depth v2,Semantic Segmentation,NYU Depth v2,Mean IoU,False,2206.02425,2107.13800,48.45,42.6,1
Semantic Segmentation | NYU Depth v2,Semantic Segmentation,NYU Depth v2,Mean IoU,False,2210.01384,2201.01427,22.1,52.5,0
Semantic Segmentation | NYU Depth v2,Semantic Segmentation,NYU Depth v2,Mean IoU,False,2310.07669,2409.15117,50.7,61.5,0
Semantic Segmentation | NYU Depth v2,Semantic Segmentation,NYU Depth v2,Mean IoU,False,2210.01384,2101.07422,22.1,45.0,0
Semantic Segmentation | NYU Depth v2,Semantic Segmentation,NYU Depth v2,Mean IoU,False,1707.06426,2210.00923,41.2,39.31,1
Semantic Segmentation | NYU Depth v2,Semantic Segmentation,NYU Depth v2,Mean IoU,False,2309.14065,2107.13800,55.3,42.6,1
Semantic Segmentation | NYU Depth v2,Semantic Segmentation,NYU Depth v2,Mean IoU,False,1611.06612,2210.01384,46.5,22.1,1
Semantic Segmentation | NYU Depth v2,Semantic Segmentation,NYU Depth v2,Mean IoU,False,2206.02425,2307.15362,48.45,46.43,1
Semantic Segmentation | NYU Depth v2,Semantic Segmentation,NYU Depth v2,Mean IoU,False,2309.14065,2404.03527,55.3,55.0,1
Semantic Segmentation | NYU Depth v2,Semantic Segmentation,NYU Depth v2,Mean IoU,False,2304.08028,1611.06612,49.62,46.5,1
Semantic Segmentation | NYU Depth v2,Semantic Segmentation,NYU Depth v2,Mean IoU,False,1705.07238,2109.13432,44.5,52.2,0
Semantic Segmentation | NYU Depth v2,Semantic Segmentation,NYU Depth v2,Mean IoU,False,2206.02425,2311.05770,48.45,58.08,0
Semantic Segmentation | NYU Depth v2,Semantic Segmentation,NYU Depth v2,Mean IoU,False,1906.03525,2103.14431,50.4,48.88,1
Semantic Segmentation | NYU Depth v2,Semantic Segmentation,NYU Depth v2,Mean IoU,False,2404.03527,2204.00102,55.0,51.0,1
Semantic Segmentation | NYU Depth v2,Semantic Segmentation,NYU Depth v2,Mean IoU,False,2204.01678,2002.02200,56.0,33.49,1
Semantic Segmentation | NYU Depth v2,Semantic Segmentation,NYU Depth v2,Mean IoU,False,2011.02572,2210.01384,50.7,22.1,1
Semantic Segmentation | NYU Depth v2,Semantic Segmentation,NYU Depth v2,Mean IoU,False,2309.13635,2409.15117,59.02,61.5,0
Semantic Segmentation | NYU Depth v2,Semantic Segmentation,NYU Depth v2,Mean IoU,False,2311.05709,2109.13432,60.8,52.2,1
Semantic Segmentation | NYU Depth v2,Semantic Segmentation,NYU Depth v2,Mean IoU,False,2504.04701,2404.03527,58.4,55.0,1
Semantic Segmentation | NYU Depth v2,Semantic Segmentation,NYU Depth v2,Mean IoU,False,2011.02572,1707.08254,50.7,32.3,1
Semantic Segmentation | NYU Depth v2,Semantic Segmentation,NYU Depth v2,Mean IoU,False,2210.01384,2309.13635,22.1,59.02,0
Semantic Segmentation | NYU Depth v2,Semantic Segmentation,NYU Depth v2,Mean IoU,False,2107.13800,2409.15117,42.6,61.5,0
Semantic Segmentation | NYU Depth v2,Semantic Segmentation,NYU Depth v2,Mean IoU,False,2206.08927,2409.15117,40.84,61.5,0
Semantic Segmentation | NYU Depth v2,Semantic Segmentation,NYU Depth v2,Mean IoU,False,2404.03527,2309.13635,55.0,59.02,0
Semantic Segmentation | NYU Depth v2,Semantic Segmentation,NYU Depth v2,Mean IoU,False,1906.03525,2107.13800,50.4,42.6,1
Semantic Segmentation | NYU Depth v2,Semantic Segmentation,NYU Depth v2,Mean IoU,False,2206.08927,2307.15362,40.84,46.43,0
Semantic Segmentation | NYU Depth v2,Semantic Segmentation,NYU Depth v2,Mean IoU,False,2309.14065,2011.02572,55.3,50.7,1
Semantic Segmentation | NYU Depth v2,Semantic Segmentation,NYU Depth v2,Mean IoU,False,1703.04977,2207.04526,37.3,53.34,0
Semantic Segmentation | NYU Depth v2,Semantic Segmentation,NYU Depth v2,Mean IoU,False,2308.06024,1707.06426,49.4,41.2,1
Semantic Segmentation | NYU Depth v2,Semantic Segmentation,NYU Depth v2,Mean IoU,False,1906.03525,2308.06024,50.4,49.4,1
Semantic Segmentation | NYU Depth v2,Semantic Segmentation,NYU Depth v2,Mean IoU,False,2304.08028,2307.12349,49.62,55.5,0
Semantic Segmentation | NYU Depth v2,Semantic Segmentation,NYU Depth v2,Mean IoU,False,2101.07422,2311.05770,45.0,58.08,0
Semantic Segmentation | NYU Depth v2,Semantic Segmentation,NYU Depth v2,Mean IoU,False,2201.01427,2409.15117,52.5,61.5,0
Semantic Segmentation | NYU Depth v2,Semantic Segmentation,NYU Depth v2,Mean IoU,False,2210.06989,2308.12320,41.51,55.8,0
Semantic Segmentation | NYU Depth v2,Semantic Segmentation,NYU Depth v2,Mean IoU,False,2308.06024,1905.10089,49.4,48.3,1
Semantic Segmentation | NYU Depth v2,Semantic Segmentation,NYU Depth v2,Mean IoU,False,2304.08028,2107.13800,49.62,42.6,1
Semantic Segmentation | NYU Depth v2,Semantic Segmentation,NYU Depth v2,Mean IoU,False,1705.07238,2311.05709,44.5,60.8,0
Semantic Segmentation | NYU Depth v2,Semantic Segmentation,NYU Depth v2,Mean IoU,False,1906.03525,2107.02575,50.4,48.1,1
Semantic Segmentation | NYU Depth v2,Semantic Segmentation,NYU Depth v2,Mean IoU,False,2302.11951,2312.00360,53.5,59.3,0
Semantic Segmentation | NYU Depth v2,Semantic Segmentation,NYU Depth v2,Mean IoU,False,1611.06612,2404.03527,46.5,55.0,0
Semantic Segmentation | NYU Depth v2,Semantic Segmentation,NYU Depth v2,Mean IoU,False,2304.08028,2210.00923,49.62,39.31,1
Semantic Segmentation | NYU Depth v2,Semantic Segmentation,NYU Depth v2,Mean IoU,False,2312.00360,2002.02200,59.3,33.49,1
Semantic Segmentation | NYU Depth v2,Semantic Segmentation,NYU Depth v2,Mean IoU,False,1703.04977,2206.08927,37.3,40.84,0
Semantic Segmentation | NYU Depth v2,Semantic Segmentation,NYU Depth v2,Mean IoU,False,2103.14431,2307.12349,48.88,55.5,0
Semantic Segmentation | NYU Depth v2,Semantic Segmentation,NYU Depth v2,Mean IoU,False,2309.13635,2002.02200,59.02,33.49,1
Semantic Segmentation | NYU Depth v2,Semantic Segmentation,NYU Depth v2,Mean IoU,False,1703.04977,2107.02575,37.3,48.1,0
Semantic Segmentation | NYU Depth v2,Semantic Segmentation,NYU Depth v2,Mean IoU,False,1703.04977,1905.10089,37.3,48.3,0
Semantic Segmentation | NYU Depth v2,Semantic Segmentation,NYU Depth v2,Mean IoU,False,1803.06791,2311.05770,43.9,58.08,0
Semantic Segmentation | NYU Depth v2,Semantic Segmentation,NYU Depth v2,Mean IoU,False,2204.01678,2109.13432,56.0,52.2,1
Semantic Segmentation | NYU Depth v2,Semantic Segmentation,NYU Depth v2,Mean IoU,False,2311.05770,2308.12320,58.08,55.8,1
Semantic Segmentation | NYU Depth v2,Semantic Segmentation,NYU Depth v2,Mean IoU,False,2312.00360,2109.13432,59.3,52.2,1
Semantic Segmentation | NYU Depth v2,Semantic Segmentation,NYU Depth v2,Mean IoU,False,2308.12320,2109.13432,55.8,52.2,1
Semantic Segmentation | NYU Depth v2,Semantic Segmentation,NYU Depth v2,Mean IoU,False,1703.04977,2404.03527,37.3,55.0,0
Semantic Segmentation | NYU Depth v2,Semantic Segmentation,NYU Depth v2,Mean IoU,False,2002.02200,2311.05770,33.49,58.08,0
Semantic Segmentation | NYU Depth v2,Semantic Segmentation,NYU Depth v2,Mean IoU,False,1905.10089,2307.12349,48.3,55.5,0
Semantic Segmentation | NYU Depth v2,Semantic Segmentation,NYU Depth v2,Mean IoU,False,2206.02425,2109.13432,48.45,52.2,0
Semantic Segmentation | NYU Depth v2,Semantic Segmentation,NYU Depth v2,Mean IoU,False,2311.05709,2310.07669,60.8,50.7,1
Semantic Segmentation | NYU Depth v2,Semantic Segmentation,NYU Depth v2,Mean IoU,False,1703.04977,2204.00102,37.3,51.0,0
Semantic Segmentation | NYU Depth v2,Semantic Segmentation,NYU Depth v2,Mean IoU,False,2308.06024,2201.01427,49.4,52.5,0
Semantic Segmentation | NYU Depth v2,Semantic Segmentation,NYU Depth v2,Mean IoU,False,2011.02572,2206.02425,50.7,48.45,1
Semantic Segmentation | NYU Depth v2,Semantic Segmentation,NYU Depth v2,Mean IoU,False,1611.06612,2101.07422,46.5,45.0,1
Semantic Segmentation | NYU Depth v2,Semantic Segmentation,NYU Depth v2,Mean IoU,False,1906.03525,2309.13635,50.4,59.02,0
Semantic Segmentation | NYU Depth v2,Semantic Segmentation,NYU Depth v2,Mean IoU,False,2206.02425,2304.08028,48.45,49.62,0
Domain Generalization | PACS,Domain Generalization,PACS,Average Accuracy,False,2310.11031,2112.07517,97.4,86.6,1
Domain Generalization | PACS,Domain Generalization,PACS,Average Accuracy,False,2112.09802,2205.13913,87.35,87.87,0
Domain Generalization | PACS,Domain Generalization,PACS,Average Accuracy,False,1905.13549,2211.14058,72.08,86.4,0
Domain Generalization | PACS,Domain Generalization,PACS,Average Accuracy,False,2112.07517,2109.02038,86.6,84.23,1
Domain Generalization | PACS,Domain Generalization,PACS,Average Accuracy,False,2211.16175,2310.08255,96.8,96.68,1
Domain Generalization | PACS,Domain Generalization,PACS,Average Accuracy,False,2203.04600,2109.02038,96.1,84.23,1
Domain Generalization | PACS,Domain Generalization,PACS,Average Accuracy,False,1905.13549,2112.09802,72.08,87.35,0
Domain Generalization | PACS,Domain Generalization,PACS,Average Accuracy,False,2012.09382,2003.06054,82.39,83.1,0
Domain Generalization | PACS,Domain Generalization,PACS,Average Accuracy,False,1902.00113,2109.02038,81.5,84.23,0
Domain Generalization | PACS,Domain Generalization,PACS,Average Accuracy,False,1710.03463,2003.00688,70.01,71.14,0
Domain Generalization | PACS,Domain Generalization,PACS,Average Accuracy,False,2404.19286,2102.08604,97.0,88.1,1
Domain Generalization | PACS,Domain Generalization,PACS,Average Accuracy,False,2003.06054,2203.04600,83.1,96.1,0
Domain Generalization | PACS,Domain Generalization,PACS,Average Accuracy,False,2007.03304,1907.04275,82.8,86.64,0
Domain Generalization | PACS,Domain Generalization,PACS,Average Accuracy,False,2211.16175,2104.02008,96.8,83.7,1
Domain Generalization | PACS,Domain Generalization,PACS,Average Accuracy,False,2104.02008,2110.10832,83.7,95.8,0
Domain Generalization | PACS,Domain Generalization,PACS,Average Accuracy,False,2112.07517,2102.08604,86.6,88.1,0
Domain Generalization | PACS,Domain Generalization,PACS,Average Accuracy,False,2309.12530,1907.04275,90.2,86.64,1
Domain Generalization | PACS,Domain Generalization,PACS,Average Accuracy,False,1903.06256,1907.04275,70.2,86.64,0
Domain Generalization | PACS,Domain Generalization,PACS,Average Accuracy,False,1907.04275,2206.04046,86.64,88.1,0
Domain Generalization | PACS,Domain Generalization,PACS,Average Accuracy,False,2102.08604,1812.08974,88.1,69.45,1
Domain Generalization | PACS,Domain Generalization,PACS,Average Accuracy,False,2109.02038,2206.04046,84.23,88.1,0
Domain Generalization | PACS,Domain Generalization,PACS,Average Accuracy,False,2109.02038,2110.10832,84.23,95.8,0
Domain Generalization | PACS,Domain Generalization,PACS,Average Accuracy,False,1608.06019,2206.04046,67.37,88.1,0
Domain Generalization | PACS,Domain Generalization,PACS,Average Accuracy,False,1905.13549,1608.06019,72.08,67.37,1
Domain Generalization | PACS,Domain Generalization,PACS,Average Accuracy,False,2012.09382,1903.06256,82.39,70.2,1
Domain Generalization | PACS,Domain Generalization,PACS,Average Accuracy,False,1903.06864,2212.07101,80.51,88.63,0
Domain Generalization | PACS,Domain Generalization,PACS,Average Accuracy,False,1608.06019,2110.10832,67.37,95.8,0
Domain Generalization | PACS,Domain Generalization,PACS,Average Accuracy,False,2211.14058,2212.07101,86.4,88.63,0
Domain Generalization | PACS,Domain Generalization,PACS,Average Accuracy,False,1910.11645,2109.02934,83.25,86.9,0
Domain Generalization | PACS,Domain Generalization,PACS,Average Accuracy,False,2104.02008,2109.02934,83.7,86.9,0
Domain Generalization | PACS,Domain Generalization,PACS,Average Accuracy,False,1910.11645,2112.07517,83.25,86.6,0
Domain Generalization | PACS,Domain Generalization,PACS,Average Accuracy,False,1709.10190,2109.02038,79.4,84.23,0
Domain Generalization | PACS,Domain Generalization,PACS,Average Accuracy,False,2112.09802,2212.07101,87.35,88.63,0
Domain Generalization | PACS,Domain Generalization,PACS,Average Accuracy,False,2112.09802,2211.14058,87.35,86.4,1
Domain Generalization | PACS,Domain Generalization,PACS,Average Accuracy,False,1902.00113,1812.08974,81.5,69.45,1
Domain Generalization | PACS,Domain Generalization,PACS,Average Accuracy,False,2109.02934,2109.02038,86.9,84.23,1
Domain Generalization | PACS,Domain Generalization,PACS,Average Accuracy,False,2211.16175,1804.10745,96.8,80.7,1
Domain Generalization | PACS,Domain Generalization,PACS,Average Accuracy,False,1903.06256,2109.02038,70.2,84.23,0
Domain Generalization | PACS,Domain Generalization,PACS,Average Accuracy,False,1709.10190,1608.06019,79.4,67.37,1
Domain Generalization | PACS,Domain Generalization,PACS,Average Accuracy,False,2003.00688,2212.07101,71.14,88.63,0
Domain Generalization | PACS,Domain Generalization,PACS,Average Accuracy,False,2007.03304,1709.10190,82.8,79.4,1
Domain Generalization | PACS,Domain Generalization,PACS,Average Accuracy,False,2104.07876,2212.07101,84.69,88.63,0
Domain Generalization | PACS,Domain Generalization,PACS,Average Accuracy,False,2203.04600,2102.08604,96.1,88.1,1
Domain Generalization | PACS,Domain Generalization,PACS,Average Accuracy,False,1709.10190,2010.01007,79.4,82.4,0
Domain Generalization | PACS,Domain Generalization,PACS,Average Accuracy,False,1710.03463,2211.14058,70.01,86.4,0
Domain Generalization | PACS,Domain Generalization,PACS,Average Accuracy,False,2109.02934,2102.08604,86.9,88.1,0
Domain Generalization | PACS,Domain Generalization,PACS,Average Accuracy,False,1710.03463,1709.10190,70.01,79.4,0
Domain Generalization | PACS,Domain Generalization,PACS,Average Accuracy,False,1804.10745,2310.08255,80.7,96.68,0
Domain Generalization | PACS,Domain Generalization,PACS,Average Accuracy,False,1902.00113,1804.10745,81.5,80.7,1
Domain Generalization | PACS,Domain Generalization,PACS,Average Accuracy,False,2203.10789,1709.10190,96.8,79.4,1
Domain Generalization | PACS,Domain Generalization,PACS,Average Accuracy,False,2211.16175,1909.08245,96.8,84.46,1
Domain Generalization | PACS,Domain Generalization,PACS,Average Accuracy,False,2205.13913,2309.12530,87.87,90.2,0
Domain Generalization | PACS,Domain Generalization,PACS,Average Accuracy,False,1709.10190,2205.13913,79.4,87.87,0
Domain Generalization | PACS,Domain Generalization,PACS,Average Accuracy,False,1910.11645,1812.08974,83.25,69.45,1
Domain Generalization | PACS,Domain Generalization,PACS,Average Accuracy,False,1911.08731,1907.04275,84.4,86.64,0
Domain Generalization | PACS,Domain Generalization,PACS,Average Accuracy,False,2112.09802,2102.08604,87.35,88.1,0
Domain Generalization | PACS,Domain Generalization,PACS,Average Accuracy,False,2404.19286,2309.12530,97.0,90.2,1
Domain Generalization | PACS,Domain Generalization,PACS,Average Accuracy,False,2012.09382,1909.08245,82.39,84.46,0
Domain Generalization | PACS,Domain Generalization,PACS,Average Accuracy,False,2404.19286,1812.08974,97.0,69.45,1
Domain Generalization | PACS,Domain Generalization,PACS,Average Accuracy,False,2102.08604,2110.10832,88.1,95.8,0
Domain Generalization | PACS,Domain Generalization,PACS,Average Accuracy,False,2109.02934,1911.07661,86.9,81.83,1
Domain Generalization | PACS,Domain Generalization,PACS,Average Accuracy,False,1709.10190,2109.02934,79.4,86.9,0
Domain Generalization | PACS,Domain Generalization,PACS,Average Accuracy,False,1903.06256,2010.01007,70.2,82.4,0
Domain Generalization | PACS,Domain Generalization,PACS,Average Accuracy,False,1709.10190,2003.06054,79.4,83.1,0
Domain Generalization | PACS,Domain Generalization,PACS,Average Accuracy,False,2003.00688,2109.02038,71.14,84.23,0
Domain Generalization | PACS,Domain Generalization,PACS,Average Accuracy,False,1911.08731,2109.02038,84.4,84.23,1
Domain Generalization | PACS,Domain Generalization,PACS,Average Accuracy,False,2203.10789,1907.04275,96.8,86.64,1
Domain Generalization | PACS,Domain Generalization,PACS,Average Accuracy,False,2211.16175,2309.12530,96.8,90.2,1
Domain Generalization | PACS,Domain Generalization,PACS,Average Accuracy,False,2203.01522,2104.02008,88.6,83.7,1
Domain Generalization | PACS,Domain Generalization,PACS,Average Accuracy,False,1903.06864,2101.09060,80.51,84.32,0
Domain Generalization | PACS,Domain Generalization,PACS,Average Accuracy,False,2003.00688,1709.10190,71.14,79.4,0
Domain Generalization | PACS,Domain Generalization,PACS,Average Accuracy,False,2112.09802,2012.09382,87.35,82.39,1
Domain Generalization | PACS,Domain Generalization,PACS,Average Accuracy,False,2112.09802,1812.08974,87.35,69.45,1
Domain Generalization | PACS,Domain Generalization,PACS,Average Accuracy,False,2212.07101,2206.04046,88.63,88.1,1
Domain Generalization | PACS,Domain Generalization,PACS,Average Accuracy,False,2212.07101,1907.04275,88.63,86.64,1
Domain Generalization | PACS,Domain Generalization,PACS,Average Accuracy,False,1909.08245,2212.07101,84.46,88.63,0
Domain Generalization | PACS,Domain Generalization,PACS,Average Accuracy,False,1710.03463,2212.07101,70.01,88.63,0
Domain Generalization | PACS,Domain Generalization,PACS,Average Accuracy,False,2003.00688,2102.08604,71.14,88.1,0
Domain Generalization | PACS,Domain Generalization,PACS,Average Accuracy,False,2104.07876,2211.14058,84.69,86.4,0
Domain Generalization | PACS,Domain Generalization,PACS,Average Accuracy,False,2203.01522,2212.07101,88.6,88.63,0
Domain Generalization | PACS,Domain Generalization,PACS,Average Accuracy,False,2003.00688,2309.12530,71.14,90.2,0
Domain Generalization | PACS,Domain Generalization,PACS,Average Accuracy,False,2203.10789,1903.06864,96.8,80.51,1
Domain Generalization | PACS,Domain Generalization,PACS,Average Accuracy,False,1911.08731,1812.08974,84.4,69.45,1
Domain Generalization | PACS,Domain Generalization,PACS,Average Accuracy,False,1911.07661,2310.08255,81.83,96.68,0
Domain Generalization | PACS,Domain Generalization,PACS,Average Accuracy,False,2104.07876,1902.00113,84.69,81.5,1
Domain Generalization | PACS,Domain Generalization,PACS,Average Accuracy,False,1710.03463,1909.08245,70.01,84.46,0
Domain Generalization | PACS,Domain Generalization,PACS,Average Accuracy,False,2104.07876,1812.08974,84.69,69.45,1
Domain Generalization | PACS,Domain Generalization,PACS,Average Accuracy,False,2404.19286,1608.06019,97.0,67.37,1
Domain Generalization | PACS,Domain Generalization,PACS,Average Accuracy,False,1608.06019,1812.08974,67.37,69.45,0
Domain Generalization | PACS,Domain Generalization,PACS,Average Accuracy,False,2104.02008,2112.07517,83.7,86.6,0
Domain Generalization | PACS,Domain Generalization,PACS,Average Accuracy,False,2404.19286,1804.10745,97.0,80.7,1
Domain Generalization | PACS,Domain Generalization,PACS,Average Accuracy,False,1903.06256,2003.00688,70.2,71.14,0
Domain Generalization | PACS,Domain Generalization,PACS,Average Accuracy,False,1710.03463,2110.10832,70.01,95.8,0
Domain Generalization | PACS,Domain Generalization,PACS,Average Accuracy,False,2112.07517,2310.08255,86.6,96.68,0
Domain Generalization | PACS,Domain Generalization,PACS,Average Accuracy,False,2203.01522,1709.10190,88.6,79.4,1
Domain Generalization | PACS,Domain Generalization,PACS,Average Accuracy,False,2003.06054,2212.07101,83.1,88.63,0
Domain Generalization | PACS,Domain Generalization,PACS,Average Accuracy,False,1911.08731,2109.02934,84.4,86.9,0
Domain Generalization | PACS,Domain Generalization,PACS,Average Accuracy,False,1905.13549,2206.04046,72.08,88.1,0
Domain Generalization | PACS,Domain Generalization,PACS,Average Accuracy,False,2211.14058,2310.08255,86.4,96.68,0
Domain Generalization | PACS,Domain Generalization,PACS,Average Accuracy,False,1911.08731,1903.06256,84.4,70.2,1
Domain Generalization | PACS,Domain Generalization,PACS,Average Accuracy,False,1710.03463,1911.07661,70.01,81.83,0
Domain Generalization | PACS,Domain Generalization,PACS,Average Accuracy,False,1910.11645,1709.10190,83.25,79.4,1
Domain Generalization | PACS,Domain Generalization,PACS,Average Accuracy,False,2007.03304,2205.13913,82.8,87.87,0
Domain Generalization | PACS,Domain Generalization,PACS,Average Accuracy,False,1608.06019,2310.08255,67.37,96.68,0
Domain Generalization | PACS,Domain Generalization,PACS,Average Accuracy,False,1804.10745,2109.02038,80.7,84.23,0
Domain Generalization | PACS,Domain Generalization,PACS,Average Accuracy,False,1903.06864,2309.12530,80.51,90.2,0
Domain Generalization | PACS,Domain Generalization,PACS,Average Accuracy,False,1911.08731,1910.11645,84.4,83.25,1
Domain Generalization | PACS,Domain Generalization,PACS,Average Accuracy,False,2211.16175,2101.09060,96.8,84.32,1
Domain Generalization | PACS,Domain Generalization,PACS,Average Accuracy,False,2007.03304,2104.02008,82.8,83.7,0
Domain Generalization | PACS,Domain Generalization,PACS,Average Accuracy,False,2101.09060,2109.02038,84.32,84.23,1
Domain Generalization | PACS,Domain Generalization,PACS,Average Accuracy,False,2203.10789,1608.06019,96.8,67.37,1
Domain Generalization | PACS,Domain Generalization,PACS,Average Accuracy,False,2007.03304,2109.02038,82.8,84.23,0
Domain Generalization | PACS,Domain Generalization,PACS,Average Accuracy,False,2211.16175,2010.01007,96.8,82.4,1
Domain Generalization | PACS,Domain Generalization,PACS,Average Accuracy,False,2203.01522,1902.00113,88.6,81.5,1
Domain Generalization | PACS,Domain Generalization,PACS,Average Accuracy,False,1911.08731,2110.10832,84.4,95.8,0
Domain Generalization | PACS,Domain Generalization,PACS,Average Accuracy,False,2003.06054,1812.08974,83.1,69.45,1
Domain Generalization | PACS,Domain Generalization,PACS,Average Accuracy,False,1905.13549,1911.08731,72.08,84.4,0
Domain Generalization | PACS,Domain Generalization,PACS,Average Accuracy,False,2404.19286,2101.09060,97.0,84.32,1
Domain Generalization | PACS,Domain Generalization,PACS,Average Accuracy,False,1905.13549,2104.02008,72.08,83.7,0
Domain Generalization | PACS,Domain Generalization,PACS,Average Accuracy,False,2211.16175,2112.07517,96.8,86.6,1
Domain Generalization | PACS,Domain Generalization,PACS,Average Accuracy,False,2211.14058,2205.13913,86.4,87.87,0
Domain Generalization | PACS,Domain Generalization,PACS,Average Accuracy,False,2404.19286,1909.08245,97.0,84.46,1
Domain Generalization | PACS,Domain Generalization,PACS,Average Accuracy,False,1903.06256,2101.09060,70.2,84.32,0
Domain Generalization | PACS,Domain Generalization,PACS,Average Accuracy,False,1909.08245,1812.08974,84.46,69.45,1
Domain Generalization | PACS,Domain Generalization,PACS,Average Accuracy,False,1911.08731,2310.11031,84.4,97.4,0
Domain Generalization | PACS,Domain Generalization,PACS,Average Accuracy,False,2203.01522,2003.06054,88.6,83.1,1
Domain Generalization | PACS,Domain Generalization,PACS,Average Accuracy,False,2404.19286,2212.07101,97.0,88.63,1
Domain Generalization | PACS,Domain Generalization,PACS,Average Accuracy,False,2203.01522,2010.01007,88.6,82.4,1
Domain Generalization | PACS,Domain Generalization,PACS,Average Accuracy,False,1903.06864,1812.08974,80.51,69.45,1
Domain Generalization | PACS,Domain Generalization,PACS,Average Accuracy,False,1804.10745,2110.10832,80.7,95.8,0
Domain Generalization | PACS,Domain Generalization,PACS,Average Accuracy,False,1903.06256,2104.02008,70.2,83.7,0
Domain Generalization | PACS,Domain Generalization,PACS,Average Accuracy,False,2211.14058,2003.06054,86.4,83.1,1
Domain Generalization | PACS,Domain Generalization,PACS,Average Accuracy,False,2112.09802,2101.09060,87.35,84.32,1
Domain Generalization | PACS,Domain Generalization,PACS,Average Accuracy,False,1902.00113,1910.11645,81.5,83.25,0
Domain Generalization | PACS,Domain Generalization,PACS,Average Accuracy,False,1902.00113,2203.04600,81.5,96.1,0
Domain Generalization | PACS,Domain Generalization,PACS,Average Accuracy,False,1903.06864,2102.08604,80.51,88.1,0
Domain Generalization | PACS,Domain Generalization,PACS,Average Accuracy,False,2101.09060,2206.04046,84.32,88.1,0
Domain Generalization | PACS,Domain Generalization,PACS,Average Accuracy,False,1608.06019,2203.04600,67.37,96.1,0
Domain Generalization | PACS,Domain Generalization,PACS,Average Accuracy,False,2104.02008,1812.08974,83.7,69.45,1
Domain Generalization | PACS,Domain Generalization,PACS,Average Accuracy,False,1910.11645,2101.09060,83.25,84.32,0
Domain Generalization | PACS,Domain Generalization,PACS,Average Accuracy,False,2203.01522,1910.11645,88.6,83.25,1
Domain Generalization | PACS,Domain Generalization,PACS,Average Accuracy,False,1905.13549,2109.02038,72.08,84.23,0
Domain Generalization | PACS,Domain Generalization,PACS,Average Accuracy,False,2104.07876,1907.04275,84.69,86.64,0
Domain Generalization | PACS,Domain Generalization,PACS,Average Accuracy,False,2104.02008,1709.10190,83.7,79.4,1
Domain Generalization | PACS,Domain Generalization,PACS,Average Accuracy,False,2203.01522,2310.11031,88.6,97.4,0
Domain Generalization | PACS,Domain Generalization,PACS,Average Accuracy,False,2007.03304,2003.06054,82.8,83.1,0
Domain Generalization | PACS,Domain Generalization,PACS,Average Accuracy,False,2309.12530,2102.08604,90.2,88.1,1
Domain Generalization | PACS,Domain Generalization,PACS,Average Accuracy,False,2310.11031,2212.07101,97.4,88.63,1
Domain Generalization | PACS,Domain Generalization,PACS,Average Accuracy,False,2012.09382,1902.00113,82.39,81.5,1
Domain Generalization | PACS,Domain Generalization,PACS,Average Accuracy,False,1910.11645,2310.08255,83.25,96.68,0
Domain Generalization | PACS,Domain Generalization,PACS,Average Accuracy,False,2211.14058,2109.02934,86.4,86.9,0
Domain Generalization | PACS,Domain Generalization,PACS,Average Accuracy,False,2309.12530,2203.04600,90.2,96.1,0
Domain Generalization | PACS,Domain Generalization,PACS,Average Accuracy,False,2112.09802,2109.02038,87.35,84.23,1
Domain Generalization | PACS,Domain Generalization,PACS,Average Accuracy,False,2104.02008,2205.13913,83.7,87.87,0
Domain Generalization | PACS,Domain Generalization,PACS,Average Accuracy,False,2205.13913,1909.08245,87.87,84.46,1
Domain Generalization | PACS,Domain Generalization,PACS,Average Accuracy,False,2012.09382,1608.06019,82.39,67.37,1
Domain Generalization | PACS,Domain Generalization,PACS,Average Accuracy,False,2203.10789,2104.02008,96.8,83.7,1
Domain Generalization | PACS,Domain Generalization,PACS,Average Accuracy,False,1905.13549,2110.10832,72.08,95.8,0
Domain Generalization | PACS,Domain Generalization,PACS,Average Accuracy,False,2203.01522,2112.07517,88.6,86.6,1
Domain Generalization | PACS,Domain Generalization,PACS,Average Accuracy,False,2007.03304,2102.08604,82.8,88.1,0
Domain Generalization | PACS,Domain Generalization,PACS,Average Accuracy,False,1911.08731,2309.12530,84.4,90.2,0
Domain Generalization | PACS,Domain Generalization,PACS,Average Accuracy,False,1911.08731,2104.07876,84.4,84.69,0
Domain Generalization | PACS,Domain Generalization,PACS,Average Accuracy,False,2109.02934,2310.08255,86.9,96.68,0
Domain Generalization | PACS,Domain Generalization,PACS,Average Accuracy,False,1910.11645,2003.00688,83.25,71.14,1
Domain Generalization | PACS,Domain Generalization,PACS,Average Accuracy,False,1709.10190,1903.06864,79.4,80.51,0
Domain Generalization | PACS,Domain Generalization,PACS,Average Accuracy,False,2003.00688,2101.09060,71.14,84.32,0
Domain Generalization | PACS,Domain Generalization,PACS,Average Accuracy,False,1911.08731,1709.10190,84.4,79.4,1
Domain Generalization | PACS,Domain Generalization,PACS,Average Accuracy,False,2012.09382,1804.10745,82.39,80.7,1
Domain Generalization | PACS,Domain Generalization,PACS,Average Accuracy,False,2203.10789,2012.09382,96.8,82.39,1
Domain Generalization | PACS,Domain Generalization,PACS,Average Accuracy,False,1608.06019,1804.10745,67.37,80.7,0
Domain Generalization | PACS,Domain Generalization,PACS,Average Accuracy,False,2112.09802,2206.04046,87.35,88.1,0
Domain Generalization | PACS,Domain Generalization,PACS,Average Accuracy,False,2112.09802,1911.08731,87.35,84.4,1
Domain Generalization | PACS,Domain Generalization,PACS,Average Accuracy,False,1812.08974,1911.07661,69.45,81.83,0
Domain Generalization | PACS,Domain Generalization,PACS,Average Accuracy,False,2007.03304,2110.10832,82.8,95.8,0
Domain Generalization | PACS,Domain Generalization,PACS,Average Accuracy,False,2310.11031,2101.09060,97.4,84.32,1
Domain Generalization | PACS,Domain Generalization,PACS,Average Accuracy,False,2203.10789,2310.11031,96.8,97.4,0
Domain Generalization | PACS,Domain Generalization,PACS,Average Accuracy,False,2203.01522,2104.07876,88.6,84.69,1
Domain Generalization | PACS,Domain Generalization,PACS,Average Accuracy,False,2211.16175,2104.07876,96.8,84.69,1
Domain Generalization | PACS,Domain Generalization,PACS,Average Accuracy,False,2211.14058,2309.12530,86.4,90.2,0
Domain Generalization | PACS,Domain Generalization,PACS,Average Accuracy,False,1710.03463,1804.10745,70.01,80.7,0
Domain Generalization | PACS,Domain Generalization,PACS,Average Accuracy,False,2404.19286,2205.13913,97.0,87.87,1
Domain Generalization | PACS,Domain Generalization,PACS,Average Accuracy,False,2104.07876,2205.13913,84.69,87.87,0
Domain Generalization | PACS,Domain Generalization,PACS,Average Accuracy,False,1909.08245,2109.02038,84.46,84.23,1
Domain Generalization | PACS,Domain Generalization,PACS,Average Accuracy,False,2104.07876,2112.07517,84.69,86.6,0
Domain Generalization | PACS,Domain Generalization,PACS,Average Accuracy,False,1911.08731,1804.10745,84.4,80.7,1
Domain Generalization | PACS,Domain Generalization,PACS,Average Accuracy,False,2112.07517,2003.06054,86.6,83.1,1
Domain Generalization | PACS,Domain Generalization,PACS,Average Accuracy,False,2112.09802,1907.04275,87.35,86.64,1
Domain Generalization | PACS,Domain Generalization,PACS,Average Accuracy,False,2203.01522,2309.12530,88.6,90.2,0
Domain Generalization | PACS,Domain Generalization,PACS,Average Accuracy,False,2112.09802,1608.06019,87.35,67.37,1
Domain Generalization | PACS,Domain Generalization,PACS,Average Accuracy,False,1608.06019,2112.07517,67.37,86.6,0
Domain Generalization | PACS,Domain Generalization,PACS,Average Accuracy,False,1905.13549,2109.02934,72.08,86.9,0
Domain Generalization | PACS,Domain Generalization,PACS,Average Accuracy,False,2211.14058,2101.09060,86.4,84.32,1
Domain Generalization | PACS,Domain Generalization,PACS,Average Accuracy,False,2003.06054,2109.02038,83.1,84.23,0
Domain Generalization | PACS,Domain Generalization,PACS,Average Accuracy,False,2211.16175,2109.02934,96.8,86.9,1
Domain Generalization | PACS,Domain Generalization,PACS,Average Accuracy,False,1909.08245,2101.09060,84.46,84.32,1
Domain Generalization | PACS,Domain Generalization,PACS,Average Accuracy,False,1903.06864,1911.07661,80.51,81.83,0
Domain Generalization | PACS,Domain Generalization,PACS,Average Accuracy,False,1902.00113,2206.04046,81.5,88.1,0
Domain Generalization | PACS,Domain Generalization,PACS,Average Accuracy,False,1902.00113,2212.07101,81.5,88.63,0
Domain Generalization | PACS,Domain Generalization,PACS,Average Accuracy,False,1911.08731,2010.01007,84.4,82.4,1
Domain Generalization | PACS,Domain Generalization,PACS,Average Accuracy,False,1905.13549,2112.07517,72.08,86.6,0
Few-Shot Image Classification | Mini-Imagenet 5-way (5-shot),Few-Shot Image Classification,Mini-Imagenet 5-way (5-shot),Accuracy,False,2012.07176,2006.15486,82.51,84.72,0
Few-Shot Image Classification | Mini-Imagenet 5-way (5-shot),Few-Shot Image Classification,Mini-Imagenet 5-way (5-shot),Accuracy,False,2203.11378,2207.09176,69.62,83.4,0
Few-Shot Image Classification | Mini-Imagenet 5-way (5-shot),Few-Shot Image Classification,Mini-Imagenet 5-way (5-shot),Accuracy,False,2310.10971,2003.02455,98.6,63.87,1
Few-Shot Image Classification | Mini-Imagenet 5-way (5-shot),Few-Shot Image Classification,Mini-Imagenet 5-way (5-shot),Accuracy,False,1905.06549,1904.03758,76.36,80.0,0
Few-Shot Image Classification | Mini-Imagenet 5-way (5-shot),Few-Shot Image Classification,Mini-Imagenet 5-way (5-shot),Accuracy,False,2011.12527,2203.11378,71.93,69.62,1
Few-Shot Image Classification | Mini-Imagenet 5-way (5-shot),Few-Shot Image Classification,Mini-Imagenet 5-way (5-shot),Accuracy,False,1912.03432,2204.03065,90.3,91.34,0
Few-Shot Image Classification | Mini-Imagenet 5-way (5-shot),Few-Shot Image Classification,Mini-Imagenet 5-way (5-shot),Accuracy,False,1911.06045,1905.11641,90.98,74.63,1
Few-Shot Image Classification | Mini-Imagenet 5-way (5-shot),Few-Shot Image Classification,Mini-Imagenet 5-way (5-shot),Accuracy,False,2011.12527,2409.07989,71.93,84.42,0
Few-Shot Image Classification | Mini-Imagenet 5-way (5-shot),Few-Shot Image Classification,Mini-Imagenet 5-way (5-shot),Accuracy,False,1907.12087,2204.03065,83.18,91.34,0
Few-Shot Image Classification | Mini-Imagenet 5-way (5-shot),Few-Shot Image Classification,Mini-Imagenet 5-way (5-shot),Accuracy,False,1911.06045,1904.02239,90.98,66.27,1
Few-Shot Image Classification | Mini-Imagenet 5-way (5-shot),Few-Shot Image Classification,Mini-Imagenet 5-way (5-shot),Accuracy,False,1803.02999,2310.10971,65.99,98.6,0
Few-Shot Image Classification | Mini-Imagenet 5-way (5-shot),Few-Shot Image Classification,Mini-Imagenet 5-way (5-shot),Accuracy,False,1810.09502,2003.02455,67.15,63.87,1
Few-Shot Image Classification | Mini-Imagenet 5-way (5-shot),Few-Shot Image Classification,Mini-Imagenet 5-way (5-shot),Accuracy,False,2204.03065,2108.09666,91.34,82.58,1
Few-Shot Image Classification | Mini-Imagenet 5-way (5-shot),Few-Shot Image Classification,Mini-Imagenet 5-way (5-shot),Accuracy,False,2012.07176,1812.03664,82.51,78.38,1
Few-Shot Image Classification | Mini-Imagenet 5-way (5-shot),Few-Shot Image Classification,Mini-Imagenet 5-way (5-shot),Accuracy,False,1903.12290,2207.09176,71.02,83.4,0
Few-Shot Image Classification | Mini-Imagenet 5-way (5-shot),Few-Shot Image Classification,Mini-Imagenet 5-way (5-shot),Accuracy,False,2003.04151,2310.10971,88.05,98.6,0
Few-Shot Image Classification | Mini-Imagenet 5-way (5-shot),Few-Shot Image Classification,Mini-Imagenet 5-way (5-shot),Accuracy,False,2204.03065,2207.09176,91.34,83.4,1
Few-Shot Image Classification | Mini-Imagenet 5-way (5-shot),Few-Shot Image Classification,Mini-Imagenet 5-way (5-shot),Accuracy,False,1904.03758,2203.09064,80.0,89.19,0
Few-Shot Image Classification | Mini-Imagenet 5-way (5-shot),Few-Shot Image Classification,Mini-Imagenet 5-way (5-shot),Accuracy,False,2201.09699,2011.12527,89.14,71.93,1
Few-Shot Image Classification | Mini-Imagenet 5-way (5-shot),Few-Shot Image Classification,Mini-Imagenet 5-way (5-shot),Accuracy,False,1905.10295,1810.09502,77.64,67.15,1
Few-Shot Image Classification | Mini-Imagenet 5-way (5-shot),Few-Shot Image Classification,Mini-Imagenet 5-way (5-shot),Accuracy,False,1905.11641,2207.09176,74.63,83.4,0
Few-Shot Image Classification | Mini-Imagenet 5-way (5-shot),Few-Shot Image Classification,Mini-Imagenet 5-way (5-shot),Accuracy,False,1905.06549,1803.02999,76.36,65.99,1
Few-Shot Image Classification | Mini-Imagenet 5-way (5-shot),Few-Shot Image Classification,Mini-Imagenet 5-way (5-shot),Accuracy,False,1912.03432,2204.07305,90.3,98.4,0
Few-Shot Image Classification | Mini-Imagenet 5-way (5-shot),Few-Shot Image Classification,Mini-Imagenet 5-way (5-shot),Accuracy,False,2409.07989,1811.07100,84.42,75.84,1
Few-Shot Image Classification | Mini-Imagenet 5-way (5-shot),Few-Shot Image Classification,Mini-Imagenet 5-way (5-shot),Accuracy,False,2108.09666,1812.02391,82.58,75.5,1
Few-Shot Image Classification | Mini-Imagenet 5-way (5-shot),Few-Shot Image Classification,Mini-Imagenet 5-way (5-shot),Accuracy,False,2003.02455,2208.10559,63.87,95.95,0
Few-Shot Image Classification | Mini-Imagenet 5-way (5-shot),Few-Shot Image Classification,Mini-Imagenet 5-way (5-shot),Accuracy,False,1907.12087,1812.03664,83.18,78.38,1
Few-Shot Image Classification | Mini-Imagenet 5-way (5-shot),Few-Shot Image Classification,Mini-Imagenet 5-way (5-shot),Accuracy,False,2003.02455,1904.02239,63.87,66.27,0
Few-Shot Image Classification | Mini-Imagenet 5-way (5-shot),Few-Shot Image Classification,Mini-Imagenet 5-way (5-shot),Accuracy,False,1904.03758,2110.09446,80.0,91.53,0
Few-Shot Image Classification | Mini-Imagenet 5-way (5-shot),Few-Shot Image Classification,Mini-Imagenet 5-way (5-shot),Accuracy,False,1803.02999,1812.02391,65.99,75.5,0
Few-Shot Image Classification | Mini-Imagenet 5-way (5-shot),Few-Shot Image Classification,Mini-Imagenet 5-way (5-shot),Accuracy,False,2004.12696,2003.02455,79.2,63.87,1
Few-Shot Image Classification | Mini-Imagenet 5-way (5-shot),Few-Shot Image Classification,Mini-Imagenet 5-way (5-shot),Accuracy,False,2203.11378,2006.03806,69.62,88.82,0
Few-Shot Image Classification | Mini-Imagenet 5-way (5-shot),Few-Shot Image Classification,Mini-Imagenet 5-way (5-shot),Accuracy,False,2003.11853,2207.09176,80.11,83.4,0
Few-Shot Image Classification | Mini-Imagenet 5-way (5-shot),Few-Shot Image Classification,Mini-Imagenet 5-way (5-shot),Accuracy,False,2011.12527,1812.03664,71.93,78.38,0
Few-Shot Image Classification | Mini-Imagenet 5-way (5-shot),Few-Shot Image Classification,Mini-Imagenet 5-way (5-shot),Accuracy,False,2009.03558,2109.12932,75.19,82.75,0
Few-Shot Image Classification | Mini-Imagenet 5-way (5-shot),Few-Shot Image Classification,Mini-Imagenet 5-way (5-shot),Accuracy,False,1912.03432,2407.01467,90.3,91.34,0
Few-Shot Image Classification | Mini-Imagenet 5-way (5-shot),Few-Shot Image Classification,Mini-Imagenet 5-way (5-shot),Accuracy,False,1706.03466,1911.06045,73.74,90.98,0
Few-Shot Image Classification | Mini-Imagenet 5-way (5-shot),Few-Shot Image Classification,Mini-Imagenet 5-way (5-shot),Accuracy,False,2006.15486,1905.10295,84.72,77.64,1
Few-Shot Image Classification | Mini-Imagenet 5-way (5-shot),Few-Shot Image Classification,Mini-Imagenet 5-way (5-shot),Accuracy,False,1905.06549,1804.09458,76.36,72.81,1
Few-Shot Image Classification | Mini-Imagenet 5-way (5-shot),Few-Shot Image Classification,Mini-Imagenet 5-way (5-shot),Accuracy,False,1903.12290,1804.09458,71.02,72.81,0
Few-Shot Image Classification | Mini-Imagenet 5-way (5-shot),Few-Shot Image Classification,Mini-Imagenet 5-way (5-shot),Accuracy,False,1905.11641,1810.09502,74.63,67.15,1
Few-Shot Image Classification | Mini-Imagenet 5-way (5-shot),Few-Shot Image Classification,Mini-Imagenet 5-way (5-shot),Accuracy,False,2204.03065,1810.09502,91.34,67.15,1
Few-Shot Image Classification | Mini-Imagenet 5-way (5-shot),Few-Shot Image Classification,Mini-Imagenet 5-way (5-shot),Accuracy,False,1912.03432,1907.12087,90.3,83.18,1
Few-Shot Image Classification | Mini-Imagenet 5-way (5-shot),Few-Shot Image Classification,Mini-Imagenet 5-way (5-shot),Accuracy,False,2003.04151,2006.03806,88.05,88.82,0
Few-Shot Image Classification | Mini-Imagenet 5-way (5-shot),Few-Shot Image Classification,Mini-Imagenet 5-way (5-shot),Accuracy,False,1905.11641,1803.02999,74.63,65.99,1
Few-Shot Image Classification | Mini-Imagenet 5-way (5-shot),Few-Shot Image Classification,Mini-Imagenet 5-way (5-shot),Accuracy,False,1907.12087,2003.04151,83.18,88.05,0
Few-Shot Image Classification | Mini-Imagenet 5-way (5-shot),Few-Shot Image Classification,Mini-Imagenet 5-way (5-shot),Accuracy,False,2108.09666,2310.10971,82.58,98.6,0
Few-Shot Image Classification | Mini-Imagenet 5-way (5-shot),Few-Shot Image Classification,Mini-Imagenet 5-way (5-shot),Accuracy,False,1706.03466,2204.07305,73.74,98.4,0
Few-Shot Image Classification | Mini-Imagenet 5-way (5-shot),Few-Shot Image Classification,Mini-Imagenet 5-way (5-shot),Accuracy,False,1903.12290,2110.09446,71.02,91.53,0
Few-Shot Image Classification | Mini-Imagenet 5-way (5-shot),Few-Shot Image Classification,Mini-Imagenet 5-way (5-shot),Accuracy,False,1803.02999,2003.11853,65.99,80.11,0
Few-Shot Image Classification | Mini-Imagenet 5-way (5-shot),Few-Shot Image Classification,Mini-Imagenet 5-way (5-shot),Accuracy,False,2206.07267,1804.09458,86.38,72.81,1
Few-Shot Image Classification | Mini-Imagenet 5-way (5-shot),Few-Shot Image Classification,Mini-Imagenet 5-way (5-shot),Accuracy,False,1810.09502,2310.10971,67.15,98.6,0
Few-Shot Image Classification | Mini-Imagenet 5-way (5-shot),Few-Shot Image Classification,Mini-Imagenet 5-way (5-shot),Accuracy,False,2206.07267,1811.07100,86.38,75.84,1
Few-Shot Image Classification | Mini-Imagenet 5-way (5-shot),Few-Shot Image Classification,Mini-Imagenet 5-way (5-shot),Accuracy,False,2201.09699,1911.06045,89.14,90.98,0
Few-Shot Image Classification | Mini-Imagenet 5-way (5-shot),Few-Shot Image Classification,Mini-Imagenet 5-way (5-shot),Accuracy,False,2204.03065,2006.03806,91.34,88.82,1
Few-Shot Image Classification | Mini-Imagenet 5-way (5-shot),Few-Shot Image Classification,Mini-Imagenet 5-way (5-shot),Accuracy,False,2108.09666,1910.05199,82.58,64.0,1
Few-Shot Image Classification | Mini-Imagenet 5-way (5-shot),Few-Shot Image Classification,Mini-Imagenet 5-way (5-shot),Accuracy,False,2208.10559,2407.01467,95.95,91.34,1
Few-Shot Image Classification | Mini-Imagenet 5-way (5-shot),Few-Shot Image Classification,Mini-Imagenet 5-way (5-shot),Accuracy,False,1706.03466,2003.02455,73.74,63.87,1
Few-Shot Image Classification | Mini-Imagenet 5-way (5-shot),Few-Shot Image Classification,Mini-Imagenet 5-way (5-shot),Accuracy,False,1804.09458,2407.01467,72.81,91.34,0
Few-Shot Image Classification | Mini-Imagenet 5-way (5-shot),Few-Shot Image Classification,Mini-Imagenet 5-way (5-shot),Accuracy,False,1811.07100,1904.02239,75.84,66.27,1
Few-Shot Image Classification | Mini-Imagenet 5-way (5-shot),Few-Shot Image Classification,Mini-Imagenet 5-way (5-shot),Accuracy,False,2203.09064,1810.09502,89.19,67.15,1
Few-Shot Image Classification | Mini-Imagenet 5-way (5-shot),Few-Shot Image Classification,Mini-Imagenet 5-way (5-shot),Accuracy,False,1706.03466,2012.07176,73.74,82.51,0
Few-Shot Image Classification | Mini-Imagenet 5-way (5-shot),Few-Shot Image Classification,Mini-Imagenet 5-way (5-shot),Accuracy,False,2003.04151,2208.10559,88.05,95.95,0
Few-Shot Image Classification | Mini-Imagenet 5-way (5-shot),Few-Shot Image Classification,Mini-Imagenet 5-way (5-shot),Accuracy,False,2006.03806,2109.12932,88.82,82.75,1
Few-Shot Image Classification | Mini-Imagenet 5-way (5-shot),Few-Shot Image Classification,Mini-Imagenet 5-way (5-shot),Accuracy,False,2204.03065,1904.02239,91.34,66.27,1
Few-Shot Image Classification | Mini-Imagenet 5-way (5-shot),Few-Shot Image Classification,Mini-Imagenet 5-way (5-shot),Accuracy,False,2203.09064,2004.12696,89.19,79.2,1
Few-Shot Image Classification | Mini-Imagenet 5-way (5-shot),Few-Shot Image Classification,Mini-Imagenet 5-way (5-shot),Accuracy,False,1907.12087,2009.03558,83.18,75.19,1
Few-Shot Image Classification | Mini-Imagenet 5-way (5-shot),Few-Shot Image Classification,Mini-Imagenet 5-way (5-shot),Accuracy,False,1803.02999,2108.09666,65.99,82.58,0
Few-Shot Image Classification | Mini-Imagenet 5-way (5-shot),Few-Shot Image Classification,Mini-Imagenet 5-way (5-shot),Accuracy,False,2207.09176,2204.07305,83.4,98.4,0
Few-Shot Image Classification | Mini-Imagenet 5-way (5-shot),Few-Shot Image Classification,Mini-Imagenet 5-way (5-shot),Accuracy,False,1907.12087,2208.10559,83.18,95.95,0
Few-Shot Image Classification | Mini-Imagenet 5-way (5-shot),Few-Shot Image Classification,Mini-Imagenet 5-way (5-shot),Accuracy,False,1904.02239,2207.09176,66.27,83.4,0
Few-Shot Image Classification | Mini-Imagenet 5-way (5-shot),Few-Shot Image Classification,Mini-Imagenet 5-way (5-shot),Accuracy,False,2201.09699,1905.11641,89.14,74.63,1
Few-Shot Image Classification | Mini-Imagenet 5-way (5-shot),Few-Shot Image Classification,Mini-Imagenet 5-way (5-shot),Accuracy,False,2206.07267,2407.01467,86.38,91.34,0
Few-Shot Image Classification | Mini-Imagenet 5-way (5-shot),Few-Shot Image Classification,Mini-Imagenet 5-way (5-shot),Accuracy,False,2204.03065,2206.07267,91.34,86.38,1
Few-Shot Image Classification | Mini-Imagenet 5-way (5-shot),Few-Shot Image Classification,Mini-Imagenet 5-way (5-shot),Accuracy,False,2003.11853,1811.07100,80.11,75.84,1
Few-Shot Image Classification | Mini-Imagenet 5-way (5-shot),Few-Shot Image Classification,Mini-Imagenet 5-way (5-shot),Accuracy,False,2003.04151,2004.12696,88.05,79.2,1
Few-Shot Image Classification | Mini-Imagenet 5-way (5-shot),Few-Shot Image Classification,Mini-Imagenet 5-way (5-shot),Accuracy,False,2003.04151,2009.03558,88.05,75.19,1
Few-Shot Image Classification | Mini-Imagenet 5-way (5-shot),Few-Shot Image Classification,Mini-Imagenet 5-way (5-shot),Accuracy,False,2206.07267,2208.10559,86.38,95.95,0
Few-Shot Image Classification | Mini-Imagenet 5-way (5-shot),Few-Shot Image Classification,Mini-Imagenet 5-way (5-shot),Accuracy,False,1911.06045,1910.05199,90.98,64.0,1
Few-Shot Image Classification | Mini-Imagenet 5-way (5-shot),Few-Shot Image Classification,Mini-Imagenet 5-way (5-shot),Accuracy,False,1812.02391,1910.05199,75.5,64.0,1
Few-Shot Image Classification | Mini-Imagenet 5-way (5-shot),Few-Shot Image Classification,Mini-Imagenet 5-way (5-shot),Accuracy,False,2310.10971,2204.07305,98.6,98.4,1
Few-Shot Image Classification | Mini-Imagenet 5-way (5-shot),Few-Shot Image Classification,Mini-Imagenet 5-way (5-shot),Accuracy,False,2203.11378,1812.02391,69.62,75.5,0
Few-Shot Image Classification | Mini-Imagenet 5-way (5-shot),Few-Shot Image Classification,Mini-Imagenet 5-way (5-shot),Accuracy,False,2009.03558,2003.11853,75.19,80.11,0
Few-Shot Image Classification | Mini-Imagenet 5-way (5-shot),Few-Shot Image Classification,Mini-Imagenet 5-way (5-shot),Accuracy,False,2003.11853,1812.02391,80.11,75.5,1
Few-Shot Image Classification | Mini-Imagenet 5-way (5-shot),Few-Shot Image Classification,Mini-Imagenet 5-way (5-shot),Accuracy,False,1804.09458,1810.09502,72.81,67.15,1
Few-Shot Image Classification | Mini-Imagenet 5-way (5-shot),Few-Shot Image Classification,Mini-Imagenet 5-way (5-shot),Accuracy,False,2006.15486,1811.07100,84.72,75.84,1
Few-Shot Image Classification | Mini-Imagenet 5-way (5-shot),Few-Shot Image Classification,Mini-Imagenet 5-way (5-shot),Accuracy,False,2011.12527,1811.07100,71.93,75.84,0
Few-Shot Image Classification | Mini-Imagenet 5-way (5-shot),Few-Shot Image Classification,Mini-Imagenet 5-way (5-shot),Accuracy,False,1905.06549,2110.09446,76.36,91.53,0
Few-Shot Image Classification | Mini-Imagenet 5-way (5-shot),Few-Shot Image Classification,Mini-Imagenet 5-way (5-shot),Accuracy,False,1706.03466,1910.05199,73.74,64.0,1
Few-Shot Image Classification | Mini-Imagenet 5-way (5-shot),Few-Shot Image Classification,Mini-Imagenet 5-way (5-shot),Accuracy,False,2110.09446,2207.09176,91.53,83.4,1
Few-Shot Image Classification | Mini-Imagenet 5-way (5-shot),Few-Shot Image Classification,Mini-Imagenet 5-way (5-shot),Accuracy,False,2012.07176,2006.03806,82.51,88.82,0
Few-Shot Image Classification | Mini-Imagenet 5-way (5-shot),Few-Shot Image Classification,Mini-Imagenet 5-way (5-shot),Accuracy,False,2109.12932,2207.09176,82.75,83.4,0
Few-Shot Image Classification | Mini-Imagenet 5-way (5-shot),Few-Shot Image Classification,Mini-Imagenet 5-way (5-shot),Accuracy,False,2409.07989,2108.09666,84.42,82.58,1
Few-Shot Image Classification | Mini-Imagenet 5-way (5-shot),Few-Shot Image Classification,Mini-Imagenet 5-way (5-shot),Accuracy,False,2409.07989,1803.02999,84.42,65.99,1
Few-Shot Image Classification | Mini-Imagenet 5-way (5-shot),Few-Shot Image Classification,Mini-Imagenet 5-way (5-shot),Accuracy,False,2011.12527,2108.09666,71.93,82.58,0
Few-Shot Image Classification | Mini-Imagenet 5-way (5-shot),Few-Shot Image Classification,Mini-Imagenet 5-way (5-shot),Accuracy,False,1911.06045,2109.12932,90.98,82.75,1
Few-Shot Image Classification | Mini-Imagenet 5-way (5-shot),Few-Shot Image Classification,Mini-Imagenet 5-way (5-shot),Accuracy,False,1905.06549,2004.12696,76.36,79.2,0
Few-Shot Image Classification | Mini-Imagenet 5-way (5-shot),Few-Shot Image Classification,Mini-Imagenet 5-way (5-shot),Accuracy,False,2203.09064,1811.07100,89.19,75.84,1
Few-Shot Image Classification | Mini-Imagenet 5-way (5-shot),Few-Shot Image Classification,Mini-Imagenet 5-way (5-shot),Accuracy,False,1905.06549,2009.03558,76.36,75.19,1
Few-Shot Image Classification | Mini-Imagenet 5-way (5-shot),Few-Shot Image Classification,Mini-Imagenet 5-way (5-shot),Accuracy,False,1812.02391,1811.07100,75.5,75.84,0
Few-Shot Image Classification | Mini-Imagenet 5-way (5-shot),Few-Shot Image Classification,Mini-Imagenet 5-way (5-shot),Accuracy,False,2108.09666,2208.10559,82.58,95.95,0
Few-Shot Image Classification | Mini-Imagenet 5-way (5-shot),Few-Shot Image Classification,Mini-Imagenet 5-way (5-shot),Accuracy,False,2004.12696,1804.09458,79.2,72.81,1
Few-Shot Image Classification | Mini-Imagenet 5-way (5-shot),Few-Shot Image Classification,Mini-Imagenet 5-way (5-shot),Accuracy,False,2012.07176,1904.02239,82.51,66.27,1
Few-Shot Image Classification | Mini-Imagenet 5-way (5-shot),Few-Shot Image Classification,Mini-Imagenet 5-way (5-shot),Accuracy,False,1706.03466,1904.02239,73.74,66.27,1
Few-Shot Image Classification | Mini-Imagenet 5-way (5-shot),Few-Shot Image Classification,Mini-Imagenet 5-way (5-shot),Accuracy,False,2204.03065,2006.15486,91.34,84.72,1
Few-Shot Image Classification | Mini-Imagenet 5-way (5-shot),Few-Shot Image Classification,Mini-Imagenet 5-way (5-shot),Accuracy,False,1905.11641,1904.02239,74.63,66.27,1
Few-Shot Image Classification | Mini-Imagenet 5-way (5-shot),Few-Shot Image Classification,Mini-Imagenet 5-way (5-shot),Accuracy,False,2109.12932,1905.10295,82.75,77.64,1
Few-Shot Image Classification | Mini-Imagenet 5-way (5-shot),Few-Shot Image Classification,Mini-Imagenet 5-way (5-shot),Accuracy,False,2011.12527,1905.10295,71.93,77.64,0
Few-Shot Image Classification | Mini-Imagenet 5-way (5-shot),Few-Shot Image Classification,Mini-Imagenet 5-way (5-shot),Accuracy,False,2110.09446,2407.01467,91.53,91.34,1
Few-Shot Image Classification | Mini-Imagenet 5-way (5-shot),Few-Shot Image Classification,Mini-Imagenet 5-way (5-shot),Accuracy,False,1804.09458,2310.10971,72.81,98.6,0
Few-Shot Image Classification | Mini-Imagenet 5-way (5-shot),Few-Shot Image Classification,Mini-Imagenet 5-way (5-shot),Accuracy,False,2203.09064,1812.03664,89.19,78.38,1
Few-Shot Image Classification | Mini-Imagenet 5-way (5-shot),Few-Shot Image Classification,Mini-Imagenet 5-way (5-shot),Accuracy,False,1905.11641,1812.02391,74.63,75.5,0
Few-Shot Image Classification | Mini-Imagenet 5-way (5-shot),Few-Shot Image Classification,Mini-Imagenet 5-way (5-shot),Accuracy,False,1912.03432,1904.03758,90.3,80.0,1
Few-Shot Image Classification | Mini-Imagenet 5-way (5-shot),Few-Shot Image Classification,Mini-Imagenet 5-way (5-shot),Accuracy,False,2206.07267,1904.02239,86.38,66.27,1
Few-Shot Image Classification | Mini-Imagenet 5-way (5-shot),Few-Shot Image Classification,Mini-Imagenet 5-way (5-shot),Accuracy,False,1905.06549,1904.02239,76.36,66.27,1
Few-Shot Image Classification | Mini-Imagenet 5-way (5-shot),Few-Shot Image Classification,Mini-Imagenet 5-way (5-shot),Accuracy,False,1812.03664,2110.09446,78.38,91.53,0
Few-Shot Image Classification | Mini-Imagenet 5-way (5-shot),Few-Shot Image Classification,Mini-Imagenet 5-way (5-shot),Accuracy,False,1706.03466,2006.15486,73.74,84.72,0
Few-Shot Image Classification | Mini-Imagenet 5-way (5-shot),Few-Shot Image Classification,Mini-Imagenet 5-way (5-shot),Accuracy,False,1907.12087,1904.03758,83.18,80.0,1
Few-Shot Image Classification | Mini-Imagenet 5-way (5-shot),Few-Shot Image Classification,Mini-Imagenet 5-way (5-shot),Accuracy,False,1905.11641,2110.09446,74.63,91.53,0
Few-Shot Image Classification | Mini-Imagenet 5-way (5-shot),Few-Shot Image Classification,Mini-Imagenet 5-way (5-shot),Accuracy,False,2006.15486,1905.11641,84.72,74.63,1
Few-Shot Image Classification | Mini-Imagenet 5-way (5-shot),Few-Shot Image Classification,Mini-Imagenet 5-way (5-shot),Accuracy,False,1905.10295,2110.09446,77.64,91.53,0
Few-Shot Image Classification | Mini-Imagenet 5-way (5-shot),Few-Shot Image Classification,Mini-Imagenet 5-way (5-shot),Accuracy,False,1910.05199,2208.10559,64.0,95.95,0
Few-Shot Image Classification | Mini-Imagenet 5-way (5-shot),Few-Shot Image Classification,Mini-Imagenet 5-way (5-shot),Accuracy,False,1905.11641,2003.02455,74.63,63.87,1
Few-Shot Image Classification | Mini-Imagenet 5-way (5-shot),Few-Shot Image Classification,Mini-Imagenet 5-way (5-shot),Accuracy,False,2203.11378,2409.07989,69.62,84.42,0
Few-Shot Image Classification | Mini-Imagenet 5-way (5-shot),Few-Shot Image Classification,Mini-Imagenet 5-way (5-shot),Accuracy,False,1706.03466,2003.11853,73.74,80.11,0
Few-Shot Image Classification | Mini-Imagenet 5-way (5-shot),Few-Shot Image Classification,Mini-Imagenet 5-way (5-shot),Accuracy,False,2006.15486,2108.09666,84.72,82.58,1
Few-Shot Image Classification | Mini-Imagenet 5-way (5-shot),Few-Shot Image Classification,Mini-Imagenet 5-way (5-shot),Accuracy,False,2203.11378,2110.09446,69.62,91.53,0
Few-Shot Image Classification | Mini-Imagenet 5-way (5-shot),Few-Shot Image Classification,Mini-Imagenet 5-way (5-shot),Accuracy,False,2203.09064,2310.10971,89.19,98.6,0
Few-Shot Image Classification | Mini-Imagenet 5-way (5-shot),Few-Shot Image Classification,Mini-Imagenet 5-way (5-shot),Accuracy,False,2006.03806,1905.11641,88.82,74.63,1
Few-Shot Image Classification | Mini-Imagenet 5-way (5-shot),Few-Shot Image Classification,Mini-Imagenet 5-way (5-shot),Accuracy,False,2009.03558,2110.09446,75.19,91.53,0
Few-Shot Image Classification | Mini-Imagenet 5-way (5-shot),Few-Shot Image Classification,Mini-Imagenet 5-way (5-shot),Accuracy,False,1812.03664,2003.11853,78.38,80.11,0
Few-Shot Image Classification | Mini-Imagenet 5-way (5-shot),Few-Shot Image Classification,Mini-Imagenet 5-way (5-shot),Accuracy,False,1905.06549,1905.11641,76.36,74.63,1
Few-Shot Image Classification | Mini-Imagenet 5-way (5-shot),Few-Shot Image Classification,Mini-Imagenet 5-way (5-shot),Accuracy,False,2003.02455,2407.01467,63.87,91.34,0
Few-Shot Image Classification | Mini-Imagenet 5-way (5-shot),Few-Shot Image Classification,Mini-Imagenet 5-way (5-shot),Accuracy,False,2009.03558,1803.02999,75.19,65.99,1
Few-Shot Image Classification | Mini-Imagenet 5-way (5-shot),Few-Shot Image Classification,Mini-Imagenet 5-way (5-shot),Accuracy,False,2109.12932,2208.10559,82.75,95.95,0
Few-Shot Image Classification | Mini-Imagenet 5-way (5-shot),Few-Shot Image Classification,Mini-Imagenet 5-way (5-shot),Accuracy,False,1904.03758,2310.10971,80.0,98.6,0
Few-Shot Image Classification | Mini-Imagenet 5-way (5-shot),Few-Shot Image Classification,Mini-Imagenet 5-way (5-shot),Accuracy,False,2203.11378,1803.02999,69.62,65.99,1
Few-Shot Image Classification | Mini-Imagenet 5-way (5-shot),Few-Shot Image Classification,Mini-Imagenet 5-way (5-shot),Accuracy,False,2201.09699,2003.02455,89.14,63.87,1
Few-Shot Image Classification | Mini-Imagenet 5-way (5-shot),Few-Shot Image Classification,Mini-Imagenet 5-way (5-shot),Accuracy,False,1910.05199,2207.09176,64.0,83.4,0
Few-Shot Image Classification | Mini-Imagenet 5-way (5-shot),Few-Shot Image Classification,Mini-Imagenet 5-way (5-shot),Accuracy,False,2012.07176,2003.02455,82.51,63.87,1
Few-Shot Image Classification | Mini-Imagenet 5-way (5-shot),Few-Shot Image Classification,Mini-Imagenet 5-way (5-shot),Accuracy,False,1904.03758,1804.09458,80.0,72.81,1
Few-Shot Image Classification | Mini-Imagenet 5-way (5-shot),Few-Shot Image Classification,Mini-Imagenet 5-way (5-shot),Accuracy,False,2201.09699,2310.10971,89.14,98.6,0
Few-Shot Image Classification | Mini-Imagenet 5-way (5-shot),Few-Shot Image Classification,Mini-Imagenet 5-way (5-shot),Accuracy,False,2006.03806,2006.15486,88.82,84.72,1
Few-Shot Image Classification | Mini-Imagenet 5-way (5-shot),Few-Shot Image Classification,Mini-Imagenet 5-way (5-shot),Accuracy,False,2011.12527,1904.03758,71.93,80.0,0
Few-Shot Image Classification | Mini-Imagenet 5-way (5-shot),Few-Shot Image Classification,Mini-Imagenet 5-way (5-shot),Accuracy,False,2009.03558,2203.11378,75.19,69.62,1
Few-Shot Image Classification | Mini-Imagenet 5-way (5-shot),Few-Shot Image Classification,Mini-Imagenet 5-way (5-shot),Accuracy,False,2109.12932,2310.10971,82.75,98.6,0
Few-Shot Image Classification | Mini-Imagenet 5-way (5-shot),Few-Shot Image Classification,Mini-Imagenet 5-way (5-shot),Accuracy,False,2003.11853,1810.09502,80.11,67.15,1
Few-Shot Image Classification | Mini-Imagenet 5-way (5-shot),Few-Shot Image Classification,Mini-Imagenet 5-way (5-shot),Accuracy,False,2201.09699,2204.07305,89.14,98.4,0
Few-Shot Image Classification | Mini-Imagenet 5-way (5-shot),Few-Shot Image Classification,Mini-Imagenet 5-way (5-shot),Accuracy,False,1812.02391,2207.09176,75.5,83.4,0
Few-Shot Image Classification | Mini-Imagenet 5-way (5-shot),Few-Shot Image Classification,Mini-Imagenet 5-way (5-shot),Accuracy,False,2409.07989,2003.02455,84.42,63.87,1
Few-Shot Image Classification | Mini-Imagenet 5-way (5-shot),Few-Shot Image Classification,Mini-Imagenet 5-way (5-shot),Accuracy,False,2011.12527,2206.07267,71.93,86.38,0
Few-Shot Image Classification | Mini-Imagenet 5-way (5-shot),Few-Shot Image Classification,Mini-Imagenet 5-way (5-shot),Accuracy,False,1904.03758,2109.12932,80.0,82.75,0
Few-Shot Image Classification | Mini-Imagenet 5-way (5-shot),Few-Shot Image Classification,Mini-Imagenet 5-way (5-shot),Accuracy,False,2003.04151,1804.09458,88.05,72.81,1
Few-Shot Image Classification | Mini-Imagenet 5-way (5-shot),Few-Shot Image Classification,Mini-Imagenet 5-way (5-shot),Accuracy,False,1905.11641,2206.07267,74.63,86.38,0
Few-Shot Image Classification | Mini-Imagenet 5-way (5-shot),Few-Shot Image Classification,Mini-Imagenet 5-way (5-shot),Accuracy,False,2012.07176,1804.09458,82.51,72.81,1
Few-Shot Image Classification | Mini-Imagenet 5-way (5-shot),Few-Shot Image Classification,Mini-Imagenet 5-way (5-shot),Accuracy,False,2012.07176,1811.07100,82.51,75.84,1
Few-Shot Image Classification | Mini-Imagenet 5-way (5-shot),Few-Shot Image Classification,Mini-Imagenet 5-way (5-shot),Accuracy,False,1706.03466,2203.09064,73.74,89.19,0
Few-Shot Image Classification | Mini-Imagenet 5-way (5-shot),Few-Shot Image Classification,Mini-Imagenet 5-way (5-shot),Accuracy,False,1911.06045,1812.03664,90.98,78.38,1
Few-Shot Image Classification | Mini-Imagenet 5-way (5-shot),Few-Shot Image Classification,Mini-Imagenet 5-way (5-shot),Accuracy,False,2004.12696,1905.11641,79.2,74.63,1
Few-Shot Image Classification | Mini-Imagenet 5-way (5-shot),Few-Shot Image Classification,Mini-Imagenet 5-way (5-shot),Accuracy,False,2003.04151,2206.07267,88.05,86.38,1
Few-Shot Image Classification | Mini-Imagenet 5-way (5-shot),Few-Shot Image Classification,Mini-Imagenet 5-way (5-shot),Accuracy,False,2203.09064,2003.11853,89.19,80.11,1
Few-Shot Image Classification | Mini-Imagenet 5-way (5-shot),Few-Shot Image Classification,Mini-Imagenet 5-way (5-shot),Accuracy,False,2009.03558,2407.01467,75.19,91.34,0
Few-Shot Image Classification | Mini-Imagenet 5-way (5-shot),Few-Shot Image Classification,Mini-Imagenet 5-way (5-shot),Accuracy,False,2003.04151,2409.07989,88.05,84.42,1
Few-Shot Image Classification | Mini-Imagenet 5-way (5-shot),Few-Shot Image Classification,Mini-Imagenet 5-way (5-shot),Accuracy,False,2201.09699,2006.03806,89.14,88.82,1
Few-Shot Image Classification | Mini-Imagenet 5-way (5-shot),Few-Shot Image Classification,Mini-Imagenet 5-way (5-shot),Accuracy,False,1812.03664,2407.01467,78.38,91.34,0
Few-Shot Image Classification | Mini-Imagenet 5-way (5-shot),Few-Shot Image Classification,Mini-Imagenet 5-way (5-shot),Accuracy,False,2006.15486,1810.09502,84.72,67.15,1
Few-Shot Image Classification | Mini-Imagenet 5-way (5-shot),Few-Shot Image Classification,Mini-Imagenet 5-way (5-shot),Accuracy,False,1905.11641,2407.01467,74.63,91.34,0
Few-Shot Image Classification | Mini-Imagenet 5-way (5-shot),Few-Shot Image Classification,Mini-Imagenet 5-way (5-shot),Accuracy,False,1903.12290,2204.07305,71.02,98.4,0
Few-Shot Image Classification | Mini-Imagenet 5-way (5-shot),Few-Shot Image Classification,Mini-Imagenet 5-way (5-shot),Accuracy,False,2004.12696,2207.09176,79.2,83.4,0
Few-Shot Image Classification | Mini-Imagenet 5-way (5-shot),Few-Shot Image Classification,Mini-Imagenet 5-way (5-shot),Accuracy,False,1905.11641,1812.03664,74.63,78.38,0
Few-Shot Image Classification | Mini-Imagenet 5-way (5-shot),Few-Shot Image Classification,Mini-Imagenet 5-way (5-shot),Accuracy,False,1907.12087,2003.11853,83.18,80.11,1
Few-Shot Image Classification | Mini-Imagenet 5-way (5-shot),Few-Shot Image Classification,Mini-Imagenet 5-way (5-shot),Accuracy,False,1905.06549,2203.09064,76.36,89.19,0
Few-Shot Image Classification | Mini-Imagenet 5-way (5-shot),Few-Shot Image Classification,Mini-Imagenet 5-way (5-shot),Accuracy,False,2011.12527,1911.06045,71.93,90.98,0
Few-Shot Image Classification | Mini-Imagenet 5-way (5-shot),Few-Shot Image Classification,Mini-Imagenet 5-way (5-shot),Accuracy,False,2012.07176,2407.01467,82.51,91.34,0
Few-Shot Image Classification | Mini-Imagenet 5-way (5-shot),Few-Shot Image Classification,Mini-Imagenet 5-way (5-shot),Accuracy,False,1905.06549,1907.12087,76.36,83.18,0
Few-Shot Image Classification | Mini-Imagenet 5-way (5-shot),Few-Shot Image Classification,Mini-Imagenet 5-way (5-shot),Accuracy,False,2109.12932,2110.09446,82.75,91.53,0
Few-Shot Image Classification | Mini-Imagenet 5-way (5-shot),Few-Shot Image Classification,Mini-Imagenet 5-way (5-shot),Accuracy,False,2006.03806,2409.07989,88.82,84.42,1
Few-Shot Image Classification | Mini-Imagenet 5-way (5-shot),Few-Shot Image Classification,Mini-Imagenet 5-way (5-shot),Accuracy,False,2204.03065,2110.09446,91.34,91.53,0
Few-Shot Image Classification | Mini-Imagenet 5-way (5-shot),Few-Shot Image Classification,Mini-Imagenet 5-way (5-shot),Accuracy,False,2203.11378,2310.10971,69.62,98.6,0
Few-Shot Image Classification | Mini-Imagenet 5-way (5-shot),Few-Shot Image Classification,Mini-Imagenet 5-way (5-shot),Accuracy,False,1904.02239,2407.01467,66.27,91.34,0
Few-Shot Image Classification | Mini-Imagenet 5-way (5-shot),Few-Shot Image Classification,Mini-Imagenet 5-way (5-shot),Accuracy,False,1905.06549,2203.11378,76.36,69.62,1
Few-Shot Image Classification | Mini-Imagenet 5-way (5-shot),Few-Shot Image Classification,Mini-Imagenet 5-way (5-shot),Accuracy,False,1905.11641,2204.07305,74.63,98.4,0
Few-Shot Image Classification | Mini-Imagenet 5-way (5-shot),Few-Shot Image Classification,Mini-Imagenet 5-way (5-shot),Accuracy,False,1905.11641,2003.11853,74.63,80.11,0
Few-Shot Image Classification | Mini-Imagenet 5-way (5-shot),Few-Shot Image Classification,Mini-Imagenet 5-way (5-shot),Accuracy,False,2310.10971,2208.10559,98.6,95.95,1
Few-Shot Image Classification | Mini-Imagenet 5-way (5-shot),Few-Shot Image Classification,Mini-Imagenet 5-way (5-shot),Accuracy,False,1903.12290,2208.10559,71.02,95.95,0
Few-Shot Image Classification | Mini-Imagenet 5-way (5-shot),Few-Shot Image Classification,Mini-Imagenet 5-way (5-shot),Accuracy,False,1905.06549,2006.15486,76.36,84.72,0
Few-Shot Image Classification | Mini-Imagenet 5-way (5-shot),Few-Shot Image Classification,Mini-Imagenet 5-way (5-shot),Accuracy,False,1905.06549,2012.07176,76.36,82.51,0
Few-Shot Image Classification | Mini-Imagenet 5-way (5-shot),Few-Shot Image Classification,Mini-Imagenet 5-way (5-shot),Accuracy,False,2006.15486,1904.02239,84.72,66.27,1
Few-Shot Image Classification | Mini-Imagenet 5-way (5-shot),Few-Shot Image Classification,Mini-Imagenet 5-way (5-shot),Accuracy,False,1907.12087,2203.09064,83.18,89.19,0
Few-Shot Image Classification | Mini-Imagenet 5-way (5-shot),Few-Shot Image Classification,Mini-Imagenet 5-way (5-shot),Accuracy,False,1911.06045,1905.10295,90.98,77.64,1
Few-Shot Image Classification | Mini-Imagenet 5-way (5-shot),Few-Shot Image Classification,Mini-Imagenet 5-way (5-shot),Accuracy,False,2003.04151,2108.09666,88.05,82.58,1
Few-Shot Image Classification | Mini-Imagenet 5-way (5-shot),Few-Shot Image Classification,Mini-Imagenet 5-way (5-shot),Accuracy,False,2003.04151,2006.15486,88.05,84.72,1
Few-Shot Image Classification | Mini-Imagenet 5-way (5-shot),Few-Shot Image Classification,Mini-Imagenet 5-way (5-shot),Accuracy,False,1907.12087,1905.10295,83.18,77.64,1
Few-Shot Image Classification | Mini-Imagenet 5-way (5-shot),Few-Shot Image Classification,Mini-Imagenet 5-way (5-shot),Accuracy,False,2011.12527,2006.15486,71.93,84.72,0
Few-Shot Image Classification | Mini-Imagenet 5-way (5-shot),Few-Shot Image Classification,Mini-Imagenet 5-way (5-shot),Accuracy,False,1911.06045,2203.09064,90.98,89.19,1
Few-Shot Image Classification | Mini-Imagenet 5-way (5-shot),Few-Shot Image Classification,Mini-Imagenet 5-way (5-shot),Accuracy,False,2204.03065,2003.02455,91.34,63.87,1
Few-Shot Image Classification | Mini-Imagenet 5-way (5-shot),Few-Shot Image Classification,Mini-Imagenet 5-way (5-shot),Accuracy,False,2203.09064,1910.05199,89.19,64.0,1
Few-Shot Image Classification | Mini-Imagenet 5-way (5-shot),Few-Shot Image Classification,Mini-Imagenet 5-way (5-shot),Accuracy,False,1905.06549,1903.12290,76.36,71.02,1
Few-Shot Image Classification | Mini-Imagenet 5-way (5-shot),Few-Shot Image Classification,Mini-Imagenet 5-way (5-shot),Accuracy,False,2006.15486,2207.09176,84.72,83.4,1
Few-Shot Image Classification | Mini-Imagenet 5-way (5-shot),Few-Shot Image Classification,Mini-Imagenet 5-way (5-shot),Accuracy,False,1803.02999,1905.10295,65.99,77.64,0
Person Re-Identification | DukeMTMC-reID,Person Re-Identification,DukeMTMC-reID,mAP,False,2211.03679,1805.08805,92.9,80.0,1
Person Re-Identification | DukeMTMC-reID,Person Re-Identification,DukeMTMC-reID,mAP,False,1908.01114,2101.08533,78.59,92.7,0
Person Re-Identification | DukeMTMC-reID,Person Re-Identification,DukeMTMC-reID,mAP,False,2211.03679,1804.01438,92.9,78.4,1
Person Re-Identification | DukeMTMC-reID,Person Re-Identification,DukeMTMC-reID,mAP,False,1903.00535,1703.07220,44.6,51.88,0
Person Re-Identification | DukeMTMC-reID,Person Re-Identification,DukeMTMC-reID,mAP,False,1805.08805,1807.05618,80.0,83.7,0
Person Re-Identification | DukeMTMC-reID,Person Re-Identification,DukeMTMC-reID,mAP,False,1805.08805,2405.01101,80.0,85.0,0
Person Re-Identification | DukeMTMC-reID,Person Re-Identification,DukeMTMC-reID,mAP,False,2012.10674,2007.13467,76.0,80.0,0
Person Re-Identification | DukeMTMC-reID,Person Re-Identification,DukeMTMC-reID,mAP,False,1706.02413,1810.12193,39.36,79.0,0
Person Re-Identification | DukeMTMC-reID,Person Re-Identification,DukeMTMC-reID,mAP,False,2101.08533,2103.01451,92.7,79.1,1
Person Re-Identification | DukeMTMC-reID,Person Re-Identification,DukeMTMC-reID,mAP,False,2211.03679,2104.06770,92.9,78.7,1
Person Re-Identification | DukeMTMC-reID,Person Re-Identification,DukeMTMC-reID,mAP,False,2009.05250,1706.02413,81.29,39.36,1
Person Re-Identification | DukeMTMC-reID,Person Re-Identification,DukeMTMC-reID,mAP,False,2405.01101,1903.06325,85.0,48.0,1
Person Re-Identification | DukeMTMC-reID,Person Re-Identification,DukeMTMC-reID,mAP,False,2009.05250,1611.05666,81.29,49.3,1
Person Re-Identification | DukeMTMC-reID,Person Re-Identification,DukeMTMC-reID,mAP,False,1611.05666,1707.01083,49.3,48.09,1
Person Re-Identification | DukeMTMC-reID,Person Re-Identification,DukeMTMC-reID,mAP,False,1406.4216,1711.07027,17.04,26.2,0
Person Re-Identification | DukeMTMC-reID,Person Re-Identification,DukeMTMC-reID,mAP,False,1910.07038,2101.08533,80.3,92.7,0
Person Re-Identification | DukeMTMC-reID,Person Re-Identification,DukeMTMC-reID,mAP,False,1908.01114,1807.05618,78.59,83.7,0
Person Re-Identification | DukeMTMC-reID,Person Re-Identification,DukeMTMC-reID,mAP,False,2405.01101,2007.13467,85.0,80.0,1
Person Re-Identification | DukeMTMC-reID,Person Re-Identification,DukeMTMC-reID,mAP,False,2009.05250,2104.06770,81.29,78.7,1
Person Re-Identification | DukeMTMC-reID,Person Re-Identification,DukeMTMC-reID,mAP,False,1610.02984,2410.21938,44.99,79.8,0
Person Re-Identification | DukeMTMC-reID,Person Re-Identification,DukeMTMC-reID,mAP,False,2110.07933,2108.01901,89.2,82.9,1
Person Re-Identification | DukeMTMC-reID,Person Re-Identification,DukeMTMC-reID,mAP,False,2211.03679,1808.06281,92.9,60.2,1
Person Re-Identification | DukeMTMC-reID,Person Re-Identification,DukeMTMC-reID,mAP,False,1706.02413,1812.03282,39.36,92.7,0
Person Re-Identification | DukeMTMC-reID,Person Re-Identification,DukeMTMC-reID,mAP,False,2405.01101,2101.08533,85.0,92.7,0
Person Re-Identification | DukeMTMC-reID,Person Re-Identification,DukeMTMC-reID,mAP,False,2012.10674,1611.05666,76.0,49.3,1
Person Re-Identification | DukeMTMC-reID,Person Re-Identification,DukeMTMC-reID,mAP,False,1703.05693,2108.05340,56.8,81.5,0
Person Re-Identification | DukeMTMC-reID,Person Re-Identification,DukeMTMC-reID,mAP,False,1810.12193,2007.13467,79.0,80.0,0
Person Re-Identification | DukeMTMC-reID,Person Re-Identification,DukeMTMC-reID,mAP,False,1908.01114,1810.02936,78.59,64.5,1
Person Re-Identification | DukeMTMC-reID,Person Re-Identification,DukeMTMC-reID,mAP,False,1711.07027,2108.05340,26.2,81.5,0
Person Re-Identification | DukeMTMC-reID,Person Re-Identification,DukeMTMC-reID,mAP,False,2211.03679,2305.08386,92.9,81.7,1
Person Re-Identification | DukeMTMC-reID,Person Re-Identification,DukeMTMC-reID,mAP,False,1610.02984,1804.01438,44.99,78.4,0
Person Re-Identification | DukeMTMC-reID,Person Re-Identification,DukeMTMC-reID,mAP,False,1804.05275,1903.06325,74.3,48.0,1
Person Re-Identification | DukeMTMC-reID,Person Re-Identification,DukeMTMC-reID,mAP,False,1908.01114,1406.4216,78.59,17.04,1
Person Re-Identification | DukeMTMC-reID,Person Re-Identification,DukeMTMC-reID,mAP,False,1703.05693,1711.10295,56.8,57.61,0
Person Re-Identification | DukeMTMC-reID,Person Re-Identification,DukeMTMC-reID,mAP,False,1703.05693,2101.08533,56.8,92.7,0
Person Re-Identification | DukeMTMC-reID,Person Re-Identification,DukeMTMC-reID,mAP,False,2305.08386,2104.06770,81.7,78.7,1
Person Re-Identification | DukeMTMC-reID,Person Re-Identification,DukeMTMC-reID,mAP,False,1910.12003,1611.05666,79.5,49.3,1
Person Re-Identification | DukeMTMC-reID,Person Re-Identification,DukeMTMC-reID,mAP,False,1703.05693,1903.09776,56.8,89.2,0
Person Re-Identification | DukeMTMC-reID,Person Re-Identification,DukeMTMC-reID,mAP,False,1804.05275,1908.01114,74.3,78.59,0
Person Re-Identification | DukeMTMC-reID,Person Re-Identification,DukeMTMC-reID,mAP,False,1707.01083,1804.01438,48.09,78.4,0
Person Re-Identification | DukeMTMC-reID,Person Re-Identification,DukeMTMC-reID,mAP,False,2009.05250,1804.05275,81.29,74.3,1
Person Re-Identification | DukeMTMC-reID,Person Re-Identification,DukeMTMC-reID,mAP,False,1711.10378,1703.07737,79.8,53.5,1
Person Re-Identification | DukeMTMC-reID,Person Re-Identification,DukeMTMC-reID,mAP,False,2305.08386,1703.07737,81.7,53.5,1
Person Re-Identification | DukeMTMC-reID,Person Re-Identification,DukeMTMC-reID,mAP,False,1804.05275,1406.4216,74.3,17.04,1
Person Re-Identification | DukeMTMC-reID,Person Re-Identification,DukeMTMC-reID,mAP,False,2108.01901,1707.01083,82.9,48.09,1
Person Re-Identification | DukeMTMC-reID,Person Re-Identification,DukeMTMC-reID,mAP,False,1910.07038,1703.07220,80.3,51.88,1
Person Re-Identification | DukeMTMC-reID,Person Re-Identification,DukeMTMC-reID,mAP,False,1910.07038,1903.06325,80.3,48.0,1
Person Re-Identification | DukeMTMC-reID,Person Re-Identification,DukeMTMC-reID,mAP,False,1910.07038,1805.08805,80.3,80.0,1
Person Re-Identification | DukeMTMC-reID,Person Re-Identification,DukeMTMC-reID,mAP,False,1807.05618,1804.01438,83.7,78.4,1
Person Re-Identification | DukeMTMC-reID,Person Re-Identification,DukeMTMC-reID,mAP,False,1810.02936,2101.08533,64.5,92.7,0
Person Re-Identification | DukeMTMC-reID,Person Re-Identification,DukeMTMC-reID,mAP,False,1706.02413,1910.07038,39.36,80.3,0
Person Re-Identification | DukeMTMC-reID,Person Re-Identification,DukeMTMC-reID,mAP,False,2007.13467,1804.01438,80.0,78.4,1
Person Re-Identification | DukeMTMC-reID,Person Re-Identification,DukeMTMC-reID,mAP,False,1903.06325,2108.05340,48.0,81.5,0
Person Re-Identification | DukeMTMC-reID,Person Re-Identification,DukeMTMC-reID,mAP,False,1711.10378,1707.01083,79.8,48.09,1
Person Re-Identification | DukeMTMC-reID,Person Re-Identification,DukeMTMC-reID,mAP,False,2110.07933,1903.00535,89.2,44.6,1
Person Re-Identification | DukeMTMC-reID,Person Re-Identification,DukeMTMC-reID,mAP,False,1804.05275,1611.05666,74.3,49.3,1
Person Re-Identification | DukeMTMC-reID,Person Re-Identification,DukeMTMC-reID,mAP,False,1711.10295,1703.07220,57.61,51.88,1
Person Re-Identification | DukeMTMC-reID,Person Re-Identification,DukeMTMC-reID,mAP,False,2211.03679,2108.01901,92.9,82.9,1
Person Re-Identification | DukeMTMC-reID,Person Re-Identification,DukeMTMC-reID,mAP,False,1812.03282,2103.01451,92.7,79.1,1
Person Re-Identification | DukeMTMC-reID,Person Re-Identification,DukeMTMC-reID,mAP,False,2410.21938,2007.13467,79.8,80.0,0
Person Re-Identification | DukeMTMC-reID,Person Re-Identification,DukeMTMC-reID,mAP,False,1908.01114,2108.05340,78.59,81.5,0
Person Re-Identification | DukeMTMC-reID,Person Re-Identification,DukeMTMC-reID,mAP,False,2405.01101,2103.01451,85.0,79.1,1
Person Re-Identification | DukeMTMC-reID,Person Re-Identification,DukeMTMC-reID,mAP,False,1610.02984,2101.08533,44.99,92.7,0
Person Re-Identification | DukeMTMC-reID,Person Re-Identification,DukeMTMC-reID,mAP,False,1805.08805,1810.12193,80.0,79.0,1
Person Re-Identification | DukeMTMC-reID,Person Re-Identification,DukeMTMC-reID,mAP,False,1711.10378,1812.03282,79.8,92.7,0
Person Re-Identification | DukeMTMC-reID,Person Re-Identification,DukeMTMC-reID,mAP,False,2012.10674,1804.05275,76.0,74.3,1
Person Re-Identification | DukeMTMC-reID,Person Re-Identification,DukeMTMC-reID,mAP,False,2211.03679,2405.01101,92.9,85.0,1
Person Re-Identification | DukeMTMC-reID,Person Re-Identification,DukeMTMC-reID,mAP,False,1903.00535,1807.05618,44.6,83.7,0
Person Re-Identification | DukeMTMC-reID,Person Re-Identification,DukeMTMC-reID,mAP,False,1812.03282,1807.05618,92.7,83.7,1
Person Re-Identification | DukeMTMC-reID,Person Re-Identification,DukeMTMC-reID,mAP,False,1810.02936,1810.12193,64.5,79.0,0
Person Re-Identification | DukeMTMC-reID,Person Re-Identification,DukeMTMC-reID,mAP,False,1610.02984,2102.04378,44.99,82.1,0
Person Re-Identification | DukeMTMC-reID,Person Re-Identification,DukeMTMC-reID,mAP,False,1610.02984,2104.06770,44.99,78.7,0
Person Re-Identification | DukeMTMC-reID,Person Re-Identification,DukeMTMC-reID,mAP,False,1406.4216,1703.07737,17.04,53.5,0
Person Re-Identification | DukeMTMC-reID,Person Re-Identification,DukeMTMC-reID,mAP,False,2405.01101,1903.09776,85.0,89.2,0
Person Re-Identification | DukeMTMC-reID,Person Re-Identification,DukeMTMC-reID,mAP,False,2007.13467,2103.01451,80.0,79.1,1
Person Re-Identification | DukeMTMC-reID,Person Re-Identification,DukeMTMC-reID,mAP,False,1808.06281,2103.01451,60.2,79.1,0
Person Re-Identification | DukeMTMC-reID,Person Re-Identification,DukeMTMC-reID,mAP,False,1804.05275,1810.12193,74.3,79.0,0
Person Re-Identification | DukeMTMC-reID,Person Re-Identification,DukeMTMC-reID,mAP,False,1804.05275,1807.05618,74.3,83.7,0
Person Re-Identification | DukeMTMC-reID,Person Re-Identification,DukeMTMC-reID,mAP,False,1706.02413,1908.01114,39.36,78.59,0
Person Re-Identification | DukeMTMC-reID,Person Re-Identification,DukeMTMC-reID,mAP,False,2104.06770,1812.03282,78.7,92.7,0
Person Re-Identification | DukeMTMC-reID,Person Re-Identification,DukeMTMC-reID,mAP,False,1703.05693,1910.12003,56.8,79.5,0
Person Re-Identification | DukeMTMC-reID,Person Re-Identification,DukeMTMC-reID,mAP,False,2108.05340,1804.01438,81.5,78.4,1
Person Re-Identification | DukeMTMC-reID,Person Re-Identification,DukeMTMC-reID,mAP,False,2007.13467,1903.09776,80.0,89.2,0
Person Re-Identification | DukeMTMC-reID,Person Re-Identification,DukeMTMC-reID,mAP,False,2410.21938,1805.08805,79.8,80.0,0
Person Re-Identification | DukeMTMC-reID,Person Re-Identification,DukeMTMC-reID,mAP,False,1903.06325,2104.06770,48.0,78.7,0
Person Re-Identification | DukeMTMC-reID,Person Re-Identification,DukeMTMC-reID,mAP,False,1805.08805,1707.01083,80.0,48.09,1
Person Re-Identification | DukeMTMC-reID,Person Re-Identification,DukeMTMC-reID,mAP,False,1706.02413,2108.05340,39.36,81.5,0
Person Re-Identification | DukeMTMC-reID,Person Re-Identification,DukeMTMC-reID,mAP,False,2410.21938,2405.01101,79.8,85.0,0
Person Re-Identification | DukeMTMC-reID,Person Re-Identification,DukeMTMC-reID,mAP,False,2012.10674,1711.07027,76.0,26.2,1
Person Re-Identification | DukeMTMC-reID,Person Re-Identification,DukeMTMC-reID,mAP,False,1610.02984,1904.11397,44.99,86.1,0
Person Re-Identification | DukeMTMC-reID,Person Re-Identification,DukeMTMC-reID,mAP,False,2110.07933,1904.11397,89.2,86.1,1
Person Re-Identification | DukeMTMC-reID,Person Re-Identification,DukeMTMC-reID,mAP,False,2009.05250,1903.06325,81.29,48.0,1
Person Re-Identification | DukeMTMC-reID,Person Re-Identification,DukeMTMC-reID,mAP,False,1711.10295,2007.13467,57.61,80.0,0
Person Re-Identification | DukeMTMC-reID,Person Re-Identification,DukeMTMC-reID,mAP,False,2405.01101,1703.07220,85.0,51.88,1
Person Re-Identification | DukeMTMC-reID,Person Re-Identification,DukeMTMC-reID,mAP,False,2211.03679,2110.07933,92.9,89.2,1
Person Re-Identification | DukeMTMC-reID,Person Re-Identification,DukeMTMC-reID,mAP,False,1703.05693,1406.4216,56.8,17.04,1
Person Re-Identification | DukeMTMC-reID,Person Re-Identification,DukeMTMC-reID,mAP,False,1711.10378,1804.05275,79.8,74.3,1
Person Re-Identification | DukeMTMC-reID,Person Re-Identification,DukeMTMC-reID,mAP,False,2410.21938,1807.05618,79.8,83.7,0
Person Re-Identification | DukeMTMC-reID,Person Re-Identification,DukeMTMC-reID,mAP,False,1703.05693,1903.00535,56.8,44.6,1
Person Re-Identification | DukeMTMC-reID,Person Re-Identification,DukeMTMC-reID,mAP,False,1610.02984,1406.4216,44.99,17.04,1
Person Re-Identification | DukeMTMC-reID,Person Re-Identification,DukeMTMC-reID,mAP,False,2305.08386,1805.08805,81.7,80.0,1
Person Re-Identification | DukeMTMC-reID,Person Re-Identification,DukeMTMC-reID,mAP,False,2007.13467,1711.07027,80.0,26.2,1
Person Re-Identification | DukeMTMC-reID,Person Re-Identification,DukeMTMC-reID,mAP,False,2110.07933,1807.05618,89.2,83.7,1
Person Re-Identification | DukeMTMC-reID,Person Re-Identification,DukeMTMC-reID,mAP,False,1904.11397,1903.09776,86.1,89.2,0
Person Re-Identification | DukeMTMC-reID,Person Re-Identification,DukeMTMC-reID,mAP,False,1810.12193,1406.4216,79.0,17.04,1
Person Re-Identification | DukeMTMC-reID,Person Re-Identification,DukeMTMC-reID,mAP,False,1706.02413,2211.03679,39.36,92.9,0
Person Re-Identification | DukeMTMC-reID,Person Re-Identification,DukeMTMC-reID,mAP,False,1910.07038,1810.02936,80.3,64.5,1
Person Re-Identification | DukeMTMC-reID,Person Re-Identification,DukeMTMC-reID,mAP,False,1703.05693,1903.06325,56.8,48.0,1
Person Re-Identification | DukeMTMC-reID,Person Re-Identification,DukeMTMC-reID,mAP,False,1706.02413,1903.00535,39.36,44.6,0
Person Re-Identification | DukeMTMC-reID,Person Re-Identification,DukeMTMC-reID,mAP,False,1903.00535,1711.07027,44.6,26.2,1
Person Re-Identification | DukeMTMC-reID,Person Re-Identification,DukeMTMC-reID,mAP,False,1810.12193,1707.01083,79.0,48.09,1
Person Re-Identification | DukeMTMC-reID,Person Re-Identification,DukeMTMC-reID,mAP,False,2104.06770,1711.07027,78.7,26.2,1
Person Re-Identification | DukeMTMC-reID,Person Re-Identification,DukeMTMC-reID,mAP,False,1805.08805,1810.02936,80.0,64.5,1
Person Re-Identification | DukeMTMC-reID,Person Re-Identification,DukeMTMC-reID,mAP,False,1805.08805,1711.07027,80.0,26.2,1
Person Re-Identification | DukeMTMC-reID,Person Re-Identification,DukeMTMC-reID,mAP,False,2012.10674,2103.01451,76.0,79.1,0
Person Re-Identification | DukeMTMC-reID,Person Re-Identification,DukeMTMC-reID,mAP,False,1903.00535,1810.12193,44.6,79.0,0
Person Re-Identification | DukeMTMC-reID,Person Re-Identification,DukeMTMC-reID,mAP,False,1810.02936,1406.4216,64.5,17.04,1
Person Re-Identification | DukeMTMC-reID,Person Re-Identification,DukeMTMC-reID,mAP,False,1703.05693,1804.01438,56.8,78.4,0
Person Re-Identification | DukeMTMC-reID,Person Re-Identification,DukeMTMC-reID,mAP,False,2101.08533,1810.12193,92.7,79.0,1
Person Re-Identification | DukeMTMC-reID,Person Re-Identification,DukeMTMC-reID,mAP,False,1804.05275,2405.01101,74.3,85.0,0
Person Re-Identification | DukeMTMC-reID,Person Re-Identification,DukeMTMC-reID,mAP,False,2007.13467,2108.01901,80.0,82.9,0
Person Re-Identification | DukeMTMC-reID,Person Re-Identification,DukeMTMC-reID,mAP,False,1610.02984,1611.05666,44.99,49.3,0
Person Re-Identification | DukeMTMC-reID,Person Re-Identification,DukeMTMC-reID,mAP,False,2012.10674,1711.10295,76.0,57.61,1
Person Re-Identification | DukeMTMC-reID,Person Re-Identification,DukeMTMC-reID,mAP,False,1908.01114,2104.06770,78.59,78.7,0
Person Re-Identification | DukeMTMC-reID,Person Re-Identification,DukeMTMC-reID,mAP,False,2110.07933,1808.06281,89.2,60.2,1
Person Re-Identification | DukeMTMC-reID,Person Re-Identification,DukeMTMC-reID,mAP,False,1805.08805,2104.06770,80.0,78.7,1
Person Re-Identification | DukeMTMC-reID,Person Re-Identification,DukeMTMC-reID,mAP,False,2305.08386,1707.01083,81.7,48.09,1
Person Re-Identification | DukeMTMC-reID,Person Re-Identification,DukeMTMC-reID,mAP,False,1808.06281,2007.13467,60.2,80.0,0
Person Re-Identification | DukeMTMC-reID,Person Re-Identification,DukeMTMC-reID,mAP,False,1908.01114,1707.01083,78.59,48.09,1
Person Re-Identification | DukeMTMC-reID,Person Re-Identification,DukeMTMC-reID,mAP,False,1910.12003,1807.05618,79.5,83.7,0
Person Re-Identification | DukeMTMC-reID,Person Re-Identification,DukeMTMC-reID,mAP,False,2405.01101,1904.11397,85.0,86.1,0
Person Re-Identification | DukeMTMC-reID,Person Re-Identification,DukeMTMC-reID,mAP,False,1910.12003,1804.01438,79.5,78.4,1
Person Re-Identification | DukeMTMC-reID,Person Re-Identification,DukeMTMC-reID,mAP,False,1808.06281,2101.08533,60.2,92.7,0
Person Re-Identification | DukeMTMC-reID,Person Re-Identification,DukeMTMC-reID,mAP,False,2009.05250,1807.05618,81.29,83.7,0
Person Re-Identification | DukeMTMC-reID,Person Re-Identification,DukeMTMC-reID,mAP,False,1711.10378,1910.12003,79.8,79.5,1
Person Re-Identification | DukeMTMC-reID,Person Re-Identification,DukeMTMC-reID,mAP,False,2101.08533,1611.05666,92.7,49.3,1
Person Re-Identification | DukeMTMC-reID,Person Re-Identification,DukeMTMC-reID,mAP,False,2410.21938,1903.06325,79.8,48.0,1
Person Re-Identification | DukeMTMC-reID,Person Re-Identification,DukeMTMC-reID,mAP,False,1908.01114,1904.11397,78.59,86.1,0
Person Re-Identification | DukeMTMC-reID,Person Re-Identification,DukeMTMC-reID,mAP,False,1908.01114,1611.05666,78.59,49.3,1
Person Re-Identification | DukeMTMC-reID,Person Re-Identification,DukeMTMC-reID,mAP,False,1610.02984,1910.12003,44.99,79.5,0
Person Re-Identification | DukeMTMC-reID,Person Re-Identification,DukeMTMC-reID,mAP,False,1908.01114,1703.07220,78.59,51.88,1
Person Re-Identification | DukeMTMC-reID,Person Re-Identification,DukeMTMC-reID,mAP,False,1711.10378,2108.01901,79.8,82.9,0
Person Re-Identification | DukeMTMC-reID,Person Re-Identification,DukeMTMC-reID,mAP,False,2410.21938,1808.06281,79.8,60.2,1
Person Re-Identification | DukeMTMC-reID,Person Re-Identification,DukeMTMC-reID,mAP,False,2101.08533,2108.05340,92.7,81.5,1
Person Re-Identification | DukeMTMC-reID,Person Re-Identification,DukeMTMC-reID,mAP,False,1904.11397,1807.05618,86.1,83.7,1
Person Re-Identification | DukeMTMC-reID,Person Re-Identification,DukeMTMC-reID,mAP,False,1611.05666,1807.05618,49.3,83.7,0
Person Re-Identification | DukeMTMC-reID,Person Re-Identification,DukeMTMC-reID,mAP,False,2104.06770,2108.05340,78.7,81.5,0
Person Re-Identification | DukeMTMC-reID,Person Re-Identification,DukeMTMC-reID,mAP,False,2305.08386,1611.05666,81.7,49.3,1
Person Re-Identification | DukeMTMC-reID,Person Re-Identification,DukeMTMC-reID,mAP,False,1903.00535,1804.01438,44.6,78.4,0
Person Re-Identification | DukeMTMC-reID,Person Re-Identification,DukeMTMC-reID,mAP,False,2012.10674,1910.12003,76.0,79.5,0
Person Re-Identification | DukeMTMC-reID,Person Re-Identification,DukeMTMC-reID,mAP,False,1711.10378,2305.08386,79.8,81.7,0
Person Re-Identification | DukeMTMC-reID,Person Re-Identification,DukeMTMC-reID,mAP,False,1910.12003,2102.04378,79.5,82.1,0
Person Re-Identification | DukeMTMC-reID,Person Re-Identification,DukeMTMC-reID,mAP,False,1804.05275,1703.07737,74.3,53.5,1
Person Re-Identification | DukeMTMC-reID,Person Re-Identification,DukeMTMC-reID,mAP,False,2410.21938,1711.10295,79.8,57.61,1
Person Re-Identification | DukeMTMC-reID,Person Re-Identification,DukeMTMC-reID,mAP,False,2103.01451,1703.07737,79.1,53.5,1
Person Re-Identification | DukeMTMC-reID,Person Re-Identification,DukeMTMC-reID,mAP,False,2410.21938,1711.07027,79.8,26.2,1
Person Re-Identification | DukeMTMC-reID,Person Re-Identification,DukeMTMC-reID,mAP,False,2410.21938,1810.02936,79.8,64.5,1
Person Re-Identification | DukeMTMC-reID,Person Re-Identification,DukeMTMC-reID,mAP,False,2405.01101,1810.02936,85.0,64.5,1
Person Re-Identification | DukeMTMC-reID,Person Re-Identification,DukeMTMC-reID,mAP,False,1805.08805,1703.07220,80.0,51.88,1
Person Re-Identification | DukeMTMC-reID,Person Re-Identification,DukeMTMC-reID,mAP,False,1910.12003,1812.03282,79.5,92.7,0
Person Re-Identification | DukeMTMC-reID,Person Re-Identification,DukeMTMC-reID,mAP,False,1703.05693,1804.05275,56.8,74.3,0
Person Re-Identification | DukeMTMC-reID,Person Re-Identification,DukeMTMC-reID,mAP,False,1808.06281,1810.12193,60.2,79.0,0
Person Re-Identification | DukeMTMC-reID,Person Re-Identification,DukeMTMC-reID,mAP,False,2110.07933,1703.07220,89.2,51.88,1
Person Re-Identification | DukeMTMC-reID,Person Re-Identification,DukeMTMC-reID,mAP,False,2305.08386,1808.06281,81.7,60.2,1
Person Re-Identification | DukeMTMC-reID,Person Re-Identification,DukeMTMC-reID,mAP,False,1703.05693,1805.08805,56.8,80.0,0
Person Re-Identification | DukeMTMC-reID,Person Re-Identification,DukeMTMC-reID,mAP,False,1903.00535,1903.09776,44.6,89.2,0
Person Re-Identification | DukeMTMC-reID,Person Re-Identification,DukeMTMC-reID,mAP,False,1903.06325,1807.05618,48.0,83.7,0
Person Re-Identification | DukeMTMC-reID,Person Re-Identification,DukeMTMC-reID,mAP,False,2101.08533,2108.01901,92.7,82.9,1
Person Re-Identification | DukeMTMC-reID,Person Re-Identification,DukeMTMC-reID,mAP,False,1610.02984,1810.02936,44.99,64.5,0
Person Re-Identification | DukeMTMC-reID,Person Re-Identification,DukeMTMC-reID,mAP,False,1910.07038,1804.01438,80.3,78.4,1
Person Re-Identification | DukeMTMC-reID,Person Re-Identification,DukeMTMC-reID,mAP,False,2012.10674,1903.00535,76.0,44.6,1
Person Re-Identification | DukeMTMC-reID,Person Re-Identification,DukeMTMC-reID,mAP,False,1808.06281,1904.11397,60.2,86.1,0
Person Re-Identification | DukeMTMC-reID,Person Re-Identification,DukeMTMC-reID,mAP,False,1904.11397,1810.12193,86.1,79.0,1
Person Re-Identification | DukeMTMC-reID,Person Re-Identification,DukeMTMC-reID,mAP,False,1908.01114,1903.00535,78.59,44.6,1
Person Re-Identification | DukeMTMC-reID,Person Re-Identification,DukeMTMC-reID,mAP,False,1903.00535,1707.01083,44.6,48.09,0
Person Re-Identification | DukeMTMC-reID,Person Re-Identification,DukeMTMC-reID,mAP,False,1611.05666,2102.04378,49.3,82.1,0
Person Re-Identification | DukeMTMC-reID,Person Re-Identification,DukeMTMC-reID,mAP,False,1903.06325,1611.05666,48.0,49.3,0
Person Re-Identification | DukeMTMC-reID,Person Re-Identification,DukeMTMC-reID,mAP,False,1810.12193,1804.01438,79.0,78.4,1
Person Re-Identification | DukeMTMC-reID,Person Re-Identification,DukeMTMC-reID,mAP,False,1805.08805,1903.09776,80.0,89.2,0
Person Re-Identification | DukeMTMC-reID,Person Re-Identification,DukeMTMC-reID,mAP,False,1810.02936,1804.01438,64.5,78.4,0
Person Re-Identification | DukeMTMC-reID,Person Re-Identification,DukeMTMC-reID,mAP,False,2305.08386,1810.02936,81.7,64.5,1
Person Re-Identification | DukeMTMC-reID,Person Re-Identification,DukeMTMC-reID,mAP,False,2405.01101,1611.05666,85.0,49.3,1
Person Re-Identification | DukeMTMC-reID,Person Re-Identification,DukeMTMC-reID,mAP,False,1711.07027,1703.07220,26.2,51.88,0
Person Re-Identification | DukeMTMC-reID,Person Re-Identification,DukeMTMC-reID,mAP,False,1804.05275,1804.01438,74.3,78.4,0
Person Re-Identification | DukeMTMC-reID,Person Re-Identification,DukeMTMC-reID,mAP,False,1910.12003,2101.08533,79.5,92.7,0
Person Re-Identification | DukeMTMC-reID,Person Re-Identification,DukeMTMC-reID,mAP,False,1703.05693,2211.03679,56.8,92.9,0
Person Re-Identification | DukeMTMC-reID,Person Re-Identification,DukeMTMC-reID,mAP,False,1812.03282,2007.13467,92.7,80.0,1
Person Re-Identification | DukeMTMC-reID,Person Re-Identification,DukeMTMC-reID,mAP,False,1810.02936,2108.01901,64.5,82.9,0
Person Re-Identification | DukeMTMC-reID,Person Re-Identification,DukeMTMC-reID,mAP,False,2104.06770,2103.01451,78.7,79.1,0
Person Re-Identification | DukeMTMC-reID,Person Re-Identification,DukeMTMC-reID,mAP,False,2104.06770,1707.01083,78.7,48.09,1
Person Re-Identification | DukeMTMC-reID,Person Re-Identification,DukeMTMC-reID,mAP,False,1805.08805,2103.01451,80.0,79.1,1
Person Re-Identification | DukeMTMC-reID,Person Re-Identification,DukeMTMC-reID,mAP,False,1908.01114,2103.01451,78.59,79.1,0
Person Re-Identification | DukeMTMC-reID,Person Re-Identification,DukeMTMC-reID,mAP,False,1812.03282,2108.05340,92.7,81.5,1
Person Re-Identification | DukeMTMC-reID,Person Re-Identification,DukeMTMC-reID,mAP,False,2007.13467,1707.01083,80.0,48.09,1
Person Re-Identification | DukeMTMC-reID,Person Re-Identification,DukeMTMC-reID,mAP,False,1711.07027,1703.07737,26.2,53.5,0
Person Re-Identification | DukeMTMC-reID,Person Re-Identification,DukeMTMC-reID,mAP,False,1908.01114,1808.06281,78.59,60.2,1
Person Re-Identification | DukeMTMC-reID,Person Re-Identification,DukeMTMC-reID,mAP,False,1910.12003,2108.01901,79.5,82.9,0
Person Re-Identification | DukeMTMC-reID,Person Re-Identification,DukeMTMC-reID,mAP,False,2110.07933,2007.13467,89.2,80.0,1
Person Re-Identification | DukeMTMC-reID,Person Re-Identification,DukeMTMC-reID,mAP,False,1904.11397,2007.13467,86.1,80.0,1
Person Re-Identification | DukeMTMC-reID,Person Re-Identification,DukeMTMC-reID,mAP,False,1807.05618,2102.04378,83.7,82.1,1
Monocular Depth Estimation | KITTI Eigen split,Monocular Depth Estimation,KITTI Eigen split,absolute relative error,True,2309.00526,2012.09365,0.043,0.149,1
Monocular Depth Estimation | KITTI Eigen split,Monocular Depth Estimation,KITTI Eigen split,absolute relative error,True,2311.03938,2312.08548,0.0508,0.048,0
Monocular Depth Estimation | KITTI Eigen split,Monocular Depth Estimation,KITTI Eigen split,absolute relative error,True,1803.02612,2503.16591,0.094,0.037,0
Monocular Depth Estimation | KITTI Eigen split,Monocular Depth Estimation,KITTI Eigen split,absolute relative error,True,2001.05036,2012.09365,0.11,0.149,1
Monocular Depth Estimation | KITTI Eigen split,Monocular Depth Estimation,KITTI Eigen split,absolute relative error,True,2303.17559,2103.12209,0.05,0.053,1
Monocular Depth Estimation | KITTI Eigen split,Monocular Depth Estimation,KITTI Eigen split,absolute relative error,True,1905.07542,2403.18807,0.096,0.048,0
Monocular Depth Estimation | KITTI Eigen split,Monocular Depth Estimation,KITTI Eigen split,absolute relative error,True,2404.12501,1905.02693,0.029,0.12,1
Monocular Depth Estimation | KITTI Eigen split,Monocular Depth Estimation,KITTI Eigen split,absolute relative error,True,2404.12501,2503.16591,0.029,0.037,1
Monocular Depth Estimation | KITTI Eigen split,Monocular Depth Estimation,KITTI Eigen split,absolute relative error,True,2205.13543,2201.07436,0.052,0.057,1
Monocular Depth Estimation | KITTI Eigen split,Monocular Depth Estimation,KITTI Eigen split,absolute relative error,True,2403.18807,2404.12501,0.048,0.029,0
Monocular Depth Estimation | KITTI Eigen split,Monocular Depth Estimation,KITTI Eigen split,absolute relative error,True,2311.03938,2303.17559,0.0508,0.05,0
Monocular Depth Estimation | KITTI Eigen split,Monocular Depth Estimation,KITTI Eigen split,absolute relative error,True,2003.01360,2103.12209,0.112,0.053,0
Monocular Depth Estimation | KITTI Eigen split,Monocular Depth Estimation,KITTI Eigen split,absolute relative error,True,2403.18807,2307.10984,0.048,0.058,1
Monocular Depth Estimation | KITTI Eigen split,Monocular Depth Estimation,KITTI Eigen split,absolute relative error,True,2503.16591,2201.07436,0.037,0.057,1
Monocular Depth Estimation | KITTI Eigen split,Monocular Depth Estimation,KITTI Eigen split,absolute relative error,True,2403.12953,2207.04535,0.041,0.058,1
Monocular Depth Estimation | KITTI Eigen split,Monocular Depth Estimation,KITTI Eigen split,absolute relative error,True,2001.05036,1908.03127,0.11,0.091,0
Monocular Depth Estimation | KITTI Eigen split,Monocular Depth Estimation,KITTI Eigen split,absolute relative error,True,2312.02145,2307.10984,0.099,0.058,0
Monocular Depth Estimation | KITTI Eigen split,Monocular Depth Estimation,KITTI Eigen split,absolute relative error,True,2312.15268,1905.00401,0.091,0.113,1
Monocular Depth Estimation | KITTI Eigen split,Monocular Depth Estimation,KITTI Eigen split,absolute relative error,True,2205.13543,1812.05642,0.052,0.133,1
Monocular Depth Estimation | KITTI Eigen split,Monocular Depth Estimation,KITTI Eigen split,absolute relative error,True,2003.01360,1905.07542,0.112,0.096,0
Monocular Depth Estimation | KITTI Eigen split,Monocular Depth Estimation,KITTI Eigen split,absolute relative error,True,2112.12577,2104.00556,0.057,0.055,0
Monocular Depth Estimation | KITTI Eigen split,Monocular Depth Estimation,KITTI Eigen split,absolute relative error,True,2112.12577,2503.16591,0.057,0.037,0
Monocular Depth Estimation | KITTI Eigen split,Monocular Depth Estimation,KITTI Eigen split,absolute relative error,True,2312.15268,2112.12577,0.091,0.057,0
Monocular Depth Estimation | KITTI Eigen split,Monocular Depth Estimation,KITTI Eigen split,absolute relative error,True,1908.03127,2105.11610,0.091,0.119,1
Monocular Depth Estimation | KITTI Eigen split,Monocular Depth Estimation,KITTI Eigen split,absolute relative error,True,1903.00112,2404.15506,0.133,0.039,0
Monocular Depth Estimation | KITTI Eigen split,Monocular Depth Estimation,KITTI Eigen split,absolute relative error,True,2501.02576,2309.14137,0.082,0.05,0
Monocular Depth Estimation | KITTI Eigen split,Monocular Depth Estimation,KITTI Eigen split,absolute relative error,True,2303.17559,1907.12209,0.05,0.072,1
Monocular Depth Estimation | KITTI Eigen split,Monocular Depth Estimation,KITTI Eigen split,absolute relative error,True,2307.10984,1907.12209,0.058,0.072,1
Monocular Depth Estimation | KITTI Eigen split,Monocular Depth Estimation,KITTI Eigen split,absolute relative error,True,2003.01360,2112.12577,0.112,0.057,0
Monocular Depth Estimation | KITTI Eigen split,Monocular Depth Estimation,KITTI Eigen split,absolute relative error,True,2307.14336,1907.12209,0.049,0.072,1
Monocular Depth Estimation | KITTI Eigen split,Monocular Depth Estimation,KITTI Eigen split,absolute relative error,True,2404.12501,1812.05642,0.029,0.133,1
Monocular Depth Estimation | KITTI Eigen split,Monocular Depth Estimation,KITTI Eigen split,absolute relative error,True,2311.03938,2103.12209,0.0508,0.053,1
Monocular Depth Estimation | KITTI Eigen split,Monocular Depth Estimation,KITTI Eigen split,absolute relative error,True,2312.15268,2501.02576,0.091,0.082,0
Monocular Depth Estimation | KITTI Eigen split,Monocular Depth Estimation,KITTI Eigen split,absolute relative error,True,2309.10592,2307.14336,0.05,0.049,0
Monocular Depth Estimation | KITTI Eigen split,Monocular Depth Estimation,KITTI Eigen split,absolute relative error,True,2207.04535,2502.20110,0.058,0.037,0
Monocular Depth Estimation | KITTI Eigen split,Monocular Depth Estimation,KITTI Eigen split,absolute relative error,True,2207.04535,2307.14336,0.058,0.049,0
Monocular Depth Estimation | KITTI Eigen split,Monocular Depth Estimation,KITTI Eigen split,absolute relative error,True,1909.09051,2307.14336,0.096,0.049,0
Monocular Depth Estimation | KITTI Eigen split,Monocular Depth Estimation,KITTI Eigen split,absolute relative error,True,2403.18807,2205.13543,0.048,0.052,1
Monocular Depth Estimation | KITTI Eigen split,Monocular Depth Estimation,KITTI Eigen split,absolute relative error,True,1905.00401,2503.16591,0.113,0.037,0
Monocular Depth Estimation | KITTI Eigen split,Monocular Depth Estimation,KITTI Eigen split,absolute relative error,True,2312.08548,2309.14137,0.048,0.05,1
Monocular Depth Estimation | KITTI Eigen split,Monocular Depth Estimation,KITTI Eigen split,absolute relative error,True,2104.00556,1803.02612,0.055,0.094,1
Monocular Depth Estimation | KITTI Eigen split,Monocular Depth Estimation,KITTI Eigen split,absolute relative error,True,2001.05036,1812.05642,0.11,0.133,1
Monocular Depth Estimation | KITTI Eigen split,Monocular Depth Estimation,KITTI Eigen split,absolute relative error,True,2312.08548,2205.13543,0.048,0.052,1
Monocular Depth Estimation | KITTI Eigen split,Monocular Depth Estimation,KITTI Eigen split,absolute relative error,True,2103.13413,2104.00556,0.062,0.055,0
Monocular Depth Estimation | KITTI Eigen split,Monocular Depth Estimation,KITTI Eigen split,absolute relative error,True,1908.10553,2003.01360,0.137,0.112,0
Monocular Depth Estimation | KITTI Eigen split,Monocular Depth Estimation,KITTI Eigen split,absolute relative error,True,1803.02612,2501.02576,0.094,0.082,0
Monocular Depth Estimation | KITTI Eigen split,Monocular Depth Estimation,KITTI Eigen split,absolute relative error,True,1905.07542,2407.08187,0.096,0.048,0
Monocular Depth Estimation | KITTI Eigen split,Monocular Depth Estimation,KITTI Eigen split,absolute relative error,True,2403.12953,2309.00526,0.041,0.043,1
Monocular Depth Estimation | KITTI Eigen split,Monocular Depth Estimation,KITTI Eigen split,absolute relative error,True,2303.17559,2503.16591,0.05,0.037,0
Monocular Depth Estimation | KITTI Eigen split,Monocular Depth Estimation,KITTI Eigen split,absolute relative error,True,2112.12577,2309.14137,0.057,0.05,0
Monocular Depth Estimation | KITTI Eigen split,Monocular Depth Estimation,KITTI Eigen split,absolute relative error,True,1808.01606,1908.03127,0.126,0.091,0
Monocular Depth Estimation | KITTI Eigen split,Monocular Depth Estimation,KITTI Eigen split,absolute relative error,True,2201.07436,1907.12209,0.057,0.072,1
Monocular Depth Estimation | KITTI Eigen split,Monocular Depth Estimation,KITTI Eigen split,absolute relative error,True,1808.01606,2309.14137,0.126,0.05,0
Monocular Depth Estimation | KITTI Eigen split,Monocular Depth Estimation,KITTI Eigen split,absolute relative error,True,2112.12577,1808.01606,0.057,0.126,1
Monocular Depth Estimation | KITTI Eigen split,Monocular Depth Estimation,KITTI Eigen split,absolute relative error,True,1905.00401,2501.02576,0.113,0.082,0
Monocular Depth Estimation | KITTI Eigen split,Monocular Depth Estimation,KITTI Eigen split,absolute relative error,True,1808.01606,2205.13543,0.126,0.052,0
Monocular Depth Estimation | KITTI Eigen split,Monocular Depth Estimation,KITTI Eigen split,absolute relative error,True,2103.12209,2502.20110,0.053,0.037,0
Monocular Depth Estimation | KITTI Eigen split,Monocular Depth Estimation,KITTI Eigen split,absolute relative error,True,2312.08548,2503.16591,0.048,0.037,0
Monocular Depth Estimation | KITTI Eigen split,Monocular Depth Estimation,KITTI Eigen split,absolute relative error,True,2003.01360,1808.01606,0.112,0.126,1
Monocular Depth Estimation | KITTI Eigen split,Monocular Depth Estimation,KITTI Eigen split,absolute relative error,True,2104.00556,2201.07436,0.055,0.057,1
Monocular Depth Estimation | KITTI Eigen split,Monocular Depth Estimation,KITTI Eigen split,absolute relative error,True,2104.00556,2105.11610,0.055,0.119,1
Monocular Depth Estimation | KITTI Eigen split,Monocular Depth Estimation,KITTI Eigen split,absolute relative error,True,2403.12953,2407.08187,0.041,0.048,1
Monocular Depth Estimation | KITTI Eigen split,Monocular Depth Estimation,KITTI Eigen split,absolute relative error,True,2112.12577,2404.15506,0.057,0.039,0
Monocular Depth Estimation | KITTI Eigen split,Monocular Depth Estimation,KITTI Eigen split,absolute relative error,True,2404.15506,2501.02576,0.039,0.082,1
Monocular Depth Estimation | KITTI Eigen split,Monocular Depth Estimation,KITTI Eigen split,absolute relative error,True,2311.03938,2309.14137,0.0508,0.05,0
Monocular Depth Estimation | KITTI Eigen split,Monocular Depth Estimation,KITTI Eigen split,absolute relative error,True,1909.09051,2503.16591,0.096,0.037,0
Monocular Depth Estimation | KITTI Eigen split,Monocular Depth Estimation,KITTI Eigen split,absolute relative error,True,2503.16591,1907.12209,0.037,0.072,1
Monocular Depth Estimation | KITTI Eigen split,Monocular Depth Estimation,KITTI Eigen split,absolute relative error,True,2312.08548,1803.02612,0.048,0.094,1
Monocular Depth Estimation | KITTI Eigen split,Monocular Depth Estimation,KITTI Eigen split,absolute relative error,True,1905.07542,2309.00526,0.096,0.043,0
Monocular Depth Estimation | KITTI Eigen split,Monocular Depth Estimation,KITTI Eigen split,absolute relative error,True,2404.15506,2105.11610,0.039,0.119,1
Monocular Depth Estimation | KITTI Eigen split,Monocular Depth Estimation,KITTI Eigen split,absolute relative error,True,2112.12577,1907.12209,0.057,0.072,1
Monocular Depth Estimation | KITTI Eigen split,Monocular Depth Estimation,KITTI Eigen split,absolute relative error,True,2001.05036,2309.00526,0.11,0.043,0
Monocular Depth Estimation | KITTI Eigen split,Monocular Depth Estimation,KITTI Eigen split,absolute relative error,True,1812.05642,1905.02693,0.133,0.12,0
Monocular Depth Estimation | KITTI Eigen split,Monocular Depth Estimation,KITTI Eigen split,absolute relative error,True,1908.10553,1908.03127,0.137,0.091,0
Monocular Depth Estimation | KITTI Eigen split,Monocular Depth Estimation,KITTI Eigen split,absolute relative error,True,1909.09051,2307.10984,0.096,0.058,0
Monocular Depth Estimation | KITTI Eigen split,Monocular Depth Estimation,KITTI Eigen split,absolute relative error,True,2404.12501,2303.17559,0.029,0.05,1
Monocular Depth Estimation | KITTI Eigen split,Monocular Depth Estimation,KITTI Eigen split,absolute relative error,True,1909.09051,2309.14137,0.096,0.05,0
Monocular Depth Estimation | KITTI Eigen split,Monocular Depth Estimation,KITTI Eigen split,absolute relative error,True,2312.15268,2003.01360,0.091,0.112,1
Monocular Depth Estimation | KITTI Eigen split,Monocular Depth Estimation,KITTI Eigen split,absolute relative error,True,2312.02145,2103.12209,0.099,0.053,0
Monocular Depth Estimation | KITTI Eigen split,Monocular Depth Estimation,KITTI Eigen split,absolute relative error,True,2307.10984,2309.00526,0.058,0.043,0
Monocular Depth Estimation | KITTI Eigen split,Monocular Depth Estimation,KITTI Eigen split,absolute relative error,True,2307.10984,1812.05642,0.058,0.133,1
Monocular Depth Estimation | KITTI Eigen split,Monocular Depth Estimation,KITTI Eigen split,absolute relative error,True,2201.07436,1905.02693,0.057,0.12,1
Monocular Depth Estimation | KITTI Eigen split,Monocular Depth Estimation,KITTI Eigen split,absolute relative error,True,2404.15506,2307.10984,0.039,0.058,1
Monocular Depth Estimation | KITTI Eigen split,Monocular Depth Estimation,KITTI Eigen split,absolute relative error,True,1905.00401,2012.09365,0.113,0.149,1
Monocular Depth Estimation | KITTI Eigen split,Monocular Depth Estimation,KITTI Eigen split,absolute relative error,True,2312.08548,2307.10984,0.048,0.058,1
Monocular Depth Estimation | KITTI Eigen split,Monocular Depth Estimation,KITTI Eigen split,absolute relative error,True,2404.12501,2407.08187,0.029,0.048,1
Monocular Depth Estimation | KITTI Eigen split,Monocular Depth Estimation,KITTI Eigen split,absolute relative error,True,2404.12501,2307.14336,0.029,0.049,1
Monocular Depth Estimation | KITTI Eigen split,Monocular Depth Estimation,KITTI Eigen split,absolute relative error,True,2309.10592,2112.12577,0.05,0.057,1
Monocular Depth Estimation | KITTI Eigen split,Monocular Depth Estimation,KITTI Eigen split,absolute relative error,True,1909.09051,2012.09365,0.096,0.149,1
Monocular Depth Estimation | KITTI Eigen split,Monocular Depth Estimation,KITTI Eigen split,absolute relative error,True,2312.08548,2307.14336,0.048,0.049,1
Monocular Depth Estimation | KITTI Eigen split,Monocular Depth Estimation,KITTI Eigen split,absolute relative error,True,2403.12953,2205.13543,0.041,0.052,1
Monocular Depth Estimation | KITTI Eigen split,Monocular Depth Estimation,KITTI Eigen split,absolute relative error,True,2309.10592,1908.03127,0.05,0.091,1
Monocular Depth Estimation | KITTI Eigen split,Monocular Depth Estimation,KITTI Eigen split,absolute relative error,True,1905.00401,2205.13543,0.113,0.052,0
Monocular Depth Estimation | KITTI Eigen split,Monocular Depth Estimation,KITTI Eigen split,absolute relative error,True,2403.12953,2103.12209,0.041,0.053,1
Monocular Depth Estimation | KITTI Eigen split,Monocular Depth Estimation,KITTI Eigen split,absolute relative error,True,2104.00556,2503.16591,0.055,0.037,0
Monocular Depth Estimation | KITTI Eigen split,Monocular Depth Estimation,KITTI Eigen split,absolute relative error,True,2112.12577,2012.09365,0.057,0.149,1
Monocular Depth Estimation | KITTI Eigen split,Monocular Depth Estimation,KITTI Eigen split,absolute relative error,True,2403.12953,2104.00556,0.041,0.055,1
Monocular Depth Estimation | KITTI Eigen split,Monocular Depth Estimation,KITTI Eigen split,absolute relative error,True,2403.12953,2502.20110,0.041,0.037,0
Monocular Depth Estimation | KITTI Eigen split,Monocular Depth Estimation,KITTI Eigen split,absolute relative error,True,2312.08548,1905.02693,0.048,0.12,1
Monocular Depth Estimation | KITTI Eigen split,Monocular Depth Estimation,KITTI Eigen split,absolute relative error,True,2312.15268,2312.08548,0.091,0.048,0
Monocular Depth Estimation | KITTI Eigen split,Monocular Depth Estimation,KITTI Eigen split,absolute relative error,True,2502.20110,1907.12209,0.037,0.072,1
Monocular Depth Estimation | KITTI Eigen split,Monocular Depth Estimation,KITTI Eigen split,absolute relative error,True,1803.02612,2205.13543,0.094,0.052,0
Monocular Depth Estimation | KITTI Eigen split,Monocular Depth Estimation,KITTI Eigen split,absolute relative error,True,2312.15268,2205.13543,0.091,0.052,0
Monocular Depth Estimation | KITTI Eigen split,Monocular Depth Estimation,KITTI Eigen split,absolute relative error,True,2312.08548,1905.00401,0.048,0.113,1
Monocular Depth Estimation | KITTI Eigen split,Monocular Depth Estimation,KITTI Eigen split,absolute relative error,True,1905.07542,2309.14137,0.096,0.05,0
Monocular Depth Estimation | KITTI Eigen split,Monocular Depth Estimation,KITTI Eigen split,absolute relative error,True,2404.15506,2309.14137,0.039,0.05,1
Monocular Depth Estimation | KITTI Eigen split,Monocular Depth Estimation,KITTI Eigen split,absolute relative error,True,1909.09051,1905.02693,0.096,0.12,1
Monocular Depth Estimation | KITTI Eigen split,Monocular Depth Estimation,KITTI Eigen split,absolute relative error,True,2503.16591,2012.09365,0.037,0.149,1
Monocular Depth Estimation | KITTI Eigen split,Monocular Depth Estimation,KITTI Eigen split,absolute relative error,True,2205.13543,1907.12209,0.052,0.072,1
Monocular Depth Estimation | KITTI Eigen split,Monocular Depth Estimation,KITTI Eigen split,absolute relative error,True,1905.07542,2502.20110,0.096,0.037,0
Monocular Depth Estimation | KITTI Eigen split,Monocular Depth Estimation,KITTI Eigen split,absolute relative error,True,2103.13413,2201.07436,0.062,0.057,0
Monocular Depth Estimation | KITTI Eigen split,Monocular Depth Estimation,KITTI Eigen split,absolute relative error,True,2309.10592,2403.12953,0.05,0.041,0
Monocular Depth Estimation | KITTI Eigen split,Monocular Depth Estimation,KITTI Eigen split,absolute relative error,True,2307.14336,2404.15506,0.049,0.039,0
Monocular Depth Estimation | KITTI Eigen split,Monocular Depth Estimation,KITTI Eigen split,absolute relative error,True,1808.01606,2012.09365,0.126,0.149,1
Monocular Depth Estimation | KITTI Eigen split,Monocular Depth Estimation,KITTI Eigen split,absolute relative error,True,2403.18807,1903.00112,0.048,0.133,1
Monocular Depth Estimation | KITTI Eigen split,Monocular Depth Estimation,KITTI Eigen split,absolute relative error,True,2205.13543,2105.11610,0.052,0.119,1
Monocular Depth Estimation | KITTI Eigen split,Monocular Depth Estimation,KITTI Eigen split,absolute relative error,True,1903.00112,2105.11610,0.133,0.119,0
Monocular Depth Estimation | KITTI Eigen split,Monocular Depth Estimation,KITTI Eigen split,absolute relative error,True,2112.12577,2501.02576,0.057,0.082,1
Monocular Depth Estimation | KITTI Eigen split,Monocular Depth Estimation,KITTI Eigen split,absolute relative error,True,2103.13413,1908.03127,0.062,0.091,1
Monocular Depth Estimation | KITTI Eigen split,Monocular Depth Estimation,KITTI Eigen split,absolute relative error,True,2207.04535,2103.12209,0.058,0.053,0
Monocular Depth Estimation | KITTI Eigen split,Monocular Depth Estimation,KITTI Eigen split,absolute relative error,True,2407.08187,2309.14137,0.048,0.05,1
Monocular Depth Estimation | KITTI Eigen split,Monocular Depth Estimation,KITTI Eigen split,absolute relative error,True,1908.03127,2012.09365,0.091,0.149,1
Monocular Depth Estimation | KITTI Eigen split,Monocular Depth Estimation,KITTI Eigen split,absolute relative error,True,2309.10592,2404.15506,0.05,0.039,0
Monocular Depth Estimation | KITTI Eigen split,Monocular Depth Estimation,KITTI Eigen split,absolute relative error,True,2311.03938,1907.12209,0.0508,0.072,1
Monocular Depth Estimation | KITTI Eigen split,Monocular Depth Estimation,KITTI Eigen split,absolute relative error,True,1908.03127,2503.16591,0.091,0.037,0
Monocular Depth Estimation | KITTI Eigen split,Monocular Depth Estimation,KITTI Eigen split,absolute relative error,True,2112.12577,1905.02693,0.057,0.12,1
Monocular Depth Estimation | KITTI Eigen split,Monocular Depth Estimation,KITTI Eigen split,absolute relative error,True,2312.15268,2404.12501,0.091,0.029,0
Monocular Depth Estimation | KITTI Eigen split,Monocular Depth Estimation,KITTI Eigen split,absolute relative error,True,2104.00556,2307.10984,0.055,0.058,1
Monocular Depth Estimation | KITTI Eigen split,Monocular Depth Estimation,KITTI Eigen split,absolute relative error,True,2312.08548,1903.00112,0.048,0.133,1
Monocular Depth Estimation | KITTI Eigen split,Monocular Depth Estimation,KITTI Eigen split,absolute relative error,True,2103.12209,2105.11610,0.053,0.119,1
Monocular Depth Estimation | KITTI Eigen split,Monocular Depth Estimation,KITTI Eigen split,absolute relative error,True,2307.14336,2105.11610,0.049,0.119,1
Monocular Depth Estimation | KITTI Eigen split,Monocular Depth Estimation,KITTI Eigen split,absolute relative error,True,1909.09051,2404.15506,0.096,0.039,0
Monocular Depth Estimation | KITTI Eigen split,Monocular Depth Estimation,KITTI Eigen split,absolute relative error,True,2103.12209,1905.02693,0.053,0.12,1
Monocular Depth Estimation | KITTI Eigen split,Monocular Depth Estimation,KITTI Eigen split,absolute relative error,True,2404.12501,2309.14137,0.029,0.05,1
Monocular Depth Estimation | KITTI Eigen split,Monocular Depth Estimation,KITTI Eigen split,absolute relative error,True,1808.01606,1812.05642,0.126,0.133,1
Monocular Depth Estimation | KITTI Eigen split,Monocular Depth Estimation,KITTI Eigen split,absolute relative error,True,2001.05036,2407.08187,0.11,0.048,0
Monocular Depth Estimation | KITTI Eigen split,Monocular Depth Estimation,KITTI Eigen split,absolute relative error,True,2103.12209,2307.10984,0.053,0.058,1
Monocular Depth Estimation | KITTI Eigen split,Monocular Depth Estimation,KITTI Eigen split,absolute relative error,True,1903.00112,2403.12953,0.133,0.041,0
Monocular Depth Estimation | KITTI Eigen split,Monocular Depth Estimation,KITTI Eigen split,absolute relative error,True,1812.05642,1907.12209,0.133,0.072,0
Monocular Depth Estimation | KITTI Eigen split,Monocular Depth Estimation,KITTI Eigen split,absolute relative error,True,2503.16591,2501.02576,0.037,0.082,1
Monocular Depth Estimation | KITTI Eigen split,Monocular Depth Estimation,KITTI Eigen split,absolute relative error,True,2003.01360,2503.16591,0.112,0.037,0
Monocular Depth Estimation | KITTI Eigen split,Monocular Depth Estimation,KITTI Eigen split,absolute relative error,True,1812.05642,2407.08187,0.133,0.048,0
Monocular Depth Estimation | KITTI Eigen split,Monocular Depth Estimation,KITTI Eigen split,absolute relative error,True,2312.15268,2404.15506,0.091,0.039,0
Monocular Depth Estimation | KITTI Eigen split,Monocular Depth Estimation,KITTI Eigen split,absolute relative error,True,2403.12953,1905.00401,0.041,0.113,1
Monocular Depth Estimation | KITTI Eigen split,Monocular Depth Estimation,KITTI Eigen split,absolute relative error,True,1905.07542,2103.12209,0.096,0.053,0
Monocular Depth Estimation | KITTI Eigen split,Monocular Depth Estimation,KITTI Eigen split,absolute relative error,True,2003.01360,1903.00112,0.112,0.133,1
Monocular Depth Estimation | KITTI Eigen split,Monocular Depth Estimation,KITTI Eigen split,absolute relative error,True,2311.03938,2001.05036,0.0508,0.11,1
Monocular Depth Estimation | KITTI Eigen split,Monocular Depth Estimation,KITTI Eigen split,absolute relative error,True,2312.15268,2012.09365,0.091,0.149,1
Monocular Depth Estimation | KITTI Eigen split,Monocular Depth Estimation,KITTI Eigen split,absolute relative error,True,2312.02145,2307.14336,0.099,0.049,0
Monocular Depth Estimation | KITTI Eigen split,Monocular Depth Estimation,KITTI Eigen split,absolute relative error,True,2207.04535,1808.01606,0.058,0.126,1
Monocular Depth Estimation | KITTI Eigen split,Monocular Depth Estimation,KITTI Eigen split,absolute relative error,True,2404.12501,2104.00556,0.029,0.055,1
Monocular Depth Estimation | KITTI Eigen split,Monocular Depth Estimation,KITTI Eigen split,absolute relative error,True,2103.12209,2503.16591,0.053,0.037,0
Monocular Depth Estimation | KITTI Eigen split,Monocular Depth Estimation,KITTI Eigen split,absolute relative error,True,1812.05642,2105.11610,0.133,0.119,0
Monocular Depth Estimation | KITTI Eigen split,Monocular Depth Estimation,KITTI Eigen split,absolute relative error,True,2307.10984,2503.16591,0.058,0.037,0
Monocular Depth Estimation | KITTI Eigen split,Monocular Depth Estimation,KITTI Eigen split,absolute relative error,True,2503.16591,1812.05642,0.037,0.133,1
Monocular Depth Estimation | KITTI Eigen split,Monocular Depth Estimation,KITTI Eigen split,absolute relative error,True,2112.12577,2307.14336,0.057,0.049,0
Monocular Depth Estimation | KITTI Eigen split,Monocular Depth Estimation,KITTI Eigen split,absolute relative error,True,1905.07542,2103.13413,0.096,0.062,0
Monocular Depth Estimation | KITTI Eigen split,Monocular Depth Estimation,KITTI Eigen split,absolute relative error,True,1808.01606,2104.00556,0.126,0.055,0
Monocular Depth Estimation | KITTI Eigen split,Monocular Depth Estimation,KITTI Eigen split,absolute relative error,True,2205.13543,2503.16591,0.052,0.037,0
Monocular Depth Estimation | KITTI Eigen split,Monocular Depth Estimation,KITTI Eigen split,absolute relative error,True,2201.07436,2501.02576,0.057,0.082,1
Monocular Depth Estimation | KITTI Eigen split,Monocular Depth Estimation,KITTI Eigen split,absolute relative error,True,2309.00526,2309.14137,0.043,0.05,1
Monocular Depth Estimation | KITTI Eigen split,Monocular Depth Estimation,KITTI Eigen split,absolute relative error,True,1905.00401,1905.02693,0.113,0.12,1
Monocular Depth Estimation | KITTI Eigen split,Monocular Depth Estimation,KITTI Eigen split,absolute relative error,True,1908.10553,2503.16591,0.137,0.037,0
Monocular Depth Estimation | KITTI Eigen split,Monocular Depth Estimation,KITTI Eigen split,absolute relative error,True,2309.00526,2105.11610,0.043,0.119,1
Monocular Depth Estimation | KITTI Eigen split,Monocular Depth Estimation,KITTI Eigen split,absolute relative error,True,2404.12501,2105.11610,0.029,0.119,1
Monocular Depth Estimation | KITTI Eigen split,Monocular Depth Estimation,KITTI Eigen split,absolute relative error,True,2312.08548,1909.09051,0.048,0.096,1
Monocular Depth Estimation | KITTI Eigen split,Monocular Depth Estimation,KITTI Eigen split,absolute relative error,True,2312.02145,1808.01606,0.099,0.126,1
Monocular Depth Estimation | KITTI Eigen split,Monocular Depth Estimation,KITTI Eigen split,absolute relative error,True,1905.07542,2307.10984,0.096,0.058,0
Monocular Depth Estimation | KITTI Eigen split,Monocular Depth Estimation,KITTI Eigen split,absolute relative error,True,1908.10553,2312.02145,0.137,0.099,0
Monocular Depth Estimation | KITTI Eigen split,Monocular Depth Estimation,KITTI Eigen split,absolute relative error,True,2103.13413,1909.09051,0.062,0.096,1
Monocular Depth Estimation | KITTI Eigen split,Monocular Depth Estimation,KITTI Eigen split,absolute relative error,True,2312.15268,2312.02145,0.091,0.099,1
Monocular Depth Estimation | KITTI Eigen split,Monocular Depth Estimation,KITTI Eigen split,absolute relative error,True,2003.01360,2307.10984,0.112,0.058,0
Monocular Depth Estimation | KITTI Eigen split,Monocular Depth Estimation,KITTI Eigen split,absolute relative error,True,1808.01606,2307.14336,0.126,0.049,0
Monocular Depth Estimation | KITTI Eigen split,Monocular Depth Estimation,KITTI Eigen split,absolute relative error,True,2311.03938,2105.11610,0.0508,0.119,1
Monocular Depth Estimation | KITTI Eigen split,Monocular Depth Estimation,KITTI Eigen split,absolute relative error,True,1905.07542,1908.03127,0.096,0.091,0
Monocular Depth Estimation | KITTI Eigen split,Monocular Depth Estimation,KITTI Eigen split,absolute relative error,True,2003.01360,2501.02576,0.112,0.082,0
Monocular Depth Estimation | KITTI Eigen split,Monocular Depth Estimation,KITTI Eigen split,absolute relative error,True,1905.07542,2112.12577,0.096,0.057,0
Monocular Depth Estimation | KITTI Eigen split,Monocular Depth Estimation,KITTI Eigen split,absolute relative error,True,2309.10592,2502.20110,0.05,0.037,0
Monocular Depth Estimation | KITTI Eigen split,Monocular Depth Estimation,KITTI Eigen split,absolute relative error,True,2003.01360,2012.09365,0.112,0.149,1
Monocular Depth Estimation | KITTI Eigen split,Monocular Depth Estimation,KITTI Eigen split,absolute relative error,True,2404.12501,1907.12209,0.029,0.072,1
Monocular Depth Estimation | KITTI Eigen split,Monocular Depth Estimation,KITTI Eigen split,absolute relative error,True,1808.01606,2105.11610,0.126,0.119,0
Monocular Depth Estimation | KITTI Eigen split,Monocular Depth Estimation,KITTI Eigen split,absolute relative error,True,2103.12209,2205.13543,0.053,0.052,0
Monocular Depth Estimation | KITTI Eigen split,Monocular Depth Estimation,KITTI Eigen split,absolute relative error,True,1905.07542,2012.09365,0.096,0.149,1
Monocular Depth Estimation | KITTI Eigen split,Monocular Depth Estimation,KITTI Eigen split,absolute relative error,True,2012.09365,1907.12209,0.149,0.072,0
Monocular Depth Estimation | KITTI Eigen split,Monocular Depth Estimation,KITTI Eigen split,absolute relative error,True,2312.15268,2001.05036,0.091,0.11,1
Monocular Depth Estimation | KITTI Eigen split,Monocular Depth Estimation,KITTI Eigen split,absolute relative error,True,2103.12209,2012.09365,0.053,0.149,1
Monocular Depth Estimation | KITTI Eigen split,Monocular Depth Estimation,KITTI Eigen split,absolute relative error,True,2309.10592,2103.13413,0.05,0.062,1
Monocular Depth Estimation | KITTI Eigen split,Monocular Depth Estimation,KITTI Eigen split,absolute relative error,True,2312.15268,2103.12209,0.091,0.053,0
Monocular Depth Estimation | KITTI Eigen split,Monocular Depth Estimation,KITTI Eigen split,absolute relative error,True,2407.08187,2501.02576,0.048,0.082,1
Monocular Depth Estimation | KITTI Eigen split,Monocular Depth Estimation,KITTI Eigen split,absolute relative error,True,2309.10592,2307.10984,0.05,0.058,1
Monocular Depth Estimation | KITTI Eigen split,Monocular Depth Estimation,KITTI Eigen split,absolute relative error,True,1908.03127,2502.20110,0.091,0.037,0
Monocular Depth Estimation | KITTI Eigen split,Monocular Depth Estimation,KITTI Eigen split,absolute relative error,True,2311.03938,2502.20110,0.0508,0.037,0
Monocular Depth Estimation | KITTI Eigen split,Monocular Depth Estimation,KITTI Eigen split,absolute relative error,True,2303.17559,2407.08187,0.05,0.048,0
Monocular Depth Estimation | KITTI Eigen split,Monocular Depth Estimation,KITTI Eigen split,absolute relative error,True,2104.00556,2307.14336,0.055,0.049,0
Monocular Depth Estimation | KITTI Eigen split,Monocular Depth Estimation,KITTI Eigen split,absolute relative error,True,2312.02145,1812.05642,0.099,0.133,1
Monocular Depth Estimation | KITTI Eigen split,Monocular Depth Estimation,KITTI Eigen split,absolute relative error,True,2407.08187,2105.11610,0.048,0.119,1
Monocular Depth Estimation | KITTI Eigen split,Monocular Depth Estimation,KITTI Eigen split,absolute relative error,True,1903.00112,2404.12501,0.133,0.029,0
Monocular Depth Estimation | KITTI Eigen split,Monocular Depth Estimation,KITTI Eigen split,absolute relative error,True,2104.00556,2205.13543,0.055,0.052,0
Monocular Depth Estimation | KITTI Eigen split,Monocular Depth Estimation,KITTI Eigen split,absolute relative error,True,2309.10592,2503.16591,0.05,0.037,0
Monocular Depth Estimation | KITTI Eigen split,Monocular Depth Estimation,KITTI Eigen split,absolute relative error,True,2312.08548,1808.01606,0.048,0.126,1
Action Recognition | Something-Something V2,Action Recognition,Something-Something V2,Top-1 Accuracy,False,2308.05787,2201.04288,73.6,68.5,1
Action Recognition | Something-Something V2,Action Recognition,Something-Something V2,Top-1 Accuracy,False,2112.01526,1908.09995,73.3,62.2,1
Action Recognition | Something-Something V2,Action Recognition,Something-Something V2,Top-1 Accuracy,False,2012.00317,2203.10233,67.35,64.94,1
Action Recognition | Something-Something V2,Action Recognition,Something-Something V2,Top-1 Accuracy,False,1908.09995,2201.04288,62.2,68.5,0
Action Recognition | Something-Something V2,Action Recognition,Something-Something V2,Top-1 Accuracy,False,2012.06977,2308.05787,66.3,73.6,0
Action Recognition | Something-Something V2,Action Recognition,Something-Something V2,Top-1 Accuracy,False,2106.05392,2212.03229,68.1,76.1,0
Action Recognition | Something-Something V2,Action Recognition,Something-Something V2,Top-1 Accuracy,False,1706.04261,2207.11660,51.33,74.7,0
Action Recognition | Something-Something V2,Action Recognition,Something-Something V2,Top-1 Accuracy,False,1706.04261,2104.11227,51.33,68.7,0
Action Recognition | Something-Something V2,Action Recognition,Something-Something V2,Top-1 Accuracy,False,2112.01526,2106.05392,73.3,68.1,1
Action Recognition | Something-Something V2,Action Recognition,Something-Something V2,Top-1 Accuracy,False,2112.01514,2104.11227,59.2,68.7,0
Action Recognition | Something-Something V2,Action Recognition,Something-Something V2,Top-1 Accuracy,False,2206.06292,2207.13259,68.5,69.8,0
Action Recognition | Something-Something V2,Action Recognition,Something-Something V2,Top-1 Accuracy,False,1909.05165,2209.07526,47.73,62.5,0
Action Recognition | Something-Something V2,Action Recognition,Something-Something V2,Top-1 Accuracy,False,1909.05165,2306.00989,47.73,76.5,0
Action Recognition | Something-Something V2,Action Recognition,Something-Something V2,Top-1 Accuracy,False,2102.05095,2103.15691,62.5,65.4,0
Action Recognition | Something-Something V2,Action Recognition,Something-Something V2,Top-1 Accuracy,False,2311.03149,2207.13259,73.3,69.8,1
Action Recognition | Something-Something V2,Action Recognition,Something-Something V2,Top-1 Accuracy,False,2212.03229,2102.07092,76.1,67.7,1
Action Recognition | Something-Something V2,Action Recognition,Something-Something V2,Top-1 Accuracy,False,2303.13496,2403.15377,74.4,77.1,0
Action Recognition | Something-Something V2,Action Recognition,Something-Something V2,Top-1 Accuracy,False,2206.13559,2203.09694,72.3,67.8,1
Action Recognition | Something-Something V2,Action Recognition,Something-Something V2,Top-1 Accuracy,False,2112.09133,2212.03229,75.0,76.1,0
Action Recognition | Something-Something V2,Action Recognition,Something-Something V2,Top-1 Accuracy,False,2012.06977,2306.00989,66.3,76.5,0
Action Recognition | Something-Something V2,Action Recognition,Something-Something V2,Top-1 Accuracy,False,2112.01529,2311.15769,71.4,75.2,0
Action Recognition | Something-Something V2,Action Recognition,Something-Something V2,Top-1 Accuracy,False,2112.09133,2111.12527,75.0,70.1,1
Action Recognition | Something-Something V2,Action Recognition,Something-Something V2,Top-1 Accuracy,False,2201.04288,2111.12527,68.5,70.1,0
Action Recognition | Something-Something V2,Action Recognition,Something-Something V2,Top-1 Accuracy,False,1706.04261,2311.15769,51.33,75.2,0
Action Recognition | Something-Something V2,Action Recognition,Something-Something V2,Top-1 Accuracy,False,2012.06977,2112.01514,66.3,59.2,1
Action Recognition | Something-Something V2,Action Recognition,Something-Something V2,Top-1 Accuracy,False,2112.09133,2102.07092,75.0,67.7,1
Action Recognition | Something-Something V2,Action Recognition,Something-Something V2,Top-1 Accuracy,False,2112.01526,2203.09694,73.3,67.8,1
Action Recognition | Something-Something V2,Action Recognition,Something-Something V2,Top-1 Accuracy,False,2112.01514,2203.09694,59.2,67.8,0
Action Recognition | Something-Something V2,Action Recognition,Something-Something V2,Top-1 Accuracy,False,2303.13496,2212.03229,74.4,76.1,0
Action Recognition | Something-Something V2,Action Recognition,Something-Something V2,Top-1 Accuracy,False,2212.03229,2311.15769,76.1,75.2,1
Action Recognition | Something-Something V2,Action Recognition,Something-Something V2,Top-1 Accuracy,False,2112.09133,1906.11415,75.0,52.3,1
Action Recognition | Something-Something V2,Action Recognition,Something-Something V2,Top-1 Accuracy,False,2104.11227,2212.03229,68.7,76.1,0
Action Recognition | Something-Something V2,Action Recognition,Something-Something V2,Top-1 Accuracy,False,2112.01514,2306.00989,59.2,76.5,0
Action Recognition | Something-Something V2,Action Recognition,Something-Something V2,Top-1 Accuracy,False,1909.05165,2207.13259,47.73,69.8,0
Action Recognition | Something-Something V2,Action Recognition,Something-Something V2,Top-1 Accuracy,False,2012.00317,2303.13496,67.35,74.4,0
Action Recognition | Something-Something V2,Action Recognition,Something-Something V2,Top-1 Accuracy,False,2308.05787,1909.05165,73.6,47.73,1
Action Recognition | Something-Something V2,Action Recognition,Something-Something V2,Top-1 Accuracy,False,1908.10136,2308.05787,61.2,73.6,0
Action Recognition | Something-Something V2,Action Recognition,Something-Something V2,Top-1 Accuracy,False,2102.05095,2212.03229,62.5,76.1,0
Action Recognition | Something-Something V2,Action Recognition,Something-Something V2,Top-1 Accuracy,False,2103.15691,2004.01278,65.4,66.5,0
Action Recognition | Something-Something V2,Action Recognition,Something-Something V2,Top-1 Accuracy,False,2201.04288,2306.00989,68.5,76.5,0
Action Recognition | Something-Something V2,Action Recognition,Something-Something V2,Top-1 Accuracy,False,2212.03229,2004.01278,76.1,66.5,1
Action Recognition | Something-Something V2,Action Recognition,Something-Something V2,Top-1 Accuracy,False,1908.10136,2201.04288,61.2,68.5,0
Action Recognition | Something-Something V2,Action Recognition,Something-Something V2,Top-1 Accuracy,False,2007.09933,2311.03149,66.6,73.3,0
Action Recognition | Something-Something V2,Action Recognition,Something-Something V2,Top-1 Accuracy,False,2203.10233,2207.13259,64.94,69.8,0
Action Recognition | Something-Something V2,Action Recognition,Something-Something V2,Top-1 Accuracy,False,2007.09933,2203.09694,66.6,67.8,0
Action Recognition | Something-Something V2,Action Recognition,Something-Something V2,Top-1 Accuracy,False,1909.05165,2106.05968,47.73,67.2,0
Action Recognition | Something-Something V2,Action Recognition,Something-Something V2,Top-1 Accuracy,False,2311.03149,2311.18825,73.3,71.6,1
Action Recognition | Something-Something V2,Action Recognition,Something-Something V2,Top-1 Accuracy,False,2203.10233,2203.09694,64.94,67.8,0
Action Recognition | Something-Something V2,Action Recognition,Something-Something V2,Top-1 Accuracy,False,2112.01514,2207.13259,59.2,69.8,0
Action Recognition | Something-Something V2,Action Recognition,Something-Something V2,Top-1 Accuracy,False,2206.13559,2212.03229,72.3,76.1,0
Action Recognition | Something-Something V2,Action Recognition,Something-Something V2,Top-1 Accuracy,False,2201.04288,2103.15691,68.5,65.4,1
Action Recognition | Something-Something V2,Action Recognition,Something-Something V2,Top-1 Accuracy,False,2212.03191,2206.13559,77.2,72.3,1
Action Recognition | Something-Something V2,Action Recognition,Something-Something V2,Top-1 Accuracy,False,2303.13496,2308.05787,74.4,73.6,1
Action Recognition | Something-Something V2,Action Recognition,Something-Something V2,Top-1 Accuracy,False,2012.00317,2007.09933,67.35,66.6,1
Action Recognition | Something-Something V2,Action Recognition,Something-Something V2,Top-1 Accuracy,False,2307.08908,2203.09694,74.6,67.8,1
Action Recognition | Something-Something V2,Action Recognition,Something-Something V2,Top-1 Accuracy,False,2212.03229,2103.15691,76.1,65.4,1
Action Recognition | Something-Something V2,Action Recognition,Something-Something V2,Top-1 Accuracy,False,2012.00317,2203.09694,67.35,67.8,0
Action Recognition | Something-Something V2,Action Recognition,Something-Something V2,Top-1 Accuracy,False,2112.01514,1906.11415,59.2,52.3,1
Action Recognition | Something-Something V2,Action Recognition,Something-Something V2,Top-1 Accuracy,False,2112.01514,2106.05968,59.2,67.2,0
Action Recognition | Something-Something V2,Action Recognition,Something-Something V2,Top-1 Accuracy,False,2212.03191,2209.07526,77.2,62.5,1
Action Recognition | Something-Something V2,Action Recognition,Something-Something V2,Top-1 Accuracy,False,2307.08908,2206.13559,74.6,72.3,1
Action Recognition | Something-Something V2,Action Recognition,Something-Something V2,Top-1 Accuracy,False,2112.01526,2206.06292,73.3,68.5,1
Action Recognition | Something-Something V2,Action Recognition,Something-Something V2,Top-1 Accuracy,False,1706.04261,2112.01514,51.33,59.2,0
Action Recognition | Something-Something V2,Action Recognition,Something-Something V2,Top-1 Accuracy,False,1706.04261,2012.06977,51.33,66.3,0
Action Recognition | Something-Something V2,Action Recognition,Something-Something V2,Top-1 Accuracy,False,2203.10233,2201.04288,64.94,68.5,0
Action Recognition | Something-Something V2,Action Recognition,Something-Something V2,Top-1 Accuracy,False,2206.06292,2102.05095,68.5,62.5,1
Action Recognition | Something-Something V2,Action Recognition,Something-Something V2,Top-1 Accuracy,False,2307.08908,2102.07092,74.6,67.7,1
Action Recognition | Something-Something V2,Action Recognition,Something-Something V2,Top-1 Accuracy,False,2311.03149,2111.12527,73.3,70.1,1
Action Recognition | Something-Something V2,Action Recognition,Something-Something V2,Top-1 Accuracy,False,2102.05095,2207.13259,62.5,69.8,0
Action Recognition | Something-Something V2,Action Recognition,Something-Something V2,Top-1 Accuracy,False,2311.03149,2212.03229,73.3,76.1,0
Action Recognition | Something-Something V2,Action Recognition,Something-Something V2,Top-1 Accuracy,False,2012.00317,2103.15691,67.35,65.4,1
Action Recognition | Something-Something V2,Action Recognition,Something-Something V2,Top-1 Accuracy,False,2201.04288,2102.07092,68.5,67.7,1
Action Recognition | Something-Something V2,Action Recognition,Something-Something V2,Top-1 Accuracy,False,2112.01514,2004.01278,59.2,66.5,0
Action Recognition | Something-Something V2,Action Recognition,Something-Something V2,Top-1 Accuracy,False,2112.01526,2212.03229,73.3,76.1,0
Action Recognition | Something-Something V2,Action Recognition,Something-Something V2,Top-1 Accuracy,False,2212.03229,2207.13259,76.1,69.8,1
Action Recognition | Something-Something V2,Action Recognition,Something-Something V2,Top-1 Accuracy,False,1812.03982,2206.06292,61.7,68.5,0
Action Recognition | Something-Something V2,Action Recognition,Something-Something V2,Top-1 Accuracy,False,2012.06977,2303.13496,66.3,74.4,0
Action Recognition | Something-Something V2,Action Recognition,Something-Something V2,Top-1 Accuracy,False,2206.13559,2207.13259,72.3,69.8,1
Action Recognition | Something-Something V2,Action Recognition,Something-Something V2,Top-1 Accuracy,False,2112.01526,2307.08908,73.3,74.6,0
Action Recognition | Something-Something V2,Action Recognition,Something-Something V2,Top-1 Accuracy,False,1908.10136,2206.13559,61.2,72.3,0
Action Recognition | Something-Something V2,Action Recognition,Something-Something V2,Top-1 Accuracy,False,2112.09133,2106.13230,75.0,69.6,1
Action Recognition | Something-Something V2,Action Recognition,Something-Something V2,Top-1 Accuracy,False,2311.18825,2203.09694,71.6,67.8,1
Action Recognition | Something-Something V2,Action Recognition,Something-Something V2,Top-1 Accuracy,False,2203.10233,2212.03229,64.94,76.1,0
Action Recognition | Something-Something V2,Action Recognition,Something-Something V2,Top-1 Accuracy,False,2112.01529,2112.09133,71.4,75.0,0
Action Recognition | Something-Something V2,Action Recognition,Something-Something V2,Top-1 Accuracy,False,1706.04261,2311.03149,51.33,73.3,0
Action Recognition | Something-Something V2,Action Recognition,Something-Something V2,Top-1 Accuracy,False,2112.01514,2207.11660,59.2,74.7,0
Action Recognition | Something-Something V2,Action Recognition,Something-Something V2,Top-1 Accuracy,False,2112.09133,2403.15377,75.0,77.1,0
Action Recognition | Something-Something V2,Action Recognition,Something-Something V2,Top-1 Accuracy,False,1706.04261,2206.06292,51.33,68.5,0
Action Recognition | Something-Something V2,Action Recognition,Something-Something V2,Top-1 Accuracy,False,2207.13259,2106.05968,69.8,67.2,1
Action Recognition | Something-Something V2,Action Recognition,Something-Something V2,Top-1 Accuracy,False,2212.03191,2106.05968,77.2,67.2,1
Action Recognition | Something-Something V2,Action Recognition,Something-Something V2,Top-1 Accuracy,False,2012.06977,2203.10233,66.3,64.94,1
Action Recognition | Something-Something V2,Action Recognition,Something-Something V2,Top-1 Accuracy,False,2112.01526,2106.05968,73.3,67.2,1
Action Recognition | Something-Something V2,Action Recognition,Something-Something V2,Top-1 Accuracy,False,2307.08908,2007.09933,74.6,66.6,1
Action Recognition | Something-Something V2,Action Recognition,Something-Something V2,Top-1 Accuracy,False,1908.09995,2311.18825,62.2,71.6,0
Action Recognition | Something-Something V2,Action Recognition,Something-Something V2,Top-1 Accuracy,False,2102.05095,2203.09694,62.5,67.8,0
Action Recognition | Something-Something V2,Action Recognition,Something-Something V2,Top-1 Accuracy,False,2106.05392,2103.15691,68.1,65.4,1
Action Recognition | Something-Something V2,Action Recognition,Something-Something V2,Top-1 Accuracy,False,2104.11227,2403.15377,68.7,77.1,0
Action Recognition | Something-Something V2,Action Recognition,Something-Something V2,Top-1 Accuracy,False,2102.07092,1909.05165,67.7,47.73,1
Action Recognition | Something-Something V2,Action Recognition,Something-Something V2,Top-1 Accuracy,False,2102.05095,2111.12527,62.5,70.1,0
Action Recognition | Something-Something V2,Action Recognition,Something-Something V2,Top-1 Accuracy,False,2206.13559,2207.11660,72.3,74.7,0
Action Recognition | Something-Something V2,Action Recognition,Something-Something V2,Top-1 Accuracy,False,1706.04261,2307.08908,51.33,74.6,0
Action Recognition | Something-Something V2,Action Recognition,Something-Something V2,Top-1 Accuracy,False,2306.00989,2207.13259,76.5,69.8,1
Action Recognition | Something-Something V2,Action Recognition,Something-Something V2,Top-1 Accuracy,False,2403.15377,2103.15691,77.1,65.4,1
Action Recognition | Something-Something V2,Action Recognition,Something-Something V2,Top-1 Accuracy,False,1812.03982,2308.05787,61.7,73.6,0
Action Recognition | Something-Something V2,Action Recognition,Something-Something V2,Top-1 Accuracy,False,2307.08908,1906.11415,74.6,52.3,1
Action Recognition | Something-Something V2,Action Recognition,Something-Something V2,Top-1 Accuracy,False,1812.03982,2007.09933,61.7,66.6,0
Action Recognition | Something-Something V2,Action Recognition,Something-Something V2,Top-1 Accuracy,False,2201.04288,2403.15377,68.5,77.1,0
Action Recognition | Something-Something V2,Action Recognition,Something-Something V2,Top-1 Accuracy,False,2307.08908,2212.03229,74.6,76.1,0
Action Recognition | Something-Something V2,Action Recognition,Something-Something V2,Top-1 Accuracy,False,1812.03982,2112.01526,61.7,73.3,0
Action Recognition | Something-Something V2,Action Recognition,Something-Something V2,Top-1 Accuracy,False,2303.13496,2311.15769,74.4,75.2,0
Action Recognition | Something-Something V2,Action Recognition,Something-Something V2,Top-1 Accuracy,False,2012.06977,2102.05095,66.3,62.5,1
Action Recognition | Something-Something V2,Action Recognition,Something-Something V2,Top-1 Accuracy,False,2104.11227,2004.01278,68.7,66.5,1
Action Recognition | Something-Something V2,Action Recognition,Something-Something V2,Top-1 Accuracy,False,2012.00317,2209.07526,67.35,62.5,1
Action Recognition | Something-Something V2,Action Recognition,Something-Something V2,Top-1 Accuracy,False,2207.11660,2311.18825,74.7,71.6,1
Action Recognition | Something-Something V2,Action Recognition,Something-Something V2,Top-1 Accuracy,False,1908.09995,2102.07092,62.2,67.7,0
Action Recognition | Something-Something V2,Action Recognition,Something-Something V2,Top-1 Accuracy,False,2303.13496,2207.11660,74.4,74.7,0
Action Recognition | Something-Something V2,Action Recognition,Something-Something V2,Top-1 Accuracy,False,1908.09995,1909.05165,62.2,47.73,1
Action Recognition | Something-Something V2,Action Recognition,Something-Something V2,Top-1 Accuracy,False,2206.06292,2311.18825,68.5,71.6,0
Action Recognition | Something-Something V2,Action Recognition,Something-Something V2,Top-1 Accuracy,False,2212.03191,2308.05787,77.2,73.6,1
Action Recognition | Something-Something V2,Action Recognition,Something-Something V2,Top-1 Accuracy,False,2206.13559,2102.07092,72.3,67.7,1
Action Recognition | Something-Something V2,Action Recognition,Something-Something V2,Top-1 Accuracy,False,2303.13496,2206.13559,74.4,72.3,1
Action Recognition | Something-Something V2,Action Recognition,Something-Something V2,Top-1 Accuracy,False,2112.01529,2111.12527,71.4,70.1,1
Action Recognition | Something-Something V2,Action Recognition,Something-Something V2,Top-1 Accuracy,False,1706.04261,2007.09933,51.33,66.6,0
Action Recognition | Something-Something V2,Action Recognition,Something-Something V2,Top-1 Accuracy,False,2207.11660,2203.09694,74.7,67.8,1
Action Recognition | Something-Something V2,Action Recognition,Something-Something V2,Top-1 Accuracy,False,2112.01529,2307.08908,71.4,74.6,0
Action Recognition | Something-Something V2,Action Recognition,Something-Something V2,Top-1 Accuracy,False,1909.05165,2311.18825,47.73,71.6,0
Action Recognition | Something-Something V2,Action Recognition,Something-Something V2,Top-1 Accuracy,False,2403.15377,2311.18825,77.1,71.6,1
Action Recognition | Something-Something V2,Action Recognition,Something-Something V2,Top-1 Accuracy,False,2102.05095,2102.07092,62.5,67.7,0
Action Recognition | Something-Something V2,Action Recognition,Something-Something V2,Top-1 Accuracy,False,1906.11415,2311.18825,52.3,71.6,0
Action Recognition | Something-Something V2,Action Recognition,Something-Something V2,Top-1 Accuracy,False,2112.01514,2102.07092,59.2,67.7,0
Action Recognition | Something-Something V2,Action Recognition,Something-Something V2,Top-1 Accuracy,False,2106.05392,2206.13559,68.1,72.3,0
Action Recognition | Something-Something V2,Action Recognition,Something-Something V2,Top-1 Accuracy,False,2106.13230,2203.09694,69.6,67.8,1
Action Recognition | Something-Something V2,Action Recognition,Something-Something V2,Top-1 Accuracy,False,2311.15769,2306.00989,75.2,76.5,0
Action Recognition | Something-Something V2,Action Recognition,Something-Something V2,Top-1 Accuracy,False,2012.00317,2206.06292,67.35,68.5,0
Action Recognition | Something-Something V2,Action Recognition,Something-Something V2,Top-1 Accuracy,False,2012.00317,2206.13559,67.35,72.3,0
Action Recognition | Something-Something V2,Action Recognition,Something-Something V2,Top-1 Accuracy,False,2212.03191,2102.07092,77.2,67.7,1
Action Recognition | Something-Something V2,Action Recognition,Something-Something V2,Top-1 Accuracy,False,2106.05392,2209.07526,68.1,62.5,1
Action Recognition | Something-Something V2,Action Recognition,Something-Something V2,Top-1 Accuracy,False,2303.13496,2004.01278,74.4,66.5,1
Action Recognition | Something-Something V2,Action Recognition,Something-Something V2,Top-1 Accuracy,False,2311.15769,1909.05165,75.2,47.73,1
Action Recognition | Something-Something V2,Action Recognition,Something-Something V2,Top-1 Accuracy,False,2106.13230,2004.01278,69.6,66.5,1
Action Recognition | Something-Something V2,Action Recognition,Something-Something V2,Top-1 Accuracy,False,2112.01514,2303.13496,59.2,74.4,0
Action Recognition | Something-Something V2,Action Recognition,Something-Something V2,Top-1 Accuracy,False,2311.03149,2102.07092,73.3,67.7,1
Action Recognition | Something-Something V2,Action Recognition,Something-Something V2,Top-1 Accuracy,False,2012.06977,2106.05392,66.3,68.1,0
Action Recognition | Something-Something V2,Action Recognition,Something-Something V2,Top-1 Accuracy,False,2206.13559,1906.11415,72.3,52.3,1
Action Recognition | Something-Something V2,Action Recognition,Something-Something V2,Top-1 Accuracy,False,2102.07092,2004.01278,67.7,66.5,1
Action Recognition | Something-Something V2,Action Recognition,Something-Something V2,Top-1 Accuracy,False,2106.05392,1906.11415,68.1,52.3,1
Action Recognition | Something-Something V2,Action Recognition,Something-Something V2,Top-1 Accuracy,False,2106.05392,2112.01514,68.1,59.2,1
Action Recognition | Something-Something V2,Action Recognition,Something-Something V2,Top-1 Accuracy,False,2112.01514,2206.13559,59.2,72.3,0
Action Recognition | Something-Something V2,Action Recognition,Something-Something V2,Top-1 Accuracy,False,2106.05392,2203.10233,68.1,64.94,1
Action Recognition | Something-Something V2,Action Recognition,Something-Something V2,Top-1 Accuracy,False,2112.09133,2102.05095,75.0,62.5,1
Action Recognition | Something-Something V2,Action Recognition,Something-Something V2,Top-1 Accuracy,False,2112.01514,2206.06292,59.2,68.5,0
Action Recognition | Something-Something V2,Action Recognition,Something-Something V2,Top-1 Accuracy,False,2102.05095,2311.18825,62.5,71.6,0
Action Recognition | Something-Something V2,Action Recognition,Something-Something V2,Top-1 Accuracy,False,2012.06977,2207.11660,66.3,74.7,0
Action Recognition | Something-Something V2,Action Recognition,Something-Something V2,Top-1 Accuracy,False,1812.03982,1908.10136,61.7,61.2,1
Action Recognition | Something-Something V2,Action Recognition,Something-Something V2,Top-1 Accuracy,False,1908.10136,2007.09933,61.2,66.6,0
Action Recognition | Something-Something V2,Action Recognition,Something-Something V2,Top-1 Accuracy,False,2403.15377,2306.00989,77.1,76.5,1
Action Recognition | Something-Something V2,Action Recognition,Something-Something V2,Top-1 Accuracy,False,1908.09995,2311.15769,62.2,75.2,0
Action Recognition | Something-Something V2,Action Recognition,Something-Something V2,Top-1 Accuracy,False,2012.06977,1908.10136,66.3,61.2,1
Action Recognition | Something-Something V2,Action Recognition,Something-Something V2,Top-1 Accuracy,False,1812.03982,2112.09133,61.7,75.0,0
Action Recognition | Something-Something V2,Action Recognition,Something-Something V2,Top-1 Accuracy,False,2106.13230,2311.18825,69.6,71.6,0
Action Recognition | Something-Something V2,Action Recognition,Something-Something V2,Top-1 Accuracy,False,1908.09995,2403.15377,62.2,77.1,0
Action Recognition | Something-Something V2,Action Recognition,Something-Something V2,Top-1 Accuracy,False,2112.01514,2209.07526,59.2,62.5,0
Action Recognition | Something-Something V2,Action Recognition,Something-Something V2,Top-1 Accuracy,False,1706.04261,2112.09133,51.33,75.0,0
Action Recognition | Something-Something V2,Action Recognition,Something-Something V2,Top-1 Accuracy,False,2112.09133,2307.08908,75.0,74.6,1
Action Recognition | Something-Something V2,Action Recognition,Something-Something V2,Top-1 Accuracy,False,1908.10136,2311.15769,61.2,75.2,0
Action Recognition | Something-Something V2,Action Recognition,Something-Something V2,Top-1 Accuracy,False,2106.13230,2311.15769,69.6,75.2,0
Action Recognition | Something-Something V2,Action Recognition,Something-Something V2,Top-1 Accuracy,False,2207.13259,2203.09694,69.8,67.8,1
Action Recognition | Something-Something V2,Action Recognition,Something-Something V2,Top-1 Accuracy,False,2012.00317,2106.05392,67.35,68.1,0
Action Recognition | Something-Something V2,Action Recognition,Something-Something V2,Top-1 Accuracy,False,1908.09995,2106.05968,62.2,67.2,0
Action Recognition | Something-Something V2,Action Recognition,Something-Something V2,Top-1 Accuracy,False,1908.10136,2403.15377,61.2,77.1,0
Action Recognition | Something-Something V2,Action Recognition,Something-Something V2,Top-1 Accuracy,False,2104.11227,2311.03149,68.7,73.3,0
Action Recognition | Something-Something V2,Action Recognition,Something-Something V2,Top-1 Accuracy,False,2106.05392,1908.10136,68.1,61.2,1
Action Recognition | Something-Something V2,Action Recognition,Something-Something V2,Top-1 Accuracy,False,2102.05095,1909.05165,62.5,47.73,1
Action Recognition | Something-Something V2,Action Recognition,Something-Something V2,Top-1 Accuracy,False,2112.01514,2311.18825,59.2,71.6,0
Action Recognition | Something-Something V2,Action Recognition,Something-Something V2,Top-1 Accuracy,False,1706.04261,2303.13496,51.33,74.4,0
Action Recognition | Something-Something V2,Action Recognition,Something-Something V2,Top-1 Accuracy,False,2308.05787,2306.00989,73.6,76.5,0
Action Recognition | Something-Something V2,Action Recognition,Something-Something V2,Top-1 Accuracy,False,2212.03229,2306.00989,76.1,76.5,0
Action Recognition | Something-Something V2,Action Recognition,Something-Something V2,Top-1 Accuracy,False,2007.09933,2004.01278,66.6,66.5,1
Action Recognition | Something-Something V2,Action Recognition,Something-Something V2,Top-1 Accuracy,False,2112.01514,2106.13230,59.2,69.6,0
Action Recognition | Something-Something V2,Action Recognition,Something-Something V2,Top-1 Accuracy,False,1812.03982,2307.08908,61.7,74.6,0
Action Recognition | Something-Something V2,Action Recognition,Something-Something V2,Top-1 Accuracy,False,1812.03982,2203.09694,61.7,67.8,0
Action Recognition | Something-Something V2,Action Recognition,Something-Something V2,Top-1 Accuracy,False,1706.04261,2201.04288,51.33,68.5,0
Action Recognition | Something-Something V2,Action Recognition,Something-Something V2,Top-1 Accuracy,False,2303.13496,2201.04288,74.4,68.5,1
Action Recognition | Something-Something V2,Action Recognition,Something-Something V2,Top-1 Accuracy,False,2206.06292,2306.00989,68.5,76.5,0
Action Recognition | Something-Something V2,Action Recognition,Something-Something V2,Top-1 Accuracy,False,2307.08908,2306.00989,74.6,76.5,0
Action Recognition | Something-Something V2,Action Recognition,Something-Something V2,Top-1 Accuracy,False,2112.01529,2007.09933,71.4,66.6,1
Action Recognition | Something-Something V2,Action Recognition,Something-Something V2,Top-1 Accuracy,False,2303.13496,2311.03149,74.4,73.3,1
Action Recognition | Something-Something V2,Action Recognition,Something-Something V2,Top-1 Accuracy,False,2012.00317,2207.11660,67.35,74.7,0
Action Recognition | Something-Something V2,Action Recognition,Something-Something V2,Top-1 Accuracy,False,2012.00317,2201.04288,67.35,68.5,0
Action Recognition | Something-Something V2,Action Recognition,Something-Something V2,Top-1 Accuracy,False,2206.13559,2311.18825,72.3,71.6,1
Action Recognition | Something-Something V2,Action Recognition,Something-Something V2,Top-1 Accuracy,False,2303.13496,2102.07092,74.4,67.7,1
Action Recognition | Something-Something V2,Action Recognition,Something-Something V2,Top-1 Accuracy,False,2112.01529,2004.01278,71.4,66.5,1
Action Recognition | Something-Something V2,Action Recognition,Something-Something V2,Top-1 Accuracy,False,2012.00317,2311.18825,67.35,71.6,0
Action Recognition | Something-Something V2,Action Recognition,Something-Something V2,Top-1 Accuracy,False,1812.03982,2004.01278,61.7,66.5,0
Action Recognition | Something-Something V2,Action Recognition,Something-Something V2,Top-1 Accuracy,False,1706.04261,2111.12527,51.33,70.1,0
Action Recognition | Something-Something V2,Action Recognition,Something-Something V2,Top-1 Accuracy,False,2012.06977,2403.15377,66.3,77.1,0
Action Recognition | Something-Something V2,Action Recognition,Something-Something V2,Top-1 Accuracy,False,2112.01529,2112.01514,71.4,59.2,1
Action Recognition | Something-Something V2,Action Recognition,Something-Something V2,Top-1 Accuracy,False,2112.01526,2311.18825,73.3,71.6,1
Action Recognition | Something-Something V2,Action Recognition,Something-Something V2,Top-1 Accuracy,False,2206.06292,2206.13559,68.5,72.3,0
Action Recognition | Something-Something V2,Action Recognition,Something-Something V2,Top-1 Accuracy,False,2106.05392,1909.05165,68.1,47.73,1
Self-Supervised Image Classification | ImageNet,Self-Supervised Image Classification,ImageNet,Top 1 Accuracy,False,2011.11765,2104.08760,74.4,75.9,0
Self-Supervised Image Classification | ImageNet,Self-Supervised Image Classification,ImageNet,Top 1 Accuracy,False,2408.02014,1905.09272,79.3,71.5,1
Self-Supervised Image Classification | ImageNet,Self-Supervised Image Classification,ImageNet,Top 1 Accuracy,False,1901.09005,2006.07733,55.4,79.6,0
Self-Supervised Image Classification | ImageNet,Self-Supervised Image Classification,ImageNet,Top 1 Accuracy,False,2011.11765,2103.03230,74.4,73.2,1
Self-Supervised Image Classification | ImageNet,Self-Supervised Image Classification,ImageNet,Top 1 Accuracy,False,2104.08760,1905.09272,75.9,71.5,1
Self-Supervised Image Classification | ImageNet,Self-Supervised Image Classification,ImageNet,Top 1 Accuracy,False,2006.10029,2111.14585,79.8,75.4,1
Self-Supervised Image Classification | ImageNet,Self-Supervised Image Classification,ImageNet,Top 1 Accuracy,False,2003.04297,2105.04553,71.1,75.0,0
Self-Supervised Image Classification | ImageNet,Self-Supervised Image Classification,ImageNet,Top 1 Accuracy,False,2103.01988,2103.10994,77.5,74.2,1
Self-Supervised Image Classification | ImageNet,Self-Supervised Image Classification,ImageNet,Top 1 Accuracy,False,2105.04906,2309.16588,73.2,87.1,0
Self-Supervised Image Classification | ImageNet,Self-Supervised Image Classification,ImageNet,Top 1 Accuracy,False,2012.11552,1903.12355,73.8,60.2,1
Self-Supervised Image Classification | ImageNet,Self-Supervised Image Classification,ImageNet,Top 1 Accuracy,False,2410.02401,2111.14585,70.6,75.4,0
Self-Supervised Image Classification | ImageNet,Self-Supervised Image Classification,ImageNet,Top 1 Accuracy,False,2103.01988,2104.02057,77.5,81.0,0
Self-Supervised Image Classification | ImageNet,Self-Supervised Image Classification,ImageNet,Top 1 Accuracy,False,2105.04906,2301.02009,73.2,73.9,0
Self-Supervised Image Classification | ImageNet,Self-Supervised Image Classification,ImageNet,Top 1 Accuracy,False,2304.07193,2304.05884,86.7,79.1,1
Self-Supervised Image Classification | ImageNet,Self-Supervised Image Classification,ImageNet,Top 1 Accuracy,False,1708.07860,2304.07193,39.6,86.7,0
Self-Supervised Image Classification | ImageNet,Self-Supervised Image Classification,ImageNet,Top 1 Accuracy,False,2405.10939,2304.07193,80.3,86.7,0
Self-Supervised Image Classification | ImageNet,Self-Supervised Image Classification,ImageNet,Top 1 Accuracy,False,2203.14370,2106.09785,75.7,81.3,0
Self-Supervised Image Classification | ImageNet,Self-Supervised Image Classification,ImageNet,Top 1 Accuracy,False,2105.03404,1708.07860,72.8,39.6,1
Self-Supervised Image Classification | ImageNet,Self-Supervised Image Classification,ImageNet,Top 1 Accuracy,False,2309.16588,2410.02401,87.1,70.6,1
Self-Supervised Image Classification | ImageNet,Self-Supervised Image Classification,ImageNet,Top 1 Accuracy,False,2010.07922,2011.11765,74.8,74.4,1
Self-Supervised Image Classification | ImageNet,Self-Supervised Image Classification,ImageNet,Top 1 Accuracy,False,2405.10939,2301.02009,80.3,73.9,1
Self-Supervised Image Classification | ImageNet,Self-Supervised Image Classification,ImageNet,Top 1 Accuracy,False,2111.06377,2105.08054,76.6,75.8,1
Self-Supervised Image Classification | ImageNet,Self-Supervised Image Classification,ImageNet,Top 1 Accuracy,False,2203.14415,2304.07193,82.1,86.7,0
Self-Supervised Image Classification | ImageNet,Self-Supervised Image Classification,ImageNet,Top 1 Accuracy,False,2103.03230,2309.16588,73.2,87.1,0
Self-Supervised Image Classification | ImageNet,Self-Supervised Image Classification,ImageNet,Top 1 Accuracy,False,2012.11552,2301.02009,73.8,73.9,0
Self-Supervised Image Classification | ImageNet,Self-Supervised Image Classification,ImageNet,Top 1 Accuracy,False,2006.10029,1708.07860,79.8,39.6,1
Self-Supervised Image Classification | ImageNet,Self-Supervised Image Classification,ImageNet,Top 1 Accuracy,False,2106.09785,2005.10243,81.3,75.2,1
Self-Supervised Image Classification | ImageNet,Self-Supervised Image Classification,ImageNet,Top 1 Accuracy,False,2005.04966,2006.10029,65.9,79.8,0
Self-Supervised Image Classification | ImageNet,Self-Supervised Image Classification,ImageNet,Top 1 Accuracy,False,2105.04553,2410.02401,75.0,70.6,1
Self-Supervised Image Classification | ImageNet,Self-Supervised Image Classification,ImageNet,Top 1 Accuracy,False,2011.10566,2111.14585,71.3,75.4,0
Self-Supervised Image Classification | ImageNet,Self-Supervised Image Classification,ImageNet,Top 1 Accuracy,False,2106.09785,2109.12909,81.3,78.8,1
Self-Supervised Image Classification | ImageNet,Self-Supervised Image Classification,ImageNet,Top 1 Accuracy,False,1901.09005,1708.07860,55.4,39.6,1
Self-Supervised Image Classification | ImageNet,Self-Supervised Image Classification,ImageNet,Top 1 Accuracy,False,2105.04553,1906.00910,75.0,68.1,1
Self-Supervised Image Classification | ImageNet,Self-Supervised Image Classification,ImageNet,Top 1 Accuracy,False,2111.06377,2301.02009,76.6,73.9,1
Self-Supervised Image Classification | ImageNet,Self-Supervised Image Classification,ImageNet,Top 1 Accuracy,False,2010.07922,2111.14585,74.8,75.4,0
Self-Supervised Image Classification | ImageNet,Self-Supervised Image Classification,ImageNet,Top 1 Accuracy,False,2408.02014,2104.02057,79.3,81.0,0
Self-Supervised Image Classification | ImageNet,Self-Supervised Image Classification,ImageNet,Top 1 Accuracy,False,2106.09785,2111.07832,81.3,82.3,0
Self-Supervised Image Classification | ImageNet,Self-Supervised Image Classification,ImageNet,Top 1 Accuracy,False,2203.14370,2105.04553,75.7,75.0,1
Self-Supervised Image Classification | ImageNet,Self-Supervised Image Classification,ImageNet,Top 1 Accuracy,False,2211.09013,2111.07832,80.4,82.3,0
Self-Supervised Image Classification | ImageNet,Self-Supervised Image Classification,ImageNet,Top 1 Accuracy,False,2012.11552,2104.02057,73.8,81.0,0
Self-Supervised Image Classification | ImageNet,Self-Supervised Image Classification,ImageNet,Top 1 Accuracy,False,2005.04966,2111.14585,65.9,75.4,0
Self-Supervised Image Classification | ImageNet,Self-Supervised Image Classification,ImageNet,Top 1 Accuracy,False,2105.03404,2103.01988,72.8,77.5,0
Self-Supervised Image Classification | ImageNet,Self-Supervised Image Classification,ImageNet,Top 1 Accuracy,False,2012.11552,2109.12909,73.8,78.8,0
Self-Supervised Image Classification | ImageNet,Self-Supervised Image Classification,ImageNet,Top 1 Accuracy,False,2203.14415,2106.09785,82.1,81.3,1
Self-Supervised Image Classification | ImageNet,Self-Supervised Image Classification,ImageNet,Top 1 Accuracy,False,1903.12355,2410.02401,60.2,70.6,0
Self-Supervised Image Classification | ImageNet,Self-Supervised Image Classification,ImageNet,Top 1 Accuracy,False,2103.01988,2301.02009,77.5,73.9,1
Self-Supervised Image Classification | ImageNet,Self-Supervised Image Classification,ImageNet,Top 1 Accuracy,False,1906.00910,2005.10243,68.1,75.2,0
Self-Supervised Image Classification | ImageNet,Self-Supervised Image Classification,ImageNet,Top 1 Accuracy,False,2105.04906,2303.12130,73.2,74.5,0
Self-Supervised Image Classification | ImageNet,Self-Supervised Image Classification,ImageNet,Top 1 Accuracy,False,2012.11552,2103.10994,73.8,74.2,0
Self-Supervised Image Classification | ImageNet,Self-Supervised Image Classification,ImageNet,Top 1 Accuracy,False,1901.09005,2111.06377,55.4,76.6,0
Self-Supervised Image Classification | ImageNet,Self-Supervised Image Classification,ImageNet,Top 1 Accuracy,False,2011.10566,2103.10994,71.3,74.2,0
Self-Supervised Image Classification | ImageNet,Self-Supervised Image Classification,ImageNet,Top 1 Accuracy,False,2111.06377,2011.11765,76.6,74.4,1
Self-Supervised Image Classification | ImageNet,Self-Supervised Image Classification,ImageNet,Top 1 Accuracy,False,1911.05371,2111.06377,61.5,76.6,0
Self-Supervised Image Classification | ImageNet,Self-Supervised Image Classification,ImageNet,Top 1 Accuracy,False,2203.14370,2005.04966,75.7,65.9,1
Self-Supervised Image Classification | ImageNet,Self-Supervised Image Classification,ImageNet,Top 1 Accuracy,False,2111.14585,2304.05884,75.4,79.1,0
Self-Supervised Image Classification | ImageNet,Self-Supervised Image Classification,ImageNet,Top 1 Accuracy,False,2111.14585,2111.07832,75.4,82.3,0
Self-Supervised Image Classification | ImageNet,Self-Supervised Image Classification,ImageNet,Top 1 Accuracy,False,2105.08054,1708.07860,75.8,39.6,1
Self-Supervised Image Classification | ImageNet,Self-Supervised Image Classification,ImageNet,Top 1 Accuracy,False,2309.16588,2303.12130,87.1,74.5,1
Self-Supervised Image Classification | ImageNet,Self-Supervised Image Classification,ImageNet,Top 1 Accuracy,False,2005.04966,2301.02009,65.9,73.9,0
Self-Supervised Image Classification | ImageNet,Self-Supervised Image Classification,ImageNet,Top 1 Accuracy,False,2203.14415,2105.04553,82.1,75.0,1
Self-Supervised Image Classification | ImageNet,Self-Supervised Image Classification,ImageNet,Top 1 Accuracy,False,2103.03230,2104.08760,73.2,75.9,0
Self-Supervised Image Classification | ImageNet,Self-Supervised Image Classification,ImageNet,Top 1 Accuracy,False,2203.14370,2103.01988,75.7,77.5,0
Self-Supervised Image Classification | ImageNet,Self-Supervised Image Classification,ImageNet,Top 1 Accuracy,False,2011.11765,2304.05884,74.4,79.1,0
Self-Supervised Image Classification | ImageNet,Self-Supervised Image Classification,ImageNet,Top 1 Accuracy,False,2203.14415,2103.10994,82.1,74.2,1
Self-Supervised Image Classification | ImageNet,Self-Supervised Image Classification,ImageNet,Top 1 Accuracy,False,2203.14415,1906.00910,82.1,68.1,1
Self-Supervised Image Classification | ImageNet,Self-Supervised Image Classification,ImageNet,Top 1 Accuracy,False,2106.09785,2105.04906,81.3,73.2,1
Self-Supervised Image Classification | ImageNet,Self-Supervised Image Classification,ImageNet,Top 1 Accuracy,False,1901.09005,2103.10994,55.4,74.2,0
Self-Supervised Image Classification | ImageNet,Self-Supervised Image Classification,ImageNet,Top 1 Accuracy,False,2103.03230,2304.05884,73.2,79.1,0
Self-Supervised Image Classification | ImageNet,Self-Supervised Image Classification,ImageNet,Top 1 Accuracy,False,2104.02057,2006.07733,81.0,79.6,1
Self-Supervised Image Classification | ImageNet,Self-Supervised Image Classification,ImageNet,Top 1 Accuracy,False,2105.03404,2104.08760,72.8,75.9,0
Self-Supervised Image Classification | ImageNet,Self-Supervised Image Classification,ImageNet,Top 1 Accuracy,False,2111.06377,2408.02014,76.6,79.3,0
Self-Supervised Image Classification | ImageNet,Self-Supervised Image Classification,ImageNet,Top 1 Accuracy,False,2211.09013,2309.16588,80.4,87.1,0
Self-Supervised Image Classification | ImageNet,Self-Supervised Image Classification,ImageNet,Top 1 Accuracy,False,2104.02057,2304.07193,81.0,86.7,0
Self-Supervised Image Classification | ImageNet,Self-Supervised Image Classification,ImageNet,Top 1 Accuracy,False,2105.03404,2106.09785,72.8,81.3,0
Self-Supervised Image Classification | ImageNet,Self-Supervised Image Classification,ImageNet,Top 1 Accuracy,False,2105.04553,2006.07733,75.0,79.6,0
Self-Supervised Image Classification | ImageNet,Self-Supervised Image Classification,ImageNet,Top 1 Accuracy,False,2303.12130,2408.02014,74.5,79.3,0
Self-Supervised Image Classification | ImageNet,Self-Supervised Image Classification,ImageNet,Top 1 Accuracy,False,2103.10994,2111.07832,74.2,82.3,0
Self-Supervised Image Classification | ImageNet,Self-Supervised Image Classification,ImageNet,Top 1 Accuracy,False,2005.04966,2104.02057,65.9,81.0,0
Self-Supervised Image Classification | ImageNet,Self-Supervised Image Classification,ImageNet,Top 1 Accuracy,False,2105.04553,2111.06377,75.0,76.6,0
Self-Supervised Image Classification | ImageNet,Self-Supervised Image Classification,ImageNet,Top 1 Accuracy,False,2203.14415,2005.04966,82.1,65.9,1
Self-Supervised Image Classification | ImageNet,Self-Supervised Image Classification,ImageNet,Top 1 Accuracy,False,2211.09013,2104.02057,80.4,81.0,0
Self-Supervised Image Classification | ImageNet,Self-Supervised Image Classification,ImageNet,Top 1 Accuracy,False,2012.11552,2006.07733,73.8,79.6,0
Self-Supervised Image Classification | ImageNet,Self-Supervised Image Classification,ImageNet,Top 1 Accuracy,False,2309.16588,1905.09272,87.1,71.5,1
Self-Supervised Image Classification | ImageNet,Self-Supervised Image Classification,ImageNet,Top 1 Accuracy,False,2005.04966,2111.06377,65.9,76.6,0
Self-Supervised Image Classification | ImageNet,Self-Supervised Image Classification,ImageNet,Top 1 Accuracy,False,2105.03404,1903.12355,72.8,60.2,1
Self-Supervised Image Classification | ImageNet,Self-Supervised Image Classification,ImageNet,Top 1 Accuracy,False,1911.05371,2105.08054,61.5,75.8,0
Self-Supervised Image Classification | ImageNet,Self-Supervised Image Classification,ImageNet,Top 1 Accuracy,False,2203.14370,2301.02009,75.7,73.9,1
Self-Supervised Image Classification | ImageNet,Self-Supervised Image Classification,ImageNet,Top 1 Accuracy,False,2408.02014,2304.07193,79.3,86.7,0
Self-Supervised Image Classification | ImageNet,Self-Supervised Image Classification,ImageNet,Top 1 Accuracy,False,2011.10566,2408.02014,71.3,79.3,0
Self-Supervised Image Classification | ImageNet,Self-Supervised Image Classification,ImageNet,Top 1 Accuracy,False,2003.04297,2103.01988,71.1,77.5,0
Self-Supervised Image Classification | ImageNet,Self-Supervised Image Classification,ImageNet,Top 1 Accuracy,False,2011.11765,2410.02401,74.4,70.6,1
Self-Supervised Image Classification | ImageNet,Self-Supervised Image Classification,ImageNet,Top 1 Accuracy,False,2103.03230,2109.12909,73.2,78.8,0
Self-Supervised Image Classification | ImageNet,Self-Supervised Image Classification,ImageNet,Top 1 Accuracy,False,2405.10939,2111.06377,80.3,76.6,1
Self-Supervised Image Classification | ImageNet,Self-Supervised Image Classification,ImageNet,Top 1 Accuracy,False,2010.07922,2304.05884,74.8,79.1,0
Self-Supervised Image Classification | ImageNet,Self-Supervised Image Classification,ImageNet,Top 1 Accuracy,False,2103.03230,2103.10994,73.2,74.2,0
Self-Supervised Image Classification | ImageNet,Self-Supervised Image Classification,ImageNet,Top 1 Accuracy,False,2012.11552,2309.16588,73.8,87.1,0
Self-Supervised Image Classification | ImageNet,Self-Supervised Image Classification,ImageNet,Top 1 Accuracy,False,2011.10566,2006.07733,71.3,79.6,0
Self-Supervised Image Classification | ImageNet,Self-Supervised Image Classification,ImageNet,Top 1 Accuracy,False,2109.12909,2410.02401,78.8,70.6,1
Self-Supervised Image Classification | ImageNet,Self-Supervised Image Classification,ImageNet,Top 1 Accuracy,False,1906.00910,1708.07860,68.1,39.6,1
Self-Supervised Image Classification | ImageNet,Self-Supervised Image Classification,ImageNet,Top 1 Accuracy,False,2105.04906,2104.02057,73.2,81.0,0
Self-Supervised Image Classification | ImageNet,Self-Supervised Image Classification,ImageNet,Top 1 Accuracy,False,2003.04297,2006.10029,71.1,79.8,0
Self-Supervised Image Classification | ImageNet,Self-Supervised Image Classification,ImageNet,Top 1 Accuracy,False,2012.11552,2105.08054,73.8,75.8,0
Self-Supervised Image Classification | ImageNet,Self-Supervised Image Classification,ImageNet,Top 1 Accuracy,False,2005.04966,2011.10566,65.9,71.3,0
Self-Supervised Image Classification | ImageNet,Self-Supervised Image Classification,ImageNet,Top 1 Accuracy,False,2301.02009,2304.05884,73.9,79.1,0
Self-Supervised Image Classification | ImageNet,Self-Supervised Image Classification,ImageNet,Top 1 Accuracy,False,2103.01988,2005.10243,77.5,75.2,1
Self-Supervised Image Classification | ImageNet,Self-Supervised Image Classification,ImageNet,Top 1 Accuracy,False,2105.03404,2304.05884,72.8,79.1,0
Self-Supervised Image Classification | ImageNet,Self-Supervised Image Classification,ImageNet,Top 1 Accuracy,False,2211.09013,2105.04906,80.4,73.2,1
Self-Supervised Image Classification | ImageNet,Self-Supervised Image Classification,ImageNet,Top 1 Accuracy,False,2105.04553,2111.07832,75.0,82.3,0
Self-Supervised Image Classification | ImageNet,Self-Supervised Image Classification,ImageNet,Top 1 Accuracy,False,2003.04297,2106.09785,71.1,81.3,0
Self-Supervised Image Classification | ImageNet,Self-Supervised Image Classification,ImageNet,Top 1 Accuracy,False,2103.03230,2111.14585,73.2,75.4,0
Self-Supervised Image Classification | ImageNet,Self-Supervised Image Classification,ImageNet,Top 1 Accuracy,False,2203.14415,2105.04906,82.1,73.2,1
Self-Supervised Image Classification | ImageNet,Self-Supervised Image Classification,ImageNet,Top 1 Accuracy,False,2105.04553,1901.09005,75.0,55.4,1
Self-Supervised Image Classification | ImageNet,Self-Supervised Image Classification,ImageNet,Top 1 Accuracy,False,2203.14370,2104.08760,75.7,75.9,0
Self-Supervised Image Classification | ImageNet,Self-Supervised Image Classification,ImageNet,Top 1 Accuracy,False,2203.14370,2104.02057,75.7,81.0,0
Self-Supervised Image Classification | ImageNet,Self-Supervised Image Classification,ImageNet,Top 1 Accuracy,False,2405.10939,1901.09005,80.3,55.4,1
Self-Supervised Image Classification | ImageNet,Self-Supervised Image Classification,ImageNet,Top 1 Accuracy,False,2203.14370,1903.12355,75.7,60.2,1
Self-Supervised Image Classification | ImageNet,Self-Supervised Image Classification,ImageNet,Top 1 Accuracy,False,1911.05371,2109.12909,61.5,78.8,0
Self-Supervised Image Classification | ImageNet,Self-Supervised Image Classification,ImageNet,Top 1 Accuracy,False,2103.03230,2111.07832,73.2,82.3,0
Self-Supervised Image Classification | ImageNet,Self-Supervised Image Classification,ImageNet,Top 1 Accuracy,False,2010.07922,1905.09272,74.8,71.5,1
Self-Supervised Image Classification | ImageNet,Self-Supervised Image Classification,ImageNet,Top 1 Accuracy,False,2103.01988,2105.08054,77.5,75.8,1
Self-Supervised Image Classification | ImageNet,Self-Supervised Image Classification,ImageNet,Top 1 Accuracy,False,2012.11552,2211.09013,73.8,80.4,0
Self-Supervised Image Classification | ImageNet,Self-Supervised Image Classification,ImageNet,Top 1 Accuracy,False,2105.04906,1708.07860,73.2,39.6,1
Self-Supervised Image Classification | ImageNet,Self-Supervised Image Classification,ImageNet,Top 1 Accuracy,False,2011.11765,2301.02009,74.4,73.9,1
Self-Supervised Image Classification | ImageNet,Self-Supervised Image Classification,ImageNet,Top 1 Accuracy,False,2011.11765,2111.07832,74.4,82.3,0
Self-Supervised Image Classification | ImageNet,Self-Supervised Image Classification,ImageNet,Top 1 Accuracy,False,2105.04553,2011.11765,75.0,74.4,1
Self-Supervised Image Classification | ImageNet,Self-Supervised Image Classification,ImageNet,Top 1 Accuracy,False,2111.06377,2304.05884,76.6,79.1,0
Self-Supervised Image Classification | ImageNet,Self-Supervised Image Classification,ImageNet,Top 1 Accuracy,False,2103.01988,2011.11765,77.5,74.4,1
Self-Supervised Image Classification | ImageNet,Self-Supervised Image Classification,ImageNet,Top 1 Accuracy,False,2103.01988,2111.14585,77.5,75.4,1
Self-Supervised Image Classification | ImageNet,Self-Supervised Image Classification,ImageNet,Top 1 Accuracy,False,2005.04966,2309.16588,65.9,87.1,0
Self-Supervised Image Classification | ImageNet,Self-Supervised Image Classification,ImageNet,Top 1 Accuracy,False,2012.11552,2106.09785,73.8,81.3,0
Self-Supervised Image Classification | ImageNet,Self-Supervised Image Classification,ImageNet,Top 1 Accuracy,False,2012.11552,2111.14585,73.8,75.4,0
Self-Supervised Image Classification | ImageNet,Self-Supervised Image Classification,ImageNet,Top 1 Accuracy,False,1903.12355,2408.02014,60.2,79.3,0
Self-Supervised Image Classification | ImageNet,Self-Supervised Image Classification,ImageNet,Top 1 Accuracy,False,2105.03404,1906.00910,72.8,68.1,1
Self-Supervised Image Classification | ImageNet,Self-Supervised Image Classification,ImageNet,Top 1 Accuracy,False,1906.00910,2408.02014,68.1,79.3,0
Self-Supervised Image Classification | ImageNet,Self-Supervised Image Classification,ImageNet,Top 1 Accuracy,False,1903.12355,2104.08760,60.2,75.9,0
Self-Supervised Image Classification | ImageNet,Self-Supervised Image Classification,ImageNet,Top 1 Accuracy,False,2011.11765,2104.02057,74.4,81.0,0
Self-Supervised Image Classification | ImageNet,Self-Supervised Image Classification,ImageNet,Top 1 Accuracy,False,2309.16588,1708.07860,87.1,39.6,1
Self-Supervised Image Classification | ImageNet,Self-Supervised Image Classification,ImageNet,Top 1 Accuracy,False,2105.03404,2111.07832,72.8,82.3,0
Self-Supervised Image Classification | ImageNet,Self-Supervised Image Classification,ImageNet,Top 1 Accuracy,False,1906.00910,2006.07733,68.1,79.6,0
Self-Supervised Image Classification | ImageNet,Self-Supervised Image Classification,ImageNet,Top 1 Accuracy,False,2111.06377,2304.07193,76.6,86.7,0
Self-Supervised Image Classification | ImageNet,Self-Supervised Image Classification,ImageNet,Top 1 Accuracy,False,2105.04553,2303.12130,75.0,74.5,1
Self-Supervised Image Classification | ImageNet,Self-Supervised Image Classification,ImageNet,Top 1 Accuracy,False,2109.12909,2304.07193,78.8,86.7,0
Self-Supervised Image Classification | ImageNet,Self-Supervised Image Classification,ImageNet,Top 1 Accuracy,False,2410.02401,2104.02057,70.6,81.0,0
Self-Supervised Image Classification | ImageNet,Self-Supervised Image Classification,ImageNet,Top 1 Accuracy,False,1911.05371,2304.07193,61.5,86.7,0
Self-Supervised Image Classification | ImageNet,Self-Supervised Image Classification,ImageNet,Top 1 Accuracy,False,2111.06377,2011.10566,76.6,71.3,1
Self-Supervised Image Classification | ImageNet,Self-Supervised Image Classification,ImageNet,Top 1 Accuracy,False,2106.09785,1906.00910,81.3,68.1,1
Self-Supervised Image Classification | ImageNet,Self-Supervised Image Classification,ImageNet,Top 1 Accuracy,False,2103.01988,2103.03230,77.5,73.2,1
Self-Supervised Image Classification | ImageNet,Self-Supervised Image Classification,ImageNet,Top 1 Accuracy,False,2005.04966,2005.10243,65.9,75.2,0
Self-Supervised Image Classification | ImageNet,Self-Supervised Image Classification,ImageNet,Top 1 Accuracy,False,1901.09005,2304.07193,55.4,86.7,0
Self-Supervised Image Classification | ImageNet,Self-Supervised Image Classification,ImageNet,Top 1 Accuracy,False,2005.10243,2006.07733,75.2,79.6,0
Self-Supervised Image Classification | ImageNet,Self-Supervised Image Classification,ImageNet,Top 1 Accuracy,False,2006.10029,2303.12130,79.8,74.5,1
Self-Supervised Image Classification | ImageNet,Self-Supervised Image Classification,ImageNet,Top 1 Accuracy,False,2405.10939,2103.03230,80.3,73.2,1
Self-Supervised Image Classification | ImageNet,Self-Supervised Image Classification,ImageNet,Top 1 Accuracy,False,2405.10939,2105.03404,80.3,72.8,1
Self-Supervised Image Classification | ImageNet,Self-Supervised Image Classification,ImageNet,Top 1 Accuracy,False,2211.09013,2105.08054,80.4,75.8,1
Self-Supervised Image Classification | ImageNet,Self-Supervised Image Classification,ImageNet,Top 1 Accuracy,False,2010.07922,2304.07193,74.8,86.7,0
Self-Supervised Image Classification | ImageNet,Self-Supervised Image Classification,ImageNet,Top 1 Accuracy,False,2109.12909,2105.08054,78.8,75.8,1
Self-Supervised Image Classification | ImageNet,Self-Supervised Image Classification,ImageNet,Top 1 Accuracy,False,2405.10939,2309.16588,80.3,87.1,0
Self-Supervised Image Classification | ImageNet,Self-Supervised Image Classification,ImageNet,Top 1 Accuracy,False,2011.10566,2105.04906,71.3,73.2,0
Self-Supervised Image Classification | ImageNet,Self-Supervised Image Classification,ImageNet,Top 1 Accuracy,False,2103.01988,2304.07193,77.5,86.7,0
Self-Supervised Image Classification | ImageNet,Self-Supervised Image Classification,ImageNet,Top 1 Accuracy,False,2105.04553,2211.09013,75.0,80.4,0
Self-Supervised Image Classification | ImageNet,Self-Supervised Image Classification,ImageNet,Top 1 Accuracy,False,2104.08760,2006.07733,75.9,79.6,0
Self-Supervised Image Classification | ImageNet,Self-Supervised Image Classification,ImageNet,Top 1 Accuracy,False,2303.12130,2104.02057,74.5,81.0,0
Self-Supervised Image Classification | ImageNet,Self-Supervised Image Classification,ImageNet,Top 1 Accuracy,False,2405.10939,2410.02401,80.3,70.6,1
Self-Supervised Image Classification | ImageNet,Self-Supervised Image Classification,ImageNet,Top 1 Accuracy,False,1911.05371,2103.10994,61.5,74.2,0
Self-Supervised Image Classification | ImageNet,Self-Supervised Image Classification,ImageNet,Top 1 Accuracy,False,2005.04966,2211.09013,65.9,80.4,0
Self-Supervised Image Classification | ImageNet,Self-Supervised Image Classification,ImageNet,Top 1 Accuracy,False,2103.01988,1903.12355,77.5,60.2,1
Self-Supervised Image Classification | ImageNet,Self-Supervised Image Classification,ImageNet,Top 1 Accuracy,False,2211.09013,2104.08760,80.4,75.9,1
Self-Supervised Image Classification | ImageNet,Self-Supervised Image Classification,ImageNet,Top 1 Accuracy,False,1911.05371,1901.09005,61.5,55.4,1
Self-Supervised Image Classification | ImageNet,Self-Supervised Image Classification,ImageNet,Top 1 Accuracy,False,2012.11552,2105.03404,73.8,72.8,1
Self-Supervised Image Classification | ImageNet,Self-Supervised Image Classification,ImageNet,Top 1 Accuracy,False,2005.04966,2105.04553,65.9,75.0,0
Self-Supervised Image Classification | ImageNet,Self-Supervised Image Classification,ImageNet,Top 1 Accuracy,False,2010.07922,2103.03230,74.8,73.2,1
Self-Supervised Image Classification | ImageNet,Self-Supervised Image Classification,ImageNet,Top 1 Accuracy,False,2003.04297,1901.09005,71.1,55.4,1
Self-Supervised Image Classification | ImageNet,Self-Supervised Image Classification,ImageNet,Top 1 Accuracy,False,2203.14415,2203.14370,82.1,75.7,1
Self-Supervised Image Classification | ImageNet,Self-Supervised Image Classification,ImageNet,Top 1 Accuracy,False,1906.00910,2006.10029,68.1,79.8,0
Self-Supervised Image Classification | ImageNet,Self-Supervised Image Classification,ImageNet,Top 1 Accuracy,False,2005.04966,2105.08054,65.9,75.8,0
Self-Supervised Image Classification | ImageNet,Self-Supervised Image Classification,ImageNet,Top 1 Accuracy,False,2105.03404,1905.09272,72.8,71.5,1
Self-Supervised Image Classification | ImageNet,Self-Supervised Image Classification,ImageNet,Top 1 Accuracy,False,2405.10939,2005.04966,80.3,65.9,1
Self-Supervised Image Classification | ImageNet,Self-Supervised Image Classification,ImageNet,Top 1 Accuracy,False,1911.05371,2005.04966,61.5,65.9,0
Self-Supervised Image Classification | ImageNet,Self-Supervised Image Classification,ImageNet,Top 1 Accuracy,False,2010.07922,2301.02009,74.8,73.9,1
Self-Supervised Image Classification | ImageNet,Self-Supervised Image Classification,ImageNet,Top 1 Accuracy,False,2111.06377,2109.12909,76.6,78.8,0
Self-Supervised Image Classification | ImageNet,Self-Supervised Image Classification,ImageNet,Top 1 Accuracy,False,2203.14415,1905.09272,82.1,71.5,1
Self-Supervised Image Classification | ImageNet,Self-Supervised Image Classification,ImageNet,Top 1 Accuracy,False,2103.01988,2111.06377,77.5,76.6,1
Self-Supervised Image Classification | ImageNet,Self-Supervised Image Classification,ImageNet,Top 1 Accuracy,False,2011.11765,1905.09272,74.4,71.5,1
Self-Supervised Image Classification | ImageNet,Self-Supervised Image Classification,ImageNet,Top 1 Accuracy,False,1906.00910,2011.10566,68.1,71.3,0
Self-Supervised Image Classification | ImageNet,Self-Supervised Image Classification,ImageNet,Top 1 Accuracy,False,2012.11552,1911.05371,73.8,61.5,1
Self-Supervised Image Classification | ImageNet,Self-Supervised Image Classification,ImageNet,Top 1 Accuracy,False,1906.00910,2111.14585,68.1,75.4,0
Self-Supervised Image Classification | ImageNet,Self-Supervised Image Classification,ImageNet,Top 1 Accuracy,False,2003.04297,2304.07193,71.1,86.7,0
Self-Supervised Image Classification | ImageNet,Self-Supervised Image Classification,ImageNet,Top 1 Accuracy,False,2011.10566,2303.12130,71.3,74.5,0
Self-Supervised Image Classification | ImageNet,Self-Supervised Image Classification,ImageNet,Top 1 Accuracy,False,1901.09005,2111.07832,55.4,82.3,0
Self-Supervised Image Classification | ImageNet,Self-Supervised Image Classification,ImageNet,Top 1 Accuracy,False,2105.04906,2304.05884,73.2,79.1,0
Self-Supervised Image Classification | ImageNet,Self-Supervised Image Classification,ImageNet,Top 1 Accuracy,False,1901.09005,2109.12909,55.4,78.8,0
Self-Supervised Image Classification | ImageNet,Self-Supervised Image Classification,ImageNet,Top 1 Accuracy,False,2105.08054,2111.07832,75.8,82.3,0
Self-Supervised Image Classification | ImageNet,Self-Supervised Image Classification,ImageNet,Top 1 Accuracy,False,2405.10939,2303.12130,80.3,74.5,1
Self-Supervised Image Classification | ImageNet,Self-Supervised Image Classification,ImageNet,Top 1 Accuracy,False,2301.02009,2104.02057,73.9,81.0,0
Self-Supervised Image Classification | ImageNet,Self-Supervised Image Classification,ImageNet,Top 1 Accuracy,False,2105.04553,1708.07860,75.0,39.6,1
Self-Supervised Image Classification | ImageNet,Self-Supervised Image Classification,ImageNet,Top 1 Accuracy,False,2105.03404,2109.12909,72.8,78.8,0
Self-Supervised Image Classification | ImageNet,Self-Supervised Image Classification,ImageNet,Top 1 Accuracy,False,2005.04966,1901.09005,65.9,55.4,1
Self-Supervised Image Classification | ImageNet,Self-Supervised Image Classification,ImageNet,Top 1 Accuracy,False,1901.09005,2410.02401,55.4,70.6,0
Self-Supervised Image Classification | ImageNet,Self-Supervised Image Classification,ImageNet,Top 1 Accuracy,False,2301.02009,1708.07860,73.9,39.6,1
Self-Supervised Image Classification | ImageNet,Self-Supervised Image Classification,ImageNet,Top 1 Accuracy,False,2103.10994,2006.07733,74.2,79.6,0
Graph Classification | PROTEINS,Graph Classification,PROTEINS,Accuracy,False,2305.00724,1805.09114,72.7,74.55,0
Graph Classification | PROTEINS,Graph Classification,PROTEINS,Accuracy,False,1710.10903,2406.03671,76.786,76.17,1
Graph Classification | PROTEINS,Graph Classification,PROTEINS,Accuracy,False,1811.09595,1811.03508,76.5,74.7,1
Graph Classification | PROTEINS,Graph Classification,PROTEINS,Accuracy,False,1805.09114,2402.10793,74.55,82.679,0
Graph Classification | PROTEINS,Graph Classification,PROTEINS,Accuracy,False,1903.02428,1810.00826,75.1,762.0,0
Graph Classification | PROTEINS,Graph Classification,PROTEINS,Accuracy,False,2209.08179,2102.11533,78.2,75.09,1
Graph Classification | PROTEINS,Graph Classification,PROTEINS,Accuracy,False,1904.08082,1811.03508,71.86,74.7,0
Graph Classification | PROTEINS,Graph Classification,PROTEINS,Accuracy,False,1811.09595,2402.10793,76.5,82.679,0
Graph Classification | PROTEINS,Graph Classification,PROTEINS,Accuracy,False,1904.08082,1810.02244,71.86,76.4,0
Graph Classification | PROTEINS,Graph Classification,PROTEINS,Accuracy,False,1609.02907,2106.13061,75.536,77.8,0
Graph Classification | PROTEINS,Graph Classification,PROTEINS,Accuracy,False,1805.09114,1909.10086,74.55,81.7,0
Graph Classification | PROTEINS,Graph Classification,PROTEINS,Accuracy,False,2106.13061,1811.03508,77.8,74.7,1
Graph Classification | PROTEINS,Graph Classification,PROTEINS,Accuracy,False,2102.11533,1903.02428,75.09,75.1,0
Graph Classification | PROTEINS,Graph Classification,PROTEINS,Accuracy,False,1905.03046,1904.12218,75.0,76.31,0
Graph Classification | PROTEINS,Graph Classification,PROTEINS,Accuracy,False,2102.11533,2305.00724,75.09,72.7,1
Graph Classification | PROTEINS,Graph Classification,PROTEINS,Accuracy,False,2205.15733,2410.15001,82.9,82.1,1
Graph Classification | PROTEINS,Graph Classification,PROTEINS,Accuracy,False,1903.09022,1907.02204,76.78,76.81,0
Graph Classification | PROTEINS,Graph Classification,PROTEINS,Accuracy,False,1911.05954,1903.02428,84.91,75.1,1
Graph Classification | PROTEINS,Graph Classification,PROTEINS,Accuracy,False,1707.05005,2102.11533,73.3,75.09,0
Graph Classification | PROTEINS,Graph Classification,PROTEINS,Accuracy,False,2209.08179,2111.06283,78.2,76.3,1
Graph Classification | PROTEINS,Graph Classification,PROTEINS,Accuracy,False,1603.06186,2111.06283,76.34,76.3,1
Graph Classification | PROTEINS,Graph Classification,PROTEINS,Accuracy,False,1712.03563,1903.09022,75.1,76.78,0
Graph Classification | PROTEINS,Graph Classification,PROTEINS,Accuracy,False,2209.08179,1903.02428,78.2,75.1,1
Graph Classification | PROTEINS,Graph Classification,PROTEINS,Accuracy,False,1909.10086,1904.12218,81.7,76.31,1
Graph Classification | PROTEINS,Graph Classification,PROTEINS,Accuracy,False,2006.09430,1909.10086,76.5,81.7,0
Graph Classification | PROTEINS,Graph Classification,PROTEINS,Accuracy,False,1603.06186,1710.10903,76.34,76.786,0
Graph Classification | PROTEINS,Graph Classification,PROTEINS,Accuracy,False,1805.08090,1911.05954,76.4,84.91,0
Graph Classification | PROTEINS,Graph Classification,PROTEINS,Accuracy,False,2305.00724,1903.09022,72.7,76.78,0
Graph Classification | PROTEINS,Graph Classification,PROTEINS,Accuracy,False,2111.06283,1710.10903,76.3,76.786,0
Graph Classification | PROTEINS,Graph Classification,PROTEINS,Accuracy,False,1603.06186,1904.12218,76.34,76.31,1
Graph Classification | PROTEINS,Graph Classification,PROTEINS,Accuracy,False,1909.10086,1909.11855,81.7,80.01,1
Graph Classification | PROTEINS,Graph Classification,PROTEINS,Accuracy,False,2002.03283,1905.08509,77.09,78.97,0
Graph Classification | PROTEINS,Graph Classification,PROTEINS,Accuracy,False,1911.05954,1905.08509,84.91,78.97,1
Graph Classification | PROTEINS,Graph Classification,PROTEINS,Accuracy,False,1707.05005,2410.15001,73.3,82.1,0
Graph Classification | PROTEINS,Graph Classification,PROTEINS,Accuracy,False,1805.09114,1909.11855,74.55,80.01,0
Graph Classification | PROTEINS,Graph Classification,PROTEINS,Accuracy,False,1609.02907,2406.03671,75.536,76.17,0
Graph Classification | PROTEINS,Graph Classification,PROTEINS,Accuracy,False,1805.08090,1911.07979,76.4,74.19,1
Graph Classification | PROTEINS,Graph Classification,PROTEINS,Accuracy,False,2111.06283,1904.13107,76.3,76.6,0
Graph Classification | PROTEINS,Graph Classification,PROTEINS,Accuracy,False,1712.03563,2410.15001,75.1,82.1,0
Graph Classification | PROTEINS,Graph Classification,PROTEINS,Accuracy,False,1805.08090,1905.08509,76.4,78.97,0
Graph Classification | PROTEINS,Graph Classification,PROTEINS,Accuracy,False,2111.06283,1903.02428,76.3,75.1,1
Graph Classification | PROTEINS,Graph Classification,PROTEINS,Accuracy,False,2306.04004,1811.09595,84.3,76.5,1
Graph Classification | PROTEINS,Graph Classification,PROTEINS,Accuracy,False,1904.08082,1811.09595,71.86,76.5,0
Graph Classification | PROTEINS,Graph Classification,PROTEINS,Accuracy,False,1603.06186,1805.09114,76.34,74.55,1
Graph Classification | PROTEINS,Graph Classification,PROTEINS,Accuracy,False,1905.03046,2205.12454,75.0,77.143,0
Graph Classification | PROTEINS,Graph Classification,PROTEINS,Accuracy,False,2002.03283,1710.10903,77.09,76.786,1
Graph Classification | PROTEINS,Graph Classification,PROTEINS,Accuracy,False,1904.08082,1905.08509,71.86,78.97,0
Graph Classification | PROTEINS,Graph Classification,PROTEINS,Accuracy,False,2006.09430,2305.00724,76.5,72.7,1
Graph Classification | PROTEINS,Graph Classification,PROTEINS,Accuracy,False,1707.05005,2406.03671,73.3,76.17,0
Graph Classification | PROTEINS,Graph Classification,PROTEINS,Accuracy,False,1905.11136,1811.09595,77.2,76.5,1
Graph Classification | PROTEINS,Graph Classification,PROTEINS,Accuracy,False,2205.12454,1904.08082,77.143,71.86,1
Graph Classification | PROTEINS,Graph Classification,PROTEINS,Accuracy,False,2209.08179,1905.08509,78.2,78.97,0
Graph Classification | PROTEINS,Graph Classification,PROTEINS,Accuracy,False,2205.15733,1909.10086,82.9,81.7,1
Graph Classification | PROTEINS,Graph Classification,PROTEINS,Accuracy,False,2410.15001,1811.03508,82.1,74.7,1
Graph Classification | PROTEINS,Graph Classification,PROTEINS,Accuracy,False,1911.07979,1712.03563,74.19,75.1,0
Graph Classification | PROTEINS,Graph Classification,PROTEINS,Accuracy,False,1707.05005,1909.11855,73.3,80.01,0
Graph Classification | PROTEINS,Graph Classification,PROTEINS,Accuracy,False,2205.15733,1811.09595,82.9,76.5,1
Graph Classification | PROTEINS,Graph Classification,PROTEINS,Accuracy,False,2002.03283,2205.12454,77.09,77.143,0
Graph Classification | PROTEINS,Graph Classification,PROTEINS,Accuracy,False,2006.09430,2402.10793,76.5,82.679,0
Graph Classification | PROTEINS,Graph Classification,PROTEINS,Accuracy,False,2102.11533,1609.02907,75.09,75.536,0
Graph Classification | PROTEINS,Graph Classification,PROTEINS,Accuracy,False,1904.08082,1904.12218,71.86,76.31,0
Graph Classification | PROTEINS,Graph Classification,PROTEINS,Accuracy,False,2002.03283,2209.08179,77.09,78.2,0
Graph Classification | PROTEINS,Graph Classification,PROTEINS,Accuracy,False,1905.03046,1603.06186,75.0,76.34,0
Graph Classification | PROTEINS,Graph Classification,PROTEINS,Accuracy,False,2111.06283,1805.09114,76.3,74.55,1
Graph Classification | PROTEINS,Graph Classification,PROTEINS,Accuracy,False,1810.00826,1905.08509,762.0,78.97,1
Graph Classification | PROTEINS,Graph Classification,PROTEINS,Accuracy,False,2305.00724,1904.08082,72.7,71.86,1
Graph Classification | PROTEINS,Graph Classification,PROTEINS,Accuracy,False,2002.03283,1911.07979,77.09,74.19,1
Graph Classification | PROTEINS,Graph Classification,PROTEINS,Accuracy,False,1905.11136,1909.11855,77.2,80.01,0
Graph Classification | PROTEINS,Graph Classification,PROTEINS,Accuracy,False,1805.09114,1810.00826,74.55,762.0,0
Graph Classification | PROTEINS,Graph Classification,PROTEINS,Accuracy,False,1712.03563,1904.13107,75.1,76.6,0
Graph Classification | PROTEINS,Graph Classification,PROTEINS,Accuracy,False,2006.09430,1904.13107,76.5,76.6,0
Graph Classification | PROTEINS,Graph Classification,PROTEINS,Accuracy,False,2002.03283,1911.05954,77.09,84.91,0
Graph Classification | PROTEINS,Graph Classification,PROTEINS,Accuracy,False,1603.06186,2410.15001,76.34,82.1,0
Graph Classification | PROTEINS,Graph Classification,PROTEINS,Accuracy,False,2102.11533,2006.09430,75.09,76.5,0
Graph Classification | PROTEINS,Graph Classification,PROTEINS,Accuracy,False,2102.11533,1911.07979,75.09,74.19,1
Graph Classification | PROTEINS,Graph Classification,PROTEINS,Accuracy,False,1911.07979,1811.03508,74.19,74.7,0
Graph Classification | PROTEINS,Graph Classification,PROTEINS,Accuracy,False,1903.09022,2406.03671,76.78,76.17,1
Graph Classification | PROTEINS,Graph Classification,PROTEINS,Accuracy,False,1905.03046,2102.11533,75.0,75.09,0
Graph Classification | PROTEINS,Graph Classification,PROTEINS,Accuracy,False,1903.02428,1904.12218,75.1,76.31,0
Graph Classification | PROTEINS,Graph Classification,PROTEINS,Accuracy,False,2406.03671,1905.08509,76.17,78.97,0
Graph Classification | PROTEINS,Graph Classification,PROTEINS,Accuracy,False,1805.08090,1909.10086,76.4,81.7,0
Graph Classification | PROTEINS,Graph Classification,PROTEINS,Accuracy,False,2006.09430,1903.09022,76.5,76.78,0
Graph Classification | PROTEINS,Graph Classification,PROTEINS,Accuracy,False,1907.02204,2106.13061,76.81,77.8,0
Graph Classification | PROTEINS,Graph Classification,PROTEINS,Accuracy,False,2205.15733,1710.10903,82.9,76.786,1
Graph Classification | PROTEINS,Graph Classification,PROTEINS,Accuracy,False,2305.00724,1810.00826,72.7,762.0,0
Graph Classification | PROTEINS,Graph Classification,PROTEINS,Accuracy,False,1805.09114,1907.02204,74.55,76.81,0
Graph Classification | PROTEINS,Graph Classification,PROTEINS,Accuracy,False,2205.15733,1603.06186,82.9,76.34,1
Graph Classification | PROTEINS,Graph Classification,PROTEINS,Accuracy,False,2209.08179,1811.03508,78.2,74.7,1
Graph Classification | PROTEINS,Graph Classification,PROTEINS,Accuracy,False,1905.11136,1810.00826,77.2,762.0,0
Graph Classification | PROTEINS,Graph Classification,PROTEINS,Accuracy,False,1911.05954,1904.02278,84.91,76.33,1
Graph Classification | PROTEINS,Graph Classification,PROTEINS,Accuracy,False,2205.15733,1904.13107,82.9,76.6,1
Graph Classification | PROTEINS,Graph Classification,PROTEINS,Accuracy,False,1710.10903,1903.02428,76.786,75.1,1
Graph Classification | PROTEINS,Graph Classification,PROTEINS,Accuracy,False,2111.06283,1911.07979,76.3,74.19,1
Graph Classification | PROTEINS,Graph Classification,PROTEINS,Accuracy,False,2406.03671,1905.05178,76.17,77.68,0
Graph Classification | PROTEINS,Graph Classification,PROTEINS,Accuracy,False,1707.05005,1904.02278,73.3,76.33,0
Graph Classification | PROTEINS,Graph Classification,PROTEINS,Accuracy,False,2111.06283,1904.02278,76.3,76.33,0
Graph Classification | PROTEINS,Graph Classification,PROTEINS,Accuracy,False,1710.10903,1712.03563,76.786,75.1,1
Graph Classification | PROTEINS,Graph Classification,PROTEINS,Accuracy,False,1712.03563,2305.00724,75.1,72.7,1
Graph Classification | PROTEINS,Graph Classification,PROTEINS,Accuracy,False,1911.05954,1905.05178,84.91,77.68,1
Graph Classification | PROTEINS,Graph Classification,PROTEINS,Accuracy,False,1904.13107,1907.02204,76.6,76.81,0
Graph Classification | PROTEINS,Graph Classification,PROTEINS,Accuracy,False,2102.11533,2106.13061,75.09,77.8,0
Graph Classification | PROTEINS,Graph Classification,PROTEINS,Accuracy,False,2306.04004,1712.03563,84.3,75.1,1
Graph Classification | PROTEINS,Graph Classification,PROTEINS,Accuracy,False,2002.03283,2406.03671,77.09,76.17,1
Graph Classification | PROTEINS,Graph Classification,PROTEINS,Accuracy,False,1609.02907,1903.02428,75.536,75.1,1
Graph Classification | PROTEINS,Graph Classification,PROTEINS,Accuracy,False,2205.12454,1905.05178,77.143,77.68,0
Graph Classification | PROTEINS,Graph Classification,PROTEINS,Accuracy,False,1707.05005,1911.05954,73.3,84.91,0
Graph Classification | PROTEINS,Graph Classification,PROTEINS,Accuracy,False,1911.07979,1805.09114,74.19,74.55,0
Graph Classification | PROTEINS,Graph Classification,PROTEINS,Accuracy,False,1603.06186,2402.10793,76.34,82.679,0
Graph Classification | PROTEINS,Graph Classification,PROTEINS,Accuracy,False,1609.02907,1811.03508,75.536,74.7,1
Graph Classification | PROTEINS,Graph Classification,PROTEINS,Accuracy,False,1805.09114,1905.05178,74.55,77.68,0
Graph Classification | PROTEINS,Graph Classification,PROTEINS,Accuracy,False,1911.05954,1810.02244,84.91,76.4,1
Graph Classification | PROTEINS,Graph Classification,PROTEINS,Accuracy,False,1609.02907,1907.02204,75.536,76.81,0
Graph Classification | PROTEINS,Graph Classification,PROTEINS,Accuracy,False,1903.02428,1811.09595,75.1,76.5,0
Graph Classification | PROTEINS,Graph Classification,PROTEINS,Accuracy,False,2205.15733,1811.03508,82.9,74.7,1
Graph Classification | PROTEINS,Graph Classification,PROTEINS,Accuracy,False,2102.11533,2205.15733,75.09,82.9,0
Graph Classification | PROTEINS,Graph Classification,PROTEINS,Accuracy,False,1911.07979,1904.02278,74.19,76.33,0
Graph Classification | PROTEINS,Graph Classification,PROTEINS,Accuracy,False,1905.05178,1904.02278,77.68,76.33,1
Graph Classification | PROTEINS,Graph Classification,PROTEINS,Accuracy,False,1905.03046,2206.07369,75.0,75.38,0
Graph Classification | PROTEINS,Graph Classification,PROTEINS,Accuracy,False,2002.03283,1909.11855,77.09,80.01,0
Graph Classification | PROTEINS,Graph Classification,PROTEINS,Accuracy,False,2006.09430,1904.02278,76.5,76.33,1
Graph Classification | PROTEINS,Graph Classification,PROTEINS,Accuracy,False,2102.11533,1904.13107,75.09,76.6,0
Graph Classification | PROTEINS,Graph Classification,PROTEINS,Accuracy,False,2306.04004,1810.02244,84.3,76.4,1
Graph Classification | PROTEINS,Graph Classification,PROTEINS,Accuracy,False,1905.03046,2002.03283,75.0,77.09,0
Graph Classification | PROTEINS,Graph Classification,PROTEINS,Accuracy,False,2006.09430,1810.02244,76.5,76.4,1
Graph Classification | PROTEINS,Graph Classification,PROTEINS,Accuracy,False,1911.07979,1811.09595,74.19,76.5,0
Graph Classification | PROTEINS,Graph Classification,PROTEINS,Accuracy,False,2306.04004,1810.00826,84.3,762.0,0
Graph Classification | PROTEINS,Graph Classification,PROTEINS,Accuracy,False,2111.06283,1909.10086,76.3,81.7,0
Graph Classification | PROTEINS,Graph Classification,PROTEINS,Accuracy,False,1911.05954,2305.00724,84.91,72.7,1
Graph Classification | PROTEINS,Graph Classification,PROTEINS,Accuracy,False,2206.07369,2006.09430,75.38,76.5,0
Graph Classification | PROTEINS,Graph Classification,PROTEINS,Accuracy,False,2102.11533,1904.02278,75.09,76.33,0
Graph Classification | PROTEINS,Graph Classification,PROTEINS,Accuracy,False,1707.05005,2209.08179,73.3,78.2,0
Graph Classification | PROTEINS,Graph Classification,PROTEINS,Accuracy,False,1609.02907,1805.09114,75.536,74.55,1
Graph Classification | PROTEINS,Graph Classification,PROTEINS,Accuracy,False,1811.09595,1904.02278,76.5,76.33,1
Graph Classification | PROTEINS,Graph Classification,PROTEINS,Accuracy,False,1707.05005,2305.00724,73.3,72.7,1
Graph Classification | PROTEINS,Graph Classification,PROTEINS,Accuracy,False,1904.13107,2406.03671,76.6,76.17,1
Graph Classification | PROTEINS,Graph Classification,PROTEINS,Accuracy,False,1603.06186,1609.02907,76.34,75.536,1
Graph Classification | PROTEINS,Graph Classification,PROTEINS,Accuracy,False,1903.02428,1905.08509,75.1,78.97,0
Graph Classification | PROTEINS,Graph Classification,PROTEINS,Accuracy,False,2106.13061,1810.02244,77.8,76.4,1
Graph Classification | PROTEINS,Graph Classification,PROTEINS,Accuracy,False,2205.12454,1904.12218,77.143,76.31,1
Graph Classification | PROTEINS,Graph Classification,PROTEINS,Accuracy,False,1810.00826,2402.10793,762.0,82.679,1
Graph Classification | PROTEINS,Graph Classification,PROTEINS,Accuracy,False,1811.09595,2106.13061,76.5,77.8,0
Graph Classification | PROTEINS,Graph Classification,PROTEINS,Accuracy,False,1609.02907,1810.00826,75.536,762.0,0
Graph Classification | PROTEINS,Graph Classification,PROTEINS,Accuracy,False,1911.07979,1907.02204,74.19,76.81,0
Graph Classification | PROTEINS,Graph Classification,PROTEINS,Accuracy,False,2305.00724,1905.08509,72.7,78.97,0
Graph Classification | PROTEINS,Graph Classification,PROTEINS,Accuracy,False,2006.09430,1904.08082,76.5,71.86,1
Graph Classification | PROTEINS,Graph Classification,PROTEINS,Accuracy,False,2205.12454,1905.08509,77.143,78.97,0
Graph Classification | PROTEINS,Graph Classification,PROTEINS,Accuracy,False,2410.15001,1810.02244,82.1,76.4,1
Graph Classification | PROTEINS,Graph Classification,PROTEINS,Accuracy,False,1603.06186,1905.08509,76.34,78.97,0
Graph Classification | PROTEINS,Graph Classification,PROTEINS,Accuracy,False,1904.13107,1909.10086,76.6,81.7,0
Graph Classification | PROTEINS,Graph Classification,PROTEINS,Accuracy,False,1903.09022,1811.03508,76.78,74.7,1
Graph Classification | PROTEINS,Graph Classification,PROTEINS,Accuracy,False,1603.06186,1712.03563,76.34,75.1,1
Graph Classification | PROTEINS,Graph Classification,PROTEINS,Accuracy,False,1909.10086,1905.05178,81.7,77.68,1
Graph Classification | PROTEINS,Graph Classification,PROTEINS,Accuracy,False,2410.15001,2406.03671,82.1,76.17,1
Graph Classification | PROTEINS,Graph Classification,PROTEINS,Accuracy,False,1810.00826,2406.03671,762.0,76.17,1
Graph Classification | PROTEINS,Graph Classification,PROTEINS,Accuracy,False,1712.03563,1805.09114,75.1,74.55,1
Graph Classification | PROTEINS,Graph Classification,PROTEINS,Accuracy,False,2306.04004,1907.02204,84.3,76.81,1
Graph Classification | PROTEINS,Graph Classification,PROTEINS,Accuracy,False,1911.05954,2406.03671,84.91,76.17,1
Graph Classification | PROTEINS,Graph Classification,PROTEINS,Accuracy,False,2406.03671,1904.02278,76.17,76.33,0
Graph Classification | PROTEINS,Graph Classification,PROTEINS,Accuracy,False,2206.07369,1904.02278,75.38,76.33,0
Graph Classification | PROTEINS,Graph Classification,PROTEINS,Accuracy,False,2205.15733,1712.03563,82.9,75.1,1
Graph Classification | PROTEINS,Graph Classification,PROTEINS,Accuracy,False,1905.11136,1911.07979,77.2,74.19,1
Graph Classification | PROTEINS,Graph Classification,PROTEINS,Accuracy,False,1805.08090,1603.06186,76.4,76.34,1
Graph Classification | PROTEINS,Graph Classification,PROTEINS,Accuracy,False,1805.08090,2402.10793,76.4,82.679,0
Graph Classification | PROTEINS,Graph Classification,PROTEINS,Accuracy,False,1712.03563,2006.09430,75.1,76.5,0
Graph Classification | PROTEINS,Graph Classification,PROTEINS,Accuracy,False,1603.06186,1903.02428,76.34,75.1,1
Graph Classification | PROTEINS,Graph Classification,PROTEINS,Accuracy,False,2205.12454,1811.03508,77.143,74.7,1
Graph Classification | PROTEINS,Graph Classification,PROTEINS,Accuracy,False,1903.02428,1909.11855,75.1,80.01,0
Graph Classification | PROTEINS,Graph Classification,PROTEINS,Accuracy,False,1805.08090,1810.00826,76.4,762.0,0
Graph Classification | PROTEINS,Graph Classification,PROTEINS,Accuracy,False,2111.06283,2106.13061,76.3,77.8,0
Graph Classification | PROTEINS,Graph Classification,PROTEINS,Accuracy,False,1811.03508,1904.12218,74.7,76.31,0
Graph Classification | PROTEINS,Graph Classification,PROTEINS,Accuracy,False,1903.09022,1904.02278,76.78,76.33,1
Graph Classification | PROTEINS,Graph Classification,PROTEINS,Accuracy,False,1909.10086,1903.09022,81.7,76.78,1
Graph Classification | PROTEINS,Graph Classification,PROTEINS,Accuracy,False,2209.08179,1905.11136,78.2,77.2,1
Graph Classification | PROTEINS,Graph Classification,PROTEINS,Accuracy,False,1907.02204,1904.12218,76.81,76.31,1
Graph Classification | PROTEINS,Graph Classification,PROTEINS,Accuracy,False,1905.11136,2006.09430,77.2,76.5,1
Graph Classification | PROTEINS,Graph Classification,PROTEINS,Accuracy,False,1911.05954,1811.03508,84.91,74.7,1
Graph Classification | PROTEINS,Graph Classification,PROTEINS,Accuracy,False,2306.04004,1911.07979,84.3,74.19,1
Graph Classification | PROTEINS,Graph Classification,PROTEINS,Accuracy,False,2306.04004,2205.12454,84.3,77.143,1
Graph Classification | PROTEINS,Graph Classification,PROTEINS,Accuracy,False,1907.02204,2406.03671,76.81,76.17,1
Graph Classification | PROTEINS,Graph Classification,PROTEINS,Accuracy,False,1710.10903,1811.09595,76.786,76.5,1
Graph Classification | PROTEINS,Graph Classification,PROTEINS,Accuracy,False,1911.07979,2106.13061,74.19,77.8,0
Graph Classification | PROTEINS,Graph Classification,PROTEINS,Accuracy,False,1805.09114,1903.09022,74.55,76.78,0
Graph Classification | PROTEINS,Graph Classification,PROTEINS,Accuracy,False,1707.05005,1905.08509,73.3,78.97,0
Graph Classification | PROTEINS,Graph Classification,PROTEINS,Accuracy,False,1805.08090,1609.02907,76.4,75.536,1
Graph Classification | PROTEINS,Graph Classification,PROTEINS,Accuracy,False,1712.03563,1907.02204,75.1,76.81,0
Graph Classification | PROTEINS,Graph Classification,PROTEINS,Accuracy,False,1805.09114,1904.12218,74.55,76.31,0
Graph Classification | PROTEINS,Graph Classification,PROTEINS,Accuracy,False,1905.03046,1904.02278,75.0,76.33,0
Graph Classification | PROTEINS,Graph Classification,PROTEINS,Accuracy,False,1909.10086,2402.10793,81.7,82.679,0
Graph Classification | PROTEINS,Graph Classification,PROTEINS,Accuracy,False,1905.11136,1710.10903,77.2,76.786,1
Graph Classification | PROTEINS,Graph Classification,PROTEINS,Accuracy,False,1707.05005,1905.05178,73.3,77.68,0
Graph Classification | PROTEINS,Graph Classification,PROTEINS,Accuracy,False,1904.08082,2406.03671,71.86,76.17,0
Graph Classification | PROTEINS,Graph Classification,PROTEINS,Accuracy,False,2206.07369,1909.10086,75.38,81.7,0
Graph Classification | PROTEINS,Graph Classification,PROTEINS,Accuracy,False,1712.03563,1911.05954,75.1,84.91,0
Graph Classification | PROTEINS,Graph Classification,PROTEINS,Accuracy,False,2306.04004,1603.06186,84.3,76.34,1
Graph Classification | PROTEINS,Graph Classification,PROTEINS,Accuracy,False,1710.10903,1810.02244,76.786,76.4,1
Graph Classification | PROTEINS,Graph Classification,PROTEINS,Accuracy,False,2111.06283,1810.00826,76.3,762.0,0
Graph Classification | PROTEINS,Graph Classification,PROTEINS,Accuracy,False,1707.05005,2402.10793,73.3,82.679,0
Graph Classification | PROTEINS,Graph Classification,PROTEINS,Accuracy,False,1911.07979,2410.15001,74.19,82.1,0
Graph Classification | PROTEINS,Graph Classification,PROTEINS,Accuracy,False,1805.08090,1904.12218,76.4,76.31,1
Graph Classification | PROTEINS,Graph Classification,PROTEINS,Accuracy,False,1712.03563,1904.12218,75.1,76.31,0
3D Human Pose Estimation | MPI-INF-3DHP,3D Human Pose Estimation,MPI-INF-3DHP,MPJPE,False,2404.00658,2103.14182,16.7,94.3,0
3D Human Pose Estimation | MPI-INF-3DHP,3D Human Pose Estimation,MPI-INF-3DHP,MPJPE,False,2302.01058,2305.00181,88.8,94.0,0
3D Human Pose Estimation | MPI-INF-3DHP,3D Human Pose Estimation,MPI-INF-3DHP,MPJPE,False,2404.00658,2302.04774,16.7,86.2,0
3D Human Pose Estimation | MPI-INF-3DHP,3D Human Pose Estimation,MPI-INF-3DHP,MPJPE,False,2011.14672,2211.11734,91.0,67.6,1
3D Human Pose Estimation | MPI-INF-3DHP,3D Human Pose Estimation,MPI-INF-3DHP,MPJPE,False,2004.13985,2011.14672,68.1,91.0,0
3D Human Pose Estimation | MPI-INF-3DHP,3D Human Pose Estimation,MPI-INF-3DHP,MPJPE,False,2303.16456,1902.09868,61.3,97.8,0
3D Human Pose Estimation | MPI-INF-3DHP,3D Human Pose Estimation,MPI-INF-3DHP,MPJPE,False,2303.16456,2109.02303,61.3,83.6,0
3D Human Pose Estimation | MPI-INF-3DHP,3D Human Pose Estimation,MPI-INF-3DHP,MPJPE,False,2110.09243,2207.12537,97.4,96.2,1
3D Human Pose Estimation | MPI-INF-3DHP,3D Human Pose Estimation,MPI-INF-3DHP,MPJPE,False,2304.02147,2011.14672,53.6,91.0,0
3D Human Pose Estimation | MPI-INF-3DHP,3D Human Pose Estimation,MPI-INF-3DHP,MPJPE,False,2004.13985,1902.09868,68.1,97.8,0
3D Human Pose Estimation | MPI-INF-3DHP,3D Human Pose Estimation,MPI-INF-3DHP,MPJPE,False,1712.06584,2203.15625,124.2,79.5,1
3D Human Pose Estimation | MPI-INF-3DHP,3D Human Pose Estimation,MPI-INF-3DHP,MPJPE,False,2302.04774,2305.11101,86.2,109.8,0
3D Human Pose Estimation | MPI-INF-3DHP,3D Human Pose Estimation,MPI-INF-3DHP,MPJPE,False,2304.02147,2107.07797,53.6,42.5,1
3D Human Pose Estimation | MPI-INF-3DHP,3D Human Pose Estimation,MPI-INF-3DHP,MPJPE,False,2303.13397,2309.01365,97.8,40.5,1
3D Human Pose Estimation | MPI-INF-3DHP,3D Human Pose Estimation,MPI-INF-3DHP,MPJPE,False,2302.04774,2011.14672,86.2,91.0,0
3D Human Pose Estimation | MPI-INF-3DHP,3D Human Pose Estimation,MPI-INF-3DHP,MPJPE,False,2011.08627,2305.11101,97.4,109.8,0
3D Human Pose Estimation | MPI-INF-3DHP,3D Human Pose Estimation,MPI-INF-3DHP,MPJPE,False,2501.01770,2011.14672,17.8,91.0,0
3D Human Pose Estimation | MPI-INF-3DHP,3D Human Pose Estimation,MPI-INF-3DHP,MPJPE,False,1908.08289,2002.10322,79.8,79.1,1
3D Human Pose Estimation | MPI-INF-3DHP,3D Human Pose Estimation,MPI-INF-3DHP,MPJPE,False,2103.14182,2011.14672,94.3,91.0,1
3D Human Pose Estimation | MPI-INF-3DHP,3D Human Pose Estimation,MPI-INF-3DHP,MPJPE,False,1908.08289,2011.14672,79.8,91.0,0
3D Human Pose Estimation | MPI-INF-3DHP,3D Human Pose Estimation,MPI-INF-3DHP,MPJPE,False,2107.07797,2207.12537,42.5,96.2,0
3D Human Pose Estimation | MPI-INF-3DHP,3D Human Pose Estimation,MPI-INF-3DHP,MPJPE,False,2303.13397,2105.02465,97.8,76.6,1
3D Human Pose Estimation | MPI-INF-3DHP,3D Human Pose Estimation,MPI-INF-3DHP,MPJPE,False,2103.14182,2203.15625,94.3,79.5,1
3D Human Pose Estimation | MPI-INF-3DHP,3D Human Pose Estimation,MPI-INF-3DHP,MPJPE,False,2309.01365,2203.08534,40.5,96.7,0
3D Human Pose Estimation | MPI-INF-3DHP,3D Human Pose Estimation,MPI-INF-3DHP,MPJPE,False,2302.04774,2410.15582,86.2,71.8,1
3D Human Pose Estimation | MPI-INF-3DHP,3D Human Pose Estimation,MPI-INF-3DHP,MPJPE,False,2404.00658,2110.09243,16.7,97.4,0
3D Human Pose Estimation | MPI-INF-3DHP,3D Human Pose Estimation,MPI-INF-3DHP,MPJPE,False,2304.02147,2309.01365,53.6,40.5,1
3D Human Pose Estimation | MPI-INF-3DHP,3D Human Pose Estimation,MPI-INF-3DHP,MPJPE,False,2003.07581,2109.07353,110.8,76.0,1
3D Human Pose Estimation | MPI-INF-3DHP,3D Human Pose Estimation,MPI-INF-3DHP,MPJPE,False,2410.15582,2210.04006,71.8,28.2,1
3D Human Pose Estimation | MPI-INF-3DHP,3D Human Pose Estimation,MPI-INF-3DHP,MPJPE,False,2210.04006,2002.10322,28.2,79.1,0
3D Human Pose Estimation | MPI-INF-3DHP,3D Human Pose Estimation,MPI-INF-3DHP,MPJPE,False,2107.07797,2203.08534,42.5,96.7,0
3D Human Pose Estimation | MPI-INF-3DHP,3D Human Pose Estimation,MPI-INF-3DHP,MPJPE,False,2303.13397,2103.14182,97.8,94.3,1
3D Human Pose Estimation | MPI-INF-3DHP,3D Human Pose Estimation,MPI-INF-3DHP,MPJPE,False,2210.04006,2207.12537,28.2,96.2,0
3D Human Pose Estimation | MPI-INF-3DHP,3D Human Pose Estimation,MPI-INF-3DHP,MPJPE,False,2304.05690,2203.08534,91.0,96.7,0
3D Human Pose Estimation | MPI-INF-3DHP,3D Human Pose Estimation,MPI-INF-3DHP,MPJPE,False,2305.11101,2203.07628,109.8,32.2,1
3D Human Pose Estimation | MPI-INF-3DHP,3D Human Pose Estimation,MPI-INF-3DHP,MPJPE,False,2003.07581,2207.12537,110.8,96.2,1
3D Human Pose Estimation | MPI-INF-3DHP,3D Human Pose Estimation,MPI-INF-3DHP,MPJPE,False,2103.14182,2305.11101,94.3,109.8,0
3D Human Pose Estimation | MPI-INF-3DHP,3D Human Pose Estimation,MPI-INF-3DHP,MPJPE,False,2002.10322,2305.11101,79.1,109.8,0
3D Human Pose Estimation | MPI-INF-3DHP,3D Human Pose Estimation,MPI-INF-3DHP,MPJPE,False,2210.04006,2203.07628,28.2,32.2,0
3D Human Pose Estimation | MPI-INF-3DHP,3D Human Pose Estimation,MPI-INF-3DHP,MPJPE,False,2303.16456,1912.05656,61.3,96.6,0
3D Human Pose Estimation | MPI-INF-3DHP,3D Human Pose Estimation,MPI-INF-3DHP,MPJPE,False,2110.09243,2305.11101,97.4,109.8,0
3D Human Pose Estimation | MPI-INF-3DHP,3D Human Pose Estimation,MPI-INF-3DHP,MPJPE,False,2203.13387,2207.12537,76.3,96.2,0
3D Human Pose Estimation | MPI-INF-3DHP,3D Human Pose Estimation,MPI-INF-3DHP,MPJPE,False,2210.04006,2011.14672,28.2,91.0,0
3D Human Pose Estimation | MPI-INF-3DHP,3D Human Pose Estimation,MPI-INF-3DHP,MPJPE,False,2301.07322,2203.11471,28.3,46.6,0
3D Human Pose Estimation | MPI-INF-3DHP,3D Human Pose Estimation,MPI-INF-3DHP,MPJPE,False,2003.07581,1902.09868,110.8,97.8,1
3D Human Pose Estimation | MPI-INF-3DHP,3D Human Pose Estimation,MPI-INF-3DHP,MPJPE,False,2110.09243,1712.06584,97.4,124.2,0
3D Human Pose Estimation | MPI-INF-3DHP,3D Human Pose Estimation,MPI-INF-3DHP,MPJPE,False,1712.06584,2501.01770,124.2,17.8,1
3D Human Pose Estimation | MPI-INF-3DHP,3D Human Pose Estimation,MPI-INF-3DHP,MPJPE,False,2303.16456,2210.04006,61.3,28.2,1
3D Human Pose Estimation | MPI-INF-3DHP,3D Human Pose Estimation,MPI-INF-3DHP,MPJPE,False,2109.07353,2305.11101,76.0,109.8,0
3D Human Pose Estimation | MPI-INF-3DHP,3D Human Pose Estimation,MPI-INF-3DHP,MPJPE,False,1912.05656,2110.09243,96.6,97.4,0
3D Human Pose Estimation | MPI-INF-3DHP,3D Human Pose Estimation,MPI-INF-3DHP,MPJPE,False,2003.07581,2304.05690,110.8,91.0,1
3D Human Pose Estimation | MPI-INF-3DHP,3D Human Pose Estimation,MPI-INF-3DHP,MPJPE,False,2107.07797,2211.11734,42.5,67.6,0
3D Human Pose Estimation | MPI-INF-3DHP,3D Human Pose Estimation,MPI-INF-3DHP,MPJPE,False,2011.08627,2302.01058,97.4,88.8,1
3D Human Pose Estimation | MPI-INF-3DHP,3D Human Pose Estimation,MPI-INF-3DHP,MPJPE,False,2301.07322,2305.00181,28.3,94.0,0
3D Human Pose Estimation | MPI-INF-3DHP,3D Human Pose Estimation,MPI-INF-3DHP,MPJPE,False,2303.13397,2310.16288,97.8,19.2,1
3D Human Pose Estimation | MPI-INF-3DHP,3D Human Pose Estimation,MPI-INF-3DHP,MPJPE,False,2304.02147,1712.03453,53.6,122.2,0
3D Human Pose Estimation | MPI-INF-3DHP,3D Human Pose Estimation,MPI-INF-3DHP,MPJPE,False,2304.05690,2208.11251,91.0,45.87,1
3D Human Pose Estimation | MPI-INF-3DHP,3D Human Pose Estimation,MPI-INF-3DHP,MPJPE,False,2303.13397,2011.08627,97.8,97.4,1
3D Human Pose Estimation | MPI-INF-3DHP,3D Human Pose Estimation,MPI-INF-3DHP,MPJPE,False,2003.07581,2305.11101,110.8,109.8,1
3D Human Pose Estimation | MPI-INF-3DHP,3D Human Pose Estimation,MPI-INF-3DHP,MPJPE,False,1912.05656,2302.01058,96.6,88.8,1
3D Human Pose Estimation | MPI-INF-3DHP,3D Human Pose Estimation,MPI-INF-3DHP,MPJPE,False,2404.00658,2203.13387,16.7,76.3,0
3D Human Pose Estimation | MPI-INF-3DHP,3D Human Pose Estimation,MPI-INF-3DHP,MPJPE,False,2501.01770,2105.02465,17.8,76.6,0
3D Human Pose Estimation | MPI-INF-3DHP,3D Human Pose Estimation,MPI-INF-3DHP,MPJPE,False,2304.05690,2002.10322,91.0,79.1,1
3D Human Pose Estimation | MPI-INF-3DHP,3D Human Pose Estimation,MPI-INF-3DHP,MPJPE,False,2207.12537,2211.11734,96.2,67.6,1
3D Human Pose Estimation | MPI-INF-3DHP,3D Human Pose Estimation,MPI-INF-3DHP,MPJPE,False,2107.07797,2501.01770,42.5,17.8,1
3D Human Pose Estimation | MPI-INF-3DHP,3D Human Pose Estimation,MPI-INF-3DHP,MPJPE,False,2210.04006,2301.07322,28.2,28.3,0
3D Human Pose Estimation | MPI-INF-3DHP,3D Human Pose Estimation,MPI-INF-3DHP,MPJPE,False,2002.10322,2203.07628,79.1,32.2,1
3D Human Pose Estimation | MPI-INF-3DHP,3D Human Pose Estimation,MPI-INF-3DHP,MPJPE,False,2203.13387,2002.10322,76.3,79.1,0
3D Human Pose Estimation | MPI-INF-3DHP,3D Human Pose Estimation,MPI-INF-3DHP,MPJPE,False,1712.03453,1902.09868,122.2,97.8,1
3D Human Pose Estimation | MPI-INF-3DHP,3D Human Pose Estimation,MPI-INF-3DHP,MPJPE,False,2304.02147,2003.07581,53.6,110.8,0
3D Human Pose Estimation | MPI-INF-3DHP,3D Human Pose Estimation,MPI-INF-3DHP,MPJPE,False,2302.04774,2105.02465,86.2,76.6,1
3D Human Pose Estimation | MPI-INF-3DHP,3D Human Pose Estimation,MPI-INF-3DHP,MPJPE,False,2109.02303,2302.04774,83.6,86.2,0
3D Human Pose Estimation | MPI-INF-3DHP,3D Human Pose Estimation,MPI-INF-3DHP,MPJPE,False,1712.06584,2011.14672,124.2,91.0,1
3D Human Pose Estimation | MPI-INF-3DHP,3D Human Pose Estimation,MPI-INF-3DHP,MPJPE,False,2110.09243,2211.11734,97.4,67.6,1
3D Human Pose Estimation | MPI-INF-3DHP,3D Human Pose Estimation,MPI-INF-3DHP,MPJPE,False,2002.10322,2301.07322,79.1,28.3,1
3D Human Pose Estimation | MPI-INF-3DHP,3D Human Pose Estimation,MPI-INF-3DHP,MPJPE,False,2203.15625,2207.12537,79.5,96.2,0
3D Human Pose Estimation | MPI-INF-3DHP,3D Human Pose Estimation,MPI-INF-3DHP,MPJPE,False,2304.02147,2310.16288,53.6,19.2,1
3D Human Pose Estimation | MPI-INF-3DHP,3D Human Pose Estimation,MPI-INF-3DHP,MPJPE,False,2302.01058,2203.15625,88.8,79.5,1
3D Human Pose Estimation | MPI-INF-3DHP,3D Human Pose Estimation,MPI-INF-3DHP,MPJPE,False,2310.16288,2207.12537,19.2,96.2,0
3D Human Pose Estimation | MPI-INF-3DHP,3D Human Pose Estimation,MPI-INF-3DHP,MPJPE,False,2304.05690,2004.13985,91.0,68.1,1
3D Human Pose Estimation | MPI-INF-3DHP,3D Human Pose Estimation,MPI-INF-3DHP,MPJPE,False,2410.15582,1712.03453,71.8,122.2,0
3D Human Pose Estimation | MPI-INF-3DHP,3D Human Pose Estimation,MPI-INF-3DHP,MPJPE,False,1912.05656,2107.07797,96.6,42.5,1
3D Human Pose Estimation | MPI-INF-3DHP,3D Human Pose Estimation,MPI-INF-3DHP,MPJPE,False,2303.16456,2207.12537,61.3,96.2,0
3D Human Pose Estimation | MPI-INF-3DHP,3D Human Pose Estimation,MPI-INF-3DHP,MPJPE,False,2002.10322,2203.08534,79.1,96.7,0
3D Human Pose Estimation | MPI-INF-3DHP,3D Human Pose Estimation,MPI-INF-3DHP,MPJPE,False,2304.05690,2302.01058,91.0,88.8,1
3D Human Pose Estimation | MPI-INF-3DHP,3D Human Pose Estimation,MPI-INF-3DHP,MPJPE,False,2501.01770,2211.11734,17.8,67.6,0
3D Human Pose Estimation | MPI-INF-3DHP,3D Human Pose Estimation,MPI-INF-3DHP,MPJPE,False,2109.02303,2203.07628,83.6,32.2,1
3D Human Pose Estimation | MPI-INF-3DHP,3D Human Pose Estimation,MPI-INF-3DHP,MPJPE,False,2203.07628,2309.01365,32.2,40.5,0
3D Human Pose Estimation | MPI-INF-3DHP,3D Human Pose Estimation,MPI-INF-3DHP,MPJPE,False,2304.02147,1912.05656,53.6,96.6,0
3D Human Pose Estimation | MPI-INF-3DHP,3D Human Pose Estimation,MPI-INF-3DHP,MPJPE,False,2303.16456,2309.01365,61.3,40.5,1
3D Human Pose Estimation | MPI-INF-3DHP,3D Human Pose Estimation,MPI-INF-3DHP,MPJPE,False,2103.14182,2203.07628,94.3,32.2,1
3D Human Pose Estimation | MPI-INF-3DHP,3D Human Pose Estimation,MPI-INF-3DHP,MPJPE,False,2203.13387,2109.07353,76.3,76.0,1
3D Human Pose Estimation | MPI-INF-3DHP,3D Human Pose Estimation,MPI-INF-3DHP,MPJPE,False,2203.13387,2302.04774,76.3,86.2,0
3D Human Pose Estimation | MPI-INF-3DHP,3D Human Pose Estimation,MPI-INF-3DHP,MPJPE,False,2302.04774,2310.16288,86.2,19.2,1
3D Human Pose Estimation | MPI-INF-3DHP,3D Human Pose Estimation,MPI-INF-3DHP,MPJPE,False,2109.02303,2310.16288,83.6,19.2,1
3D Human Pose Estimation | MPI-INF-3DHP,3D Human Pose Estimation,MPI-INF-3DHP,MPJPE,False,2304.05690,2207.12537,91.0,96.2,0
3D Human Pose Estimation | MPI-INF-3DHP,3D Human Pose Estimation,MPI-INF-3DHP,MPJPE,False,2304.02147,2305.11101,53.6,109.8,0
3D Human Pose Estimation | MPI-INF-3DHP,3D Human Pose Estimation,MPI-INF-3DHP,MPJPE,False,2307.03833,2203.07628,55.2,32.2,1
3D Human Pose Estimation | MPI-INF-3DHP,3D Human Pose Estimation,MPI-INF-3DHP,MPJPE,False,2302.01058,2302.04774,88.8,86.2,1
3D Human Pose Estimation | MPI-INF-3DHP,3D Human Pose Estimation,MPI-INF-3DHP,MPJPE,False,2004.13985,2211.11734,68.1,67.6,1
3D Human Pose Estimation | MPI-INF-3DHP,3D Human Pose Estimation,MPI-INF-3DHP,MPJPE,False,2109.07353,2109.02303,76.0,83.6,0
3D Human Pose Estimation | MPI-INF-3DHP,3D Human Pose Estimation,MPI-INF-3DHP,MPJPE,False,2303.16456,2410.15582,61.3,71.8,0
3D Human Pose Estimation | MPI-INF-3DHP,3D Human Pose Estimation,MPI-INF-3DHP,MPJPE,False,2404.00658,1712.03453,16.7,122.2,0
3D Human Pose Estimation | MPI-INF-3DHP,3D Human Pose Estimation,MPI-INF-3DHP,MPJPE,False,2410.15582,2501.01770,71.8,17.8,1
3D Human Pose Estimation | MPI-INF-3DHP,3D Human Pose Estimation,MPI-INF-3DHP,MPJPE,False,2302.01058,2203.07628,88.8,32.2,1
3D Human Pose Estimation | MPI-INF-3DHP,3D Human Pose Estimation,MPI-INF-3DHP,MPJPE,False,2003.07581,2107.07797,110.8,42.5,1
3D Human Pose Estimation | MPI-INF-3DHP,3D Human Pose Estimation,MPI-INF-3DHP,MPJPE,False,2304.02147,2302.01058,53.6,88.8,0
3D Human Pose Estimation | MPI-INF-3DHP,3D Human Pose Estimation,MPI-INF-3DHP,MPJPE,False,2303.16456,2105.02465,61.3,76.6,0
3D Human Pose Estimation | MPI-INF-3DHP,3D Human Pose Estimation,MPI-INF-3DHP,MPJPE,False,2109.02303,2210.04006,83.6,28.2,1
3D Human Pose Estimation | MPI-INF-3DHP,3D Human Pose Estimation,MPI-INF-3DHP,MPJPE,False,1908.08289,2003.07581,79.8,110.8,0
3D Human Pose Estimation | MPI-INF-3DHP,3D Human Pose Estimation,MPI-INF-3DHP,MPJPE,False,2208.11251,2203.11471,45.87,46.6,0
3D Human Pose Estimation | MPI-INF-3DHP,3D Human Pose Estimation,MPI-INF-3DHP,MPJPE,False,1902.09868,2310.16288,97.8,19.2,1
3D Human Pose Estimation | MPI-INF-3DHP,3D Human Pose Estimation,MPI-INF-3DHP,MPJPE,False,2303.13397,2203.08534,97.8,96.7,1
3D Human Pose Estimation | MPI-INF-3DHP,3D Human Pose Estimation,MPI-INF-3DHP,MPJPE,False,1912.05656,1712.06584,96.6,124.2,0
3D Human Pose Estimation | MPI-INF-3DHP,3D Human Pose Estimation,MPI-INF-3DHP,MPJPE,False,2109.07353,2410.15582,76.0,71.8,1
3D Human Pose Estimation | MPI-INF-3DHP,3D Human Pose Estimation,MPI-INF-3DHP,MPJPE,False,2203.13387,1712.06584,76.3,124.2,0
3D Human Pose Estimation | MPI-INF-3DHP,3D Human Pose Estimation,MPI-INF-3DHP,MPJPE,False,2210.04006,1712.03453,28.2,122.2,0
3D Human Pose Estimation | MPI-INF-3DHP,3D Human Pose Estimation,MPI-INF-3DHP,MPJPE,False,2003.07581,1712.03453,110.8,122.2,0
3D Human Pose Estimation | MPI-INF-3DHP,3D Human Pose Estimation,MPI-INF-3DHP,MPJPE,False,2302.01058,2203.08534,88.8,96.7,0
3D Human Pose Estimation | MPI-INF-3DHP,3D Human Pose Estimation,MPI-INF-3DHP,MPJPE,False,2302.01058,2110.09243,88.8,97.4,0
3D Human Pose Estimation | MPI-INF-3DHP,3D Human Pose Estimation,MPI-INF-3DHP,MPJPE,False,2203.13387,1908.08289,76.3,79.8,0
3D Human Pose Estimation | MPI-INF-3DHP,3D Human Pose Estimation,MPI-INF-3DHP,MPJPE,False,2011.08627,2109.02303,97.4,83.6,1
3D Human Pose Estimation | MPI-INF-3DHP,3D Human Pose Estimation,MPI-INF-3DHP,MPJPE,False,2110.09243,2305.00181,97.4,94.0,1
3D Human Pose Estimation | MPI-INF-3DHP,3D Human Pose Estimation,MPI-INF-3DHP,MPJPE,False,2404.00658,1912.05656,16.7,96.6,0
3D Human Pose Estimation | MPI-INF-3DHP,3D Human Pose Estimation,MPI-INF-3DHP,MPJPE,False,2304.05690,2501.01770,91.0,17.8,1
3D Human Pose Estimation | MPI-INF-3DHP,3D Human Pose Estimation,MPI-INF-3DHP,MPJPE,False,1712.03453,2310.16288,122.2,19.2,1
3D Human Pose Estimation | MPI-INF-3DHP,3D Human Pose Estimation,MPI-INF-3DHP,MPJPE,False,1712.03453,2203.08534,122.2,96.7,1
3D Human Pose Estimation | MPI-INF-3DHP,3D Human Pose Estimation,MPI-INF-3DHP,MPJPE,False,1902.09868,2305.00181,97.8,94.0,1
3D Human Pose Estimation | MPI-INF-3DHP,3D Human Pose Estimation,MPI-INF-3DHP,MPJPE,False,2302.04774,2203.07628,86.2,32.2,1
3D Human Pose Estimation | MPI-INF-3DHP,3D Human Pose Estimation,MPI-INF-3DHP,MPJPE,False,2110.09243,2208.11251,97.4,45.87,1
3D Human Pose Estimation | MPI-INF-3DHP,3D Human Pose Estimation,MPI-INF-3DHP,MPJPE,False,1912.05656,2307.03833,96.6,55.2,1
3D Human Pose Estimation | MPI-INF-3DHP,3D Human Pose Estimation,MPI-INF-3DHP,MPJPE,False,1712.03453,2207.12537,122.2,96.2,1
3D Human Pose Estimation | MPI-INF-3DHP,3D Human Pose Estimation,MPI-INF-3DHP,MPJPE,False,2303.13397,2203.13387,97.8,76.3,1
3D Human Pose Estimation | MPI-INF-3DHP,3D Human Pose Estimation,MPI-INF-3DHP,MPJPE,False,2203.13387,2208.11251,76.3,45.87,1
3D Human Pose Estimation | MPI-INF-3DHP,3D Human Pose Estimation,MPI-INF-3DHP,MPJPE,False,2303.16456,2305.11101,61.3,109.8,0
3D Human Pose Estimation | MPI-INF-3DHP,3D Human Pose Estimation,MPI-INF-3DHP,MPJPE,False,1912.05656,2002.10322,96.6,79.1,1
3D Human Pose Estimation | MPI-INF-3DHP,3D Human Pose Estimation,MPI-INF-3DHP,MPJPE,False,2404.00658,1902.09868,16.7,97.8,0
3D Human Pose Estimation | MPI-INF-3DHP,3D Human Pose Estimation,MPI-INF-3DHP,MPJPE,False,2303.16456,2404.00658,61.3,16.7,1
3D Human Pose Estimation | MPI-INF-3DHP,3D Human Pose Estimation,MPI-INF-3DHP,MPJPE,False,2110.09243,2310.16288,97.4,19.2,1
3D Human Pose Estimation | MPI-INF-3DHP,3D Human Pose Estimation,MPI-INF-3DHP,MPJPE,False,1908.08289,2103.14182,79.8,94.3,0
3D Human Pose Estimation | MPI-INF-3DHP,3D Human Pose Estimation,MPI-INF-3DHP,MPJPE,False,2404.00658,2109.02303,16.7,83.6,0
3D Human Pose Estimation | MPI-INF-3DHP,3D Human Pose Estimation,MPI-INF-3DHP,MPJPE,False,2305.11101,2309.01365,109.8,40.5,1
3D Human Pose Estimation | MPI-INF-3DHP,3D Human Pose Estimation,MPI-INF-3DHP,MPJPE,False,2309.01365,2211.11734,40.5,67.6,0
3D Human Pose Estimation | MPI-INF-3DHP,3D Human Pose Estimation,MPI-INF-3DHP,MPJPE,False,2103.14182,2309.01365,94.3,40.5,1
3D Human Pose Estimation | MPI-INF-3DHP,3D Human Pose Estimation,MPI-INF-3DHP,MPJPE,False,2303.13397,2203.11471,97.8,46.6,1
3D Human Pose Estimation | MPI-INF-3DHP,3D Human Pose Estimation,MPI-INF-3DHP,MPJPE,False,2302.01058,2309.01365,88.8,40.5,1
3D Human Pose Estimation | MPI-INF-3DHP,3D Human Pose Estimation,MPI-INF-3DHP,MPJPE,False,2107.07797,2307.03833,42.5,55.2,0
3D Human Pose Estimation | MPI-INF-3DHP,3D Human Pose Estimation,MPI-INF-3DHP,MPJPE,False,2109.02303,2203.15625,83.6,79.5,1
3D Human Pose Estimation | MPI-INF-3DHP,3D Human Pose Estimation,MPI-INF-3DHP,MPJPE,False,2110.09243,2203.08534,97.4,96.7,1
3D Human Pose Estimation | MPI-INF-3DHP,3D Human Pose Estimation,MPI-INF-3DHP,MPJPE,False,2208.11251,2011.14672,45.87,91.0,0
3D Human Pose Estimation | MPI-INF-3DHP,3D Human Pose Estimation,MPI-INF-3DHP,MPJPE,False,2410.15582,2211.11734,71.8,67.6,1
3D Human Pose Estimation | MPI-INF-3DHP,3D Human Pose Estimation,MPI-INF-3DHP,MPJPE,False,2002.10322,1712.03453,79.1,122.2,0
3D Human Pose Estimation | MPI-INF-3DHP,3D Human Pose Estimation,MPI-INF-3DHP,MPJPE,False,2103.14182,2002.10322,94.3,79.1,1
3D Human Pose Estimation | MPI-INF-3DHP,3D Human Pose Estimation,MPI-INF-3DHP,MPJPE,False,2301.07322,2011.14672,28.3,91.0,0
3D Human Pose Estimation | MPI-INF-3DHP,3D Human Pose Estimation,MPI-INF-3DHP,MPJPE,False,2203.07628,2305.00181,32.2,94.0,0
3D Human Pose Estimation | MPI-INF-3DHP,3D Human Pose Estimation,MPI-INF-3DHP,MPJPE,False,2304.02147,2404.00658,53.6,16.7,1
3D Human Pose Estimation | MPI-INF-3DHP,3D Human Pose Estimation,MPI-INF-3DHP,MPJPE,False,2302.01058,1712.03453,88.8,122.2,0
3D Human Pose Estimation | MPI-INF-3DHP,3D Human Pose Estimation,MPI-INF-3DHP,MPJPE,False,2304.05690,2105.02465,91.0,76.6,1
3D Human Pose Estimation | MPI-INF-3DHP,3D Human Pose Estimation,MPI-INF-3DHP,MPJPE,False,2307.03833,2203.08534,55.2,96.7,0
3D Human Pose Estimation | MPI-INF-3DHP,3D Human Pose Estimation,MPI-INF-3DHP,MPJPE,False,2003.07581,2002.10322,110.8,79.1,1
3D Human Pose Estimation | MPI-INF-3DHP,3D Human Pose Estimation,MPI-INF-3DHP,MPJPE,False,1908.08289,2310.16288,79.8,19.2,1
3D Human Pose Estimation | MPI-INF-3DHP,3D Human Pose Estimation,MPI-INF-3DHP,MPJPE,False,2109.07353,2203.08534,76.0,96.7,0
3D Human Pose Estimation | MPI-INF-3DHP,3D Human Pose Estimation,MPI-INF-3DHP,MPJPE,False,1908.08289,2203.08534,79.8,96.7,0
3D Human Pose Estimation | MPI-INF-3DHP,3D Human Pose Estimation,MPI-INF-3DHP,MPJPE,False,2203.13387,2309.01365,76.3,40.5,1
3D Human Pose Estimation | MPI-INF-3DHP,3D Human Pose Estimation,MPI-INF-3DHP,MPJPE,False,2011.08627,2208.11251,97.4,45.87,1
3D Human Pose Estimation | MPI-INF-3DHP,3D Human Pose Estimation,MPI-INF-3DHP,MPJPE,False,2103.14182,1902.09868,94.3,97.8,0
3D Human Pose Estimation | MPI-INF-3DHP,3D Human Pose Estimation,MPI-INF-3DHP,MPJPE,False,2109.07353,2103.14182,76.0,94.3,0
3D Human Pose Estimation | MPI-INF-3DHP,3D Human Pose Estimation,MPI-INF-3DHP,MPJPE,False,1908.08289,2302.01058,79.8,88.8,0
3D Human Pose Estimation | MPI-INF-3DHP,3D Human Pose Estimation,MPI-INF-3DHP,MPJPE,False,2302.01058,2107.07797,88.8,42.5,1
3D Human Pose Estimation | MPI-INF-3DHP,3D Human Pose Estimation,MPI-INF-3DHP,MPJPE,False,2404.00658,2203.08534,16.7,96.7,0
3D Human Pose Estimation | MPI-INF-3DHP,3D Human Pose Estimation,MPI-INF-3DHP,MPJPE,False,2208.11251,2203.15625,45.87,79.5,0
3D Human Pose Estimation | MPI-INF-3DHP,3D Human Pose Estimation,MPI-INF-3DHP,MPJPE,False,1908.08289,2109.07353,79.8,76.0,1
3D Human Pose Estimation | MPI-INF-3DHP,3D Human Pose Estimation,MPI-INF-3DHP,MPJPE,False,2107.07797,2208.11251,42.5,45.87,0
3D Human Pose Estimation | MPI-INF-3DHP,3D Human Pose Estimation,MPI-INF-3DHP,MPJPE,False,2301.07322,2208.11251,28.3,45.87,0
3D Human Pose Estimation | MPI-INF-3DHP,3D Human Pose Estimation,MPI-INF-3DHP,MPJPE,False,2011.08627,2011.14672,97.4,91.0,1
3D Human Pose Estimation | MPI-INF-3DHP,3D Human Pose Estimation,MPI-INF-3DHP,MPJPE,False,2109.07353,2307.03833,76.0,55.2,1
3D Human Pose Estimation | MPI-INF-3DHP,3D Human Pose Estimation,MPI-INF-3DHP,MPJPE,False,2003.07581,2011.14672,110.8,91.0,1
3D Human Pose Estimation | MPI-INF-3DHP,3D Human Pose Estimation,MPI-INF-3DHP,MPJPE,False,2303.13397,2109.07353,97.8,76.0,1
3D Human Pose Estimation | MPI-INF-3DHP,3D Human Pose Estimation,MPI-INF-3DHP,MPJPE,False,2011.08627,2501.01770,97.4,17.8,1
3D Human Pose Estimation | MPI-INF-3DHP,3D Human Pose Estimation,MPI-INF-3DHP,MPJPE,False,2304.02147,1712.06584,53.6,124.2,0
3D Human Pose Estimation | MPI-INF-3DHP,3D Human Pose Estimation,MPI-INF-3DHP,MPJPE,False,2303.16456,2304.02147,61.3,53.6,1
3D Human Pose Estimation | MPI-INF-3DHP,3D Human Pose Estimation,MPI-INF-3DHP,MPJPE,False,2501.01770,1712.03453,17.8,122.2,0
3D Human Pose Estimation | MPI-INF-3DHP,3D Human Pose Estimation,MPI-INF-3DHP,MPJPE,False,1902.09868,2203.11471,97.8,46.6,1
3D Human Pose Estimation | MPI-INF-3DHP,3D Human Pose Estimation,MPI-INF-3DHP,MPJPE,False,2109.02303,2004.13985,83.6,68.1,1
3D Human Pose Estimation | MPI-INF-3DHP,3D Human Pose Estimation,MPI-INF-3DHP,MPJPE,False,2002.10322,2305.00181,79.1,94.0,0
3D Human Pose Estimation | MPI-INF-3DHP,3D Human Pose Estimation,MPI-INF-3DHP,MPJPE,False,2302.01058,2310.16288,88.8,19.2,1
3D Human Pose Estimation | MPI-INF-3DHP,3D Human Pose Estimation,MPI-INF-3DHP,MPJPE,False,2303.16456,2011.08627,61.3,97.4,0
3D Human Pose Estimation | MPI-INF-3DHP,3D Human Pose Estimation,MPI-INF-3DHP,MPJPE,False,2404.00658,2011.14672,16.7,91.0,0
3D Human Pose Estimation | MPI-INF-3DHP,3D Human Pose Estimation,MPI-INF-3DHP,MPJPE,False,2303.13397,2501.01770,97.8,17.8,1
3D Human Pose Estimation | MPI-INF-3DHP,3D Human Pose Estimation,MPI-INF-3DHP,MPJPE,False,2004.13985,2203.15625,68.1,79.5,0
3D Human Pose Estimation | MPI-INF-3DHP,3D Human Pose Estimation,MPI-INF-3DHP,MPJPE,False,2203.13387,2109.02303,76.3,83.6,0
3D Human Pose Estimation | MPI-INF-3DHP,3D Human Pose Estimation,MPI-INF-3DHP,MPJPE,False,2302.01058,1712.06584,88.8,124.2,0
3D Human Pose Estimation | MPI-INF-3DHP,3D Human Pose Estimation,MPI-INF-3DHP,MPJPE,False,2110.09243,2105.02465,97.4,76.6,1
3D Human Pose Estimation | MPI-INF-3DHP,3D Human Pose Estimation,MPI-INF-3DHP,MPJPE,False,2004.13985,2208.11251,68.1,45.87,1
3D Human Pose Estimation | MPI-INF-3DHP,3D Human Pose Estimation,MPI-INF-3DHP,MPJPE,False,2305.11101,1712.06584,109.8,124.2,0
3D Human Pose Estimation | MPI-INF-3DHP,3D Human Pose Estimation,MPI-INF-3DHP,MPJPE,False,2003.07581,2203.07628,110.8,32.2,1
3D Human Pose Estimation | MPI-INF-3DHP,3D Human Pose Estimation,MPI-INF-3DHP,MPJPE,False,2107.07797,2203.15625,42.5,79.5,0
3D Human Pose Estimation | MPI-INF-3DHP,3D Human Pose Estimation,MPI-INF-3DHP,MPJPE,False,2304.02147,2207.12537,53.6,96.2,0
3D Human Pose Estimation | MPI-INF-3DHP,3D Human Pose Estimation,MPI-INF-3DHP,MPJPE,False,1912.05656,2004.13985,96.6,68.1,1
3D Human Pose Estimation | MPI-INF-3DHP,3D Human Pose Estimation,MPI-INF-3DHP,MPJPE,False,2109.07353,2208.11251,76.0,45.87,1
Image Super-Resolution | Urban100 - 4x upscaling,Image Super-Resolution,Urban100 - 4x upscaling,PSNR,False,1903.09814,1804.02900,26.6,26.89,0
Image Super-Resolution | Urban100 - 4x upscaling,Image Super-Resolution,Urban100 - 4x upscaling,PSNR,False,2310.01379,1805.02704,26.04,25.08,1
Image Super-Resolution | Urban100 - 4x upscaling,Image Super-Resolution,Urban100 - 4x upscaling,PSNR,False,1809.00219,2205.04437,27.03,28.6,0
Image Super-Resolution | Urban100 - 4x upscaling,Image Super-Resolution,Urban100 - 4x upscaling,PSNR,False,1805.07071,2108.10257,26.27,27.45,0
Image Super-Resolution | Urban100 - 4x upscaling,Image Super-Resolution,Urban100 - 4x upscaling,PSNR,False,2310.01379,1805.07071,26.04,26.27,0
Image Super-Resolution | Urban100 - 4x upscaling,Image Super-Resolution,Urban100 - 4x upscaling,PSNR,False,2211.13676,2405.05001,24.33,28.69,0
Image Super-Resolution | Urban100 - 4x upscaling,Image Super-Resolution,Urban100 - 4x upscaling,PSNR,False,2309.14162,1608.03981,26.62,25.2,1
Image Super-Resolution | Urban100 - 4x upscaling,Image Super-Resolution,Urban100 - 4x upscaling,PSNR,False,2404.00722,2407.16232,28.7,28.33,1
Image Super-Resolution | Urban100 - 4x upscaling,Image Super-Resolution,Urban100 - 4x upscaling,PSNR,False,1806.02919,2503.20337,25.79,28.2,0
Image Super-Resolution | Urban100 - 4x upscaling,Image Super-Resolution,Urban100 - 4x upscaling,PSNR,False,1707.02921,1803.09454,26.64,25.41,1
Image Super-Resolution | Urban100 - 4x upscaling,Image Super-Resolution,Urban100 - 4x upscaling,PSNR,False,2003.13081,1803.09454,24.799,25.41,0
Image Super-Resolution | Urban100 - 4x upscaling,Image Super-Resolution,Urban100 - 4x upscaling,PSNR,False,1903.00834,1805.07071,25.5,26.27,0
Image Super-Resolution | Urban100 - 4x upscaling,Image Super-Resolution,Urban100 - 4x upscaling,PSNR,False,1910.04476,2412.20066,27.06,27.89,0
Image Super-Resolution | Urban100 - 4x upscaling,Image Super-Resolution,Urban100 - 4x upscaling,PSNR,False,1906.06874,1811.12043,27.3,26.05,1
Image Super-Resolution | Urban100 - 4x upscaling,Image Super-Resolution,Urban100 - 4x upscaling,PSNR,False,1807.02758,1804.02900,26.82,26.89,0
Image Super-Resolution | Urban100 - 4x upscaling,Image Super-Resolution,Urban100 - 4x upscaling,PSNR,False,2412.20066,1903.09814,27.89,26.6,1
Image Super-Resolution | Urban100 - 4x upscaling,Image Super-Resolution,Urban100 - 4x upscaling,PSNR,False,2404.00722,1807.02758,28.7,26.82,1
Image Super-Resolution | Urban100 - 4x upscaling,Image Super-Resolution,Urban100 - 4x upscaling,PSNR,False,1910.04476,2404.00722,27.06,28.7,0
Image Super-Resolution | Urban100 - 4x upscaling,Image Super-Resolution,Urban100 - 4x upscaling,PSNR,False,1611.06345,1903.09814,26.42,26.6,0
Image Super-Resolution | Urban100 - 4x upscaling,Image Super-Resolution,Urban100 - 4x upscaling,PSNR,False,1804.02900,2108.10257,26.89,27.45,0
Image Super-Resolution | Urban100 - 4x upscaling,Image Super-Resolution,Urban100 - 4x upscaling,PSNR,False,1802.08797,1704.03915,26.61,25.21,1
Image Super-Resolution | Urban100 - 4x upscaling,Image Super-Resolution,Urban100 - 4x upscaling,PSNR,False,2310.01379,2003.13081,26.04,24.799,1
Image Super-Resolution | Urban100 - 4x upscaling,Image Super-Resolution,Urban100 - 4x upscaling,PSNR,False,1805.07071,2407.16232,26.27,28.33,0
Image Super-Resolution | Urban100 - 4x upscaling,Image Super-Resolution,Urban100 - 4x upscaling,PSNR,False,1903.00834,2303.09190,25.5,26.74,0
Image Super-Resolution | Urban100 - 4x upscaling,Image Super-Resolution,Urban100 - 4x upscaling,PSNR,False,1804.02900,2208.11247,26.89,28.43,0
Image Super-Resolution | Urban100 - 4x upscaling,Image Super-Resolution,Urban100 - 4x upscaling,PSNR,False,1906.06874,1805.02704,27.3,25.08,1
Image Super-Resolution | Urban100 - 4x upscaling,Image Super-Resolution,Urban100 - 4x upscaling,PSNR,False,1712.06116,2309.14162,25.68,26.62,0
Image Super-Resolution | Urban100 - 4x upscaling,Image Super-Resolution,Urban100 - 4x upscaling,PSNR,False,1704.03915,1805.02704,25.21,25.08,1
Image Super-Resolution | Urban100 - 4x upscaling,Image Super-Resolution,Urban100 - 4x upscaling,PSNR,False,2412.20066,2208.11247,27.89,28.43,0
Image Super-Resolution | Urban100 - 4x upscaling,Image Super-Resolution,Urban100 - 4x upscaling,PSNR,False,1906.12021,1910.04476,27.14,27.06,1
Image Super-Resolution | Urban100 - 4x upscaling,Image Super-Resolution,Urban100 - 4x upscaling,PSNR,False,1707.02921,1805.02704,26.64,25.08,1
Image Super-Resolution | Urban100 - 4x upscaling,Image Super-Resolution,Urban100 - 4x upscaling,PSNR,False,1803.09454,1811.12043,25.41,26.05,0
Image Super-Resolution | Urban100 - 4x upscaling,Image Super-Resolution,Urban100 - 4x upscaling,PSNR,False,1807.02758,1803.09454,26.82,25.41,1
Image Super-Resolution | Urban100 - 4x upscaling,Image Super-Resolution,Urban100 - 4x upscaling,PSNR,False,2407.16232,1608.03981,28.33,25.2,1
Image Super-Resolution | Urban100 - 4x upscaling,Image Super-Resolution,Urban100 - 4x upscaling,PSNR,False,2008.08767,1612.07919,27.02,25.66,1
Image Super-Resolution | Urban100 - 4x upscaling,Image Super-Resolution,Urban100 - 4x upscaling,PSNR,False,1807.02758,1811.12043,26.82,26.05,1
Image Super-Resolution | Urban100 - 4x upscaling,Image Super-Resolution,Urban100 - 4x upscaling,PSNR,False,2407.16232,2503.20337,28.33,28.2,1
Image Super-Resolution | Urban100 - 4x upscaling,Image Super-Resolution,Urban100 - 4x upscaling,PSNR,False,2205.04437,1903.09814,28.6,26.6,1
Image Super-Resolution | Urban100 - 4x upscaling,Image Super-Resolution,Urban100 - 4x upscaling,PSNR,False,2310.01379,2405.05001,26.04,28.69,0
Image Super-Resolution | Urban100 - 4x upscaling,Image Super-Resolution,Urban100 - 4x upscaling,PSNR,False,1811.12043,2108.10257,26.05,27.45,0
Image Super-Resolution | Urban100 - 4x upscaling,Image Super-Resolution,Urban100 - 4x upscaling,PSNR,False,1802.08797,1811.12043,26.61,26.05,1
Image Super-Resolution | Urban100 - 4x upscaling,Image Super-Resolution,Urban100 - 4x upscaling,PSNR,False,2411.18588,1811.12043,28.72,26.05,1
Image Super-Resolution | Urban100 - 4x upscaling,Image Super-Resolution,Urban100 - 4x upscaling,PSNR,False,2408.09940,2407.16232,26.68,28.33,0
Image Super-Resolution | Urban100 - 4x upscaling,Image Super-Resolution,Urban100 - 4x upscaling,PSNR,False,2008.08767,1802.08797,27.02,26.61,1
Image Super-Resolution | Urban100 - 4x upscaling,Image Super-Resolution,Urban100 - 4x upscaling,PSNR,False,2003.13081,1708.02209,24.799,25.5,0
Image Super-Resolution | Urban100 - 4x upscaling,Image Super-Resolution,Urban100 - 4x upscaling,PSNR,False,2405.05001,1811.12043,28.69,26.05,1
Image Super-Resolution | Urban100 - 4x upscaling,Image Super-Resolution,Urban100 - 4x upscaling,PSNR,False,1611.06345,2408.09940,26.42,26.68,0
Image Super-Resolution | Urban100 - 4x upscaling,Image Super-Resolution,Urban100 - 4x upscaling,PSNR,False,1611.06345,1806.02919,26.42,25.79,1
Image Super-Resolution | Urban100 - 4x upscaling,Image Super-Resolution,Urban100 - 4x upscaling,PSNR,False,1807.02758,2108.10257,26.82,27.45,0
Image Super-Resolution | Urban100 - 4x upscaling,Image Super-Resolution,Urban100 - 4x upscaling,PSNR,False,1807.02758,1704.03915,26.82,25.21,1
Image Super-Resolution | Urban100 - 4x upscaling,Image Super-Resolution,Urban100 - 4x upscaling,PSNR,False,2211.13676,1611.06345,24.33,26.42,0
Image Super-Resolution | Urban100 - 4x upscaling,Image Super-Resolution,Urban100 - 4x upscaling,PSNR,False,1807.02758,1811.12546,26.82,26.03,1
Image Super-Resolution | Urban100 - 4x upscaling,Image Super-Resolution,Urban100 - 4x upscaling,PSNR,False,1906.06874,1612.07919,27.3,25.66,1
Image Super-Resolution | Urban100 - 4x upscaling,Image Super-Resolution,Urban100 - 4x upscaling,PSNR,False,2411.18588,1608.03981,28.72,25.2,1
Image Super-Resolution | Urban100 - 4x upscaling,Image Super-Resolution,Urban100 - 4x upscaling,PSNR,False,1803.09454,1811.12546,25.41,26.03,0
Image Super-Resolution | Urban100 - 4x upscaling,Image Super-Resolution,Urban100 - 4x upscaling,PSNR,False,2309.14162,1612.07919,26.62,25.66,1
Image Super-Resolution | Urban100 - 4x upscaling,Image Super-Resolution,Urban100 - 4x upscaling,PSNR,False,1903.00834,2208.11247,25.5,28.43,0
Image Super-Resolution | Urban100 - 4x upscaling,Image Super-Resolution,Urban100 - 4x upscaling,PSNR,False,1712.06116,1612.07919,25.68,25.66,1
Image Super-Resolution | Urban100 - 4x upscaling,Image Super-Resolution,Urban100 - 4x upscaling,PSNR,False,2310.01379,2211.13676,26.04,24.33,1
Image Super-Resolution | Urban100 - 4x upscaling,Image Super-Resolution,Urban100 - 4x upscaling,PSNR,False,1805.07071,1811.12546,26.27,26.03,1
Image Super-Resolution | Urban100 - 4x upscaling,Image Super-Resolution,Urban100 - 4x upscaling,PSNR,False,1611.06345,1811.12546,26.42,26.03,1
Image Super-Resolution | Urban100 - 4x upscaling,Image Super-Resolution,Urban100 - 4x upscaling,PSNR,False,2404.00722,2006.01424,28.7,27.22,1
Image Super-Resolution | Urban100 - 4x upscaling,Image Super-Resolution,Urban100 - 4x upscaling,PSNR,False,1708.02209,2208.11247,25.5,28.43,0
Image Super-Resolution | Urban100 - 4x upscaling,Image Super-Resolution,Urban100 - 4x upscaling,PSNR,False,1712.06116,2411.18588,25.68,28.72,0
Image Super-Resolution | Urban100 - 4x upscaling,Image Super-Resolution,Urban100 - 4x upscaling,PSNR,False,2404.00722,2405.05001,28.7,28.69,1
Image Super-Resolution | Urban100 - 4x upscaling,Image Super-Resolution,Urban100 - 4x upscaling,PSNR,False,1910.04476,2405.05001,27.06,28.69,0
Image Super-Resolution | Urban100 - 4x upscaling,Image Super-Resolution,Urban100 - 4x upscaling,PSNR,False,1906.12021,2003.13081,27.14,24.799,1
Image Super-Resolution | Urban100 - 4x upscaling,Image Super-Resolution,Urban100 - 4x upscaling,PSNR,False,1707.02921,2503.20337,26.64,28.2,0
Image Super-Resolution | Urban100 - 4x upscaling,Image Super-Resolution,Urban100 - 4x upscaling,PSNR,False,2303.09190,1612.07919,26.74,25.66,1
Image Super-Resolution | Urban100 - 4x upscaling,Image Super-Resolution,Urban100 - 4x upscaling,PSNR,False,1707.02921,1807.02758,26.64,26.82,0
Image Super-Resolution | Urban100 - 4x upscaling,Image Super-Resolution,Urban100 - 4x upscaling,PSNR,False,2405.05001,1801.10319,28.69,25.42,1
Image Super-Resolution | Urban100 - 4x upscaling,Image Super-Resolution,Urban100 - 4x upscaling,PSNR,False,1811.12546,2503.20337,26.03,28.2,0
Image Super-Resolution | Urban100 - 4x upscaling,Image Super-Resolution,Urban100 - 4x upscaling,PSNR,False,2303.09190,1805.02704,26.74,25.08,1
Image Super-Resolution | Urban100 - 4x upscaling,Image Super-Resolution,Urban100 - 4x upscaling,PSNR,False,1803.09454,2205.04437,25.41,28.6,0
Image Super-Resolution | Urban100 - 4x upscaling,Image Super-Resolution,Urban100 - 4x upscaling,PSNR,False,2412.20066,1804.02900,27.89,26.89,1
Image Super-Resolution | Urban100 - 4x upscaling,Image Super-Resolution,Urban100 - 4x upscaling,PSNR,False,1809.00219,2405.05001,27.03,28.69,0
Image Super-Resolution | Urban100 - 4x upscaling,Image Super-Resolution,Urban100 - 4x upscaling,PSNR,False,1805.07071,1712.06116,26.27,25.68,1
Image Super-Resolution | Urban100 - 4x upscaling,Image Super-Resolution,Urban100 - 4x upscaling,PSNR,False,2003.13081,2404.00722,24.799,28.7,0
Image Super-Resolution | Urban100 - 4x upscaling,Image Super-Resolution,Urban100 - 4x upscaling,PSNR,False,2008.08767,1805.02704,27.02,25.08,1
Image Super-Resolution | Urban100 - 4x upscaling,Image Super-Resolution,Urban100 - 4x upscaling,PSNR,False,1807.02758,1802.08797,26.82,26.61,1
Image Super-Resolution | Urban100 - 4x upscaling,Image Super-Resolution,Urban100 - 4x upscaling,PSNR,False,2003.13081,1704.03915,24.799,25.21,0
Image Super-Resolution | Urban100 - 4x upscaling,Image Super-Resolution,Urban100 - 4x upscaling,PSNR,False,2408.09940,2412.20066,26.68,27.89,0
Image Super-Resolution | Urban100 - 4x upscaling,Image Super-Resolution,Urban100 - 4x upscaling,PSNR,False,1910.04476,2407.16232,27.06,28.33,0
Image Super-Resolution | Urban100 - 4x upscaling,Image Super-Resolution,Urban100 - 4x upscaling,PSNR,False,1611.06345,1804.02900,26.42,26.89,0
Image Super-Resolution | Urban100 - 4x upscaling,Image Super-Resolution,Urban100 - 4x upscaling,PSNR,False,1707.02921,1612.07919,26.64,25.66,1
Image Super-Resolution | Urban100 - 4x upscaling,Image Super-Resolution,Urban100 - 4x upscaling,PSNR,False,2408.09940,1704.03915,26.68,25.21,1
Image Super-Resolution | Urban100 - 4x upscaling,Image Super-Resolution,Urban100 - 4x upscaling,PSNR,False,2411.18588,1801.10319,28.72,25.42,1
Image Super-Resolution | Urban100 - 4x upscaling,Image Super-Resolution,Urban100 - 4x upscaling,PSNR,False,1802.08797,2407.16232,26.61,28.33,0
Image Super-Resolution | Urban100 - 4x upscaling,Image Super-Resolution,Urban100 - 4x upscaling,PSNR,False,1708.02209,1804.02900,25.5,26.89,0
Image Super-Resolution | Urban100 - 4x upscaling,Image Super-Resolution,Urban100 - 4x upscaling,PSNR,False,2404.00722,1811.12043,28.7,26.05,1
Image Super-Resolution | Urban100 - 4x upscaling,Image Super-Resolution,Urban100 - 4x upscaling,PSNR,False,2411.18588,1804.02900,28.72,26.89,1
Image Super-Resolution | Urban100 - 4x upscaling,Image Super-Resolution,Urban100 - 4x upscaling,PSNR,False,1708.02209,2412.20066,25.5,27.89,0
Image Super-Resolution | Urban100 - 4x upscaling,Image Super-Resolution,Urban100 - 4x upscaling,PSNR,False,1708.02209,1805.02704,25.5,25.08,1
Image Super-Resolution | Urban100 - 4x upscaling,Image Super-Resolution,Urban100 - 4x upscaling,PSNR,False,1806.02919,1608.03981,25.79,25.2,1
Image Super-Resolution | Urban100 - 4x upscaling,Image Super-Resolution,Urban100 - 4x upscaling,PSNR,False,2411.18588,1805.02704,28.72,25.08,1
Image Super-Resolution | Urban100 - 4x upscaling,Image Super-Resolution,Urban100 - 4x upscaling,PSNR,False,1611.06345,2503.20337,26.42,28.2,0
Image Super-Resolution | Urban100 - 4x upscaling,Image Super-Resolution,Urban100 - 4x upscaling,PSNR,False,2310.01379,1608.03981,26.04,25.2,1
Image Super-Resolution | Urban100 - 4x upscaling,Image Super-Resolution,Urban100 - 4x upscaling,PSNR,False,2310.01379,2411.18588,26.04,28.72,0
Image Super-Resolution | Urban100 - 4x upscaling,Image Super-Resolution,Urban100 - 4x upscaling,PSNR,False,1807.02758,2208.11247,26.82,28.43,0
Image Super-Resolution | Urban100 - 4x upscaling,Image Super-Resolution,Urban100 - 4x upscaling,PSNR,False,2205.04437,1704.03915,28.6,25.21,1
Image Super-Resolution | Urban100 - 4x upscaling,Image Super-Resolution,Urban100 - 4x upscaling,PSNR,False,1803.09454,2407.16232,25.41,28.33,0
Image Super-Resolution | Urban100 - 4x upscaling,Image Super-Resolution,Urban100 - 4x upscaling,PSNR,False,1707.02921,1802.08797,26.64,26.61,1
Image Super-Resolution | Urban100 - 4x upscaling,Image Super-Resolution,Urban100 - 4x upscaling,PSNR,False,2404.00722,1802.08797,28.7,26.61,1
Image Super-Resolution | Urban100 - 4x upscaling,Image Super-Resolution,Urban100 - 4x upscaling,PSNR,False,1708.02209,1712.06116,25.5,25.68,0
Image Super-Resolution | Urban100 - 4x upscaling,Image Super-Resolution,Urban100 - 4x upscaling,PSNR,False,2412.20066,2405.05001,27.89,28.69,0
Image Super-Resolution | Urban100 - 4x upscaling,Image Super-Resolution,Urban100 - 4x upscaling,PSNR,False,1910.04476,1811.12546,27.06,26.03,1
Image Super-Resolution | Urban100 - 4x upscaling,Image Super-Resolution,Urban100 - 4x upscaling,PSNR,False,2006.01424,1807.02758,27.22,26.82,1
Image Super-Resolution | Urban100 - 4x upscaling,Image Super-Resolution,Urban100 - 4x upscaling,PSNR,False,2310.01379,1704.03915,26.04,25.21,1
Image Super-Resolution | Urban100 - 4x upscaling,Image Super-Resolution,Urban100 - 4x upscaling,PSNR,False,2303.09190,2208.11247,26.74,28.43,0
Image Super-Resolution | Urban100 - 4x upscaling,Image Super-Resolution,Urban100 - 4x upscaling,PSNR,False,1910.04476,2006.01424,27.06,27.22,0
Image Super-Resolution | Urban100 - 4x upscaling,Image Super-Resolution,Urban100 - 4x upscaling,PSNR,False,1906.12021,2408.09940,27.14,26.68,1
Image Super-Resolution | Urban100 - 4x upscaling,Image Super-Resolution,Urban100 - 4x upscaling,PSNR,False,1805.07071,1708.02209,26.27,25.5,1
Image Super-Resolution | Urban100 - 4x upscaling,Image Super-Resolution,Urban100 - 4x upscaling,PSNR,False,2404.00722,1612.07919,28.7,25.66,1
Image Super-Resolution | Urban100 - 4x upscaling,Image Super-Resolution,Urban100 - 4x upscaling,PSNR,False,2310.01379,1910.04476,26.04,27.06,0
Image Super-Resolution | Urban100 - 4x upscaling,Image Super-Resolution,Urban100 - 4x upscaling,PSNR,False,2211.13676,1805.07071,24.33,26.27,0
Image Super-Resolution | Urban100 - 4x upscaling,Image Super-Resolution,Urban100 - 4x upscaling,PSNR,False,2006.01424,2303.09190,27.22,26.74,1
Image Super-Resolution | Urban100 - 4x upscaling,Image Super-Resolution,Urban100 - 4x upscaling,PSNR,False,1608.03981,2503.20337,25.2,28.2,0
Image Super-Resolution | Urban100 - 4x upscaling,Image Super-Resolution,Urban100 - 4x upscaling,PSNR,False,1611.06345,2205.04437,26.42,28.6,0
Image Super-Resolution | Urban100 - 4x upscaling,Image Super-Resolution,Urban100 - 4x upscaling,PSNR,False,2303.09190,1802.08797,26.74,26.61,1
Image Super-Resolution | Urban100 - 4x upscaling,Image Super-Resolution,Urban100 - 4x upscaling,PSNR,False,1809.00219,2303.09190,27.03,26.74,1
Image Super-Resolution | Urban100 - 4x upscaling,Image Super-Resolution,Urban100 - 4x upscaling,PSNR,False,1809.00219,1803.09454,27.03,25.41,1
Image Super-Resolution | Urban100 - 4x upscaling,Image Super-Resolution,Urban100 - 4x upscaling,PSNR,False,1712.06116,2405.05001,25.68,28.69,0
Image Super-Resolution | Urban100 - 4x upscaling,Image Super-Resolution,Urban100 - 4x upscaling,PSNR,False,2408.09940,1608.03981,26.68,25.2,1
Image Super-Resolution | Urban100 - 4x upscaling,Image Super-Resolution,Urban100 - 4x upscaling,PSNR,False,2405.05001,2108.10257,28.69,27.45,1
Image Super-Resolution | Urban100 - 4x upscaling,Image Super-Resolution,Urban100 - 4x upscaling,PSNR,False,1910.04476,2503.20337,27.06,28.2,0
Image Super-Resolution | Urban100 - 4x upscaling,Image Super-Resolution,Urban100 - 4x upscaling,PSNR,False,1707.02921,1806.02919,26.64,25.79,1
Image Super-Resolution | Urban100 - 4x upscaling,Image Super-Resolution,Urban100 - 4x upscaling,PSNR,False,1906.12021,2407.16232,27.14,28.33,0
Image Super-Resolution | Urban100 - 4x upscaling,Image Super-Resolution,Urban100 - 4x upscaling,PSNR,False,2211.13676,1903.09814,24.33,26.6,0
Image Super-Resolution | Urban100 - 4x upscaling,Image Super-Resolution,Urban100 - 4x upscaling,PSNR,False,1906.06874,2405.05001,27.3,28.69,0
Image Super-Resolution | Urban100 - 4x upscaling,Image Super-Resolution,Urban100 - 4x upscaling,PSNR,False,1712.06116,2412.20066,25.68,27.89,0
Image Super-Resolution | Urban100 - 4x upscaling,Image Super-Resolution,Urban100 - 4x upscaling,PSNR,False,1708.02209,2108.10257,25.5,27.45,0
Image Super-Resolution | Urban100 - 4x upscaling,Image Super-Resolution,Urban100 - 4x upscaling,PSNR,False,1805.07071,2303.09190,26.27,26.74,0
Image Super-Resolution | Urban100 - 4x upscaling,Image Super-Resolution,Urban100 - 4x upscaling,PSNR,False,2003.13081,1712.06116,24.799,25.68,0
Image Super-Resolution | Urban100 - 4x upscaling,Image Super-Resolution,Urban100 - 4x upscaling,PSNR,False,1712.06116,2208.11247,25.68,28.43,0
Image Super-Resolution | Urban100 - 4x upscaling,Image Super-Resolution,Urban100 - 4x upscaling,PSNR,False,1906.12021,1612.07919,27.14,25.66,1
Image Super-Resolution | Urban100 - 4x upscaling,Image Super-Resolution,Urban100 - 4x upscaling,PSNR,False,1903.00834,2404.00722,25.5,28.7,0
Image Super-Resolution | Urban100 - 4x upscaling,Image Super-Resolution,Urban100 - 4x upscaling,PSNR,False,2411.18588,1612.07919,28.72,25.66,1
Image Super-Resolution | Urban100 - 4x upscaling,Image Super-Resolution,Urban100 - 4x upscaling,PSNR,False,1805.07071,1801.10319,26.27,25.42,1
Image Super-Resolution | Urban100 - 4x upscaling,Image Super-Resolution,Urban100 - 4x upscaling,PSNR,False,2310.01379,1906.12021,26.04,27.14,0
Image Super-Resolution | Urban100 - 4x upscaling,Image Super-Resolution,Urban100 - 4x upscaling,PSNR,False,1805.02704,2208.11247,25.08,28.43,0
Image Super-Resolution | Urban100 - 4x upscaling,Image Super-Resolution,Urban100 - 4x upscaling,PSNR,False,2411.18588,2407.16232,28.72,28.33,1
Image Super-Resolution | Urban100 - 4x upscaling,Image Super-Resolution,Urban100 - 4x upscaling,PSNR,False,1906.06874,2003.13081,27.3,24.799,1
Image Super-Resolution | Urban100 - 4x upscaling,Image Super-Resolution,Urban100 - 4x upscaling,PSNR,False,2310.01379,1804.02900,26.04,26.89,0
Image Super-Resolution | Urban100 - 4x upscaling,Image Super-Resolution,Urban100 - 4x upscaling,PSNR,False,1903.09814,2407.16232,26.6,28.33,0
Image Super-Resolution | Urban100 - 4x upscaling,Image Super-Resolution,Urban100 - 4x upscaling,PSNR,False,1707.02921,2303.09190,26.64,26.74,0
Image Super-Resolution | Urban100 - 4x upscaling,Image Super-Resolution,Urban100 - 4x upscaling,PSNR,False,1906.06874,1811.12546,27.3,26.03,1
Image Super-Resolution | Urban100 - 4x upscaling,Image Super-Resolution,Urban100 - 4x upscaling,PSNR,False,1611.06345,2006.01424,26.42,27.22,0
Image Super-Resolution | Urban100 - 4x upscaling,Image Super-Resolution,Urban100 - 4x upscaling,PSNR,False,2411.18588,2503.20337,28.72,28.2,1
Image Super-Resolution | Urban100 - 4x upscaling,Image Super-Resolution,Urban100 - 4x upscaling,PSNR,False,1903.09814,2208.11247,26.6,28.43,0
Image Super-Resolution | Urban100 - 4x upscaling,Image Super-Resolution,Urban100 - 4x upscaling,PSNR,False,2503.20337,2208.11247,28.2,28.43,0
Image Super-Resolution | Urban100 - 4x upscaling,Image Super-Resolution,Urban100 - 4x upscaling,PSNR,False,1805.07071,2309.14162,26.27,26.62,0
Image Super-Resolution | Urban100 - 4x upscaling,Image Super-Resolution,Urban100 - 4x upscaling,PSNR,False,2310.01379,2503.20337,26.04,28.2,0
Image Super-Resolution | Urban100 - 4x upscaling,Image Super-Resolution,Urban100 - 4x upscaling,PSNR,False,2310.01379,2404.00722,26.04,28.7,0
Image Super-Resolution | Urban100 - 4x upscaling,Image Super-Resolution,Urban100 - 4x upscaling,PSNR,False,1906.06874,1903.00834,27.3,25.5,1
Image Super-Resolution | Urban100 - 4x upscaling,Image Super-Resolution,Urban100 - 4x upscaling,PSNR,False,2412.20066,1811.12546,27.89,26.03,1
Image Super-Resolution | Urban100 - 4x upscaling,Image Super-Resolution,Urban100 - 4x upscaling,PSNR,False,2205.04437,2208.11247,28.6,28.43,1
Image Super-Resolution | Urban100 - 4x upscaling,Image Super-Resolution,Urban100 - 4x upscaling,PSNR,False,1809.00219,1801.10319,27.03,25.42,1
Image Super-Resolution | Urban100 - 4x upscaling,Image Super-Resolution,Urban100 - 4x upscaling,PSNR,False,1811.12546,1805.02704,26.03,25.08,1
Image Super-Resolution | Urban100 - 4x upscaling,Image Super-Resolution,Urban100 - 4x upscaling,PSNR,False,1903.00834,1802.08797,25.5,26.61,0
Image Super-Resolution | Urban100 - 4x upscaling,Image Super-Resolution,Urban100 - 4x upscaling,PSNR,False,2003.13081,1809.00219,24.799,27.03,0
Image Super-Resolution | Urban100 - 4x upscaling,Image Super-Resolution,Urban100 - 4x upscaling,PSNR,False,1910.04476,1811.12043,27.06,26.05,1
Image Super-Resolution | Urban100 - 4x upscaling,Image Super-Resolution,Urban100 - 4x upscaling,PSNR,False,2211.13676,1708.02209,24.33,25.5,0
Image Super-Resolution | Urban100 - 4x upscaling,Image Super-Resolution,Urban100 - 4x upscaling,PSNR,False,1802.08797,2208.11247,26.61,28.43,0
Image Super-Resolution | Urban100 - 4x upscaling,Image Super-Resolution,Urban100 - 4x upscaling,PSNR,False,2008.08767,1811.12043,27.02,26.05,1
Image Super-Resolution | Urban100 - 4x upscaling,Image Super-Resolution,Urban100 - 4x upscaling,PSNR,False,1611.06345,2404.00722,26.42,28.7,0
Image Super-Resolution | Urban100 - 4x upscaling,Image Super-Resolution,Urban100 - 4x upscaling,PSNR,False,2211.13676,2404.00722,24.33,28.7,0
Image Super-Resolution | Urban100 - 4x upscaling,Image Super-Resolution,Urban100 - 4x upscaling,PSNR,False,2407.16232,2208.11247,28.33,28.43,0
Image Super-Resolution | Urban100 - 4x upscaling,Image Super-Resolution,Urban100 - 4x upscaling,PSNR,False,2006.01424,1803.09454,27.22,25.41,1
Image Super-Resolution | Urban100 - 4x upscaling,Image Super-Resolution,Urban100 - 4x upscaling,PSNR,False,1708.02209,1802.08797,25.5,26.61,0
Image Super-Resolution | Urban100 - 4x upscaling,Image Super-Resolution,Urban100 - 4x upscaling,PSNR,False,2006.01424,2503.20337,27.22,28.2,0
Image Super-Resolution | Urban100 - 4x upscaling,Image Super-Resolution,Urban100 - 4x upscaling,PSNR,False,2408.09940,1804.02900,26.68,26.89,0
Image Super-Resolution | Urban100 - 4x upscaling,Image Super-Resolution,Urban100 - 4x upscaling,PSNR,False,2008.08767,2309.14162,27.02,26.62,1
Image Super-Resolution | Urban100 - 4x upscaling,Image Super-Resolution,Urban100 - 4x upscaling,PSNR,False,1903.00834,1803.09454,25.5,25.41,1
Image Super-Resolution | Urban100 - 4x upscaling,Image Super-Resolution,Urban100 - 4x upscaling,PSNR,False,2404.00722,2503.20337,28.7,28.2,1
Image Super-Resolution | Urban100 - 4x upscaling,Image Super-Resolution,Urban100 - 4x upscaling,PSNR,False,1611.06345,1704.03915,26.42,25.21,1
Image Super-Resolution | Urban100 - 4x upscaling,Image Super-Resolution,Urban100 - 4x upscaling,PSNR,False,1801.10319,1608.03981,25.42,25.2,1
Image Super-Resolution | Urban100 - 4x upscaling,Image Super-Resolution,Urban100 - 4x upscaling,PSNR,False,1903.00834,1804.02900,25.5,26.89,0
Image Super-Resolution | Urban100 - 4x upscaling,Image Super-Resolution,Urban100 - 4x upscaling,PSNR,False,2303.09190,2205.04437,26.74,28.6,0
Image Super-Resolution | Urban100 - 4x upscaling,Image Super-Resolution,Urban100 - 4x upscaling,PSNR,False,1809.00219,2404.00722,27.03,28.7,0
Image Super-Resolution | Urban100 - 4x upscaling,Image Super-Resolution,Urban100 - 4x upscaling,PSNR,False,2008.08767,2404.00722,27.02,28.7,0
Image Super-Resolution | Urban100 - 4x upscaling,Image Super-Resolution,Urban100 - 4x upscaling,PSNR,False,1910.04476,1801.10319,27.06,25.42,1
Image Super-Resolution | Urban100 - 4x upscaling,Image Super-Resolution,Urban100 - 4x upscaling,PSNR,False,2404.00722,1903.09814,28.7,26.6,1
Image Super-Resolution | Urban100 - 4x upscaling,Image Super-Resolution,Urban100 - 4x upscaling,PSNR,False,1906.12021,2008.08767,27.14,27.02,1
Image Super-Resolution | Urban100 - 4x upscaling,Image Super-Resolution,Urban100 - 4x upscaling,PSNR,False,2303.09190,1804.02900,26.74,26.89,0
Image Super-Resolution | Urban100 - 4x upscaling,Image Super-Resolution,Urban100 - 4x upscaling,PSNR,False,1910.04476,1804.02900,27.06,26.89,1
Image Super-Resolution | Urban100 - 4x upscaling,Image Super-Resolution,Urban100 - 4x upscaling,PSNR,False,1704.03915,1801.10319,25.21,25.42,0
Image Super-Resolution | Urban100 - 4x upscaling,Image Super-Resolution,Urban100 - 4x upscaling,PSNR,False,1708.02209,1612.07919,25.5,25.66,0
Image Super-Resolution | Urban100 - 4x upscaling,Image Super-Resolution,Urban100 - 4x upscaling,PSNR,False,2205.04437,2309.14162,28.6,26.62,1
Image Super-Resolution | Urban100 - 4x upscaling,Image Super-Resolution,Urban100 - 4x upscaling,PSNR,False,1809.00219,1612.07919,27.03,25.66,1
Image Super-Resolution | Urban100 - 4x upscaling,Image Super-Resolution,Urban100 - 4x upscaling,PSNR,False,2404.00722,2108.10257,28.7,27.45,1
Image Super-Resolution | Urban100 - 4x upscaling,Image Super-Resolution,Urban100 - 4x upscaling,PSNR,False,1807.02758,2205.04437,26.82,28.6,0
Image Super-Resolution | Urban100 - 4x upscaling,Image Super-Resolution,Urban100 - 4x upscaling,PSNR,False,1801.10319,2503.20337,25.42,28.2,0
Image Super-Resolution | Urban100 - 4x upscaling,Image Super-Resolution,Urban100 - 4x upscaling,PSNR,False,2003.13081,2208.11247,24.799,28.43,0
Image Super-Resolution | Urban100 - 4x upscaling,Image Super-Resolution,Urban100 - 4x upscaling,PSNR,False,2412.20066,1811.12043,27.89,26.05,1
Image Super-Resolution | Urban100 - 4x upscaling,Image Super-Resolution,Urban100 - 4x upscaling,PSNR,False,2303.09190,1806.02919,26.74,25.79,1
Image Super-Resolution | Urban100 - 4x upscaling,Image Super-Resolution,Urban100 - 4x upscaling,PSNR,False,2310.01379,1811.12043,26.04,26.05,0
Image Super-Resolution | Urban100 - 4x upscaling,Image Super-Resolution,Urban100 - 4x upscaling,PSNR,False,1903.00834,2108.10257,25.5,27.45,0
Image Super-Resolution | Urban100 - 4x upscaling,Image Super-Resolution,Urban100 - 4x upscaling,PSNR,False,2408.09940,1805.02704,26.68,25.08,1
Image Super-Resolution | Urban100 - 4x upscaling,Image Super-Resolution,Urban100 - 4x upscaling,PSNR,False,1611.06345,2411.18588,26.42,28.72,0
Image Super-Resolution | Urban100 - 4x upscaling,Image Super-Resolution,Urban100 - 4x upscaling,PSNR,False,2108.10257,1612.07919,27.45,25.66,1
