pair_id,variant_id,paper_id,benchmark,base_method,variant_method,variant_label,dataset,main_score,variant_score,delta,description,source
2011.07213|PLAS+P|main|walker2d-medium-expert,2011.07213|PLAS+P|main,2011.07213,d4rl,PLAS,PLAS+P,main,walker2d-medium-expert,89.6,97.2,7.6,"variant: main; conditions: {""max_latent_action"": ""2"", ""max_perturbation"": ""best of sweep {0, 0.01, 0.05, 0.1, 0.2, 0.5} (Appendix D); exact value per dataset not tabulated""}; notes: PLAS+P column = 'we report the best result from Appendix D' (best over max perturbation epsilon).; variant method description: PLAS plus an optional perturbation layer on top of the decoder output that outputs a residual over the action limited to [-epsilon, epsilon] (L-infinity), allowing controlled out-of-distribution actions when the Q-function generalizes well. Inspired by BCQ's perturbation model but applied to a deterministic latent policy.; variant settings: actor_learning_rate=1e-4; critic_learning_rate=1e-3; cvae_learning_rate=1e-4; optimizer=Adam; cvae_encoder_decoder_hidden=(750, 750) default; (128, 128) for datasets smaller than 1e6 transitions (medium-replay); cvae_training_steps=5e5; cvae_batch_size=100; policy_critic_perturbation_hidden=(400, 300); tau=0.005; lambda_clipped_double_q=1; policy_training_steps=5e5 (500 epochs x 1000 steps); policy_batch_size=100",Table 3 vs main Table 3
2011.07213|PLAS+P|main|halfcheetah-medium-expert,2011.07213|PLAS+P|main,2011.07213,d4rl,PLAS,PLAS+P,main,halfcheetah-medium-expert,96.6,99.3,2.7,"variant: main; conditions: {""max_latent_action"": ""0.5"", ""max_perturbation"": ""best of sweep {0, 0.01, 0.05, 0.1, 0.2, 0.5} (Appendix D); exact value per dataset not tabulated""}; notes: PLAS+P column = 'we report the best result from Appendix D' (best over max perturbation epsilon).; variant method description: PLAS plus an optional perturbation layer on top of the decoder output that outputs a residual over the action limited to [-epsilon, epsilon] (L-infinity), allowing controlled out-of-distribution actions when the Q-function generalizes well. Inspired by BCQ's perturbation model but applied to a deterministic latent policy.; variant settings: actor_learning_rate=1e-4; critic_learning_rate=1e-3; cvae_learning_rate=1e-4; optimizer=Adam; cvae_encoder_decoder_hidden=(750, 750) default; (128, 128) for datasets smaller than 1e6 transitions (medium-replay); cvae_training_steps=5e5; cvae_batch_size=100; policy_critic_perturbation_hidden=(400, 300); tau=0.005; lambda_clipped_double_q=1; policy_training_steps=5e5 (500 epochs x 1000 steps); policy_batch_size=100",Table 3 vs main Table 3
2011.07213|PLAS+P|main|walker2d-medium-replay,2011.07213|PLAS+P|main,2011.07213,d4rl,PLAS,PLAS+P,main,walker2d-medium-replay,30.2,14.3,-15.9,"variant: main; conditions: {""max_latent_action"": ""2"", ""max_perturbation"": ""best of sweep {0, 0.01, 0.05, 0.1, 0.2, 0.5} (Appendix D); exact value per dataset not tabulated""}; notes: PLAS+P column = 'we report the best result from Appendix D' (best over max perturbation epsilon).; variant method description: PLAS plus an optional perturbation layer on top of the decoder output that outputs a residual over the action limited to [-epsilon, epsilon] (L-infinity), allowing controlled out-of-distribution actions when the Q-function generalizes well. Inspired by BCQ's perturbation model but applied to a deterministic latent policy.; variant settings: actor_learning_rate=1e-4; critic_learning_rate=1e-3; cvae_learning_rate=1e-4; optimizer=Adam; cvae_encoder_decoder_hidden=(750, 750) default; (128, 128) for datasets smaller than 1e6 transitions (medium-replay); cvae_training_steps=5e5; cvae_batch_size=100; policy_critic_perturbation_hidden=(400, 300); tau=0.005; lambda_clipped_double_q=1; policy_training_steps=5e5 (500 epochs x 1000 steps); policy_batch_size=100",Table 3 vs main Table 3
2011.07213|PLAS+P|main|hopper-medium-replay,2011.07213|PLAS+P|main,2011.07213,d4rl,PLAS,PLAS+P,main,hopper-medium-replay,27.9,51.9,24.0,"variant: main; conditions: {""max_latent_action"": ""0.5"", ""max_perturbation"": ""best of sweep {0, 0.01, 0.05, 0.1, 0.2, 0.5} (Appendix D); exact value per dataset not tabulated""}; notes: PLAS+P column = 'we report the best result from Appendix D' (best over max perturbation epsilon).; variant method description: PLAS plus an optional perturbation layer on top of the decoder output that outputs a residual over the action limited to [-epsilon, epsilon] (L-infinity), allowing controlled out-of-distribution actions when the Q-function generalizes well. Inspired by BCQ's perturbation model but applied to a deterministic latent policy.; variant settings: actor_learning_rate=1e-4; critic_learning_rate=1e-3; cvae_learning_rate=1e-4; optimizer=Adam; cvae_encoder_decoder_hidden=(750, 750) default; (128, 128) for datasets smaller than 1e6 transitions (medium-replay); cvae_training_steps=5e5; cvae_batch_size=100; policy_critic_perturbation_hidden=(400, 300); tau=0.005; lambda_clipped_double_q=1; policy_training_steps=5e5 (500 epochs x 1000 steps); policy_batch_size=100",Table 3 vs main Table 3
2011.07213|PLAS+P|main|halfcheetah-medium-replay,2011.07213|PLAS+P|main,2011.07213,d4rl,PLAS,PLAS+P,main,halfcheetah-medium-replay,43.9,45.7,1.8,"variant: main; conditions: {""max_latent_action"": ""2"", ""max_perturbation"": ""best of sweep {0, 0.01, 0.05, 0.1, 0.2, 0.5} (Appendix D); exact value per dataset not tabulated""}; notes: PLAS+P column = 'we report the best result from Appendix D' (best over max perturbation epsilon).; variant method description: PLAS plus an optional perturbation layer on top of the decoder output that outputs a residual over the action limited to [-epsilon, epsilon] (L-infinity), allowing controlled out-of-distribution actions when the Q-function generalizes well. Inspired by BCQ's perturbation model but applied to a deterministic latent policy.; variant settings: actor_learning_rate=1e-4; critic_learning_rate=1e-3; cvae_learning_rate=1e-4; optimizer=Adam; cvae_encoder_decoder_hidden=(750, 750) default; (128, 128) for datasets smaller than 1e6 transitions (medium-replay); cvae_training_steps=5e5; cvae_batch_size=100; policy_critic_perturbation_hidden=(400, 300); tau=0.005; lambda_clipped_double_q=1; policy_training_steps=5e5 (500 epochs x 1000 steps); policy_batch_size=100",Table 3 vs main Table 3
2011.07213|PLAS+P|main|walker2d-medium,2011.07213|PLAS+P|main,2011.07213,d4rl,PLAS,PLAS+P,main,walker2d-medium,44.6,66.9,22.3,"variant: main; conditions: {""max_latent_action"": ""2"", ""max_perturbation"": ""best of sweep {0, 0.01, 0.05, 0.1, 0.2, 0.5} (Appendix D); exact value per dataset not tabulated""}; notes: PLAS+P column = 'we report the best result from Appendix D' (best over max perturbation epsilon).; variant method description: PLAS plus an optional perturbation layer on top of the decoder output that outputs a residual over the action limited to [-epsilon, epsilon] (L-infinity), allowing controlled out-of-distribution actions when the Q-function generalizes well. Inspired by BCQ's perturbation model but applied to a deterministic latent policy.; variant settings: actor_learning_rate=1e-4; critic_learning_rate=1e-3; cvae_learning_rate=1e-4; optimizer=Adam; cvae_encoder_decoder_hidden=(750, 750) default; (128, 128) for datasets smaller than 1e6 transitions (medium-replay); cvae_training_steps=5e5; cvae_batch_size=100; policy_critic_perturbation_hidden=(400, 300); tau=0.005; lambda_clipped_double_q=1; policy_training_steps=5e5 (500 epochs x 1000 steps); policy_batch_size=100",Table 3 vs main Table 3
2011.07213|PLAS+P|main|hopper-medium,2011.07213|PLAS+P|main,2011.07213,d4rl,PLAS,PLAS+P,main,hopper-medium,32.9,36.9,4.0,"variant: main; conditions: {""max_latent_action"": ""2"", ""max_perturbation"": ""best of sweep {0, 0.01, 0.05, 0.1, 0.2, 0.5} (Appendix D); exact value per dataset not tabulated""}; notes: PLAS+P column = 'we report the best result from Appendix D' (best over max perturbation epsilon).; variant method description: PLAS plus an optional perturbation layer on top of the decoder output that outputs a residual over the action limited to [-epsilon, epsilon] (L-infinity), allowing controlled out-of-distribution actions when the Q-function generalizes well. Inspired by BCQ's perturbation model but applied to a deterministic latent policy.; variant settings: actor_learning_rate=1e-4; critic_learning_rate=1e-3; cvae_learning_rate=1e-4; optimizer=Adam; cvae_encoder_decoder_hidden=(750, 750) default; (128, 128) for datasets smaller than 1e6 transitions (medium-replay); cvae_training_steps=5e5; cvae_batch_size=100; policy_critic_perturbation_hidden=(400, 300); tau=0.005; lambda_clipped_double_q=1; policy_training_steps=5e5 (500 epochs x 1000 steps); policy_batch_size=100",Table 3 vs main Table 3
2011.07213|PLAS+P|main|halfcheetah-medium,2011.07213|PLAS+P|main,2011.07213,d4rl,PLAS,PLAS+P,main,halfcheetah-medium,39.3,42.2,2.9,"variant: main; conditions: {""max_latent_action"": ""2"", ""max_perturbation"": ""best of sweep {0, 0.01, 0.05, 0.1, 0.2, 0.5} (Appendix D); exact value per dataset not tabulated""}; notes: PLAS+P column = 'we report the best result from Appendix D' (best over max perturbation epsilon).; variant method description: PLAS plus an optional perturbation layer on top of the decoder output that outputs a residual over the action limited to [-epsilon, epsilon] (L-infinity), allowing controlled out-of-distribution actions when the Q-function generalizes well. Inspired by BCQ's perturbation model but applied to a deterministic latent policy.; variant settings: actor_learning_rate=1e-4; critic_learning_rate=1e-3; cvae_learning_rate=1e-4; optimizer=Adam; cvae_encoder_decoder_hidden=(750, 750) default; (128, 128) for datasets smaller than 1e6 transitions (medium-replay); cvae_training_steps=5e5; cvae_batch_size=100; policy_critic_perturbation_hidden=(400, 300); tau=0.005; lambda_clipped_double_q=1; policy_training_steps=5e5 (500 epochs x 1000 steps); policy_batch_size=100",Table 3 vs main Table 3
2011.07213|PLAS+P|main|walker2d-random,2011.07213|PLAS+P|main,2011.07213,d4rl,PLAS,PLAS+P,main,walker2d-random,3.1,6.8,3.7,"variant: main; conditions: {""max_latent_action"": ""2"", ""max_perturbation"": ""best of sweep {0, 0.01, 0.05, 0.1, 0.2, 0.5} (Appendix D); exact value per dataset not tabulated""}; notes: PLAS+P column = 'we report the best result from Appendix D' (best over max perturbation epsilon). paper notes 'all the experiments for walker2d-random are unstable' (Appendix C); variant method description: PLAS plus an optional perturbation layer on top of the decoder output that outputs a residual over the action limited to [-epsilon, epsilon] (L-infinity), allowing controlled out-of-distribution actions when the Q-function generalizes well. Inspired by BCQ's perturbation model but applied to a deterministic latent policy.; variant settings: actor_learning_rate=1e-4; critic_learning_rate=1e-3; cvae_learning_rate=1e-4; optimizer=Adam; cvae_encoder_decoder_hidden=(750, 750) default; (128, 128) for datasets smaller than 1e6 transitions (medium-replay); cvae_training_steps=5e5; cvae_batch_size=100; policy_critic_perturbation_hidden=(400, 300); tau=0.005; lambda_clipped_double_q=1; policy_training_steps=5e5 (500 epochs x 1000 steps); policy_batch_size=100",Table 3 vs main Table 3
2011.07213|PLAS+P|main|hopper-random,2011.07213|PLAS+P|main,2011.07213,d4rl,PLAS,PLAS+P,main,hopper-random,10.5,13.3,2.8,"variant: main; conditions: {""max_latent_action"": ""2"", ""max_perturbation"": ""best of sweep {0, 0.01, 0.05, 0.1, 0.2, 0.5} (Appendix D); exact value per dataset not tabulated""}; notes: PLAS+P column = 'we report the best result from Appendix D' (best over max perturbation epsilon).; variant method description: PLAS plus an optional perturbation layer on top of the decoder output that outputs a residual over the action limited to [-epsilon, epsilon] (L-infinity), allowing controlled out-of-distribution actions when the Q-function generalizes well. Inspired by BCQ's perturbation model but applied to a deterministic latent policy.; variant settings: actor_learning_rate=1e-4; critic_learning_rate=1e-3; cvae_learning_rate=1e-4; optimizer=Adam; cvae_encoder_decoder_hidden=(750, 750) default; (128, 128) for datasets smaller than 1e6 transitions (medium-replay); cvae_training_steps=5e5; cvae_batch_size=100; policy_critic_perturbation_hidden=(400, 300); tau=0.005; lambda_clipped_double_q=1; policy_training_steps=5e5 (500 epochs x 1000 steps); policy_batch_size=100",Table 3 vs main Table 3
2011.07213|PLAS+P|main|halfcheetah-random,2011.07213|PLAS+P|main,2011.07213,d4rl,PLAS,PLAS+P,main,halfcheetah-random,25.8,28.3,2.5,"variant: main; conditions: {""max_latent_action"": ""2"", ""max_perturbation"": ""best of sweep {0, 0.01, 0.05, 0.1, 0.2, 0.5} (Appendix D); exact value per dataset not tabulated""}; notes: PLAS+P column = 'we report the best result from Appendix D' (best over max perturbation epsilon).; variant method description: PLAS plus an optional perturbation layer on top of the decoder output that outputs a residual over the action limited to [-epsilon, epsilon] (L-infinity), allowing controlled out-of-distribution actions when the Q-function generalizes well. Inspired by BCQ's perturbation model but applied to a deterministic latent policy.; variant settings: actor_learning_rate=1e-4; critic_learning_rate=1e-3; cvae_learning_rate=1e-4; optimizer=Adam; cvae_encoder_decoder_hidden=(750, 750) default; (128, 128) for datasets smaller than 1e6 transitions (medium-replay); cvae_training_steps=5e5; cvae_batch_size=100; policy_critic_perturbation_hidden=(400, 300); tau=0.005; lambda_clipped_double_q=1; policy_training_steps=5e5 (500 epochs x 1000 steps); policy_batch_size=100",Table 3 vs main Table 3
2011.07213|PLAS+P|epsilon=0.05|walker2d-random,2011.07213|PLAS+P|epsilon=0.05,2011.07213,d4rl,PLAS,PLAS+P,epsilon=0.05,walker2d-random,3.1,6.8,3.7,"variant: epsilon=0.05; conditions: {""max_perturbation"": ""0.05"", ""max_latent_action"": ""2""}; notes: perturbation-limit ablation; column header 'ε = 0.05' (epsilon glyph dropped in layout.txt); variant method description: PLAS plus an optional perturbation layer on top of the decoder output that outputs a residual over the action limited to [-epsilon, epsilon] (L-infinity), allowing controlled out-of-distribution actions when the Q-function generalizes well. Inspired by BCQ's perturbation model but applied to a deterministic latent policy.; variant settings: actor_learning_rate=1e-4; critic_learning_rate=1e-3; cvae_learning_rate=1e-4; optimizer=Adam; cvae_encoder_decoder_hidden=(750, 750) default; (128, 128) for datasets smaller than 1e6 transitions (medium-replay); cvae_training_steps=5e5; cvae_batch_size=100; policy_critic_perturbation_hidden=(400, 300); tau=0.005; lambda_clipped_double_q=1; policy_training_steps=5e5 (500 epochs x 1000 steps); policy_batch_size=100",Table 1 vs main Table 3
2011.07213|PLAS+P|epsilon=0.1|walker2d-random,2011.07213|PLAS+P|epsilon=0.1,2011.07213,d4rl,PLAS,PLAS+P,epsilon=0.1,walker2d-random,3.1,2.4,-0.7,"variant: epsilon=0.1; conditions: {""max_perturbation"": ""0.1"", ""max_latent_action"": ""2""}; notes: perturbation-limit ablation; column header 'ε = 0.1' (epsilon glyph dropped in layout.txt); variant method description: PLAS plus an optional perturbation layer on top of the decoder output that outputs a residual over the action limited to [-epsilon, epsilon] (L-infinity), allowing controlled out-of-distribution actions when the Q-function generalizes well. Inspired by BCQ's perturbation model but applied to a deterministic latent policy.; variant settings: actor_learning_rate=1e-4; critic_learning_rate=1e-3; cvae_learning_rate=1e-4; optimizer=Adam; cvae_encoder_decoder_hidden=(750, 750) default; (128, 128) for datasets smaller than 1e6 transitions (medium-replay); cvae_training_steps=5e5; cvae_batch_size=100; policy_critic_perturbation_hidden=(400, 300); tau=0.005; lambda_clipped_double_q=1; policy_training_steps=5e5 (500 epochs x 1000 steps); policy_batch_size=100",Table 1 vs main Table 3
2011.07213|PLAS+P|epsilon=0.2|walker2d-random,2011.07213|PLAS+P|epsilon=0.2,2011.07213,d4rl,PLAS,PLAS+P,epsilon=0.2,walker2d-random,3.1,1.3,-1.8,"variant: epsilon=0.2; conditions: {""max_perturbation"": ""0.2"", ""max_latent_action"": ""2""}; notes: perturbation-limit ablation; column header 'ε = 0.2' (epsilon glyph dropped in layout.txt); variant method description: PLAS plus an optional perturbation layer on top of the decoder output that outputs a residual over the action limited to [-epsilon, epsilon] (L-infinity), allowing controlled out-of-distribution actions when the Q-function generalizes well. Inspired by BCQ's perturbation model but applied to a deterministic latent policy.; variant settings: actor_learning_rate=1e-4; critic_learning_rate=1e-3; cvae_learning_rate=1e-4; optimizer=Adam; cvae_encoder_decoder_hidden=(750, 750) default; (128, 128) for datasets smaller than 1e6 transitions (medium-replay); cvae_training_steps=5e5; cvae_batch_size=100; policy_critic_perturbation_hidden=(400, 300); tau=0.005; lambda_clipped_double_q=1; policy_training_steps=5e5 (500 epochs x 1000 steps); policy_batch_size=100",Table 1 vs main Table 3
2011.07213|PLAS+P|epsilon=0.5|walker2d-random,2011.07213|PLAS+P|epsilon=0.5,2011.07213,d4rl,PLAS,PLAS+P,epsilon=0.5,walker2d-random,3.1,-0.3,-3.4,"variant: epsilon=0.5; conditions: {""max_perturbation"": ""0.5"", ""max_latent_action"": ""2""}; notes: perturbation-limit ablation; column header 'ε = 0.5' (epsilon glyph dropped in layout.txt); variant method description: PLAS plus an optional perturbation layer on top of the decoder output that outputs a residual over the action limited to [-epsilon, epsilon] (L-infinity), allowing controlled out-of-distribution actions when the Q-function generalizes well. Inspired by BCQ's perturbation model but applied to a deterministic latent policy.; variant settings: actor_learning_rate=1e-4; critic_learning_rate=1e-3; cvae_learning_rate=1e-4; optimizer=Adam; cvae_encoder_decoder_hidden=(750, 750) default; (128, 128) for datasets smaller than 1e6 transitions (medium-replay); cvae_training_steps=5e5; cvae_batch_size=100; policy_critic_perturbation_hidden=(400, 300); tau=0.005; lambda_clipped_double_q=1; policy_training_steps=5e5 (500 epochs x 1000 steps); policy_batch_size=100",Table 1 vs main Table 3
2011.07213|PLAS+P|epsilon=0.05|hopper-random,2011.07213|PLAS+P|epsilon=0.05,2011.07213,d4rl,PLAS,PLAS+P,epsilon=0.05,hopper-random,10.5,11.1,0.6,"variant: epsilon=0.05; conditions: {""max_perturbation"": ""0.05"", ""max_latent_action"": ""2""}; notes: perturbation-limit ablation; column header 'ε = 0.05' (epsilon glyph dropped in layout.txt); variant method description: PLAS plus an optional perturbation layer on top of the decoder output that outputs a residual over the action limited to [-epsilon, epsilon] (L-infinity), allowing controlled out-of-distribution actions when the Q-function generalizes well. Inspired by BCQ's perturbation model but applied to a deterministic latent policy.; variant settings: actor_learning_rate=1e-4; critic_learning_rate=1e-3; cvae_learning_rate=1e-4; optimizer=Adam; cvae_encoder_decoder_hidden=(750, 750) default; (128, 128) for datasets smaller than 1e6 transitions (medium-replay); cvae_training_steps=5e5; cvae_batch_size=100; policy_critic_perturbation_hidden=(400, 300); tau=0.005; lambda_clipped_double_q=1; policy_training_steps=5e5 (500 epochs x 1000 steps); policy_batch_size=100",Table 1 vs main Table 3
2011.07213|PLAS+P|epsilon=0.1|hopper-random,2011.07213|PLAS+P|epsilon=0.1,2011.07213,d4rl,PLAS,PLAS+P,epsilon=0.1,hopper-random,10.5,11.6,1.1,"variant: epsilon=0.1; conditions: {""max_perturbation"": ""0.1"", ""max_latent_action"": ""2""}; notes: perturbation-limit ablation; column header 'ε = 0.1' (epsilon glyph dropped in layout.txt); variant method description: PLAS plus an optional perturbation layer on top of the decoder output that outputs a residual over the action limited to [-epsilon, epsilon] (L-infinity), allowing controlled out-of-distribution actions when the Q-function generalizes well. Inspired by BCQ's perturbation model but applied to a deterministic latent policy.; variant settings: actor_learning_rate=1e-4; critic_learning_rate=1e-3; cvae_learning_rate=1e-4; optimizer=Adam; cvae_encoder_decoder_hidden=(750, 750) default; (128, 128) for datasets smaller than 1e6 transitions (medium-replay); cvae_training_steps=5e5; cvae_batch_size=100; policy_critic_perturbation_hidden=(400, 300); tau=0.005; lambda_clipped_double_q=1; policy_training_steps=5e5 (500 epochs x 1000 steps); policy_batch_size=100",Table 1 vs main Table 3
2011.07213|PLAS+P|epsilon=0.2|hopper-random,2011.07213|PLAS+P|epsilon=0.2,2011.07213,d4rl,PLAS,PLAS+P,epsilon=0.2,hopper-random,10.5,12.2,1.7,"variant: epsilon=0.2; conditions: {""max_perturbation"": ""0.2"", ""max_latent_action"": ""2""}; notes: perturbation-limit ablation; column header 'ε = 0.2' (epsilon glyph dropped in layout.txt); variant method description: PLAS plus an optional perturbation layer on top of the decoder output that outputs a residual over the action limited to [-epsilon, epsilon] (L-infinity), allowing controlled out-of-distribution actions when the Q-function generalizes well. Inspired by BCQ's perturbation model but applied to a deterministic latent policy.; variant settings: actor_learning_rate=1e-4; critic_learning_rate=1e-3; cvae_learning_rate=1e-4; optimizer=Adam; cvae_encoder_decoder_hidden=(750, 750) default; (128, 128) for datasets smaller than 1e6 transitions (medium-replay); cvae_training_steps=5e5; cvae_batch_size=100; policy_critic_perturbation_hidden=(400, 300); tau=0.005; lambda_clipped_double_q=1; policy_training_steps=5e5 (500 epochs x 1000 steps); policy_batch_size=100",Table 1 vs main Table 3
2011.07213|PLAS+P|epsilon=0.5|hopper-random,2011.07213|PLAS+P|epsilon=0.5,2011.07213,d4rl,PLAS,PLAS+P,epsilon=0.5,hopper-random,10.5,13.3,2.8,"variant: epsilon=0.5; conditions: {""max_perturbation"": ""0.5"", ""max_latent_action"": ""2""}; notes: perturbation-limit ablation; column header 'ε = 0.5' (epsilon glyph dropped in layout.txt); variant method description: PLAS plus an optional perturbation layer on top of the decoder output that outputs a residual over the action limited to [-epsilon, epsilon] (L-infinity), allowing controlled out-of-distribution actions when the Q-function generalizes well. Inspired by BCQ's perturbation model but applied to a deterministic latent policy.; variant settings: actor_learning_rate=1e-4; critic_learning_rate=1e-3; cvae_learning_rate=1e-4; optimizer=Adam; cvae_encoder_decoder_hidden=(750, 750) default; (128, 128) for datasets smaller than 1e6 transitions (medium-replay); cvae_training_steps=5e5; cvae_batch_size=100; policy_critic_perturbation_hidden=(400, 300); tau=0.005; lambda_clipped_double_q=1; policy_training_steps=5e5 (500 epochs x 1000 steps); policy_batch_size=100",Table 1 vs main Table 3
2011.07213|PLAS+P|epsilon=0.05|halfcheetah-random,2011.07213|PLAS+P|epsilon=0.05,2011.07213,d4rl,PLAS,PLAS+P,epsilon=0.05,halfcheetah-random,25.8,25.7,-0.1,"variant: epsilon=0.05; conditions: {""max_perturbation"": ""0.05"", ""max_latent_action"": ""2""}; notes: perturbation-limit ablation; column header 'ε = 0.05' (epsilon glyph dropped in layout.txt); variant method description: PLAS plus an optional perturbation layer on top of the decoder output that outputs a residual over the action limited to [-epsilon, epsilon] (L-infinity), allowing controlled out-of-distribution actions when the Q-function generalizes well. Inspired by BCQ's perturbation model but applied to a deterministic latent policy.; variant settings: actor_learning_rate=1e-4; critic_learning_rate=1e-3; cvae_learning_rate=1e-4; optimizer=Adam; cvae_encoder_decoder_hidden=(750, 750) default; (128, 128) for datasets smaller than 1e6 transitions (medium-replay); cvae_training_steps=5e5; cvae_batch_size=100; policy_critic_perturbation_hidden=(400, 300); tau=0.005; lambda_clipped_double_q=1; policy_training_steps=5e5 (500 epochs x 1000 steps); policy_batch_size=100",Table 1 vs main Table 3
2011.07213|PLAS+P|epsilon=0.1|halfcheetah-random,2011.07213|PLAS+P|epsilon=0.1,2011.07213,d4rl,PLAS,PLAS+P,epsilon=0.1,halfcheetah-random,25.8,27.4,1.6,"variant: epsilon=0.1; conditions: {""max_perturbation"": ""0.1"", ""max_latent_action"": ""2""}; notes: perturbation-limit ablation; column header 'ε = 0.1' (epsilon glyph dropped in layout.txt); variant method description: PLAS plus an optional perturbation layer on top of the decoder output that outputs a residual over the action limited to [-epsilon, epsilon] (L-infinity), allowing controlled out-of-distribution actions when the Q-function generalizes well. Inspired by BCQ's perturbation model but applied to a deterministic latent policy.; variant settings: actor_learning_rate=1e-4; critic_learning_rate=1e-3; cvae_learning_rate=1e-4; optimizer=Adam; cvae_encoder_decoder_hidden=(750, 750) default; (128, 128) for datasets smaller than 1e6 transitions (medium-replay); cvae_training_steps=5e5; cvae_batch_size=100; policy_critic_perturbation_hidden=(400, 300); tau=0.005; lambda_clipped_double_q=1; policy_training_steps=5e5 (500 epochs x 1000 steps); policy_batch_size=100",Table 1 vs main Table 3
2011.07213|PLAS+P|epsilon=0.2|halfcheetah-random,2011.07213|PLAS+P|epsilon=0.2,2011.07213,d4rl,PLAS,PLAS+P,epsilon=0.2,halfcheetah-random,25.8,27.6,1.8,"variant: epsilon=0.2; conditions: {""max_perturbation"": ""0.2"", ""max_latent_action"": ""2""}; notes: perturbation-limit ablation; column header 'ε = 0.2' (epsilon glyph dropped in layout.txt); variant method description: PLAS plus an optional perturbation layer on top of the decoder output that outputs a residual over the action limited to [-epsilon, epsilon] (L-infinity), allowing controlled out-of-distribution actions when the Q-function generalizes well. Inspired by BCQ's perturbation model but applied to a deterministic latent policy.; variant settings: actor_learning_rate=1e-4; critic_learning_rate=1e-3; cvae_learning_rate=1e-4; optimizer=Adam; cvae_encoder_decoder_hidden=(750, 750) default; (128, 128) for datasets smaller than 1e6 transitions (medium-replay); cvae_training_steps=5e5; cvae_batch_size=100; policy_critic_perturbation_hidden=(400, 300); tau=0.005; lambda_clipped_double_q=1; policy_training_steps=5e5 (500 epochs x 1000 steps); policy_batch_size=100",Table 1 vs main Table 3
2011.07213|PLAS+P|epsilon=0.5|halfcheetah-random,2011.07213|PLAS+P|epsilon=0.5,2011.07213,d4rl,PLAS,PLAS+P,epsilon=0.5,halfcheetah-random,25.8,28.3,2.5,"variant: epsilon=0.5; conditions: {""max_perturbation"": ""0.5"", ""max_latent_action"": ""2""}; notes: perturbation-limit ablation; column header 'ε = 0.5' (epsilon glyph dropped in layout.txt); variant method description: PLAS plus an optional perturbation layer on top of the decoder output that outputs a residual over the action limited to [-epsilon, epsilon] (L-infinity), allowing controlled out-of-distribution actions when the Q-function generalizes well. Inspired by BCQ's perturbation model but applied to a deterministic latent policy.; variant settings: actor_learning_rate=1e-4; critic_learning_rate=1e-3; cvae_learning_rate=1e-4; optimizer=Adam; cvae_encoder_decoder_hidden=(750, 750) default; (128, 128) for datasets smaller than 1e6 transitions (medium-replay); cvae_training_steps=5e5; cvae_batch_size=100; policy_critic_perturbation_hidden=(400, 300); tau=0.005; lambda_clipped_double_q=1; policy_training_steps=5e5 (500 epochs x 1000 steps); policy_batch_size=100",Table 1 vs main Table 3
2011.07213|PLAS+P|epsilon=0.05|walker2d-medium,2011.07213|PLAS+P|epsilon=0.05,2011.07213,d4rl,PLAS,PLAS+P,epsilon=0.05,walker2d-medium,44.6,64.8,20.2,"variant: epsilon=0.05; conditions: {""max_perturbation"": ""0.05"", ""max_latent_action"": ""2""}; notes: perturbation-limit ablation; column header 'ε = 0.05' (epsilon glyph dropped in layout.txt); variant method description: PLAS plus an optional perturbation layer on top of the decoder output that outputs a residual over the action limited to [-epsilon, epsilon] (L-infinity), allowing controlled out-of-distribution actions when the Q-function generalizes well. Inspired by BCQ's perturbation model but applied to a deterministic latent policy.; variant settings: actor_learning_rate=1e-4; critic_learning_rate=1e-3; cvae_learning_rate=1e-4; optimizer=Adam; cvae_encoder_decoder_hidden=(750, 750) default; (128, 128) for datasets smaller than 1e6 transitions (medium-replay); cvae_training_steps=5e5; cvae_batch_size=100; policy_critic_perturbation_hidden=(400, 300); tau=0.005; lambda_clipped_double_q=1; policy_training_steps=5e5 (500 epochs x 1000 steps); policy_batch_size=100",Table 1 vs main Table 3
2011.07213|PLAS+P|epsilon=0.1|walker2d-medium,2011.07213|PLAS+P|epsilon=0.1,2011.07213,d4rl,PLAS,PLAS+P,epsilon=0.1,walker2d-medium,44.6,66.9,22.3,"variant: epsilon=0.1; conditions: {""max_perturbation"": ""0.1"", ""max_latent_action"": ""2""}; notes: perturbation-limit ablation; column header 'ε = 0.1' (epsilon glyph dropped in layout.txt); variant method description: PLAS plus an optional perturbation layer on top of the decoder output that outputs a residual over the action limited to [-epsilon, epsilon] (L-infinity), allowing controlled out-of-distribution actions when the Q-function generalizes well. Inspired by BCQ's perturbation model but applied to a deterministic latent policy.; variant settings: actor_learning_rate=1e-4; critic_learning_rate=1e-3; cvae_learning_rate=1e-4; optimizer=Adam; cvae_encoder_decoder_hidden=(750, 750) default; (128, 128) for datasets smaller than 1e6 transitions (medium-replay); cvae_training_steps=5e5; cvae_batch_size=100; policy_critic_perturbation_hidden=(400, 300); tau=0.005; lambda_clipped_double_q=1; policy_training_steps=5e5 (500 epochs x 1000 steps); policy_batch_size=100",Table 1 vs main Table 3
2011.07213|PLAS+P|epsilon=0.2|walker2d-medium,2011.07213|PLAS+P|epsilon=0.2,2011.07213,d4rl,PLAS,PLAS+P,epsilon=0.2,walker2d-medium,44.6,62.1,17.5,"variant: epsilon=0.2; conditions: {""max_perturbation"": ""0.2"", ""max_latent_action"": ""2""}; notes: perturbation-limit ablation; column header 'ε = 0.2' (epsilon glyph dropped in layout.txt); variant method description: PLAS plus an optional perturbation layer on top of the decoder output that outputs a residual over the action limited to [-epsilon, epsilon] (L-infinity), allowing controlled out-of-distribution actions when the Q-function generalizes well. Inspired by BCQ's perturbation model but applied to a deterministic latent policy.; variant settings: actor_learning_rate=1e-4; critic_learning_rate=1e-3; cvae_learning_rate=1e-4; optimizer=Adam; cvae_encoder_decoder_hidden=(750, 750) default; (128, 128) for datasets smaller than 1e6 transitions (medium-replay); cvae_training_steps=5e5; cvae_batch_size=100; policy_critic_perturbation_hidden=(400, 300); tau=0.005; lambda_clipped_double_q=1; policy_training_steps=5e5 (500 epochs x 1000 steps); policy_batch_size=100",Table 1 vs main Table 3
2011.07213|PLAS+P|epsilon=0.5|walker2d-medium,2011.07213|PLAS+P|epsilon=0.5,2011.07213,d4rl,PLAS,PLAS+P,epsilon=0.5,walker2d-medium,44.6,39.2,-5.4,"variant: epsilon=0.5; conditions: {""max_perturbation"": ""0.5"", ""max_latent_action"": ""2""}; notes: perturbation-limit ablation; column header 'ε = 0.5' (epsilon glyph dropped in layout.txt); variant method description: PLAS plus an optional perturbation layer on top of the decoder output that outputs a residual over the action limited to [-epsilon, epsilon] (L-infinity), allowing controlled out-of-distribution actions when the Q-function generalizes well. Inspired by BCQ's perturbation model but applied to a deterministic latent policy.; variant settings: actor_learning_rate=1e-4; critic_learning_rate=1e-3; cvae_learning_rate=1e-4; optimizer=Adam; cvae_encoder_decoder_hidden=(750, 750) default; (128, 128) for datasets smaller than 1e6 transitions (medium-replay); cvae_training_steps=5e5; cvae_batch_size=100; policy_critic_perturbation_hidden=(400, 300); tau=0.005; lambda_clipped_double_q=1; policy_training_steps=5e5 (500 epochs x 1000 steps); policy_batch_size=100",Table 1 vs main Table 3
2011.07213|PLAS+P|epsilon=0.05|hopper-medium,2011.07213|PLAS+P|epsilon=0.05,2011.07213,d4rl,PLAS,PLAS+P,epsilon=0.05,hopper-medium,32.9,35.5,2.6,"variant: epsilon=0.05; conditions: {""max_perturbation"": ""0.05"", ""max_latent_action"": ""2""}; notes: perturbation-limit ablation; column header 'ε = 0.05' (epsilon glyph dropped in layout.txt); variant method description: PLAS plus an optional perturbation layer on top of the decoder output that outputs a residual over the action limited to [-epsilon, epsilon] (L-infinity), allowing controlled out-of-distribution actions when the Q-function generalizes well. Inspired by BCQ's perturbation model but applied to a deterministic latent policy.; variant settings: actor_learning_rate=1e-4; critic_learning_rate=1e-3; cvae_learning_rate=1e-4; optimizer=Adam; cvae_encoder_decoder_hidden=(750, 750) default; (128, 128) for datasets smaller than 1e6 transitions (medium-replay); cvae_training_steps=5e5; cvae_batch_size=100; policy_critic_perturbation_hidden=(400, 300); tau=0.005; lambda_clipped_double_q=1; policy_training_steps=5e5 (500 epochs x 1000 steps); policy_batch_size=100",Table 1 vs main Table 3
2011.07213|PLAS+P|epsilon=0.1|hopper-medium,2011.07213|PLAS+P|epsilon=0.1,2011.07213,d4rl,PLAS,PLAS+P,epsilon=0.1,hopper-medium,32.9,17.5,-15.4,"variant: epsilon=0.1; conditions: {""max_perturbation"": ""0.1"", ""max_latent_action"": ""2""}; notes: perturbation-limit ablation; column header 'ε = 0.1' (epsilon glyph dropped in layout.txt); variant method description: PLAS plus an optional perturbation layer on top of the decoder output that outputs a residual over the action limited to [-epsilon, epsilon] (L-infinity), allowing controlled out-of-distribution actions when the Q-function generalizes well. Inspired by BCQ's perturbation model but applied to a deterministic latent policy.; variant settings: actor_learning_rate=1e-4; critic_learning_rate=1e-3; cvae_learning_rate=1e-4; optimizer=Adam; cvae_encoder_decoder_hidden=(750, 750) default; (128, 128) for datasets smaller than 1e6 transitions (medium-replay); cvae_training_steps=5e5; cvae_batch_size=100; policy_critic_perturbation_hidden=(400, 300); tau=0.005; lambda_clipped_double_q=1; policy_training_steps=5e5 (500 epochs x 1000 steps); policy_batch_size=100",Table 1 vs main Table 3
2011.07213|PLAS+P|epsilon=0.2|hopper-medium,2011.07213|PLAS+P|epsilon=0.2,2011.07213,d4rl,PLAS,PLAS+P,epsilon=0.2,hopper-medium,32.9,2.5,-30.4,"variant: epsilon=0.2; conditions: {""max_perturbation"": ""0.2"", ""max_latent_action"": ""2""}; notes: perturbation-limit ablation; column header 'ε = 0.2' (epsilon glyph dropped in layout.txt); variant method description: PLAS plus an optional perturbation layer on top of the decoder output that outputs a residual over the action limited to [-epsilon, epsilon] (L-infinity), allowing controlled out-of-distribution actions when the Q-function generalizes well. Inspired by BCQ's perturbation model but applied to a deterministic latent policy.; variant settings: actor_learning_rate=1e-4; critic_learning_rate=1e-3; cvae_learning_rate=1e-4; optimizer=Adam; cvae_encoder_decoder_hidden=(750, 750) default; (128, 128) for datasets smaller than 1e6 transitions (medium-replay); cvae_training_steps=5e5; cvae_batch_size=100; policy_critic_perturbation_hidden=(400, 300); tau=0.005; lambda_clipped_double_q=1; policy_training_steps=5e5 (500 epochs x 1000 steps); policy_batch_size=100",Table 1 vs main Table 3
2011.07213|PLAS+P|epsilon=0.5|hopper-medium,2011.07213|PLAS+P|epsilon=0.5,2011.07213,d4rl,PLAS,PLAS+P,epsilon=0.5,hopper-medium,32.9,2.1,-30.8,"variant: epsilon=0.5; conditions: {""max_perturbation"": ""0.5"", ""max_latent_action"": ""2""}; notes: perturbation-limit ablation; column header 'ε = 0.5' (epsilon glyph dropped in layout.txt); variant method description: PLAS plus an optional perturbation layer on top of the decoder output that outputs a residual over the action limited to [-epsilon, epsilon] (L-infinity), allowing controlled out-of-distribution actions when the Q-function generalizes well. Inspired by BCQ's perturbation model but applied to a deterministic latent policy.; variant settings: actor_learning_rate=1e-4; critic_learning_rate=1e-3; cvae_learning_rate=1e-4; optimizer=Adam; cvae_encoder_decoder_hidden=(750, 750) default; (128, 128) for datasets smaller than 1e6 transitions (medium-replay); cvae_training_steps=5e5; cvae_batch_size=100; policy_critic_perturbation_hidden=(400, 300); tau=0.005; lambda_clipped_double_q=1; policy_training_steps=5e5 (500 epochs x 1000 steps); policy_batch_size=100",Table 1 vs main Table 3
2011.07213|PLAS+P|epsilon=0.05|halfcheetah-medium,2011.07213|PLAS+P|epsilon=0.05,2011.07213,d4rl,PLAS,PLAS+P,epsilon=0.05,halfcheetah-medium,39.3,41.3,2.0,"variant: epsilon=0.05; conditions: {""max_perturbation"": ""0.05"", ""max_latent_action"": ""2""}; notes: perturbation-limit ablation; column header 'ε = 0.05' (epsilon glyph dropped in layout.txt); variant method description: PLAS plus an optional perturbation layer on top of the decoder output that outputs a residual over the action limited to [-epsilon, epsilon] (L-infinity), allowing controlled out-of-distribution actions when the Q-function generalizes well. Inspired by BCQ's perturbation model but applied to a deterministic latent policy.; variant settings: actor_learning_rate=1e-4; critic_learning_rate=1e-3; cvae_learning_rate=1e-4; optimizer=Adam; cvae_encoder_decoder_hidden=(750, 750) default; (128, 128) for datasets smaller than 1e6 transitions (medium-replay); cvae_training_steps=5e5; cvae_batch_size=100; policy_critic_perturbation_hidden=(400, 300); tau=0.005; lambda_clipped_double_q=1; policy_training_steps=5e5 (500 epochs x 1000 steps); policy_batch_size=100",Table 1 vs main Table 3
2011.07213|PLAS+P|epsilon=0.1|halfcheetah-medium,2011.07213|PLAS+P|epsilon=0.1,2011.07213,d4rl,PLAS,PLAS+P,epsilon=0.1,halfcheetah-medium,39.3,42.2,2.9,"variant: epsilon=0.1; conditions: {""max_perturbation"": ""0.1"", ""max_latent_action"": ""2""}; notes: perturbation-limit ablation; column header 'ε = 0.1' (epsilon glyph dropped in layout.txt); variant method description: PLAS plus an optional perturbation layer on top of the decoder output that outputs a residual over the action limited to [-epsilon, epsilon] (L-infinity), allowing controlled out-of-distribution actions when the Q-function generalizes well. Inspired by BCQ's perturbation model but applied to a deterministic latent policy.; variant settings: actor_learning_rate=1e-4; critic_learning_rate=1e-3; cvae_learning_rate=1e-4; optimizer=Adam; cvae_encoder_decoder_hidden=(750, 750) default; (128, 128) for datasets smaller than 1e6 transitions (medium-replay); cvae_training_steps=5e5; cvae_batch_size=100; policy_critic_perturbation_hidden=(400, 300); tau=0.005; lambda_clipped_double_q=1; policy_training_steps=5e5 (500 epochs x 1000 steps); policy_batch_size=100",Table 1 vs main Table 3
2011.07213|PLAS+P|epsilon=0.2|halfcheetah-medium,2011.07213|PLAS+P|epsilon=0.2,2011.07213,d4rl,PLAS,PLAS+P,epsilon=0.2,halfcheetah-medium,39.3,42.2,2.9,"variant: epsilon=0.2; conditions: {""max_perturbation"": ""0.2"", ""max_latent_action"": ""2""}; notes: perturbation-limit ablation; column header 'ε = 0.2' (epsilon glyph dropped in layout.txt); variant method description: PLAS plus an optional perturbation layer on top of the decoder output that outputs a residual over the action limited to [-epsilon, epsilon] (L-infinity), allowing controlled out-of-distribution actions when the Q-function generalizes well. Inspired by BCQ's perturbation model but applied to a deterministic latent policy.; variant settings: actor_learning_rate=1e-4; critic_learning_rate=1e-3; cvae_learning_rate=1e-4; optimizer=Adam; cvae_encoder_decoder_hidden=(750, 750) default; (128, 128) for datasets smaller than 1e6 transitions (medium-replay); cvae_training_steps=5e5; cvae_batch_size=100; policy_critic_perturbation_hidden=(400, 300); tau=0.005; lambda_clipped_double_q=1; policy_training_steps=5e5 (500 epochs x 1000 steps); policy_batch_size=100",Table 1 vs main Table 3
2011.07213|PLAS+P|epsilon=0.5|halfcheetah-medium,2011.07213|PLAS+P|epsilon=0.5,2011.07213,d4rl,PLAS,PLAS+P,epsilon=0.5,halfcheetah-medium,39.3,40.4,1.1,"variant: epsilon=0.5; conditions: {""max_perturbation"": ""0.5"", ""max_latent_action"": ""2""}; notes: perturbation-limit ablation; column header 'ε = 0.5' (epsilon glyph dropped in layout.txt); variant method description: PLAS plus an optional perturbation layer on top of the decoder output that outputs a residual over the action limited to [-epsilon, epsilon] (L-infinity), allowing controlled out-of-distribution actions when the Q-function generalizes well. Inspired by BCQ's perturbation model but applied to a deterministic latent policy.; variant settings: actor_learning_rate=1e-4; critic_learning_rate=1e-3; cvae_learning_rate=1e-4; optimizer=Adam; cvae_encoder_decoder_hidden=(750, 750) default; (128, 128) for datasets smaller than 1e6 transitions (medium-replay); cvae_training_steps=5e5; cvae_batch_size=100; policy_critic_perturbation_hidden=(400, 300); tau=0.005; lambda_clipped_double_q=1; policy_training_steps=5e5 (500 epochs x 1000 steps); policy_batch_size=100",Table 1 vs main Table 3
2102.08363|COMBO|beta=0.5|halfcheetah-medium,2102.08363|COMBO|beta=0.5,2102.08363,d4rl,COMBO,COMBO,beta=0.5,halfcheetah-medium,54.2,54.2,0.0,"variant: beta=0.5; conditions: {""conservative_coefficient_beta"": ""0.5""}; notes: hyperparameter-selection ablation; 'performance' column; no std; seed count for this table not stated",Table 4 vs main Table 3
2102.08363|COMBO|beta=5.0|halfcheetah-medium,2102.08363|COMBO|beta=5.0,2102.08363,d4rl,COMBO,COMBO,beta=5.0,halfcheetah-medium,54.2,40.8,-13.4,"variant: beta=5.0; conditions: {""conservative_coefficient_beta"": ""5.0""}; notes: hyperparameter-selection ablation; 'performance' column; no std; seed count for this table not stated",Table 4 vs main Table 3
2102.08363|COMBO|beta=0.5|halfcheetah-medium-replay,2102.08363|COMBO|beta=0.5,2102.08363,d4rl,COMBO,COMBO,beta=0.5,halfcheetah-medium-replay,55.1,55.1,0.0,"variant: beta=0.5; conditions: {""conservative_coefficient_beta"": ""0.5""}; notes: hyperparameter-selection ablation; 'performance' column; no std; seed count for this table not stated",Table 4 vs main Table 3
2102.08363|COMBO|beta=5.0|halfcheetah-medium-replay,2102.08363|COMBO|beta=5.0,2102.08363,d4rl,COMBO,COMBO,beta=5.0,halfcheetah-medium-replay,55.1,9.3,-45.8,"variant: beta=5.0; conditions: {""conservative_coefficient_beta"": ""5.0""}; notes: hyperparameter-selection ablation; 'performance' column; no std; seed count for this table not stated",Table 4 vs main Table 3
2102.08363|COMBO|beta=0.5|halfcheetah-medium-expert,2102.08363|COMBO|beta=0.5,2102.08363,d4rl,COMBO,COMBO,beta=0.5,halfcheetah-medium-expert,90.0,89.4,-0.6,"variant: beta=0.5; conditions: {""conservative_coefficient_beta"": ""0.5""}; notes: hyperparameter-selection ablation; 'performance' column; no std; seed count for this table not stated",Table 4 vs main Table 3
2102.08363|COMBO|beta=5.0|halfcheetah-medium-expert,2102.08363|COMBO|beta=5.0,2102.08363,d4rl,COMBO,COMBO,beta=5.0,halfcheetah-medium-expert,90.0,90.0,0.0,"variant: beta=5.0; conditions: {""conservative_coefficient_beta"": ""5.0""}; notes: hyperparameter-selection ablation; 'performance' column; no std; seed count for this table not stated",Table 4 vs main Table 3
2102.08363|COMBO|beta=0.5|hopper-medium,2102.08363|COMBO|beta=0.5,2102.08363,d4rl,COMBO,COMBO,beta=0.5,hopper-medium,97.2,75.0,-22.2,"variant: beta=0.5; conditions: {""conservative_coefficient_beta"": ""0.5""}; notes: hyperparameter-selection ablation; 'performance' column; no std; seed count for this table not stated",Table 4 vs main Table 3
2102.08363|COMBO|beta=5.0|hopper-medium,2102.08363|COMBO|beta=5.0,2102.08363,d4rl,COMBO,COMBO,beta=5.0,hopper-medium,97.2,97.2,0.0,"variant: beta=5.0; conditions: {""conservative_coefficient_beta"": ""5.0""}; notes: hyperparameter-selection ablation; 'performance' column; no std; seed count for this table not stated",Table 4 vs main Table 3
2102.08363|COMBO|beta=0.5|hopper-medium-replay,2102.08363|COMBO|beta=0.5,2102.08363,d4rl,COMBO,COMBO,beta=0.5,hopper-medium-replay,89.5,89.5,0.0,"variant: beta=0.5; conditions: {""conservative_coefficient_beta"": ""0.5""}; notes: hyperparameter-selection ablation; 'performance' column; no std; seed count for this table not stated",Table 4 vs main Table 3
2102.08363|COMBO|beta=5.0|hopper-medium-replay,2102.08363|COMBO|beta=5.0,2102.08363,d4rl,COMBO,COMBO,beta=5.0,hopper-medium-replay,89.5,28.3,-61.2,"variant: beta=5.0; conditions: {""conservative_coefficient_beta"": ""5.0""}; notes: hyperparameter-selection ablation; 'performance' column; no std; seed count for this table not stated",Table 4 vs main Table 3
2102.08363|COMBO|beta=0.5|hopper-medium-expert,2102.08363|COMBO|beta=0.5,2102.08363,d4rl,COMBO,COMBO,beta=0.5,hopper-medium-expert,111.1,111.1,0.0,"variant: beta=0.5; conditions: {""conservative_coefficient_beta"": ""0.5""}; notes: hyperparameter-selection ablation; 'performance' column; no std; seed count for this table not stated",Table 4 vs main Table 3
2102.08363|COMBO|beta=5.0|hopper-medium-expert,2102.08363|COMBO|beta=5.0,2102.08363,d4rl,COMBO,COMBO,beta=5.0,hopper-medium-expert,111.1,75.3,-35.8,"variant: beta=5.0; conditions: {""conservative_coefficient_beta"": ""5.0""}; notes: hyperparameter-selection ablation; 'performance' column; no std; seed count for this table not stated",Table 4 vs main Table 3
2102.08363|COMBO|beta=0.5|walker2d-medium,2102.08363|COMBO|beta=0.5,2102.08363,d4rl,COMBO,COMBO,beta=0.5,walker2d-medium,81.9,1.9,-80.0,"variant: beta=0.5; conditions: {""conservative_coefficient_beta"": ""0.5""}; notes: hyperparameter-selection ablation; 'performance' column; no std; seed count for this table not stated",Table 4 vs main Table 3
2102.08363|COMBO|beta=5.0|walker2d-medium,2102.08363|COMBO|beta=5.0,2102.08363,d4rl,COMBO,COMBO,beta=5.0,walker2d-medium,81.9,81.9,0.0,"variant: beta=5.0; conditions: {""conservative_coefficient_beta"": ""5.0""}; notes: hyperparameter-selection ablation; 'performance' column; no std; seed count for this table not stated",Table 4 vs main Table 3
2102.08363|COMBO|beta=0.5|walker2d-medium-replay,2102.08363|COMBO|beta=0.5,2102.08363,d4rl,COMBO,COMBO,beta=0.5,walker2d-medium-replay,56.0,56.0,0.0,"variant: beta=0.5; conditions: {""conservative_coefficient_beta"": ""0.5""}; notes: hyperparameter-selection ablation; 'performance' column; no std; seed count for this table not stated",Table 4 vs main Table 3
2102.08363|COMBO|beta=5.0|walker2d-medium-replay,2102.08363|COMBO|beta=5.0,2102.08363,d4rl,COMBO,COMBO,beta=5.0,walker2d-medium-replay,56.0,27.0,-29.0,"variant: beta=5.0; conditions: {""conservative_coefficient_beta"": ""5.0""}; notes: hyperparameter-selection ablation; 'performance' column; no std; seed count for this table not stated",Table 4 vs main Table 3
2102.08363|COMBO|beta=0.5|walker2d-medium-expert,2102.08363|COMBO|beta=0.5,2102.08363,d4rl,COMBO,COMBO,beta=0.5,walker2d-medium-expert,103.3,10.3,-93.0,"variant: beta=0.5; conditions: {""conservative_coefficient_beta"": ""0.5""}; notes: hyperparameter-selection ablation; 'performance' column; no std; seed count for this table not stated",Table 4 vs main Table 3
2102.08363|COMBO|beta=5.0|walker2d-medium-expert,2102.08363|COMBO|beta=5.0,2102.08363,d4rl,COMBO,COMBO,beta=5.0,walker2d-medium-expert,103.3,103.3,0.0,"variant: beta=5.0; conditions: {""conservative_coefficient_beta"": ""5.0""}; notes: hyperparameter-selection ablation; 'performance' column; no std; seed count for this table not stated",Table 4 vs main Table 3
2102.08363|COMBO|mu=Unif(a)|hopper-medium,2102.08363|COMBO|mu=Unif(a),2102.08363,d4rl,COMBO,COMBO,mu=Unif(a),hopper-medium,97.2,97.2,0.0,"variant: mu=Unif(a); conditions: {""rollout_policy_mu"": ""Unif(a)""}; notes: rollout policy ablation; no std",Table 5 vs main Table 3
2102.08363|COMBO|mu=pi(a|s)|hopper-medium,2102.08363|COMBO|mu=pi(a|s),2102.08363,d4rl,COMBO,COMBO,mu=pi(a|s),hopper-medium,97.2,52.6,-44.6,"variant: mu=pi(a|s); conditions: {""rollout_policy_mu"": ""pi(a|s)""}; notes: rollout policy ablation; no std",Table 5 vs main Table 3
2102.08363|COMBO|mu=Unif(a)|walker2d-medium,2102.08363|COMBO|mu=Unif(a),2102.08363,d4rl,COMBO,COMBO,mu=Unif(a),walker2d-medium,81.9,7.9,-74.0,"variant: mu=Unif(a); conditions: {""rollout_policy_mu"": ""Unif(a)""}; notes: rollout policy ablation; no std",Table 5 vs main Table 3
2102.08363|COMBO|mu=pi(a|s)|walker2d-medium,2102.08363|COMBO|mu=pi(a|s),2102.08363,d4rl,COMBO,COMBO,mu=pi(a|s),walker2d-medium,81.9,81.9,0.0,"variant: mu=pi(a|s); conditions: {""rollout_policy_mu"": ""pi(a|s)""}; notes: rollout policy ablation; no std",Table 5 vs main Table 3
2102.08363|COMBO|rho(s)=d^pi_Mhat|hopper-medium,2102.08363|COMBO|rho(s)=d^pi_Mhat,2102.08363,d4rl,COMBO,COMBO,rho(s)=d^pi_Mhat,hopper-medium,97.2,97.2,0.0,"variant: rho(s)=d^pi_Mhat; conditions: {""rho_state_distribution"": ""d^pi_Mhat""}; notes: rho(s) ablation; no std",Table 6 vs main Table 3
2102.08363|COMBO|rho(s)=d_f|hopper-medium,2102.08363|COMBO|rho(s)=d_f,2102.08363,d4rl,COMBO,COMBO,rho(s)=d_f,hopper-medium,97.2,56.0,-41.2,"variant: rho(s)=d_f; conditions: {""rho_state_distribution"": ""d_f""}; notes: rho(s) ablation; no std",Table 6 vs main Table 3
2102.08363|COMBO|rho(s)=d^pi_Mhat|walker2d-medium,2102.08363|COMBO|rho(s)=d^pi_Mhat,2102.08363,d4rl,COMBO,COMBO,rho(s)=d^pi_Mhat,walker2d-medium,81.9,1.8,-80.1,"variant: rho(s)=d^pi_Mhat; conditions: {""rho_state_distribution"": ""d^pi_Mhat""}; notes: rho(s) ablation; no std",Table 6 vs main Table 3
2102.08363|COMBO|rho(s)=d_f|walker2d-medium,2102.08363|COMBO|rho(s)=d_f,2102.08363,d4rl,COMBO,COMBO,rho(s)=d_f,walker2d-medium,81.9,81.9,0.0,"variant: rho(s)=d_f; conditions: {""rho_state_distribution"": ""d_f""}; notes: rho(s) ablation; no std",Table 6 vs main Table 3
2106.02039|TT (uniform)|main|halfcheetah-medium-expert,2106.02039|TT (uniform)|main,2106.02039,d4rl,TT (quantile),TT (uniform),main,halfcheetah-medium-expert,95.0,40.8,-54.2,"variant: main; conditions: {""discretization"": ""uniform"", ""beam_width"": ""256"", ""planning_horizon"": ""15""}; notes: ± is standard ERROR (not std) over 15 random seeds (5 transformers × 3 trajectories). Column: 'TT (uniform)'.; variant method description: Trajectory Transformer discretizes each state/action/reward/reward-to-go dimension into tokens (uniform discretization), trains a GPT-style decoder autoregressively on the token stream, and at runtime plans with beam search: candidate sequences are scored by predicted cumulative reward plus the model's reward-to-go estimate (return-maximizing beam search), the first action of the best sequence is executed, and the search is repeated as a receding-horizon controller.; variant settings: num_layers=4; num_attention_heads=4; embedding_dim=128; dropout=0.1; learning_rate=2.5e-4; lr_warmup_updates=2000; batch_size=256; optimizer=Adam; training_epochs=80; beam_width=256; planning_horizon=15; vocabulary_size=100",Table 1 vs main Table 1
2106.02039|TT (uniform)|main|hopper-medium-expert,2106.02039|TT (uniform)|main,2106.02039,d4rl,TT (quantile),TT (uniform),main,hopper-medium-expert,110.0,106.0,-4.0,"variant: main; conditions: {""discretization"": ""uniform"", ""beam_width"": ""256"", ""planning_horizon"": ""15""}; notes: ± is standard ERROR (not std) over 15 random seeds (5 transformers × 3 trajectories). Column: 'TT (uniform)'.; variant method description: Trajectory Transformer discretizes each state/action/reward/reward-to-go dimension into tokens (uniform discretization), trains a GPT-style decoder autoregressively on the token stream, and at runtime plans with beam search: candidate sequences are scored by predicted cumulative reward plus the model's reward-to-go estimate (return-maximizing beam search), the first action of the best sequence is executed, and the search is repeated as a receding-horizon controller.; variant settings: num_layers=4; num_attention_heads=4; embedding_dim=128; dropout=0.1; learning_rate=2.5e-4; lr_warmup_updates=2000; batch_size=256; optimizer=Adam; training_epochs=80; beam_width=256; planning_horizon=15; vocabulary_size=100",Table 1 vs main Table 1
2106.02039|TT (uniform)|main|walker2d-medium-expert,2106.02039|TT (uniform)|main,2106.02039,d4rl,TT (quantile),TT (uniform),main,walker2d-medium-expert,101.9,91.0,-10.9,"variant: main; conditions: {""discretization"": ""uniform"", ""beam_width"": ""256"", ""planning_horizon"": ""15""}; notes: ± is standard ERROR (not std) over 15 random seeds (5 transformers × 3 trajectories). Column: 'TT (uniform)'.; variant method description: Trajectory Transformer discretizes each state/action/reward/reward-to-go dimension into tokens (uniform discretization), trains a GPT-style decoder autoregressively on the token stream, and at runtime plans with beam search: candidate sequences are scored by predicted cumulative reward plus the model's reward-to-go estimate (return-maximizing beam search), the first action of the best sequence is executed, and the search is repeated as a receding-horizon controller.; variant settings: num_layers=4; num_attention_heads=4; embedding_dim=128; dropout=0.1; learning_rate=2.5e-4; lr_warmup_updates=2000; batch_size=256; optimizer=Adam; training_epochs=80; beam_width=256; planning_horizon=15; vocabulary_size=100",Table 1 vs main Table 1
2106.02039|TT (uniform)|main|halfcheetah-medium,2106.02039|TT (uniform)|main,2106.02039,d4rl,TT (quantile),TT (uniform),main,halfcheetah-medium,46.9,44.0,-2.9,"variant: main; conditions: {""discretization"": ""uniform"", ""beam_width"": ""256"", ""planning_horizon"": ""15""}; notes: ± is standard ERROR (not std) over 15 random seeds (5 transformers × 3 trajectories). Column: 'TT (uniform)'.; variant method description: Trajectory Transformer discretizes each state/action/reward/reward-to-go dimension into tokens (uniform discretization), trains a GPT-style decoder autoregressively on the token stream, and at runtime plans with beam search: candidate sequences are scored by predicted cumulative reward plus the model's reward-to-go estimate (return-maximizing beam search), the first action of the best sequence is executed, and the search is repeated as a receding-horizon controller.; variant settings: num_layers=4; num_attention_heads=4; embedding_dim=128; dropout=0.1; learning_rate=2.5e-4; lr_warmup_updates=2000; batch_size=256; optimizer=Adam; training_epochs=80; beam_width=256; planning_horizon=15; vocabulary_size=100",Table 1 vs main Table 1
2106.02039|TT (uniform)|main|hopper-medium,2106.02039|TT (uniform)|main,2106.02039,d4rl,TT (quantile),TT (uniform),main,hopper-medium,61.1,67.4,6.3,"variant: main; conditions: {""discretization"": ""uniform"", ""beam_width"": ""256"", ""planning_horizon"": ""15""}; notes: ± is standard ERROR (not std) over 15 random seeds (5 transformers × 3 trajectories). Column: 'TT (uniform)'.; variant method description: Trajectory Transformer discretizes each state/action/reward/reward-to-go dimension into tokens (uniform discretization), trains a GPT-style decoder autoregressively on the token stream, and at runtime plans with beam search: candidate sequences are scored by predicted cumulative reward plus the model's reward-to-go estimate (return-maximizing beam search), the first action of the best sequence is executed, and the search is repeated as a receding-horizon controller.; variant settings: num_layers=4; num_attention_heads=4; embedding_dim=128; dropout=0.1; learning_rate=2.5e-4; lr_warmup_updates=2000; batch_size=256; optimizer=Adam; training_epochs=80; beam_width=256; planning_horizon=15; vocabulary_size=100",Table 1 vs main Table 1
2106.02039|TT (uniform)|main|walker2d-medium,2106.02039|TT (uniform)|main,2106.02039,d4rl,TT (quantile),TT (uniform),main,walker2d-medium,79.0,81.3,2.3,"variant: main; conditions: {""discretization"": ""uniform"", ""beam_width"": ""256"", ""planning_horizon"": ""15""}; notes: ± is standard ERROR (not std) over 15 random seeds (5 transformers × 3 trajectories). Column: 'TT (uniform)'.; variant method description: Trajectory Transformer discretizes each state/action/reward/reward-to-go dimension into tokens (uniform discretization), trains a GPT-style decoder autoregressively on the token stream, and at runtime plans with beam search: candidate sequences are scored by predicted cumulative reward plus the model's reward-to-go estimate (return-maximizing beam search), the first action of the best sequence is executed, and the search is repeated as a receding-horizon controller.; variant settings: num_layers=4; num_attention_heads=4; embedding_dim=128; dropout=0.1; learning_rate=2.5e-4; lr_warmup_updates=2000; batch_size=256; optimizer=Adam; training_epochs=80; beam_width=256; planning_horizon=15; vocabulary_size=100",Table 1 vs main Table 1
2106.02039|TT (uniform)|main|halfcheetah-medium-replay,2106.02039|TT (uniform)|main,2106.02039,d4rl,TT (quantile),TT (uniform),main,halfcheetah-medium-replay,41.9,44.1,2.2,"variant: main; conditions: {""discretization"": ""uniform"", ""beam_width"": ""256"", ""planning_horizon"": ""15""}; notes: ± is standard ERROR (not std) over 15 random seeds (5 transformers × 3 trajectories). Column: 'TT (uniform)'.; variant method description: Trajectory Transformer discretizes each state/action/reward/reward-to-go dimension into tokens (uniform discretization), trains a GPT-style decoder autoregressively on the token stream, and at runtime plans with beam search: candidate sequences are scored by predicted cumulative reward plus the model's reward-to-go estimate (return-maximizing beam search), the first action of the best sequence is executed, and the search is repeated as a receding-horizon controller.; variant settings: num_layers=4; num_attention_heads=4; embedding_dim=128; dropout=0.1; learning_rate=2.5e-4; lr_warmup_updates=2000; batch_size=256; optimizer=Adam; training_epochs=80; beam_width=256; planning_horizon=15; vocabulary_size=100",Table 1 vs main Table 1
2106.02039|TT (uniform)|main|hopper-medium-replay,2106.02039|TT (uniform)|main,2106.02039,d4rl,TT (quantile),TT (uniform),main,hopper-medium-replay,91.5,99.4,7.9,"variant: main; conditions: {""discretization"": ""uniform"", ""beam_width"": ""256"", ""planning_horizon"": ""15""}; notes: ± is standard ERROR (not std) over 15 random seeds (5 transformers × 3 trajectories). Column: 'TT (uniform)'.; variant method description: Trajectory Transformer discretizes each state/action/reward/reward-to-go dimension into tokens (uniform discretization), trains a GPT-style decoder autoregressively on the token stream, and at runtime plans with beam search: candidate sequences are scored by predicted cumulative reward plus the model's reward-to-go estimate (return-maximizing beam search), the first action of the best sequence is executed, and the search is repeated as a receding-horizon controller.; variant settings: num_layers=4; num_attention_heads=4; embedding_dim=128; dropout=0.1; learning_rate=2.5e-4; lr_warmup_updates=2000; batch_size=256; optimizer=Adam; training_epochs=80; beam_width=256; planning_horizon=15; vocabulary_size=100",Table 1 vs main Table 1
2106.02039|TT (uniform)|main|walker2d-medium-replay,2106.02039|TT (uniform)|main,2106.02039,d4rl,TT (quantile),TT (uniform),main,walker2d-medium-replay,82.6,79.4,-3.2,"variant: main; conditions: {""discretization"": ""uniform"", ""beam_width"": ""256"", ""planning_horizon"": ""15""}; notes: ± is standard ERROR (not std) over 15 random seeds (5 transformers × 3 trajectories). Column: 'TT (uniform)'.; variant method description: Trajectory Transformer discretizes each state/action/reward/reward-to-go dimension into tokens (uniform discretization), trains a GPT-style decoder autoregressively on the token stream, and at runtime plans with beam search: candidate sequences are scored by predicted cumulative reward plus the model's reward-to-go estimate (return-maximizing beam search), the first action of the best sequence is executed, and the search is repeated as a receding-horizon controller.; variant settings: num_layers=4; num_attention_heads=4; embedding_dim=128; dropout=0.1; learning_rate=2.5e-4; lr_warmup_updates=2000; batch_size=256; optimizer=Adam; training_epochs=80; beam_width=256; planning_horizon=15; vocabulary_size=100",Table 1 vs main Table 1
2106.08909|One-step Easy BCQ|main|halfcheetah-medium,2106.08909|One-step Easy BCQ|main,2106.08909,d4rl,One-step Rev. KL Reg,One-step Easy BCQ,main,halfcheetah-medium,55.6,52.6,-3.0,"variant: main; conditions: {""template"": ""one-step (K=1)"", ""M"": ""best of {2,5,10,20,50,100} per dataset (value not reported)""}; notes: Dataset printed abbreviated; caption: 'We use m for medium, m-e for medium-expert, m-re for medium-replay, r for random'. ± is standard error over 10 seeds (not std). Hyperparameter chosen per dataset from sweep by online evaluation; chosen value not reported. std field holds standard error.; variant method description: Fit behavior policy beta-hat by imitation and Q^beta by fitted Q evaluation (SARSA-style, on-policy w.r.t. data). Policy draws M samples from beta-hat at each state and executes the one with highest Q^beta; no policy network trained. Single improvement step (K=1).; variant settings: network=MLP, 2 hidden layers of width 1024, ReLU (Q and policy); policy_distribution=truncated normal, diagonal covariance; behavior_training_steps=500k; q_training_steps=2M (fitted Q evaluation); policy_training_steps=100k; optimizer=Adam; learning_rate=1e-4; batch_size=512; target_update_rate=0.005; hyperparameter_selection=best of 6 values per dataset, selected by online evaluation; tuned on 3 seeds, then 7 more seeds; M_sweep={2, 5, 10, 20, 50, 100}",Table 1 vs main Table 1
2106.08909|One-step Easy BCQ|main|walker2d-medium,2106.08909|One-step Easy BCQ|main,2106.08909,d4rl,One-step Rev. KL Reg,One-step Easy BCQ,main,walker2d-medium,85.6,86.9,1.3,"variant: main; conditions: {""template"": ""one-step (K=1)"", ""M"": ""best of {2,5,10,20,50,100} per dataset (value not reported)""}; notes: Dataset printed abbreviated; caption: 'We use m for medium, m-e for medium-expert, m-re for medium-replay, r for random'. ± is standard error over 10 seeds (not std). Hyperparameter chosen per dataset from sweep by online evaluation; chosen value not reported. std field holds standard error.; variant method description: Fit behavior policy beta-hat by imitation and Q^beta by fitted Q evaluation (SARSA-style, on-policy w.r.t. data). Policy draws M samples from beta-hat at each state and executes the one with highest Q^beta; no policy network trained. Single improvement step (K=1).; variant settings: network=MLP, 2 hidden layers of width 1024, ReLU (Q and policy); policy_distribution=truncated normal, diagonal covariance; behavior_training_steps=500k; q_training_steps=2M (fitted Q evaluation); policy_training_steps=100k; optimizer=Adam; learning_rate=1e-4; batch_size=512; target_update_rate=0.005; hyperparameter_selection=best of 6 values per dataset, selected by online evaluation; tuned on 3 seeds, then 7 more seeds; M_sweep={2, 5, 10, 20, 50, 100}",Table 1 vs main Table 1
2106.08909|One-step Easy BCQ|main|hopper-medium,2106.08909|One-step Easy BCQ|main,2106.08909,d4rl,One-step Rev. KL Reg,One-step Easy BCQ,main,hopper-medium,83.3,69.7,-13.6,"variant: main; conditions: {""template"": ""one-step (K=1)"", ""M"": ""best of {2,5,10,20,50,100} per dataset (value not reported)""}; notes: Dataset printed abbreviated; caption: 'We use m for medium, m-e for medium-expert, m-re for medium-replay, r for random'. ± is standard error over 10 seeds (not std). Hyperparameter chosen per dataset from sweep by online evaluation; chosen value not reported. std field holds standard error.; variant method description: Fit behavior policy beta-hat by imitation and Q^beta by fitted Q evaluation (SARSA-style, on-policy w.r.t. data). Policy draws M samples from beta-hat at each state and executes the one with highest Q^beta; no policy network trained. Single improvement step (K=1).; variant settings: network=MLP, 2 hidden layers of width 1024, ReLU (Q and policy); policy_distribution=truncated normal, diagonal covariance; behavior_training_steps=500k; q_training_steps=2M (fitted Q evaluation); policy_training_steps=100k; optimizer=Adam; learning_rate=1e-4; batch_size=512; target_update_rate=0.005; hyperparameter_selection=best of 6 values per dataset, selected by online evaluation; tuned on 3 seeds, then 7 more seeds; M_sweep={2, 5, 10, 20, 50, 100}",Table 1 vs main Table 1
2106.08909|One-step Easy BCQ|main|halfcheetah-medium-expert,2106.08909|One-step Easy BCQ|main,2106.08909,d4rl,One-step Rev. KL Reg,One-step Easy BCQ,main,halfcheetah-medium-expert,93.5,77.0,-16.5,"variant: main; conditions: {""template"": ""one-step (K=1)"", ""M"": ""best of {2,5,10,20,50,100} per dataset (value not reported)""}; notes: Dataset printed abbreviated; caption: 'We use m for medium, m-e for medium-expert, m-re for medium-replay, r for random'. ± is standard error over 10 seeds (not std). Hyperparameter chosen per dataset from sweep by online evaluation; chosen value not reported. std field holds standard error.; variant method description: Fit behavior policy beta-hat by imitation and Q^beta by fitted Q evaluation (SARSA-style, on-policy w.r.t. data). Policy draws M samples from beta-hat at each state and executes the one with highest Q^beta; no policy network trained. Single improvement step (K=1).; variant settings: network=MLP, 2 hidden layers of width 1024, ReLU (Q and policy); policy_distribution=truncated normal, diagonal covariance; behavior_training_steps=500k; q_training_steps=2M (fitted Q evaluation); policy_training_steps=100k; optimizer=Adam; learning_rate=1e-4; batch_size=512; target_update_rate=0.005; hyperparameter_selection=best of 6 values per dataset, selected by online evaluation; tuned on 3 seeds, then 7 more seeds; M_sweep={2, 5, 10, 20, 50, 100}",Table 1 vs main Table 1
2106.08909|One-step Easy BCQ|main|walker2d-medium-expert,2106.08909|One-step Easy BCQ|main,2106.08909,d4rl,One-step Rev. KL Reg,One-step Easy BCQ,main,walker2d-medium-expert,110.9,111.8,0.9,"variant: main; conditions: {""template"": ""one-step (K=1)"", ""M"": ""best of {2,5,10,20,50,100} per dataset (value not reported)""}; notes: Dataset printed abbreviated; caption: 'We use m for medium, m-e for medium-expert, m-re for medium-replay, r for random'. ± is standard error over 10 seeds (not std). Hyperparameter chosen per dataset from sweep by online evaluation; chosen value not reported. std field holds standard error.; variant method description: Fit behavior policy beta-hat by imitation and Q^beta by fitted Q evaluation (SARSA-style, on-policy w.r.t. data). Policy draws M samples from beta-hat at each state and executes the one with highest Q^beta; no policy network trained. Single improvement step (K=1).; variant settings: network=MLP, 2 hidden layers of width 1024, ReLU (Q and policy); policy_distribution=truncated normal, diagonal covariance; behavior_training_steps=500k; q_training_steps=2M (fitted Q evaluation); policy_training_steps=100k; optimizer=Adam; learning_rate=1e-4; batch_size=512; target_update_rate=0.005; hyperparameter_selection=best of 6 values per dataset, selected by online evaluation; tuned on 3 seeds, then 7 more seeds; M_sweep={2, 5, 10, 20, 50, 100}",Table 1 vs main Table 1
2106.08909|One-step Easy BCQ|main|hopper-medium-expert,2106.08909|One-step Easy BCQ|main,2106.08909,d4rl,One-step Rev. KL Reg,One-step Easy BCQ,main,hopper-medium-expert,102.1,81.4,-20.7,"variant: main; conditions: {""template"": ""one-step (K=1)"", ""M"": ""best of {2,5,10,20,50,100} per dataset (value not reported)""}; notes: Dataset printed abbreviated; caption: 'We use m for medium, m-e for medium-expert, m-re for medium-replay, r for random'. ± is standard error over 10 seeds (not std). Hyperparameter chosen per dataset from sweep by online evaluation; chosen value not reported. std field holds standard error.; variant method description: Fit behavior policy beta-hat by imitation and Q^beta by fitted Q evaluation (SARSA-style, on-policy w.r.t. data). Policy draws M samples from beta-hat at each state and executes the one with highest Q^beta; no policy network trained. Single improvement step (K=1).; variant settings: network=MLP, 2 hidden layers of width 1024, ReLU (Q and policy); policy_distribution=truncated normal, diagonal covariance; behavior_training_steps=500k; q_training_steps=2M (fitted Q evaluation); policy_training_steps=100k; optimizer=Adam; learning_rate=1e-4; batch_size=512; target_update_rate=0.005; hyperparameter_selection=best of 6 values per dataset, selected by online evaluation; tuned on 3 seeds, then 7 more seeds; M_sweep={2, 5, 10, 20, 50, 100}",Table 1 vs main Table 1
2106.08909|One-step Easy BCQ|main|halfcheetah-medium-replay,2106.08909|One-step Easy BCQ|main,2106.08909,d4rl,One-step Rev. KL Reg,One-step Easy BCQ,main,halfcheetah-medium-replay,42.4,38.4,-4.0,"variant: main; conditions: {""template"": ""one-step (K=1)"", ""M"": ""best of {2,5,10,20,50,100} per dataset (value not reported)""}; notes: Dataset printed abbreviated; caption: 'We use m for medium, m-e for medium-expert, m-re for medium-replay, r for random'. ± is standard error over 10 seeds (not std). Hyperparameter chosen per dataset from sweep by online evaluation; chosen value not reported. std field holds standard error.; variant method description: Fit behavior policy beta-hat by imitation and Q^beta by fitted Q evaluation (SARSA-style, on-policy w.r.t. data). Policy draws M samples from beta-hat at each state and executes the one with highest Q^beta; no policy network trained. Single improvement step (K=1).; variant settings: network=MLP, 2 hidden layers of width 1024, ReLU (Q and policy); policy_distribution=truncated normal, diagonal covariance; behavior_training_steps=500k; q_training_steps=2M (fitted Q evaluation); policy_training_steps=100k; optimizer=Adam; learning_rate=1e-4; batch_size=512; target_update_rate=0.005; hyperparameter_selection=best of 6 values per dataset, selected by online evaluation; tuned on 3 seeds, then 7 more seeds; M_sweep={2, 5, 10, 20, 50, 100}",Table 1 vs main Table 1
2106.08909|One-step Easy BCQ|main|walker2d-medium-replay,2106.08909|One-step Easy BCQ|main,2106.08909,d4rl,One-step Rev. KL Reg,One-step Easy BCQ,main,walker2d-medium-replay,71.6,66.4,-5.2,"variant: main; conditions: {""template"": ""one-step (K=1)"", ""M"": ""best of {2,5,10,20,50,100} per dataset (value not reported)""}; notes: Dataset printed abbreviated; caption: 'We use m for medium, m-e for medium-expert, m-re for medium-replay, r for random'. ± is standard error over 10 seeds (not std). Hyperparameter chosen per dataset from sweep by online evaluation; chosen value not reported. std field holds standard error.; variant method description: Fit behavior policy beta-hat by imitation and Q^beta by fitted Q evaluation (SARSA-style, on-policy w.r.t. data). Policy draws M samples from beta-hat at each state and executes the one with highest Q^beta; no policy network trained. Single improvement step (K=1).; variant settings: network=MLP, 2 hidden layers of width 1024, ReLU (Q and policy); policy_distribution=truncated normal, diagonal covariance; behavior_training_steps=500k; q_training_steps=2M (fitted Q evaluation); policy_training_steps=100k; optimizer=Adam; learning_rate=1e-4; batch_size=512; target_update_rate=0.005; hyperparameter_selection=best of 6 values per dataset, selected by online evaluation; tuned on 3 seeds, then 7 more seeds; M_sweep={2, 5, 10, 20, 50, 100}",Table 1 vs main Table 1
2106.08909|One-step Easy BCQ|main|hopper-medium-replay,2106.08909|One-step Easy BCQ|main,2106.08909,d4rl,One-step Rev. KL Reg,One-step Easy BCQ,main,hopper-medium-replay,71.0,77.3,6.3,"variant: main; conditions: {""template"": ""one-step (K=1)"", ""M"": ""best of {2,5,10,20,50,100} per dataset (value not reported)""}; notes: Dataset printed abbreviated; caption: 'We use m for medium, m-e for medium-expert, m-re for medium-replay, r for random'. ± is standard error over 10 seeds (not std). Hyperparameter chosen per dataset from sweep by online evaluation; chosen value not reported. std field holds standard error.; variant method description: Fit behavior policy beta-hat by imitation and Q^beta by fitted Q evaluation (SARSA-style, on-policy w.r.t. data). Policy draws M samples from beta-hat at each state and executes the one with highest Q^beta; no policy network trained. Single improvement step (K=1).; variant settings: network=MLP, 2 hidden layers of width 1024, ReLU (Q and policy); policy_distribution=truncated normal, diagonal covariance; behavior_training_steps=500k; q_training_steps=2M (fitted Q evaluation); policy_training_steps=100k; optimizer=Adam; learning_rate=1e-4; batch_size=512; target_update_rate=0.005; hyperparameter_selection=best of 6 values per dataset, selected by online evaluation; tuned on 3 seeds, then 7 more seeds; M_sweep={2, 5, 10, 20, 50, 100}",Table 1 vs main Table 1
2106.08909|One-step Easy BCQ|main|halfcheetah-random,2106.08909|One-step Easy BCQ|main,2106.08909,d4rl,One-step Rev. KL Reg,One-step Easy BCQ,main,halfcheetah-random,6.9,5.4,-1.5,"variant: main; conditions: {""template"": ""one-step (K=1)"", ""M"": ""best of {2,5,10,20,50,100} per dataset (value not reported)""}; notes: Dataset printed abbreviated; caption: 'We use m for medium, m-e for medium-expert, m-re for medium-replay, r for random'. ± is standard error over 10 seeds (not std). Hyperparameter chosen per dataset from sweep by online evaluation; chosen value not reported. std field holds standard error.; variant method description: Fit behavior policy beta-hat by imitation and Q^beta by fitted Q evaluation (SARSA-style, on-policy w.r.t. data). Policy draws M samples from beta-hat at each state and executes the one with highest Q^beta; no policy network trained. Single improvement step (K=1).; variant settings: network=MLP, 2 hidden layers of width 1024, ReLU (Q and policy); policy_distribution=truncated normal, diagonal covariance; behavior_training_steps=500k; q_training_steps=2M (fitted Q evaluation); policy_training_steps=100k; optimizer=Adam; learning_rate=1e-4; batch_size=512; target_update_rate=0.005; hyperparameter_selection=best of 6 values per dataset, selected by online evaluation; tuned on 3 seeds, then 7 more seeds; M_sweep={2, 5, 10, 20, 50, 100}",Table 1 vs main Table 1
2106.08909|One-step Easy BCQ|main|walker2d-random,2106.08909|One-step Easy BCQ|main,2106.08909,d4rl,One-step Rev. KL Reg,One-step Easy BCQ,main,walker2d-random,6.1,4.2,-1.9,"variant: main; conditions: {""template"": ""one-step (K=1)"", ""M"": ""best of {2,5,10,20,50,100} per dataset (value not reported)""}; notes: Dataset printed abbreviated; caption: 'We use m for medium, m-e for medium-expert, m-re for medium-replay, r for random'. ± is standard error over 10 seeds (not std). Hyperparameter chosen per dataset from sweep by online evaluation; chosen value not reported. std field holds standard error.; variant method description: Fit behavior policy beta-hat by imitation and Q^beta by fitted Q evaluation (SARSA-style, on-policy w.r.t. data). Policy draws M samples from beta-hat at each state and executes the one with highest Q^beta; no policy network trained. Single improvement step (K=1).; variant settings: network=MLP, 2 hidden layers of width 1024, ReLU (Q and policy); policy_distribution=truncated normal, diagonal covariance; behavior_training_steps=500k; q_training_steps=2M (fitted Q evaluation); policy_training_steps=100k; optimizer=Adam; learning_rate=1e-4; batch_size=512; target_update_rate=0.005; hyperparameter_selection=best of 6 values per dataset, selected by online evaluation; tuned on 3 seeds, then 7 more seeds; M_sweep={2, 5, 10, 20, 50, 100}",Table 1 vs main Table 1
2106.08909|One-step Easy BCQ|main|hopper-random,2106.08909|One-step Easy BCQ|main,2106.08909,d4rl,One-step Rev. KL Reg,One-step Easy BCQ,main,hopper-random,7.8,6.7,-1.1,"variant: main; conditions: {""template"": ""one-step (K=1)"", ""M"": ""best of {2,5,10,20,50,100} per dataset (value not reported)""}; notes: Dataset printed abbreviated; caption: 'We use m for medium, m-e for medium-expert, m-re for medium-replay, r for random'. ± is standard error over 10 seeds (not std). Hyperparameter chosen per dataset from sweep by online evaluation; chosen value not reported. std field holds standard error.; variant method description: Fit behavior policy beta-hat by imitation and Q^beta by fitted Q evaluation (SARSA-style, on-policy w.r.t. data). Policy draws M samples from beta-hat at each state and executes the one with highest Q^beta; no policy network trained. Single improvement step (K=1).; variant settings: network=MLP, 2 hidden layers of width 1024, ReLU (Q and policy); policy_distribution=truncated normal, diagonal covariance; behavior_training_steps=500k; q_training_steps=2M (fitted Q evaluation); policy_training_steps=100k; optimizer=Adam; learning_rate=1e-4; batch_size=512; target_update_rate=0.005; hyperparameter_selection=best of 6 values per dataset, selected by online evaluation; tuned on 3 seeds, then 7 more seeds; M_sweep={2, 5, 10, 20, 50, 100}",Table 1 vs main Table 1
2106.08909|One-step Exp. Weight|main|halfcheetah-medium,2106.08909|One-step Exp. Weight|main,2106.08909,d4rl,One-step Rev. KL Reg,One-step Exp. Weight,main,halfcheetah-medium,55.6,48.6,-7.0,"variant: main; conditions: {""template"": ""one-step (K=1)"", ""tau"": ""best of {0.1,0.3,1.0,3.0,10.0,30.0} per dataset (value not reported)""}; notes: Dataset printed abbreviated; caption: 'We use m for medium, m-e for medium-expert, m-re for medium-replay, r for random'. ± is standard error over 10 seeds (not std). Hyperparameter chosen per dataset from sweep by online evaluation; chosen value not reported. std field holds standard error.; variant method description: Fit beta-hat and Q^beta; policy trained by exponentially-weighted imitation: maximize sum exp(tau*(Q^beta(s,a) - V(s))) log pi(a|s) on dataset actions, weights clipped at 100. Single improvement step.; variant settings: network=MLP, 2 hidden layers of width 1024, ReLU (Q and policy); policy_distribution=truncated normal, diagonal covariance; behavior_training_steps=500k; q_training_steps=2M (fitted Q evaluation); policy_training_steps=100k; optimizer=Adam; learning_rate=1e-4; batch_size=512; target_update_rate=0.005; hyperparameter_selection=best of 6 values per dataset, selected by online evaluation; tuned on 3 seeds, then 7 more seeds; tau_sweep={0.1, 0.3, 1.0, 3.0, 10.0, 30.0}; weight_clip=100",Table 1 vs main Table 1
2106.08909|One-step Exp. Weight|main|walker2d-medium,2106.08909|One-step Exp. Weight|main,2106.08909,d4rl,One-step Rev. KL Reg,One-step Exp. Weight,main,walker2d-medium,85.6,80.3,-5.3,"variant: main; conditions: {""template"": ""one-step (K=1)"", ""tau"": ""best of {0.1,0.3,1.0,3.0,10.0,30.0} per dataset (value not reported)""}; notes: Dataset printed abbreviated; caption: 'We use m for medium, m-e for medium-expert, m-re for medium-replay, r for random'. ± is standard error over 10 seeds (not std). Hyperparameter chosen per dataset from sweep by online evaluation; chosen value not reported. std field holds standard error.; variant method description: Fit beta-hat and Q^beta; policy trained by exponentially-weighted imitation: maximize sum exp(tau*(Q^beta(s,a) - V(s))) log pi(a|s) on dataset actions, weights clipped at 100. Single improvement step.; variant settings: network=MLP, 2 hidden layers of width 1024, ReLU (Q and policy); policy_distribution=truncated normal, diagonal covariance; behavior_training_steps=500k; q_training_steps=2M (fitted Q evaluation); policy_training_steps=100k; optimizer=Adam; learning_rate=1e-4; batch_size=512; target_update_rate=0.005; hyperparameter_selection=best of 6 values per dataset, selected by online evaluation; tuned on 3 seeds, then 7 more seeds; tau_sweep={0.1, 0.3, 1.0, 3.0, 10.0, 30.0}; weight_clip=100",Table 1 vs main Table 1
2106.08909|One-step Exp. Weight|main|hopper-medium,2106.08909|One-step Exp. Weight|main,2106.08909,d4rl,One-step Rev. KL Reg,One-step Exp. Weight,main,hopper-medium,83.3,56.7,-26.6,"variant: main; conditions: {""template"": ""one-step (K=1)"", ""tau"": ""best of {0.1,0.3,1.0,3.0,10.0,30.0} per dataset (value not reported)""}; notes: Dataset printed abbreviated; caption: 'We use m for medium, m-e for medium-expert, m-re for medium-replay, r for random'. ± is standard error over 10 seeds (not std). Hyperparameter chosen per dataset from sweep by online evaluation; chosen value not reported. std field holds standard error.; variant method description: Fit beta-hat and Q^beta; policy trained by exponentially-weighted imitation: maximize sum exp(tau*(Q^beta(s,a) - V(s))) log pi(a|s) on dataset actions, weights clipped at 100. Single improvement step.; variant settings: network=MLP, 2 hidden layers of width 1024, ReLU (Q and policy); policy_distribution=truncated normal, diagonal covariance; behavior_training_steps=500k; q_training_steps=2M (fitted Q evaluation); policy_training_steps=100k; optimizer=Adam; learning_rate=1e-4; batch_size=512; target_update_rate=0.005; hyperparameter_selection=best of 6 values per dataset, selected by online evaluation; tuned on 3 seeds, then 7 more seeds; tau_sweep={0.1, 0.3, 1.0, 3.0, 10.0, 30.0}; weight_clip=100",Table 1 vs main Table 1
2106.08909|One-step Exp. Weight|main|halfcheetah-medium-expert,2106.08909|One-step Exp. Weight|main,2106.08909,d4rl,One-step Rev. KL Reg,One-step Exp. Weight,main,halfcheetah-medium-expert,93.5,91.7,-1.8,"variant: main; conditions: {""template"": ""one-step (K=1)"", ""tau"": ""best of {0.1,0.3,1.0,3.0,10.0,30.0} per dataset (value not reported)""}; notes: Dataset printed abbreviated; caption: 'We use m for medium, m-e for medium-expert, m-re for medium-replay, r for random'. ± is standard error over 10 seeds (not std). Hyperparameter chosen per dataset from sweep by online evaluation; chosen value not reported. std field holds standard error.; variant method description: Fit beta-hat and Q^beta; policy trained by exponentially-weighted imitation: maximize sum exp(tau*(Q^beta(s,a) - V(s))) log pi(a|s) on dataset actions, weights clipped at 100. Single improvement step.; variant settings: network=MLP, 2 hidden layers of width 1024, ReLU (Q and policy); policy_distribution=truncated normal, diagonal covariance; behavior_training_steps=500k; q_training_steps=2M (fitted Q evaluation); policy_training_steps=100k; optimizer=Adam; learning_rate=1e-4; batch_size=512; target_update_rate=0.005; hyperparameter_selection=best of 6 values per dataset, selected by online evaluation; tuned on 3 seeds, then 7 more seeds; tau_sweep={0.1, 0.3, 1.0, 3.0, 10.0, 30.0}; weight_clip=100",Table 1 vs main Table 1
2106.08909|One-step Exp. Weight|main|walker2d-medium-expert,2106.08909|One-step Exp. Weight|main,2106.08909,d4rl,One-step Rev. KL Reg,One-step Exp. Weight,main,walker2d-medium-expert,110.9,112.9,2.0,"variant: main; conditions: {""template"": ""one-step (K=1)"", ""tau"": ""best of {0.1,0.3,1.0,3.0,10.0,30.0} per dataset (value not reported)""}; notes: Dataset printed abbreviated; caption: 'We use m for medium, m-e for medium-expert, m-re for medium-replay, r for random'. ± is standard error over 10 seeds (not std). Hyperparameter chosen per dataset from sweep by online evaluation; chosen value not reported. std field holds standard error.; variant method description: Fit beta-hat and Q^beta; policy trained by exponentially-weighted imitation: maximize sum exp(tau*(Q^beta(s,a) - V(s))) log pi(a|s) on dataset actions, weights clipped at 100. Single improvement step.; variant settings: network=MLP, 2 hidden layers of width 1024, ReLU (Q and policy); policy_distribution=truncated normal, diagonal covariance; behavior_training_steps=500k; q_training_steps=2M (fitted Q evaluation); policy_training_steps=100k; optimizer=Adam; learning_rate=1e-4; batch_size=512; target_update_rate=0.005; hyperparameter_selection=best of 6 values per dataset, selected by online evaluation; tuned on 3 seeds, then 7 more seeds; tau_sweep={0.1, 0.3, 1.0, 3.0, 10.0, 30.0}; weight_clip=100",Table 1 vs main Table 1
2106.08909|One-step Exp. Weight|main|hopper-medium-expert,2106.08909|One-step Exp. Weight|main,2106.08909,d4rl,One-step Rev. KL Reg,One-step Exp. Weight,main,hopper-medium-expert,102.1,83.1,-19.0,"variant: main; conditions: {""template"": ""one-step (K=1)"", ""tau"": ""best of {0.1,0.3,1.0,3.0,10.0,30.0} per dataset (value not reported)""}; notes: Dataset printed abbreviated; caption: 'We use m for medium, m-e for medium-expert, m-re for medium-replay, r for random'. ± is standard error over 10 seeds (not std). Hyperparameter chosen per dataset from sweep by online evaluation; chosen value not reported. std field holds standard error.; variant method description: Fit beta-hat and Q^beta; policy trained by exponentially-weighted imitation: maximize sum exp(tau*(Q^beta(s,a) - V(s))) log pi(a|s) on dataset actions, weights clipped at 100. Single improvement step.; variant settings: network=MLP, 2 hidden layers of width 1024, ReLU (Q and policy); policy_distribution=truncated normal, diagonal covariance; behavior_training_steps=500k; q_training_steps=2M (fitted Q evaluation); policy_training_steps=100k; optimizer=Adam; learning_rate=1e-4; batch_size=512; target_update_rate=0.005; hyperparameter_selection=best of 6 values per dataset, selected by online evaluation; tuned on 3 seeds, then 7 more seeds; tau_sweep={0.1, 0.3, 1.0, 3.0, 10.0, 30.0}; weight_clip=100",Table 1 vs main Table 1
2106.08909|One-step Exp. Weight|main|halfcheetah-medium-replay,2106.08909|One-step Exp. Weight|main,2106.08909,d4rl,One-step Rev. KL Reg,One-step Exp. Weight,main,halfcheetah-medium-replay,42.4,38.6,-3.8,"variant: main; conditions: {""template"": ""one-step (K=1)"", ""tau"": ""best of {0.1,0.3,1.0,3.0,10.0,30.0} per dataset (value not reported)""}; notes: Dataset printed abbreviated; caption: 'We use m for medium, m-e for medium-expert, m-re for medium-replay, r for random'. ± is standard error over 10 seeds (not std). Hyperparameter chosen per dataset from sweep by online evaluation; chosen value not reported. std field holds standard error.; variant method description: Fit beta-hat and Q^beta; policy trained by exponentially-weighted imitation: maximize sum exp(tau*(Q^beta(s,a) - V(s))) log pi(a|s) on dataset actions, weights clipped at 100. Single improvement step.; variant settings: network=MLP, 2 hidden layers of width 1024, ReLU (Q and policy); policy_distribution=truncated normal, diagonal covariance; behavior_training_steps=500k; q_training_steps=2M (fitted Q evaluation); policy_training_steps=100k; optimizer=Adam; learning_rate=1e-4; batch_size=512; target_update_rate=0.005; hyperparameter_selection=best of 6 values per dataset, selected by online evaluation; tuned on 3 seeds, then 7 more seeds; tau_sweep={0.1, 0.3, 1.0, 3.0, 10.0, 30.0}; weight_clip=100",Table 1 vs main Table 1
2106.08909|One-step Exp. Weight|main|walker2d-medium-replay,2106.08909|One-step Exp. Weight|main,2106.08909,d4rl,One-step Rev. KL Reg,One-step Exp. Weight,main,walker2d-medium-replay,71.6,49.3,-22.3,"variant: main; conditions: {""template"": ""one-step (K=1)"", ""tau"": ""best of {0.1,0.3,1.0,3.0,10.0,30.0} per dataset (value not reported)""}; notes: Dataset printed abbreviated; caption: 'We use m for medium, m-e for medium-expert, m-re for medium-replay, r for random'. ± is standard error over 10 seeds (not std). Hyperparameter chosen per dataset from sweep by online evaluation; chosen value not reported. std field holds standard error.; variant method description: Fit beta-hat and Q^beta; policy trained by exponentially-weighted imitation: maximize sum exp(tau*(Q^beta(s,a) - V(s))) log pi(a|s) on dataset actions, weights clipped at 100. Single improvement step.; variant settings: network=MLP, 2 hidden layers of width 1024, ReLU (Q and policy); policy_distribution=truncated normal, diagonal covariance; behavior_training_steps=500k; q_training_steps=2M (fitted Q evaluation); policy_training_steps=100k; optimizer=Adam; learning_rate=1e-4; batch_size=512; target_update_rate=0.005; hyperparameter_selection=best of 6 values per dataset, selected by online evaluation; tuned on 3 seeds, then 7 more seeds; tau_sweep={0.1, 0.3, 1.0, 3.0, 10.0, 30.0}; weight_clip=100",Table 1 vs main Table 1
2106.08909|One-step Exp. Weight|main|hopper-medium-replay,2106.08909|One-step Exp. Weight|main,2106.08909,d4rl,One-step Rev. KL Reg,One-step Exp. Weight,main,hopper-medium-replay,71.0,94.1,23.1,"variant: main; conditions: {""template"": ""one-step (K=1)"", ""tau"": ""best of {0.1,0.3,1.0,3.0,10.0,30.0} per dataset (value not reported)""}; notes: Dataset printed abbreviated; caption: 'We use m for medium, m-e for medium-expert, m-re for medium-replay, r for random'. ± is standard error over 10 seeds (not std). Hyperparameter chosen per dataset from sweep by online evaluation; chosen value not reported. std field holds standard error.; variant method description: Fit beta-hat and Q^beta; policy trained by exponentially-weighted imitation: maximize sum exp(tau*(Q^beta(s,a) - V(s))) log pi(a|s) on dataset actions, weights clipped at 100. Single improvement step.; variant settings: network=MLP, 2 hidden layers of width 1024, ReLU (Q and policy); policy_distribution=truncated normal, diagonal covariance; behavior_training_steps=500k; q_training_steps=2M (fitted Q evaluation); policy_training_steps=100k; optimizer=Adam; learning_rate=1e-4; batch_size=512; target_update_rate=0.005; hyperparameter_selection=best of 6 values per dataset, selected by online evaluation; tuned on 3 seeds, then 7 more seeds; tau_sweep={0.1, 0.3, 1.0, 3.0, 10.0, 30.0}; weight_clip=100",Table 1 vs main Table 1
2106.08909|One-step Exp. Weight|main|halfcheetah-random,2106.08909|One-step Exp. Weight|main,2106.08909,d4rl,One-step Rev. KL Reg,One-step Exp. Weight,main,halfcheetah-random,6.9,3.7,-3.2,"variant: main; conditions: {""template"": ""one-step (K=1)"", ""tau"": ""best of {0.1,0.3,1.0,3.0,10.0,30.0} per dataset (value not reported)""}; notes: Dataset printed abbreviated; caption: 'We use m for medium, m-e for medium-expert, m-re for medium-replay, r for random'. ± is standard error over 10 seeds (not std). Hyperparameter chosen per dataset from sweep by online evaluation; chosen value not reported. std field holds standard error.; variant method description: Fit beta-hat and Q^beta; policy trained by exponentially-weighted imitation: maximize sum exp(tau*(Q^beta(s,a) - V(s))) log pi(a|s) on dataset actions, weights clipped at 100. Single improvement step.; variant settings: network=MLP, 2 hidden layers of width 1024, ReLU (Q and policy); policy_distribution=truncated normal, diagonal covariance; behavior_training_steps=500k; q_training_steps=2M (fitted Q evaluation); policy_training_steps=100k; optimizer=Adam; learning_rate=1e-4; batch_size=512; target_update_rate=0.005; hyperparameter_selection=best of 6 values per dataset, selected by online evaluation; tuned on 3 seeds, then 7 more seeds; tau_sweep={0.1, 0.3, 1.0, 3.0, 10.0, 30.0}; weight_clip=100",Table 1 vs main Table 1
2106.08909|One-step Exp. Weight|main|walker2d-random,2106.08909|One-step Exp. Weight|main,2106.08909,d4rl,One-step Rev. KL Reg,One-step Exp. Weight,main,walker2d-random,6.1,5.2,-0.9,"variant: main; conditions: {""template"": ""one-step (K=1)"", ""tau"": ""best of {0.1,0.3,1.0,3.0,10.0,30.0} per dataset (value not reported)""}; notes: Dataset printed abbreviated; caption: 'We use m for medium, m-e for medium-expert, m-re for medium-replay, r for random'. ± is standard error over 10 seeds (not std). Hyperparameter chosen per dataset from sweep by online evaluation; chosen value not reported. std field holds standard error.; variant method description: Fit beta-hat and Q^beta; policy trained by exponentially-weighted imitation: maximize sum exp(tau*(Q^beta(s,a) - V(s))) log pi(a|s) on dataset actions, weights clipped at 100. Single improvement step.; variant settings: network=MLP, 2 hidden layers of width 1024, ReLU (Q and policy); policy_distribution=truncated normal, diagonal covariance; behavior_training_steps=500k; q_training_steps=2M (fitted Q evaluation); policy_training_steps=100k; optimizer=Adam; learning_rate=1e-4; batch_size=512; target_update_rate=0.005; hyperparameter_selection=best of 6 values per dataset, selected by online evaluation; tuned on 3 seeds, then 7 more seeds; tau_sweep={0.1, 0.3, 1.0, 3.0, 10.0, 30.0}; weight_clip=100",Table 1 vs main Table 1
2106.08909|One-step Exp. Weight|main|hopper-random,2106.08909|One-step Exp. Weight|main,2106.08909,d4rl,One-step Rev. KL Reg,One-step Exp. Weight,main,hopper-random,7.8,5.6,-2.2,"variant: main; conditions: {""template"": ""one-step (K=1)"", ""tau"": ""best of {0.1,0.3,1.0,3.0,10.0,30.0} per dataset (value not reported)""}; notes: Dataset printed abbreviated; caption: 'We use m for medium, m-e for medium-expert, m-re for medium-replay, r for random'. ± is standard error over 10 seeds (not std). Hyperparameter chosen per dataset from sweep by online evaluation; chosen value not reported. std field holds standard error.; variant method description: Fit beta-hat and Q^beta; policy trained by exponentially-weighted imitation: maximize sum exp(tau*(Q^beta(s,a) - V(s))) log pi(a|s) on dataset actions, weights clipped at 100. Single improvement step.; variant settings: network=MLP, 2 hidden layers of width 1024, ReLU (Q and policy); policy_distribution=truncated normal, diagonal covariance; behavior_training_steps=500k; q_training_steps=2M (fitted Q evaluation); policy_training_steps=100k; optimizer=Adam; learning_rate=1e-4; batch_size=512; target_update_rate=0.005; hyperparameter_selection=best of 6 values per dataset, selected by online evaluation; tuned on 3 seeds, then 7 more seeds; tau_sweep={0.1, 0.3, 1.0, 3.0, 10.0, 30.0}; weight_clip=100",Table 1 vs main Table 1
2106.08909|Multi-step (Rev. KL Reg)|main|halfcheetah-medium,2106.08909|Multi-step (Rev. KL Reg)|main,2106.08909,d4rl,One-step Rev. KL Reg,Multi-step (Rev. KL Reg),main,halfcheetah-medium,55.6,40.8,-14.8,"variant: main; conditions: {""template"": ""multi-step (K=5)"", ""alpha"": ""best of sweep per dataset (value not reported)""}; notes: Dataset printed abbreviated; caption: 'We use m for medium, m-e for medium-expert, m-re for medium-replay, r for random'. ± is standard error over 10 seeds (not std). Hyperparameter chosen per dataset from sweep by online evaluation; chosen value not reported. std field holds standard error.; variant method description: Paper's own multi-step variant: initialize from pre-trained beta-hat and Q^beta, then 5 policy-improvement steps each of 20k policy gradient steps followed by 200k off-policy Q steps (next action sampled from current policy); reverse-KL regularized improvement operator.; variant settings: network=MLP, 2 hidden layers of width 1024, ReLU (Q and policy); policy_distribution=truncated normal, diagonal covariance; behavior_training_steps=500k; q_training_steps=2M (fitted Q evaluation); policy_training_steps=100k; optimizer=Adam; learning_rate=1e-4; batch_size=512; target_update_rate=0.005; hyperparameter_selection=best of 6 values per dataset, selected by online evaluation; tuned on 3 seeds, then 7 more seeds; policy_steps_K=5; per_step_schedule=20k policy steps + 200k Q steps per policy step",Table 2 vs main Table 1
2106.08909|Multi-step (Rev. KL Reg)|main|walker2d-medium,2106.08909|Multi-step (Rev. KL Reg)|main,2106.08909,d4rl,One-step Rev. KL Reg,Multi-step (Rev. KL Reg),main,walker2d-medium,85.6,75.9,-9.7,"variant: main; conditions: {""template"": ""multi-step (K=5)"", ""alpha"": ""best of sweep per dataset (value not reported)""}; notes: Dataset printed abbreviated; caption: 'We use m for medium, m-e for medium-expert, m-re for medium-replay, r for random'. ± is standard error over 10 seeds (not std). Hyperparameter chosen per dataset from sweep by online evaluation; chosen value not reported. std field holds standard error.; variant method description: Paper's own multi-step variant: initialize from pre-trained beta-hat and Q^beta, then 5 policy-improvement steps each of 20k policy gradient steps followed by 200k off-policy Q steps (next action sampled from current policy); reverse-KL regularized improvement operator.; variant settings: network=MLP, 2 hidden layers of width 1024, ReLU (Q and policy); policy_distribution=truncated normal, diagonal covariance; behavior_training_steps=500k; q_training_steps=2M (fitted Q evaluation); policy_training_steps=100k; optimizer=Adam; learning_rate=1e-4; batch_size=512; target_update_rate=0.005; hyperparameter_selection=best of 6 values per dataset, selected by online evaluation; tuned on 3 seeds, then 7 more seeds; policy_steps_K=5; per_step_schedule=20k policy steps + 200k Q steps per policy step",Table 2 vs main Table 1
2106.08909|Multi-step (Rev. KL Reg)|main|hopper-medium,2106.08909|Multi-step (Rev. KL Reg)|main,2106.08909,d4rl,One-step Rev. KL Reg,Multi-step (Rev. KL Reg),main,hopper-medium,83.3,53.0,-30.3,"variant: main; conditions: {""template"": ""multi-step (K=5)"", ""alpha"": ""best of sweep per dataset (value not reported)""}; notes: Dataset printed abbreviated; caption: 'We use m for medium, m-e for medium-expert, m-re for medium-replay, r for random'. ± is standard error over 10 seeds (not std). Hyperparameter chosen per dataset from sweep by online evaluation; chosen value not reported. std field holds standard error.; variant method description: Paper's own multi-step variant: initialize from pre-trained beta-hat and Q^beta, then 5 policy-improvement steps each of 20k policy gradient steps followed by 200k off-policy Q steps (next action sampled from current policy); reverse-KL regularized improvement operator.; variant settings: network=MLP, 2 hidden layers of width 1024, ReLU (Q and policy); policy_distribution=truncated normal, diagonal covariance; behavior_training_steps=500k; q_training_steps=2M (fitted Q evaluation); policy_training_steps=100k; optimizer=Adam; learning_rate=1e-4; batch_size=512; target_update_rate=0.005; hyperparameter_selection=best of 6 values per dataset, selected by online evaluation; tuned on 3 seeds, then 7 more seeds; policy_steps_K=5; per_step_schedule=20k policy steps + 200k Q steps per policy step",Table 2 vs main Table 1
2106.08909|Multi-step (Rev. KL Reg)|main|halfcheetah-medium-expert,2106.08909|Multi-step (Rev. KL Reg)|main,2106.08909,d4rl,One-step Rev. KL Reg,Multi-step (Rev. KL Reg),main,halfcheetah-medium-expert,93.5,93.6,0.1,"variant: main; conditions: {""template"": ""multi-step (K=5)"", ""alpha"": ""best of sweep per dataset (value not reported)""}; notes: Dataset printed abbreviated; caption: 'We use m for medium, m-e for medium-expert, m-re for medium-replay, r for random'. ± is standard error over 10 seeds (not std). Hyperparameter chosen per dataset from sweep by online evaluation; chosen value not reported. std field holds standard error.; variant method description: Paper's own multi-step variant: initialize from pre-trained beta-hat and Q^beta, then 5 policy-improvement steps each of 20k policy gradient steps followed by 200k off-policy Q steps (next action sampled from current policy); reverse-KL regularized improvement operator.; variant settings: network=MLP, 2 hidden layers of width 1024, ReLU (Q and policy); policy_distribution=truncated normal, diagonal covariance; behavior_training_steps=500k; q_training_steps=2M (fitted Q evaluation); policy_training_steps=100k; optimizer=Adam; learning_rate=1e-4; batch_size=512; target_update_rate=0.005; hyperparameter_selection=best of 6 values per dataset, selected by online evaluation; tuned on 3 seeds, then 7 more seeds; policy_steps_K=5; per_step_schedule=20k policy steps + 200k Q steps per policy step",Table 2 vs main Table 1
2106.08909|Multi-step (Rev. KL Reg)|main|walker2d-medium-expert,2106.08909|Multi-step (Rev. KL Reg)|main,2106.08909,d4rl,One-step Rev. KL Reg,Multi-step (Rev. KL Reg),main,walker2d-medium-expert,110.9,76.3,-34.6,"variant: main; conditions: {""template"": ""multi-step (K=5)"", ""alpha"": ""best of sweep per dataset (value not reported)""}; notes: Dataset printed abbreviated; caption: 'We use m for medium, m-e for medium-expert, m-re for medium-replay, r for random'. ± is standard error over 10 seeds (not std). Hyperparameter chosen per dataset from sweep by online evaluation; chosen value not reported. std field holds standard error.; variant method description: Paper's own multi-step variant: initialize from pre-trained beta-hat and Q^beta, then 5 policy-improvement steps each of 20k policy gradient steps followed by 200k off-policy Q steps (next action sampled from current policy); reverse-KL regularized improvement operator.; variant settings: network=MLP, 2 hidden layers of width 1024, ReLU (Q and policy); policy_distribution=truncated normal, diagonal covariance; behavior_training_steps=500k; q_training_steps=2M (fitted Q evaluation); policy_training_steps=100k; optimizer=Adam; learning_rate=1e-4; batch_size=512; target_update_rate=0.005; hyperparameter_selection=best of 6 values per dataset, selected by online evaluation; tuned on 3 seeds, then 7 more seeds; policy_steps_K=5; per_step_schedule=20k policy steps + 200k Q steps per policy step",Table 2 vs main Table 1
2106.08909|Multi-step (Rev. KL Reg)|main|hopper-medium-expert,2106.08909|Multi-step (Rev. KL Reg)|main,2106.08909,d4rl,One-step Rev. KL Reg,Multi-step (Rev. KL Reg),main,hopper-medium-expert,102.1,101.3,-0.8,"variant: main; conditions: {""template"": ""multi-step (K=5)"", ""alpha"": ""best of sweep per dataset (value not reported)""}; notes: Dataset printed abbreviated; caption: 'We use m for medium, m-e for medium-expert, m-re for medium-replay, r for random'. ± is standard error over 10 seeds (not std). Hyperparameter chosen per dataset from sweep by online evaluation; chosen value not reported. std field holds standard error.; variant method description: Paper's own multi-step variant: initialize from pre-trained beta-hat and Q^beta, then 5 policy-improvement steps each of 20k policy gradient steps followed by 200k off-policy Q steps (next action sampled from current policy); reverse-KL regularized improvement operator.; variant settings: network=MLP, 2 hidden layers of width 1024, ReLU (Q and policy); policy_distribution=truncated normal, diagonal covariance; behavior_training_steps=500k; q_training_steps=2M (fitted Q evaluation); policy_training_steps=100k; optimizer=Adam; learning_rate=1e-4; batch_size=512; target_update_rate=0.005; hyperparameter_selection=best of 6 values per dataset, selected by online evaluation; tuned on 3 seeds, then 7 more seeds; policy_steps_K=5; per_step_schedule=20k policy steps + 200k Q steps per policy step",Table 2 vs main Table 1
2106.08909|Multi-step (Rev. KL Reg)|main|halfcheetah-random,2106.08909|Multi-step (Rev. KL Reg)|main,2106.08909,d4rl,One-step Rev. KL Reg,Multi-step (Rev. KL Reg),main,halfcheetah-random,6.9,13.7,6.8,"variant: main; conditions: {""template"": ""multi-step (K=5)"", ""alpha"": ""best of sweep per dataset (value not reported)""}; notes: Dataset printed abbreviated; caption: 'We use m for medium, m-e for medium-expert, m-re for medium-replay, r for random'. ± is standard error over 10 seeds (not std). Hyperparameter chosen per dataset from sweep by online evaluation; chosen value not reported. std field holds standard error.; variant method description: Paper's own multi-step variant: initialize from pre-trained beta-hat and Q^beta, then 5 policy-improvement steps each of 20k policy gradient steps followed by 200k off-policy Q steps (next action sampled from current policy); reverse-KL regularized improvement operator.; variant settings: network=MLP, 2 hidden layers of width 1024, ReLU (Q and policy); policy_distribution=truncated normal, diagonal covariance; behavior_training_steps=500k; q_training_steps=2M (fitted Q evaluation); policy_training_steps=100k; optimizer=Adam; learning_rate=1e-4; batch_size=512; target_update_rate=0.005; hyperparameter_selection=best of 6 values per dataset, selected by online evaluation; tuned on 3 seeds, then 7 more seeds; policy_steps_K=5; per_step_schedule=20k policy steps + 200k Q steps per policy step",Table 2 vs main Table 1
2106.08909|Multi-step (Rev. KL Reg)|main|walker2d-random,2106.08909|Multi-step (Rev. KL Reg)|main,2106.08909,d4rl,One-step Rev. KL Reg,Multi-step (Rev. KL Reg),main,walker2d-random,6.1,5.0,-1.1,"variant: main; conditions: {""template"": ""multi-step (K=5)"", ""alpha"": ""best of sweep per dataset (value not reported)""}; notes: Dataset printed abbreviated; caption: 'We use m for medium, m-e for medium-expert, m-re for medium-replay, r for random'. ± is standard error over 10 seeds (not std). Hyperparameter chosen per dataset from sweep by online evaluation; chosen value not reported. std field holds standard error.; variant method description: Paper's own multi-step variant: initialize from pre-trained beta-hat and Q^beta, then 5 policy-improvement steps each of 20k policy gradient steps followed by 200k off-policy Q steps (next action sampled from current policy); reverse-KL regularized improvement operator.; variant settings: network=MLP, 2 hidden layers of width 1024, ReLU (Q and policy); policy_distribution=truncated normal, diagonal covariance; behavior_training_steps=500k; q_training_steps=2M (fitted Q evaluation); policy_training_steps=100k; optimizer=Adam; learning_rate=1e-4; batch_size=512; target_update_rate=0.005; hyperparameter_selection=best of 6 values per dataset, selected by online evaluation; tuned on 3 seeds, then 7 more seeds; policy_steps_K=5; per_step_schedule=20k policy steps + 200k Q steps per policy step",Table 2 vs main Table 1
2106.08909|Multi-step (Rev. KL Reg)|main|hopper-random,2106.08909|Multi-step (Rev. KL Reg)|main,2106.08909,d4rl,One-step Rev. KL Reg,Multi-step (Rev. KL Reg),main,hopper-random,7.8,15.4,7.6,"variant: main; conditions: {""template"": ""multi-step (K=5)"", ""alpha"": ""best of sweep per dataset (value not reported)""}; notes: Dataset printed abbreviated; caption: 'We use m for medium, m-e for medium-expert, m-re for medium-replay, r for random'. ± is standard error over 10 seeds (not std). Hyperparameter chosen per dataset from sweep by online evaluation; chosen value not reported. std field holds standard error.; variant method description: Paper's own multi-step variant: initialize from pre-trained beta-hat and Q^beta, then 5 policy-improvement steps each of 20k policy gradient steps followed by 200k off-policy Q steps (next action sampled from current policy); reverse-KL regularized improvement operator.; variant settings: network=MLP, 2 hidden layers of width 1024, ReLU (Q and policy); policy_distribution=truncated normal, diagonal covariance; behavior_training_steps=500k; q_training_steps=2M (fitted Q evaluation); policy_training_steps=100k; optimizer=Adam; learning_rate=1e-4; batch_size=512; target_update_rate=0.005; hyperparameter_selection=best of 6 values per dataset, selected by online evaluation; tuned on 3 seeds, then 7 more seeds; policy_steps_K=5; per_step_schedule=20k policy steps + 200k Q steps per policy step",Table 2 vs main Table 1
2106.08909|Iterative (Rev. KL Reg)|main|halfcheetah-medium,2106.08909|Iterative (Rev. KL Reg)|main,2106.08909,d4rl,One-step Rev. KL Reg,Iterative (Rev. KL Reg),main,halfcheetah-medium,55.6,47.4,-8.2,"variant: main; conditions: {""template"": ""iterative"", ""alpha"": ""best of sweep per dataset (value not reported)""}; notes: Dataset printed abbreviated; caption: 'We use m for medium, m-e for medium-expert, m-re for medium-replay, r for random'. ± is standard error over 10 seeds (not std). Hyperparameter chosen per dataset from sweep by online evaluation; chosen value not reported. std field holds standard error.; variant method description: Paper's own iterative (actor-critic style) variant: initialize from beta-hat and Q^beta, take 100k policy gradient steps with 2 off-policy Q gradient steps per policy step; reverse-KL regularized improvement operator.; variant settings: network=MLP, 2 hidden layers of width 1024, ReLU (Q and policy); policy_distribution=truncated normal, diagonal covariance; behavior_training_steps=500k; q_training_steps=2M (fitted Q evaluation); policy_training_steps=100k; optimizer=Adam; learning_rate=1e-4; batch_size=512; target_update_rate=0.005; hyperparameter_selection=best of 6 values per dataset, selected by online evaluation; tuned on 3 seeds, then 7 more seeds; q_steps_per_policy_step=2; alpha_sweep={0.03, 0.1, 0.3, 1.0, 3.0, 10.0}",Table 2 vs main Table 1
2106.08909|Iterative (Rev. KL Reg)|main|walker2d-medium,2106.08909|Iterative (Rev. KL Reg)|main,2106.08909,d4rl,One-step Rev. KL Reg,Iterative (Rev. KL Reg),main,walker2d-medium,85.6,75.4,-10.2,"variant: main; conditions: {""template"": ""iterative"", ""alpha"": ""best of sweep per dataset (value not reported)""}; notes: Dataset printed abbreviated; caption: 'We use m for medium, m-e for medium-expert, m-re for medium-replay, r for random'. ± is standard error over 10 seeds (not std). Hyperparameter chosen per dataset from sweep by online evaluation; chosen value not reported. std field holds standard error.; variant method description: Paper's own iterative (actor-critic style) variant: initialize from beta-hat and Q^beta, take 100k policy gradient steps with 2 off-policy Q gradient steps per policy step; reverse-KL regularized improvement operator.; variant settings: network=MLP, 2 hidden layers of width 1024, ReLU (Q and policy); policy_distribution=truncated normal, diagonal covariance; behavior_training_steps=500k; q_training_steps=2M (fitted Q evaluation); policy_training_steps=100k; optimizer=Adam; learning_rate=1e-4; batch_size=512; target_update_rate=0.005; hyperparameter_selection=best of 6 values per dataset, selected by online evaluation; tuned on 3 seeds, then 7 more seeds; q_steps_per_policy_step=2; alpha_sweep={0.03, 0.1, 0.3, 1.0, 3.0, 10.0}",Table 2 vs main Table 1
2106.08909|Iterative (Rev. KL Reg)|main|hopper-medium,2106.08909|Iterative (Rev. KL Reg)|main,2106.08909,d4rl,One-step Rev. KL Reg,Iterative (Rev. KL Reg),main,hopper-medium,83.3,54.2,-29.1,"variant: main; conditions: {""template"": ""iterative"", ""alpha"": ""best of sweep per dataset (value not reported)""}; notes: Dataset printed abbreviated; caption: 'We use m for medium, m-e for medium-expert, m-re for medium-replay, r for random'. ± is standard error over 10 seeds (not std). Hyperparameter chosen per dataset from sweep by online evaluation; chosen value not reported. std field holds standard error.; variant method description: Paper's own iterative (actor-critic style) variant: initialize from beta-hat and Q^beta, take 100k policy gradient steps with 2 off-policy Q gradient steps per policy step; reverse-KL regularized improvement operator.; variant settings: network=MLP, 2 hidden layers of width 1024, ReLU (Q and policy); policy_distribution=truncated normal, diagonal covariance; behavior_training_steps=500k; q_training_steps=2M (fitted Q evaluation); policy_training_steps=100k; optimizer=Adam; learning_rate=1e-4; batch_size=512; target_update_rate=0.005; hyperparameter_selection=best of 6 values per dataset, selected by online evaluation; tuned on 3 seeds, then 7 more seeds; q_steps_per_policy_step=2; alpha_sweep={0.03, 0.1, 0.3, 1.0, 3.0, 10.0}",Table 2 vs main Table 1
2106.08909|Iterative (Rev. KL Reg)|main|halfcheetah-medium-expert,2106.08909|Iterative (Rev. KL Reg)|main,2106.08909,d4rl,One-step Rev. KL Reg,Iterative (Rev. KL Reg),main,halfcheetah-medium-expert,93.5,93.6,0.1,"variant: main; conditions: {""template"": ""iterative"", ""alpha"": ""best of sweep per dataset (value not reported)""}; notes: Dataset printed abbreviated; caption: 'We use m for medium, m-e for medium-expert, m-re for medium-replay, r for random'. ± is standard error over 10 seeds (not std). Hyperparameter chosen per dataset from sweep by online evaluation; chosen value not reported. std field holds standard error.; variant method description: Paper's own iterative (actor-critic style) variant: initialize from beta-hat and Q^beta, take 100k policy gradient steps with 2 off-policy Q gradient steps per policy step; reverse-KL regularized improvement operator.; variant settings: network=MLP, 2 hidden layers of width 1024, ReLU (Q and policy); policy_distribution=truncated normal, diagonal covariance; behavior_training_steps=500k; q_training_steps=2M (fitted Q evaluation); policy_training_steps=100k; optimizer=Adam; learning_rate=1e-4; batch_size=512; target_update_rate=0.005; hyperparameter_selection=best of 6 values per dataset, selected by online evaluation; tuned on 3 seeds, then 7 more seeds; q_steps_per_policy_step=2; alpha_sweep={0.03, 0.1, 0.3, 1.0, 3.0, 10.0}",Table 2 vs main Table 1
2106.08909|Iterative (Rev. KL Reg)|main|walker2d-medium-expert,2106.08909|Iterative (Rev. KL Reg)|main,2106.08909,d4rl,One-step Rev. KL Reg,Iterative (Rev. KL Reg),main,walker2d-medium-expert,110.9,108.2,-2.7,"variant: main; conditions: {""template"": ""iterative"", ""alpha"": ""best of sweep per dataset (value not reported)""}; notes: Dataset printed abbreviated; caption: 'We use m for medium, m-e for medium-expert, m-re for medium-replay, r for random'. ± is standard error over 10 seeds (not std). Hyperparameter chosen per dataset from sweep by online evaluation; chosen value not reported. std field holds standard error.; variant method description: Paper's own iterative (actor-critic style) variant: initialize from beta-hat and Q^beta, take 100k policy gradient steps with 2 off-policy Q gradient steps per policy step; reverse-KL regularized improvement operator.; variant settings: network=MLP, 2 hidden layers of width 1024, ReLU (Q and policy); policy_distribution=truncated normal, diagonal covariance; behavior_training_steps=500k; q_training_steps=2M (fitted Q evaluation); policy_training_steps=100k; optimizer=Adam; learning_rate=1e-4; batch_size=512; target_update_rate=0.005; hyperparameter_selection=best of 6 values per dataset, selected by online evaluation; tuned on 3 seeds, then 7 more seeds; q_steps_per_policy_step=2; alpha_sweep={0.03, 0.1, 0.3, 1.0, 3.0, 10.0}",Table 2 vs main Table 1
2106.08909|Iterative (Rev. KL Reg)|main|hopper-medium-expert,2106.08909|Iterative (Rev. KL Reg)|main,2106.08909,d4rl,One-step Rev. KL Reg,Iterative (Rev. KL Reg),main,hopper-medium-expert,102.1,82.7,-19.4,"variant: main; conditions: {""template"": ""iterative"", ""alpha"": ""best of sweep per dataset (value not reported)""}; notes: Dataset printed abbreviated; caption: 'We use m for medium, m-e for medium-expert, m-re for medium-replay, r for random'. ± is standard error over 10 seeds (not std). Hyperparameter chosen per dataset from sweep by online evaluation; chosen value not reported. std field holds standard error.; variant method description: Paper's own iterative (actor-critic style) variant: initialize from beta-hat and Q^beta, take 100k policy gradient steps with 2 off-policy Q gradient steps per policy step; reverse-KL regularized improvement operator.; variant settings: network=MLP, 2 hidden layers of width 1024, ReLU (Q and policy); policy_distribution=truncated normal, diagonal covariance; behavior_training_steps=500k; q_training_steps=2M (fitted Q evaluation); policy_training_steps=100k; optimizer=Adam; learning_rate=1e-4; batch_size=512; target_update_rate=0.005; hyperparameter_selection=best of 6 values per dataset, selected by online evaluation; tuned on 3 seeds, then 7 more seeds; q_steps_per_policy_step=2; alpha_sweep={0.03, 0.1, 0.3, 1.0, 3.0, 10.0}",Table 2 vs main Table 1
2106.08909|Iterative (Rev. KL Reg)|main|halfcheetah-random,2106.08909|Iterative (Rev. KL Reg)|main,2106.08909,d4rl,One-step Rev. KL Reg,Iterative (Rev. KL Reg),main,halfcheetah-random,6.9,16.3,9.4,"variant: main; conditions: {""template"": ""iterative"", ""alpha"": ""best of sweep per dataset (value not reported)""}; notes: Dataset printed abbreviated; caption: 'We use m for medium, m-e for medium-expert, m-re for medium-replay, r for random'. ± is standard error over 10 seeds (not std). Hyperparameter chosen per dataset from sweep by online evaluation; chosen value not reported. std field holds standard error.; variant method description: Paper's own iterative (actor-critic style) variant: initialize from beta-hat and Q^beta, take 100k policy gradient steps with 2 off-policy Q gradient steps per policy step; reverse-KL regularized improvement operator.; variant settings: network=MLP, 2 hidden layers of width 1024, ReLU (Q and policy); policy_distribution=truncated normal, diagonal covariance; behavior_training_steps=500k; q_training_steps=2M (fitted Q evaluation); policy_training_steps=100k; optimizer=Adam; learning_rate=1e-4; batch_size=512; target_update_rate=0.005; hyperparameter_selection=best of 6 values per dataset, selected by online evaluation; tuned on 3 seeds, then 7 more seeds; q_steps_per_policy_step=2; alpha_sweep={0.03, 0.1, 0.3, 1.0, 3.0, 10.0}",Table 2 vs main Table 1
2106.08909|Iterative (Rev. KL Reg)|main|walker2d-random,2106.08909|Iterative (Rev. KL Reg)|main,2106.08909,d4rl,One-step Rev. KL Reg,Iterative (Rev. KL Reg),main,walker2d-random,6.1,5.1,-1.0,"variant: main; conditions: {""template"": ""iterative"", ""alpha"": ""best of sweep per dataset (value not reported)""}; notes: Dataset printed abbreviated; caption: 'We use m for medium, m-e for medium-expert, m-re for medium-replay, r for random'. ± is standard error over 10 seeds (not std). Hyperparameter chosen per dataset from sweep by online evaluation; chosen value not reported. std field holds standard error.; variant method description: Paper's own iterative (actor-critic style) variant: initialize from beta-hat and Q^beta, take 100k policy gradient steps with 2 off-policy Q gradient steps per policy step; reverse-KL regularized improvement operator.; variant settings: network=MLP, 2 hidden layers of width 1024, ReLU (Q and policy); policy_distribution=truncated normal, diagonal covariance; behavior_training_steps=500k; q_training_steps=2M (fitted Q evaluation); policy_training_steps=100k; optimizer=Adam; learning_rate=1e-4; batch_size=512; target_update_rate=0.005; hyperparameter_selection=best of 6 values per dataset, selected by online evaluation; tuned on 3 seeds, then 7 more seeds; q_steps_per_policy_step=2; alpha_sweep={0.03, 0.1, 0.3, 1.0, 3.0, 10.0}",Table 2 vs main Table 1
2106.08909|Iterative (Rev. KL Reg)|main|hopper-random,2106.08909|Iterative (Rev. KL Reg)|main,2106.08909,d4rl,One-step Rev. KL Reg,Iterative (Rev. KL Reg),main,hopper-random,7.8,9.7,1.9,"variant: main; conditions: {""template"": ""iterative"", ""alpha"": ""best of sweep per dataset (value not reported)""}; notes: Dataset printed abbreviated; caption: 'We use m for medium, m-e for medium-expert, m-re for medium-replay, r for random'. ± is standard error over 10 seeds (not std). Hyperparameter chosen per dataset from sweep by online evaluation; chosen value not reported. std field holds standard error.; variant method description: Paper's own iterative (actor-critic style) variant: initialize from beta-hat and Q^beta, take 100k policy gradient steps with 2 off-policy Q gradient steps per policy step; reverse-KL regularized improvement operator.; variant settings: network=MLP, 2 hidden layers of width 1024, ReLU (Q and policy); policy_distribution=truncated normal, diagonal covariance; behavior_training_steps=500k; q_training_steps=2M (fitted Q evaluation); policy_training_steps=100k; optimizer=Adam; learning_rate=1e-4; batch_size=512; target_update_rate=0.005; hyperparameter_selection=best of 6 values per dataset, selected by online evaluation; tuned on 3 seeds, then 7 more seeds; q_steps_per_policy_step=2; alpha_sweep={0.03, 0.1, 0.3, 1.0, 3.0, 10.0}",Table 2 vs main Table 1
2110.01548|SAC-N|main|halfcheetah-random,2110.01548|SAC-N|main,2110.01548,d4rl,EDAC,SAC-N,main,halfcheetah-random,28.4,28.0,-0.4,"variant: main; conditions: {""num_q_networks"": ""10""}; notes: std is across 4 seeds; column 'SAC-N (Ours)'; variant method description: SAC with the clipped double-Q trick extended to N Q-networks: the Bellman target uses the minimum over N Q-function estimates (plus entropy term), which penalizes OOD actions in proportion to the ensemble's uncertainty (Eq. around line 166). Everything else is default rlkit SAC with 3-layer networks.; variant settings: network_layers=3 (policy and Q-function networks); base_implementation=rlkit SAC with default parameters; training_steps=3 million; num_q_networks_search_range=halfcheetah/walker2d: {5,10,20} (walker2d-expert up to 100); hopper: {100,200,500,1000}",Table 1 vs main Table 1
2110.01548|SAC-N|main|halfcheetah-medium,2110.01548|SAC-N|main,2110.01548,d4rl,EDAC,SAC-N,main,halfcheetah-medium,65.9,67.5,1.6,"variant: main; conditions: {""num_q_networks"": ""10""}; notes: std is across 4 seeds; column 'SAC-N (Ours)'; variant method description: SAC with the clipped double-Q trick extended to N Q-networks: the Bellman target uses the minimum over N Q-function estimates (plus entropy term), which penalizes OOD actions in proportion to the ensemble's uncertainty (Eq. around line 166). Everything else is default rlkit SAC with 3-layer networks.; variant settings: network_layers=3 (policy and Q-function networks); base_implementation=rlkit SAC with default parameters; training_steps=3 million; num_q_networks_search_range=halfcheetah/walker2d: {5,10,20} (walker2d-expert up to 100); hopper: {100,200,500,1000}",Table 1 vs main Table 1
2110.01548|SAC-N|main|halfcheetah-expert,2110.01548|SAC-N|main,2110.01548,d4rl,EDAC,SAC-N,main,halfcheetah-expert,106.8,105.2,-1.6,"variant: main; conditions: {""num_q_networks"": ""10""}; notes: std is across 4 seeds; column 'SAC-N (Ours)'; variant method description: SAC with the clipped double-Q trick extended to N Q-networks: the Bellman target uses the minimum over N Q-function estimates (plus entropy term), which penalizes OOD actions in proportion to the ensemble's uncertainty (Eq. around line 166). Everything else is default rlkit SAC with 3-layer networks.; variant settings: network_layers=3 (policy and Q-function networks); base_implementation=rlkit SAC with default parameters; training_steps=3 million; num_q_networks_search_range=halfcheetah/walker2d: {5,10,20} (walker2d-expert up to 100); hopper: {100,200,500,1000}",Table 1 vs main Table 1
2110.01548|SAC-N|main|halfcheetah-medium-expert,2110.01548|SAC-N|main,2110.01548,d4rl,EDAC,SAC-N,main,halfcheetah-medium-expert,106.3,107.1,0.8,"variant: main; conditions: {""num_q_networks"": ""10""}; notes: std is across 4 seeds; column 'SAC-N (Ours)'; variant method description: SAC with the clipped double-Q trick extended to N Q-networks: the Bellman target uses the minimum over N Q-function estimates (plus entropy term), which penalizes OOD actions in proportion to the ensemble's uncertainty (Eq. around line 166). Everything else is default rlkit SAC with 3-layer networks.; variant settings: network_layers=3 (policy and Q-function networks); base_implementation=rlkit SAC with default parameters; training_steps=3 million; num_q_networks_search_range=halfcheetah/walker2d: {5,10,20} (walker2d-expert up to 100); hopper: {100,200,500,1000}",Table 1 vs main Table 1
2110.01548|SAC-N|main|halfcheetah-medium-replay,2110.01548|SAC-N|main,2110.01548,d4rl,EDAC,SAC-N,main,halfcheetah-medium-replay,61.3,63.9,2.6,"variant: main; conditions: {""num_q_networks"": ""10""}; notes: std is across 4 seeds; column 'SAC-N (Ours)'; variant method description: SAC with the clipped double-Q trick extended to N Q-networks: the Bellman target uses the minimum over N Q-function estimates (plus entropy term), which penalizes OOD actions in proportion to the ensemble's uncertainty (Eq. around line 166). Everything else is default rlkit SAC with 3-layer networks.; variant settings: network_layers=3 (policy and Q-function networks); base_implementation=rlkit SAC with default parameters; training_steps=3 million; num_q_networks_search_range=halfcheetah/walker2d: {5,10,20} (walker2d-expert up to 100); hopper: {100,200,500,1000}",Table 1 vs main Table 1
2110.01548|SAC-N|main|halfcheetah-full-replay,2110.01548|SAC-N|main,2110.01548,d4rl,EDAC,SAC-N,main,halfcheetah-full-replay,84.6,84.5,-0.1,"variant: main; conditions: {""num_q_networks"": ""10""}; notes: std is across 4 seeds; column 'SAC-N (Ours)'; variant method description: SAC with the clipped double-Q trick extended to N Q-networks: the Bellman target uses the minimum over N Q-function estimates (plus entropy term), which penalizes OOD actions in proportion to the ensemble's uncertainty (Eq. around line 166). Everything else is default rlkit SAC with 3-layer networks.; variant settings: network_layers=3 (policy and Q-function networks); base_implementation=rlkit SAC with default parameters; training_steps=3 million; num_q_networks_search_range=halfcheetah/walker2d: {5,10,20} (walker2d-expert up to 100); hopper: {100,200,500,1000}",Table 1 vs main Table 1
2110.01548|SAC-N|main|hopper-random,2110.01548|SAC-N|main,2110.01548,d4rl,EDAC,SAC-N,main,hopper-random,25.3,31.3,6.0,"variant: main; conditions: {""num_q_networks"": ""500""}; notes: std is across 4 seeds; column 'SAC-N (Ours)'; variant method description: SAC with the clipped double-Q trick extended to N Q-networks: the Bellman target uses the minimum over N Q-function estimates (plus entropy term), which penalizes OOD actions in proportion to the ensemble's uncertainty (Eq. around line 166). Everything else is default rlkit SAC with 3-layer networks.; variant settings: network_layers=3 (policy and Q-function networks); base_implementation=rlkit SAC with default parameters; training_steps=3 million; num_q_networks_search_range=halfcheetah/walker2d: {5,10,20} (walker2d-expert up to 100); hopper: {100,200,500,1000}",Table 1 vs main Table 1
2110.01548|SAC-N|main|hopper-medium,2110.01548|SAC-N|main,2110.01548,d4rl,EDAC,SAC-N,main,hopper-medium,101.6,100.3,-1.3,"variant: main; conditions: {""num_q_networks"": ""500""}; notes: std is across 4 seeds; column 'SAC-N (Ours)'; variant method description: SAC with the clipped double-Q trick extended to N Q-networks: the Bellman target uses the minimum over N Q-function estimates (plus entropy term), which penalizes OOD actions in proportion to the ensemble's uncertainty (Eq. around line 166). Everything else is default rlkit SAC with 3-layer networks.; variant settings: network_layers=3 (policy and Q-function networks); base_implementation=rlkit SAC with default parameters; training_steps=3 million; num_q_networks_search_range=halfcheetah/walker2d: {5,10,20} (walker2d-expert up to 100); hopper: {100,200,500,1000}",Table 1 vs main Table 1
2110.01548|SAC-N|main|hopper-expert,2110.01548|SAC-N|main,2110.01548,d4rl,EDAC,SAC-N,main,hopper-expert,110.1,110.3,0.2,"variant: main; conditions: {""num_q_networks"": ""500""}; notes: std is across 4 seeds; column 'SAC-N (Ours)'; variant method description: SAC with the clipped double-Q trick extended to N Q-networks: the Bellman target uses the minimum over N Q-function estimates (plus entropy term), which penalizes OOD actions in proportion to the ensemble's uncertainty (Eq. around line 166). Everything else is default rlkit SAC with 3-layer networks.; variant settings: network_layers=3 (policy and Q-function networks); base_implementation=rlkit SAC with default parameters; training_steps=3 million; num_q_networks_search_range=halfcheetah/walker2d: {5,10,20} (walker2d-expert up to 100); hopper: {100,200,500,1000}",Table 1 vs main Table 1
2110.01548|SAC-N|main|hopper-medium-expert,2110.01548|SAC-N|main,2110.01548,d4rl,EDAC,SAC-N,main,hopper-medium-expert,110.7,110.1,-0.6,"variant: main; conditions: {""num_q_networks"": ""200""}; notes: std is across 4 seeds; column 'SAC-N (Ours)'; variant method description: SAC with the clipped double-Q trick extended to N Q-networks: the Bellman target uses the minimum over N Q-function estimates (plus entropy term), which penalizes OOD actions in proportion to the ensemble's uncertainty (Eq. around line 166). Everything else is default rlkit SAC with 3-layer networks.; variant settings: network_layers=3 (policy and Q-function networks); base_implementation=rlkit SAC with default parameters; training_steps=3 million; num_q_networks_search_range=halfcheetah/walker2d: {5,10,20} (walker2d-expert up to 100); hopper: {100,200,500,1000}",Table 1 vs main Table 1
2110.01548|SAC-N|main|hopper-medium-replay,2110.01548|SAC-N|main,2110.01548,d4rl,EDAC,SAC-N,main,hopper-medium-replay,101.0,101.8,0.8,"variant: main; conditions: {""num_q_networks"": ""200""}; notes: std is across 4 seeds; column 'SAC-N (Ours)'; variant method description: SAC with the clipped double-Q trick extended to N Q-networks: the Bellman target uses the minimum over N Q-function estimates (plus entropy term), which penalizes OOD actions in proportion to the ensemble's uncertainty (Eq. around line 166). Everything else is default rlkit SAC with 3-layer networks.; variant settings: network_layers=3 (policy and Q-function networks); base_implementation=rlkit SAC with default parameters; training_steps=3 million; num_q_networks_search_range=halfcheetah/walker2d: {5,10,20} (walker2d-expert up to 100); hopper: {100,200,500,1000}",Table 1 vs main Table 1
2110.01548|SAC-N|main|hopper-full-replay,2110.01548|SAC-N|main,2110.01548,d4rl,EDAC,SAC-N,main,hopper-full-replay,105.4,102.9,-2.5,"variant: main; conditions: {""num_q_networks"": ""200""}; notes: std is across 4 seeds; column 'SAC-N (Ours)'; variant method description: SAC with the clipped double-Q trick extended to N Q-networks: the Bellman target uses the minimum over N Q-function estimates (plus entropy term), which penalizes OOD actions in proportion to the ensemble's uncertainty (Eq. around line 166). Everything else is default rlkit SAC with 3-layer networks.; variant settings: network_layers=3 (policy and Q-function networks); base_implementation=rlkit SAC with default parameters; training_steps=3 million; num_q_networks_search_range=halfcheetah/walker2d: {5,10,20} (walker2d-expert up to 100); hopper: {100,200,500,1000}",Table 1 vs main Table 1
2110.01548|SAC-N|main|walker2d-random,2110.01548|SAC-N|main,2110.01548,d4rl,EDAC,SAC-N,main,walker2d-random,16.6,21.7,5.1,"variant: main; conditions: {""num_q_networks"": ""20""}; notes: std is across 4 seeds; column 'SAC-N (Ours)'; variant method description: SAC with the clipped double-Q trick extended to N Q-networks: the Bellman target uses the minimum over N Q-function estimates (plus entropy term), which penalizes OOD actions in proportion to the ensemble's uncertainty (Eq. around line 166). Everything else is default rlkit SAC with 3-layer networks.; variant settings: network_layers=3 (policy and Q-function networks); base_implementation=rlkit SAC with default parameters; training_steps=3 million; num_q_networks_search_range=halfcheetah/walker2d: {5,10,20} (walker2d-expert up to 100); hopper: {100,200,500,1000}",Table 1 vs main Table 1
2110.01548|SAC-N|main|walker2d-medium,2110.01548|SAC-N|main,2110.01548,d4rl,EDAC,SAC-N,main,walker2d-medium,92.5,87.9,-4.6,"variant: main; conditions: {""num_q_networks"": ""20""}; notes: std is across 4 seeds; column 'SAC-N (Ours)'; variant method description: SAC with the clipped double-Q trick extended to N Q-networks: the Bellman target uses the minimum over N Q-function estimates (plus entropy term), which penalizes OOD actions in proportion to the ensemble's uncertainty (Eq. around line 166). Everything else is default rlkit SAC with 3-layer networks.; variant settings: network_layers=3 (policy and Q-function networks); base_implementation=rlkit SAC with default parameters; training_steps=3 million; num_q_networks_search_range=halfcheetah/walker2d: {5,10,20} (walker2d-expert up to 100); hopper: {100,200,500,1000}",Table 1 vs main Table 1
2110.01548|SAC-N|main|walker2d-expert,2110.01548|SAC-N|main,2110.01548,d4rl,EDAC,SAC-N,main,walker2d-expert,115.1,107.4,-7.7,"variant: main; conditions: {""num_q_networks"": ""100""}; notes: std is across 4 seeds; column 'SAC-N (Ours)'; variant method description: SAC with the clipped double-Q trick extended to N Q-networks: the Bellman target uses the minimum over N Q-function estimates (plus entropy term), which penalizes OOD actions in proportion to the ensemble's uncertainty (Eq. around line 166). Everything else is default rlkit SAC with 3-layer networks.; variant settings: network_layers=3 (policy and Q-function networks); base_implementation=rlkit SAC with default parameters; training_steps=3 million; num_q_networks_search_range=halfcheetah/walker2d: {5,10,20} (walker2d-expert up to 100); hopper: {100,200,500,1000}",Table 1 vs main Table 1
2110.01548|SAC-N|main|walker2d-medium-expert,2110.01548|SAC-N|main,2110.01548,d4rl,EDAC,SAC-N,main,walker2d-medium-expert,114.7,116.7,2.0,"variant: main; conditions: {""num_q_networks"": ""20""}; notes: std is across 4 seeds; column 'SAC-N (Ours)'; variant method description: SAC with the clipped double-Q trick extended to N Q-networks: the Bellman target uses the minimum over N Q-function estimates (plus entropy term), which penalizes OOD actions in proportion to the ensemble's uncertainty (Eq. around line 166). Everything else is default rlkit SAC with 3-layer networks.; variant settings: network_layers=3 (policy and Q-function networks); base_implementation=rlkit SAC with default parameters; training_steps=3 million; num_q_networks_search_range=halfcheetah/walker2d: {5,10,20} (walker2d-expert up to 100); hopper: {100,200,500,1000}",Table 1 vs main Table 1
2110.01548|SAC-N|main|walker2d-medium-replay,2110.01548|SAC-N|main,2110.01548,d4rl,EDAC,SAC-N,main,walker2d-medium-replay,87.1,78.7,-8.4,"variant: main; conditions: {""num_q_networks"": ""20""}; notes: std is across 4 seeds; column 'SAC-N (Ours)'; variant method description: SAC with the clipped double-Q trick extended to N Q-networks: the Bellman target uses the minimum over N Q-function estimates (plus entropy term), which penalizes OOD actions in proportion to the ensemble's uncertainty (Eq. around line 166). Everything else is default rlkit SAC with 3-layer networks.; variant settings: network_layers=3 (policy and Q-function networks); base_implementation=rlkit SAC with default parameters; training_steps=3 million; num_q_networks_search_range=halfcheetah/walker2d: {5,10,20} (walker2d-expert up to 100); hopper: {100,200,500,1000}",Table 1 vs main Table 1
2110.01548|SAC-N|main|walker2d-full-replay,2110.01548|SAC-N|main,2110.01548,d4rl,EDAC,SAC-N,main,walker2d-full-replay,99.8,94.6,-5.2,"variant: main; conditions: {""num_q_networks"": ""20""}; notes: std is across 4 seeds; column 'SAC-N (Ours)'; variant method description: SAC with the clipped double-Q trick extended to N Q-networks: the Bellman target uses the minimum over N Q-function estimates (plus entropy term), which penalizes OOD actions in proportion to the ensemble's uncertainty (Eq. around line 166). Everything else is default rlkit SAC with 3-layer networks.; variant settings: network_layers=3 (policy and Q-function networks); base_implementation=rlkit SAC with default parameters; training_steps=3 million; num_q_networks_search_range=halfcheetah/walker2d: {5,10,20} (walker2d-expert up to 100); hopper: {100,200,500,1000}",Table 1 vs main Table 1
"2110.01548|EDAC|eta=0.0, N=50|hopper-random","2110.01548|EDAC|eta=0.0, N=50",2110.01548,d4rl,EDAC,EDAC,"eta=0.0, N=50",hopper-random,25.3,25.3,0.0,"variant: eta=0.0, N=50; conditions: {""num_q_networks"": ""50"", ""eta"": ""0.0""}; notes: Appendix H eta sensitivity sweep on hopper datasets with N fixed to 50; 'Dataset type' column gives only the suffix, environment is hopper per table caption. Seeds not restated for Table 9 (assumed same 4-seed protocol).",Table 9 vs main Table 1
"2110.01548|EDAC|eta=0.5, N=50|hopper-random","2110.01548|EDAC|eta=0.5, N=50",2110.01548,d4rl,EDAC,EDAC,"eta=0.5, N=50",hopper-random,25.3,9.3,-16.0,"variant: eta=0.5, N=50; conditions: {""num_q_networks"": ""50"", ""eta"": ""0.5""}; notes: Appendix H eta sensitivity sweep on hopper datasets with N fixed to 50; 'Dataset type' column gives only the suffix, environment is hopper per table caption. Seeds not restated for Table 9 (assumed same 4-seed protocol).",Table 9 vs main Table 1
"2110.01548|EDAC|eta=1.0, N=50|hopper-random","2110.01548|EDAC|eta=1.0, N=50",2110.01548,d4rl,EDAC,EDAC,"eta=1.0, N=50",hopper-random,25.3,6.7,-18.6,"variant: eta=1.0, N=50; conditions: {""num_q_networks"": ""50"", ""eta"": ""1.0""}; notes: Appendix H eta sensitivity sweep on hopper datasets with N fixed to 50; 'Dataset type' column gives only the suffix, environment is hopper per table caption. Seeds not restated for Table 9 (assumed same 4-seed protocol).",Table 9 vs main Table 1
"2110.01548|EDAC|eta=2.0, N=50|hopper-random","2110.01548|EDAC|eta=2.0, N=50",2110.01548,d4rl,EDAC,EDAC,"eta=2.0, N=50",hopper-random,25.3,3.8,-21.5,"variant: eta=2.0, N=50; conditions: {""num_q_networks"": ""50"", ""eta"": ""2.0""}; notes: Appendix H eta sensitivity sweep on hopper datasets with N fixed to 50; 'Dataset type' column gives only the suffix, environment is hopper per table caption. Seeds not restated for Table 9 (assumed same 4-seed protocol).",Table 9 vs main Table 1
"2110.01548|EDAC|eta=5.0, N=50|hopper-random","2110.01548|EDAC|eta=5.0, N=50",2110.01548,d4rl,EDAC,EDAC,"eta=5.0, N=50",hopper-random,25.3,1.9,-23.4,"variant: eta=5.0, N=50; conditions: {""num_q_networks"": ""50"", ""eta"": ""5.0""}; notes: Appendix H eta sensitivity sweep on hopper datasets with N fixed to 50; 'Dataset type' column gives only the suffix, environment is hopper per table caption. Seeds not restated for Table 9 (assumed same 4-seed protocol).",Table 9 vs main Table 1
"2110.01548|EDAC|eta=0.0, N=50|hopper-medium","2110.01548|EDAC|eta=0.0, N=50",2110.01548,d4rl,EDAC,EDAC,"eta=0.0, N=50",hopper-medium,101.6,7.3,-94.3,"variant: eta=0.0, N=50; conditions: {""num_q_networks"": ""50"", ""eta"": ""0.0""}; notes: Appendix H eta sensitivity sweep on hopper datasets with N fixed to 50; 'Dataset type' column gives only the suffix, environment is hopper per table caption. Seeds not restated for Table 9 (assumed same 4-seed protocol).",Table 9 vs main Table 1
"2110.01548|EDAC|eta=1.0, N=50|hopper-medium","2110.01548|EDAC|eta=1.0, N=50",2110.01548,d4rl,EDAC,EDAC,"eta=1.0, N=50",hopper-medium,101.6,101.6,0.0,"variant: eta=1.0, N=50; conditions: {""num_q_networks"": ""50"", ""eta"": ""1.0""}; notes: Appendix H eta sensitivity sweep on hopper datasets with N fixed to 50; 'Dataset type' column gives only the suffix, environment is hopper per table caption. Seeds not restated for Table 9 (assumed same 4-seed protocol).",Table 9 vs main Table 1
"2110.01548|EDAC|eta=2.0, N=50|hopper-medium","2110.01548|EDAC|eta=2.0, N=50",2110.01548,d4rl,EDAC,EDAC,"eta=2.0, N=50",hopper-medium,101.6,94.5,-7.1,"variant: eta=2.0, N=50; conditions: {""num_q_networks"": ""50"", ""eta"": ""2.0""}; notes: Appendix H eta sensitivity sweep on hopper datasets with N fixed to 50; 'Dataset type' column gives only the suffix, environment is hopper per table caption. Seeds not restated for Table 9 (assumed same 4-seed protocol).",Table 9 vs main Table 1
"2110.01548|EDAC|eta=5.0, N=50|hopper-medium","2110.01548|EDAC|eta=5.0, N=50",2110.01548,d4rl,EDAC,EDAC,"eta=5.0, N=50",hopper-medium,101.6,75.5,-26.1,"variant: eta=5.0, N=50; conditions: {""num_q_networks"": ""50"", ""eta"": ""5.0""}; notes: Appendix H eta sensitivity sweep on hopper datasets with N fixed to 50; 'Dataset type' column gives only the suffix, environment is hopper per table caption. Seeds not restated for Table 9 (assumed same 4-seed protocol).",Table 9 vs main Table 1
"2110.01548|EDAC|eta=0.0, N=50|hopper-expert","2110.01548|EDAC|eta=0.0, N=50",2110.01548,d4rl,EDAC,EDAC,"eta=0.0, N=50",hopper-expert,110.1,2.3,-107.8,"variant: eta=0.0, N=50; conditions: {""num_q_networks"": ""50"", ""eta"": ""0.0""}; notes: Appendix H eta sensitivity sweep on hopper datasets with N fixed to 50; 'Dataset type' column gives only the suffix, environment is hopper per table caption. Seeds not restated for Table 9 (assumed same 4-seed protocol).",Table 9 vs main Table 1
"2110.01548|EDAC|eta=0.5, N=50|hopper-expert","2110.01548|EDAC|eta=0.5, N=50",2110.01548,d4rl,EDAC,EDAC,"eta=0.5, N=50",hopper-expert,110.1,110.3,0.2,"variant: eta=0.5, N=50; conditions: {""num_q_networks"": ""50"", ""eta"": ""0.5""}; notes: Appendix H eta sensitivity sweep on hopper datasets with N fixed to 50; 'Dataset type' column gives only the suffix, environment is hopper per table caption. Seeds not restated for Table 9 (assumed same 4-seed protocol).",Table 9 vs main Table 1
"2110.01548|EDAC|eta=1.0, N=50|hopper-expert","2110.01548|EDAC|eta=1.0, N=50",2110.01548,d4rl,EDAC,EDAC,"eta=1.0, N=50",hopper-expert,110.1,110.1,0.0,"variant: eta=1.0, N=50; conditions: {""num_q_networks"": ""50"", ""eta"": ""1.0""}; notes: Appendix H eta sensitivity sweep on hopper datasets with N fixed to 50; 'Dataset type' column gives only the suffix, environment is hopper per table caption. Seeds not restated for Table 9 (assumed same 4-seed protocol).",Table 9 vs main Table 1
"2110.01548|EDAC|eta=2.0, N=50|hopper-expert","2110.01548|EDAC|eta=2.0, N=50",2110.01548,d4rl,EDAC,EDAC,"eta=2.0, N=50",hopper-expert,110.1,109.8,-0.3,"variant: eta=2.0, N=50; conditions: {""num_q_networks"": ""50"", ""eta"": ""2.0""}; notes: Appendix H eta sensitivity sweep on hopper datasets with N fixed to 50; 'Dataset type' column gives only the suffix, environment is hopper per table caption. Seeds not restated for Table 9 (assumed same 4-seed protocol).",Table 9 vs main Table 1
"2110.01548|EDAC|eta=5.0, N=50|hopper-expert","2110.01548|EDAC|eta=5.0, N=50",2110.01548,d4rl,EDAC,EDAC,"eta=5.0, N=50",hopper-expert,110.1,109.9,-0.2,"variant: eta=5.0, N=50; conditions: {""num_q_networks"": ""50"", ""eta"": ""5.0""}; notes: Appendix H eta sensitivity sweep on hopper datasets with N fixed to 50; 'Dataset type' column gives only the suffix, environment is hopper per table caption. Seeds not restated for Table 9 (assumed same 4-seed protocol).",Table 9 vs main Table 1
"2110.01548|EDAC|eta=0.0, N=50|hopper-medium-expert","2110.01548|EDAC|eta=0.0, N=50",2110.01548,d4rl,EDAC,EDAC,"eta=0.0, N=50",hopper-medium-expert,110.7,46.9,-63.8,"variant: eta=0.0, N=50; conditions: {""num_q_networks"": ""50"", ""eta"": ""0.0""}; notes: Appendix H eta sensitivity sweep on hopper datasets with N fixed to 50; 'Dataset type' column gives only the suffix, environment is hopper per table caption. Seeds not restated for Table 9 (assumed same 4-seed protocol).",Table 9 vs main Table 1
"2110.01548|EDAC|eta=0.5, N=50|hopper-medium-expert","2110.01548|EDAC|eta=0.5, N=50",2110.01548,d4rl,EDAC,EDAC,"eta=0.5, N=50",hopper-medium-expert,110.7,103.8,-6.9,"variant: eta=0.5, N=50; conditions: {""num_q_networks"": ""50"", ""eta"": ""0.5""}; notes: Appendix H eta sensitivity sweep on hopper datasets with N fixed to 50; 'Dataset type' column gives only the suffix, environment is hopper per table caption. Seeds not restated for Table 9 (assumed same 4-seed protocol).",Table 9 vs main Table 1
"2110.01548|EDAC|eta=1.0, N=50|hopper-medium-expert","2110.01548|EDAC|eta=1.0, N=50",2110.01548,d4rl,EDAC,EDAC,"eta=1.0, N=50",hopper-medium-expert,110.7,110.7,0.0,"variant: eta=1.0, N=50; conditions: {""num_q_networks"": ""50"", ""eta"": ""1.0""}; notes: Appendix H eta sensitivity sweep on hopper datasets with N fixed to 50; 'Dataset type' column gives only the suffix, environment is hopper per table caption. Seeds not restated for Table 9 (assumed same 4-seed protocol).",Table 9 vs main Table 1
"2110.01548|EDAC|eta=2.0, N=50|hopper-medium-expert","2110.01548|EDAC|eta=2.0, N=50",2110.01548,d4rl,EDAC,EDAC,"eta=2.0, N=50",hopper-medium-expert,110.7,109.8,-0.9,"variant: eta=2.0, N=50; conditions: {""num_q_networks"": ""50"", ""eta"": ""2.0""}; notes: Appendix H eta sensitivity sweep on hopper datasets with N fixed to 50; 'Dataset type' column gives only the suffix, environment is hopper per table caption. Seeds not restated for Table 9 (assumed same 4-seed protocol).",Table 9 vs main Table 1
"2110.01548|EDAC|eta=5.0, N=50|hopper-medium-expert","2110.01548|EDAC|eta=5.0, N=50",2110.01548,d4rl,EDAC,EDAC,"eta=5.0, N=50",hopper-medium-expert,110.7,109.8,-0.9,"variant: eta=5.0, N=50; conditions: {""num_q_networks"": ""50"", ""eta"": ""5.0""}; notes: Appendix H eta sensitivity sweep on hopper datasets with N fixed to 50; 'Dataset type' column gives only the suffix, environment is hopper per table caption. Seeds not restated for Table 9 (assumed same 4-seed protocol).",Table 9 vs main Table 1
"2110.01548|EDAC|eta=0.0, N=50|hopper-medium-replay","2110.01548|EDAC|eta=0.0, N=50",2110.01548,d4rl,EDAC,EDAC,"eta=0.0, N=50",hopper-medium-replay,101.0,100.9,-0.1,"variant: eta=0.0, N=50; conditions: {""num_q_networks"": ""50"", ""eta"": ""0.0""}; notes: Appendix H eta sensitivity sweep on hopper datasets with N fixed to 50; 'Dataset type' column gives only the suffix, environment is hopper per table caption. Seeds not restated for Table 9 (assumed same 4-seed protocol).",Table 9 vs main Table 1
"2110.01548|EDAC|eta=0.5, N=50|hopper-medium-replay","2110.01548|EDAC|eta=0.5, N=50",2110.01548,d4rl,EDAC,EDAC,"eta=0.5, N=50",hopper-medium-replay,101.0,100.3,-0.7,"variant: eta=0.5, N=50; conditions: {""num_q_networks"": ""50"", ""eta"": ""0.5""}; notes: Appendix H eta sensitivity sweep on hopper datasets with N fixed to 50; 'Dataset type' column gives only the suffix, environment is hopper per table caption. Seeds not restated for Table 9 (assumed same 4-seed protocol).",Table 9 vs main Table 1
"2110.01548|EDAC|eta=1.0, N=50|hopper-medium-replay","2110.01548|EDAC|eta=1.0, N=50",2110.01548,d4rl,EDAC,EDAC,"eta=1.0, N=50",hopper-medium-replay,101.0,101.0,0.0,"variant: eta=1.0, N=50; conditions: {""num_q_networks"": ""50"", ""eta"": ""1.0""}; notes: Appendix H eta sensitivity sweep on hopper datasets with N fixed to 50; 'Dataset type' column gives only the suffix, environment is hopper per table caption. Seeds not restated for Table 9 (assumed same 4-seed protocol).",Table 9 vs main Table 1
"2110.01548|EDAC|eta=2.0, N=50|hopper-medium-replay","2110.01548|EDAC|eta=2.0, N=50",2110.01548,d4rl,EDAC,EDAC,"eta=2.0, N=50",hopper-medium-replay,101.0,100.2,-0.8,"variant: eta=2.0, N=50; conditions: {""num_q_networks"": ""50"", ""eta"": ""2.0""}; notes: Appendix H eta sensitivity sweep on hopper datasets with N fixed to 50; 'Dataset type' column gives only the suffix, environment is hopper per table caption. Seeds not restated for Table 9 (assumed same 4-seed protocol).",Table 9 vs main Table 1
"2110.01548|EDAC|eta=5.0, N=50|hopper-medium-replay","2110.01548|EDAC|eta=5.0, N=50",2110.01548,d4rl,EDAC,EDAC,"eta=5.0, N=50",hopper-medium-replay,101.0,20.6,-80.4,"variant: eta=5.0, N=50; conditions: {""num_q_networks"": ""50"", ""eta"": ""5.0""}; notes: Appendix H eta sensitivity sweep on hopper datasets with N fixed to 50; 'Dataset type' column gives only the suffix, environment is hopper per table caption. Seeds not restated for Table 9 (assumed same 4-seed protocol).",Table 9 vs main Table 1
"2110.01548|EDAC|eta=0.0, N=50|hopper-full-replay","2110.01548|EDAC|eta=0.0, N=50",2110.01548,d4rl,EDAC,EDAC,"eta=0.0, N=50",hopper-full-replay,105.4,105.6,0.2,"variant: eta=0.0, N=50; conditions: {""num_q_networks"": ""50"", ""eta"": ""0.0""}; notes: Appendix H eta sensitivity sweep on hopper datasets with N fixed to 50; 'Dataset type' column gives only the suffix, environment is hopper per table caption. Seeds not restated for Table 9 (assumed same 4-seed protocol).",Table 9 vs main Table 1
"2110.01548|EDAC|eta=0.5, N=50|hopper-full-replay","2110.01548|EDAC|eta=0.5, N=50",2110.01548,d4rl,EDAC,EDAC,"eta=0.5, N=50",hopper-full-replay,105.4,104.9,-0.5,"variant: eta=0.5, N=50; conditions: {""num_q_networks"": ""50"", ""eta"": ""0.5""}; notes: Appendix H eta sensitivity sweep on hopper datasets with N fixed to 50; 'Dataset type' column gives only the suffix, environment is hopper per table caption. Seeds not restated for Table 9 (assumed same 4-seed protocol).",Table 9 vs main Table 1
"2110.01548|EDAC|eta=2.0, N=50|hopper-full-replay","2110.01548|EDAC|eta=2.0, N=50",2110.01548,d4rl,EDAC,EDAC,"eta=2.0, N=50",hopper-full-replay,105.4,104.0,-1.4,"variant: eta=2.0, N=50; conditions: {""num_q_networks"": ""50"", ""eta"": ""2.0""}; notes: Appendix H eta sensitivity sweep on hopper datasets with N fixed to 50; 'Dataset type' column gives only the suffix, environment is hopper per table caption. Seeds not restated for Table 9 (assumed same 4-seed protocol).",Table 9 vs main Table 1
"2110.01548|EDAC|eta=5.0, N=50|hopper-full-replay","2110.01548|EDAC|eta=5.0, N=50",2110.01548,d4rl,EDAC,EDAC,"eta=5.0, N=50",hopper-full-replay,105.4,106.3,0.9,"variant: eta=5.0, N=50; conditions: {""num_q_networks"": ""50"", ""eta"": ""5.0""}; notes: Appendix H eta sensitivity sweep on hopper datasets with N fixed to 50; 'Dataset type' column gives only the suffix, environment is hopper per table caption. Seeds not restated for Table 9 (assumed same 4-seed protocol).",Table 9 vs main Table 1
2208.06193|BC-Diffusion|main|halfcheetah-medium-expert,2208.06193|BC-Diffusion|main,2208.06193,d4rl,Diffusion-QL,BC-Diffusion,main,halfcheetah-medium-expert,96.8,76.6,-20.2,variant: main; conditions: {}; notes: ablation column; variant method description: Ablation variant: the diffusion policy trained with the behavior-cloning diffusion loss Ld only (no Q-learning term).; variant settings: note=hyperparameters not separately stated; presumed shared with Diffusion-QL (Appendix B/C),Table 2 vs main Table 1
2208.06193|BC-Diffusion|main|hopper-medium-expert,2208.06193|BC-Diffusion|main,2208.06193,d4rl,Diffusion-QL,BC-Diffusion,main,hopper-medium-expert,111.1,78.0,-33.1,variant: main; conditions: {}; notes: ablation column; variant method description: Ablation variant: the diffusion policy trained with the behavior-cloning diffusion loss Ld only (no Q-learning term).; variant settings: note=hyperparameters not separately stated; presumed shared with Diffusion-QL (Appendix B/C),Table 2 vs main Table 1
2208.06193|BC-Diffusion|main|walker2d-medium-expert,2208.06193|BC-Diffusion|main,2208.06193,d4rl,Diffusion-QL,BC-Diffusion,main,walker2d-medium-expert,110.1,103.1,-7.0,variant: main; conditions: {}; notes: ablation column; variant method description: Ablation variant: the diffusion policy trained with the behavior-cloning diffusion loss Ld only (no Q-learning term).; variant settings: note=hyperparameters not separately stated; presumed shared with Diffusion-QL (Appendix B/C),Table 2 vs main Table 1
2208.06193|BCQ-Diffusion|main|halfcheetah-medium-expert,2208.06193|BCQ-Diffusion|main,2208.06193,d4rl,Diffusion-QL,BCQ-Diffusion,main,halfcheetah-medium-expert,96.8,94.6,-2.2,variant: main; conditions: {}; notes: ablation column; variant method description: Ablation variant: the diffusion policy used as the generative model inside the BCQ policy-improvement framework instead of Diffusion-QL's Q-learning guidance.; variant settings: note=hyperparameters not separately stated; presumed shared with Diffusion-QL (Appendix B/C),Table 2 vs main Table 1
2208.06193|BCQ-Diffusion|main|hopper-medium-expert,2208.06193|BCQ-Diffusion|main,2208.06193,d4rl,Diffusion-QL,BCQ-Diffusion,main,hopper-medium-expert,111.1,109.3,-1.8,variant: main; conditions: {}; notes: ablation column; variant method description: Ablation variant: the diffusion policy used as the generative model inside the BCQ policy-improvement framework instead of Diffusion-QL's Q-learning guidance.; variant settings: note=hyperparameters not separately stated; presumed shared with Diffusion-QL (Appendix B/C),Table 2 vs main Table 1
2208.06193|BCQ-Diffusion|main|walker2d-medium-expert,2208.06193|BCQ-Diffusion|main,2208.06193,d4rl,Diffusion-QL,BCQ-Diffusion,main,walker2d-medium-expert,110.1,114.0,3.9,variant: main; conditions: {}; notes: ablation column; variant method description: Ablation variant: the diffusion policy used as the generative model inside the BCQ policy-improvement framework instead of Diffusion-QL's Q-learning guidance.; variant settings: note=hyperparameters not separately stated; presumed shared with Diffusion-QL (Appendix B/C),Table 2 vs main Table 1
2208.10291|TAP|horizon=3|halfcheetah-medium-expert,2208.10291|TAP|horizon=3,2208.10291,d4rl,TAP,TAP,horizon=3,halfcheetah-medium-expert,91.8,91.74,-0.06,"variant: horizon=3; conditions: {""planning_horizon"": ""3""}; notes: planning-horizon ablation; no std; horizon=15 is the main setting",Table 3 vs main Table 1
2208.10291|TAP|horizon=9|halfcheetah-medium-expert,2208.10291|TAP|horizon=9,2208.10291,d4rl,TAP,TAP,horizon=9,halfcheetah-medium-expert,91.8,91.17,-0.63,"variant: horizon=9; conditions: {""planning_horizon"": ""9""}; notes: planning-horizon ablation; no std; horizon=15 is the main setting",Table 3 vs main Table 1
2208.10291|TAP|horizon=15|halfcheetah-medium-expert,2208.10291|TAP|horizon=15,2208.10291,d4rl,TAP,TAP,horizon=15,halfcheetah-medium-expert,91.8,91.77,-0.03,"variant: horizon=15; conditions: {""planning_horizon"": ""15""}; notes: planning-horizon ablation; no std; horizon=15 is the main setting",Table 3 vs main Table 1
2208.10291|TAP|horizon=21|halfcheetah-medium-expert,2208.10291|TAP|horizon=21,2208.10291,d4rl,TAP,TAP,horizon=21,halfcheetah-medium-expert,91.8,90.6,-1.2,"variant: horizon=21; conditions: {""planning_horizon"": ""21""}; notes: planning-horizon ablation; no std; horizon=15 is the main setting",Table 3 vs main Table 1
2208.10291|TAP|horizon=3|hopper-medium-expert,2208.10291|TAP|horizon=3,2208.10291,d4rl,TAP,TAP,horizon=3,hopper-medium-expert,105.5,88.3,-17.2,"variant: horizon=3; conditions: {""planning_horizon"": ""3""}; notes: planning-horizon ablation; no std; horizon=15 is the main setting",Table 3 vs main Table 1
2208.10291|TAP|horizon=9|hopper-medium-expert,2208.10291|TAP|horizon=9,2208.10291,d4rl,TAP,TAP,horizon=9,hopper-medium-expert,105.5,104.01,-1.49,"variant: horizon=9; conditions: {""planning_horizon"": ""9""}; notes: planning-horizon ablation; no std; horizon=15 is the main setting",Table 3 vs main Table 1
2208.10291|TAP|horizon=15|hopper-medium-expert,2208.10291|TAP|horizon=15,2208.10291,d4rl,TAP,TAP,horizon=15,hopper-medium-expert,105.5,105.53,0.03,"variant: horizon=15; conditions: {""planning_horizon"": ""15""}; notes: planning-horizon ablation; no std; horizon=15 is the main setting",Table 3 vs main Table 1
2208.10291|TAP|horizon=21|hopper-medium-expert,2208.10291|TAP|horizon=21,2208.10291,d4rl,TAP,TAP,horizon=21,hopper-medium-expert,105.5,96.4,-9.1,"variant: horizon=21; conditions: {""planning_horizon"": ""21""}; notes: planning-horizon ablation; no std; horizon=15 is the main setting",Table 3 vs main Table 1
2208.10291|TAP|horizon=3|walker2d-medium-expert,2208.10291|TAP|horizon=3,2208.10291,d4rl,TAP,TAP,horizon=3,walker2d-medium-expert,107.4,99.4,-8.0,"variant: horizon=3; conditions: {""planning_horizon"": ""3""}; notes: planning-horizon ablation; no std; horizon=15 is the main setting",Table 3 vs main Table 1
2208.10291|TAP|horizon=9|walker2d-medium-expert,2208.10291|TAP|horizon=9,2208.10291,d4rl,TAP,TAP,horizon=9,walker2d-medium-expert,107.4,107.25,-0.15,"variant: horizon=9; conditions: {""planning_horizon"": ""9""}; notes: planning-horizon ablation; no std; horizon=15 is the main setting",Table 3 vs main Table 1
2208.10291|TAP|horizon=15|walker2d-medium-expert,2208.10291|TAP|horizon=15,2208.10291,d4rl,TAP,TAP,horizon=15,walker2d-medium-expert,107.4,107.44,0.04,"variant: horizon=15; conditions: {""planning_horizon"": ""15""}; notes: planning-horizon ablation; no std; horizon=15 is the main setting",Table 3 vs main Table 1
2208.10291|TAP|horizon=21|walker2d-medium-expert,2208.10291|TAP|horizon=21,2208.10291,d4rl,TAP,TAP,horizon=21,walker2d-medium-expert,107.4,108.82,1.42,"variant: horizon=21; conditions: {""planning_horizon"": ""21""}; notes: planning-horizon ablation; no std; horizon=15 is the main setting",Table 3 vs main Table 1
2208.10291|TAP|horizon=3|halfcheetah-medium,2208.10291|TAP|horizon=3,2208.10291,d4rl,TAP,TAP,horizon=3,halfcheetah-medium,45.0,44.01,-0.99,"variant: horizon=3; conditions: {""planning_horizon"": ""3""}; notes: planning-horizon ablation; no std; horizon=15 is the main setting",Table 3 vs main Table 1
2208.10291|TAP|horizon=9|halfcheetah-medium,2208.10291|TAP|horizon=9,2208.10291,d4rl,TAP,TAP,horizon=9,halfcheetah-medium,45.0,44.98,-0.02,"variant: horizon=9; conditions: {""planning_horizon"": ""9""}; notes: planning-horizon ablation; no std; horizon=15 is the main setting",Table 3 vs main Table 1
2208.10291|TAP|horizon=15|halfcheetah-medium,2208.10291|TAP|horizon=15,2208.10291,d4rl,TAP,TAP,horizon=15,halfcheetah-medium,45.0,45.04,0.04,"variant: horizon=15; conditions: {""planning_horizon"": ""15""}; notes: planning-horizon ablation; no std; horizon=15 is the main setting",Table 3 vs main Table 1
2208.10291|TAP|horizon=21|halfcheetah-medium,2208.10291|TAP|horizon=21,2208.10291,d4rl,TAP,TAP,horizon=21,halfcheetah-medium,45.0,44.7,-0.3,"variant: horizon=21; conditions: {""planning_horizon"": ""21""}; notes: planning-horizon ablation; no std; horizon=15 is the main setting",Table 3 vs main Table 1
2208.10291|TAP|horizon=3|hopper-medium,2208.10291|TAP|horizon=3,2208.10291,d4rl,TAP,TAP,horizon=3,hopper-medium,63.4,49.7,-13.7,"variant: horizon=3; conditions: {""planning_horizon"": ""3""}; notes: planning-horizon ablation; no std; horizon=15 is the main setting",Table 3 vs main Table 1
2208.10291|TAP|horizon=9|hopper-medium,2208.10291|TAP|horizon=9,2208.10291,d4rl,TAP,TAP,horizon=9,hopper-medium,63.4,64.44,1.04,"variant: horizon=9; conditions: {""planning_horizon"": ""9""}; notes: planning-horizon ablation; no std; horizon=15 is the main setting",Table 3 vs main Table 1
2208.10291|TAP|horizon=15|hopper-medium,2208.10291|TAP|horizon=15,2208.10291,d4rl,TAP,TAP,horizon=15,hopper-medium,63.4,63.44,0.04,"variant: horizon=15; conditions: {""planning_horizon"": ""15""}; notes: planning-horizon ablation; no std; horizon=15 is the main setting",Table 3 vs main Table 1
2208.10291|TAP|horizon=21|hopper-medium,2208.10291|TAP|horizon=21,2208.10291,d4rl,TAP,TAP,horizon=21,hopper-medium,63.4,66.7,3.3,"variant: horizon=21; conditions: {""planning_horizon"": ""21""}; notes: planning-horizon ablation; no std; horizon=15 is the main setting",Table 3 vs main Table 1
2208.10291|TAP|horizon=3|walker2d-medium,2208.10291|TAP|horizon=3,2208.10291,d4rl,TAP,TAP,horizon=3,walker2d-medium,64.9,65.04,0.14,"variant: horizon=3; conditions: {""planning_horizon"": ""3""}; notes: planning-horizon ablation; no std; horizon=15 is the main setting",Table 3 vs main Table 1
2208.10291|TAP|horizon=9|walker2d-medium,2208.10291|TAP|horizon=9,2208.10291,d4rl,TAP,TAP,horizon=9,walker2d-medium,64.9,63.21,-1.69,"variant: horizon=9; conditions: {""planning_horizon"": ""9""}; notes: planning-horizon ablation; no std; horizon=15 is the main setting",Table 3 vs main Table 1
2208.10291|TAP|horizon=15|walker2d-medium,2208.10291|TAP|horizon=15,2208.10291,d4rl,TAP,TAP,horizon=15,walker2d-medium,64.9,64.87,-0.03,"variant: horizon=15; conditions: {""planning_horizon"": ""15""}; notes: planning-horizon ablation; no std; horizon=15 is the main setting",Table 3 vs main Table 1
2208.10291|TAP|horizon=21|walker2d-medium,2208.10291|TAP|horizon=21,2208.10291,d4rl,TAP,TAP,horizon=21,walker2d-medium,64.9,52.03,-12.87,"variant: horizon=21; conditions: {""planning_horizon"": ""21""}; notes: planning-horizon ablation; no std; horizon=15 is the main setting",Table 3 vs main Table 1
2208.10291|TAP|horizon=3|halfcheetah-medium-replay,2208.10291|TAP|horizon=3,2208.10291,d4rl,TAP,TAP,horizon=3,halfcheetah-medium-replay,40.8,40.59,-0.21,"variant: horizon=3; conditions: {""planning_horizon"": ""3""}; notes: planning-horizon ablation; no std; horizon=15 is the main setting",Table 3 vs main Table 1
2208.10291|TAP|horizon=9|halfcheetah-medium-replay,2208.10291|TAP|horizon=9,2208.10291,d4rl,TAP,TAP,horizon=9,halfcheetah-medium-replay,40.8,41.51,0.71,"variant: horizon=9; conditions: {""planning_horizon"": ""9""}; notes: planning-horizon ablation; no std; horizon=15 is the main setting",Table 3 vs main Table 1
2208.10291|TAP|horizon=15|halfcheetah-medium-replay,2208.10291|TAP|horizon=15,2208.10291,d4rl,TAP,TAP,horizon=15,halfcheetah-medium-replay,40.8,40.78,-0.02,"variant: horizon=15; conditions: {""planning_horizon"": ""15""}; notes: planning-horizon ablation; no std; horizon=15 is the main setting",Table 3 vs main Table 1
2208.10291|TAP|horizon=21|halfcheetah-medium-replay,2208.10291|TAP|horizon=21,2208.10291,d4rl,TAP,TAP,horizon=21,halfcheetah-medium-replay,40.8,41.36,0.56,"variant: horizon=21; conditions: {""planning_horizon"": ""21""}; notes: planning-horizon ablation; no std; horizon=15 is the main setting",Table 3 vs main Table 1
2208.10291|TAP|horizon=3|hopper-medium-replay,2208.10291|TAP|horizon=3,2208.10291,d4rl,TAP,TAP,horizon=3,hopper-medium-replay,87.3,29.39,-57.91,"variant: horizon=3; conditions: {""planning_horizon"": ""3""}; notes: planning-horizon ablation; no std; horizon=15 is the main setting",Table 3 vs main Table 1
2208.10291|TAP|horizon=9|hopper-medium-replay,2208.10291|TAP|horizon=9,2208.10291,d4rl,TAP,TAP,horizon=9,hopper-medium-replay,87.3,90.17,2.87,"variant: horizon=9; conditions: {""planning_horizon"": ""9""}; notes: planning-horizon ablation; no std; horizon=15 is the main setting",Table 3 vs main Table 1
2208.10291|TAP|horizon=15|hopper-medium-replay,2208.10291|TAP|horizon=15,2208.10291,d4rl,TAP,TAP,horizon=15,hopper-medium-replay,87.3,87.3,0.0,"variant: horizon=15; conditions: {""planning_horizon"": ""15""}; notes: planning-horizon ablation; no std; horizon=15 is the main setting",Table 3 vs main Table 1
2208.10291|TAP|horizon=21|hopper-medium-replay,2208.10291|TAP|horizon=21,2208.10291,d4rl,TAP,TAP,horizon=21,hopper-medium-replay,87.3,96.35,9.05,"variant: horizon=21; conditions: {""planning_horizon"": ""21""}; notes: planning-horizon ablation; no std; horizon=15 is the main setting",Table 3 vs main Table 1
2208.10291|TAP|horizon=3|walker2d-medium-replay,2208.10291|TAP|horizon=3,2208.10291,d4rl,TAP,TAP,horizon=3,walker2d-medium-replay,66.8,57.58,-9.22,"variant: horizon=3; conditions: {""planning_horizon"": ""3""}; notes: planning-horizon ablation; no std; horizon=15 is the main setting",Table 3 vs main Table 1
2208.10291|TAP|horizon=9|walker2d-medium-replay,2208.10291|TAP|horizon=9,2208.10291,d4rl,TAP,TAP,horizon=9,walker2d-medium-replay,66.8,58.41,-8.39,"variant: horizon=9; conditions: {""planning_horizon"": ""9""}; notes: planning-horizon ablation; no std; horizon=15 is the main setting",Table 3 vs main Table 1
2208.10291|TAP|horizon=15|walker2d-medium-replay,2208.10291|TAP|horizon=15,2208.10291,d4rl,TAP,TAP,horizon=15,walker2d-medium-replay,66.8,66.85,0.05,"variant: horizon=15; conditions: {""planning_horizon"": ""15""}; notes: planning-horizon ablation; no std; horizon=15 is the main setting",Table 3 vs main Table 1
2208.10291|TAP|horizon=21|walker2d-medium-replay,2208.10291|TAP|horizon=21,2208.10291,d4rl,TAP,TAP,horizon=21,walker2d-medium-replay,66.8,69.25,2.45,"variant: horizon=21; conditions: {""planning_horizon"": ""21""}; notes: planning-horizon ablation; no std; horizon=15 is the main setting",Table 3 vs main Table 1
2208.10291|TAP|beta=1e-5|halfcheetah-medium-expert,2208.10291|TAP|beta=1e-5,2208.10291,d4rl,TAP,TAP,beta=1e-5,halfcheetah-medium-expert,91.8,64.3,-27.5,"variant: beta=1e-5; conditions: {""beta_threshold"": ""1e-5""}; notes: OOD-penalty probability threshold ablation; no std; beta=0.05 is the main setting",Table 4 vs main Table 1
2208.10291|TAP|beta=0.002|halfcheetah-medium-expert,2208.10291|TAP|beta=0.002,2208.10291,d4rl,TAP,TAP,beta=0.002,halfcheetah-medium-expert,91.8,91.0,-0.8,"variant: beta=0.002; conditions: {""beta_threshold"": ""0.002""}; notes: OOD-penalty probability threshold ablation; no std; beta=0.05 is the main setting",Table 4 vs main Table 1
2208.10291|TAP|beta=0.01|halfcheetah-medium-expert,2208.10291|TAP|beta=0.01,2208.10291,d4rl,TAP,TAP,beta=0.01,halfcheetah-medium-expert,91.8,90.3,-1.5,"variant: beta=0.01; conditions: {""beta_threshold"": ""0.01""}; notes: OOD-penalty probability threshold ablation; no std; beta=0.05 is the main setting",Table 4 vs main Table 1
2208.10291|TAP|beta=0.05|halfcheetah-medium-expert,2208.10291|TAP|beta=0.05,2208.10291,d4rl,TAP,TAP,beta=0.05,halfcheetah-medium-expert,91.8,91.8,0.0,"variant: beta=0.05; conditions: {""beta_threshold"": ""0.05""}; notes: OOD-penalty probability threshold ablation; no std; beta=0.05 is the main setting",Table 4 vs main Table 1
2208.10291|TAP|beta=0.1|halfcheetah-medium-expert,2208.10291|TAP|beta=0.1,2208.10291,d4rl,TAP,TAP,beta=0.1,halfcheetah-medium-expert,91.8,92.2,0.4,"variant: beta=0.1; conditions: {""beta_threshold"": ""0.1""}; notes: OOD-penalty probability threshold ablation; no std; beta=0.05 is the main setting",Table 4 vs main Table 1
2208.10291|TAP|beta=0.5|halfcheetah-medium-expert,2208.10291|TAP|beta=0.5,2208.10291,d4rl,TAP,TAP,beta=0.5,halfcheetah-medium-expert,91.8,87.7,-4.1,"variant: beta=0.5; conditions: {""beta_threshold"": ""0.5""}; notes: OOD-penalty probability threshold ablation; no std; beta=0.05 is the main setting",Table 4 vs main Table 1
2208.10291|TAP|beta=1e-5|hopper-medium-expert,2208.10291|TAP|beta=1e-5,2208.10291,d4rl,TAP,TAP,beta=1e-5,hopper-medium-expert,105.5,66.3,-39.2,"variant: beta=1e-5; conditions: {""beta_threshold"": ""1e-5""}; notes: OOD-penalty probability threshold ablation; no std; beta=0.05 is the main setting",Table 4 vs main Table 1
2208.10291|TAP|beta=0.002|hopper-medium-expert,2208.10291|TAP|beta=0.002,2208.10291,d4rl,TAP,TAP,beta=0.002,hopper-medium-expert,105.5,95.1,-10.4,"variant: beta=0.002; conditions: {""beta_threshold"": ""0.002""}; notes: OOD-penalty probability threshold ablation; no std; beta=0.05 is the main setting",Table 4 vs main Table 1
2208.10291|TAP|beta=0.01|hopper-medium-expert,2208.10291|TAP|beta=0.01,2208.10291,d4rl,TAP,TAP,beta=0.01,hopper-medium-expert,105.5,94.5,-11.0,"variant: beta=0.01; conditions: {""beta_threshold"": ""0.01""}; notes: OOD-penalty probability threshold ablation; no std; beta=0.05 is the main setting",Table 4 vs main Table 1
2208.10291|TAP|beta=0.05|hopper-medium-expert,2208.10291|TAP|beta=0.05,2208.10291,d4rl,TAP,TAP,beta=0.05,hopper-medium-expert,105.5,105.5,0.0,"variant: beta=0.05; conditions: {""beta_threshold"": ""0.05""}; notes: OOD-penalty probability threshold ablation; no std; beta=0.05 is the main setting",Table 4 vs main Table 1
2208.10291|TAP|beta=0.1|hopper-medium-expert,2208.10291|TAP|beta=0.1,2208.10291,d4rl,TAP,TAP,beta=0.1,hopper-medium-expert,105.5,107.0,1.5,"variant: beta=0.1; conditions: {""beta_threshold"": ""0.1""}; notes: OOD-penalty probability threshold ablation; no std; beta=0.05 is the main setting",Table 4 vs main Table 1
2208.10291|TAP|beta=0.5|hopper-medium-expert,2208.10291|TAP|beta=0.5,2208.10291,d4rl,TAP,TAP,beta=0.5,hopper-medium-expert,105.5,76.1,-29.4,"variant: beta=0.5; conditions: {""beta_threshold"": ""0.5""}; notes: OOD-penalty probability threshold ablation; no std; beta=0.05 is the main setting",Table 4 vs main Table 1
2208.10291|TAP|beta=1e-5|walker2d-medium-expert,2208.10291|TAP|beta=1e-5,2208.10291,d4rl,TAP,TAP,beta=1e-5,walker2d-medium-expert,107.4,86.6,-20.8,"variant: beta=1e-5; conditions: {""beta_threshold"": ""1e-5""}; notes: OOD-penalty probability threshold ablation; no std; beta=0.05 is the main setting",Table 4 vs main Table 1
2208.10291|TAP|beta=0.002|walker2d-medium-expert,2208.10291|TAP|beta=0.002,2208.10291,d4rl,TAP,TAP,beta=0.002,walker2d-medium-expert,107.4,110.1,2.7,"variant: beta=0.002; conditions: {""beta_threshold"": ""0.002""}; notes: OOD-penalty probability threshold ablation; no std; beta=0.05 is the main setting",Table 4 vs main Table 1
2208.10291|TAP|beta=0.01|walker2d-medium-expert,2208.10291|TAP|beta=0.01,2208.10291,d4rl,TAP,TAP,beta=0.01,walker2d-medium-expert,107.4,109.2,1.8,"variant: beta=0.01; conditions: {""beta_threshold"": ""0.01""}; notes: OOD-penalty probability threshold ablation; no std; beta=0.05 is the main setting",Table 4 vs main Table 1
2208.10291|TAP|beta=0.05|walker2d-medium-expert,2208.10291|TAP|beta=0.05,2208.10291,d4rl,TAP,TAP,beta=0.05,walker2d-medium-expert,107.4,107.4,0.0,"variant: beta=0.05; conditions: {""beta_threshold"": ""0.05""}; notes: OOD-penalty probability threshold ablation; no std; beta=0.05 is the main setting",Table 4 vs main Table 1
2208.10291|TAP|beta=0.1|walker2d-medium-expert,2208.10291|TAP|beta=0.1,2208.10291,d4rl,TAP,TAP,beta=0.1,walker2d-medium-expert,107.4,106.5,-0.9,"variant: beta=0.1; conditions: {""beta_threshold"": ""0.1""}; notes: OOD-penalty probability threshold ablation; no std; beta=0.05 is the main setting",Table 4 vs main Table 1
2208.10291|TAP|beta=0.5|walker2d-medium-expert,2208.10291|TAP|beta=0.5,2208.10291,d4rl,TAP,TAP,beta=0.5,walker2d-medium-expert,107.4,104.0,-3.4,"variant: beta=0.5; conditions: {""beta_threshold"": ""0.5""}; notes: OOD-penalty probability threshold ablation; no std; beta=0.05 is the main setting",Table 4 vs main Table 1
2208.10291|TAP|beta=1e-5|halfcheetah-medium,2208.10291|TAP|beta=1e-5,2208.10291,d4rl,TAP,TAP,beta=1e-5,halfcheetah-medium,45.0,42.6,-2.4,"variant: beta=1e-5; conditions: {""beta_threshold"": ""1e-5""}; notes: OOD-penalty probability threshold ablation; no std; beta=0.05 is the main setting",Table 4 vs main Table 1
2208.10291|TAP|beta=0.002|halfcheetah-medium,2208.10291|TAP|beta=0.002,2208.10291,d4rl,TAP,TAP,beta=0.002,halfcheetah-medium,45.0,44.8,-0.2,"variant: beta=0.002; conditions: {""beta_threshold"": ""0.002""}; notes: OOD-penalty probability threshold ablation; no std; beta=0.05 is the main setting",Table 4 vs main Table 1
2208.10291|TAP|beta=0.01|halfcheetah-medium,2208.10291|TAP|beta=0.01,2208.10291,d4rl,TAP,TAP,beta=0.01,halfcheetah-medium,45.0,44.8,-0.2,"variant: beta=0.01; conditions: {""beta_threshold"": ""0.01""}; notes: OOD-penalty probability threshold ablation; no std; beta=0.05 is the main setting",Table 4 vs main Table 1
2208.10291|TAP|beta=0.05|halfcheetah-medium,2208.10291|TAP|beta=0.05,2208.10291,d4rl,TAP,TAP,beta=0.05,halfcheetah-medium,45.0,45.0,0.0,"variant: beta=0.05; conditions: {""beta_threshold"": ""0.05""}; notes: OOD-penalty probability threshold ablation; no std; beta=0.05 is the main setting",Table 4 vs main Table 1
2208.10291|TAP|beta=0.1|halfcheetah-medium,2208.10291|TAP|beta=0.1,2208.10291,d4rl,TAP,TAP,beta=0.1,halfcheetah-medium,45.0,45.1,0.1,"variant: beta=0.1; conditions: {""beta_threshold"": ""0.1""}; notes: OOD-penalty probability threshold ablation; no std; beta=0.05 is the main setting",Table 4 vs main Table 1
2208.10291|TAP|beta=0.5|halfcheetah-medium,2208.10291|TAP|beta=0.5,2208.10291,d4rl,TAP,TAP,beta=0.5,halfcheetah-medium,45.0,42.9,-2.1,"variant: beta=0.5; conditions: {""beta_threshold"": ""0.5""}; notes: OOD-penalty probability threshold ablation; no std; beta=0.05 is the main setting",Table 4 vs main Table 1
2208.10291|TAP|beta=1e-5|hopper-medium,2208.10291|TAP|beta=1e-5,2208.10291,d4rl,TAP,TAP,beta=1e-5,hopper-medium,63.4,42.9,-20.5,"variant: beta=1e-5; conditions: {""beta_threshold"": ""1e-5""}; notes: OOD-penalty probability threshold ablation; no std; beta=0.05 is the main setting",Table 4 vs main Table 1
2208.10291|TAP|beta=0.002|hopper-medium,2208.10291|TAP|beta=0.002,2208.10291,d4rl,TAP,TAP,beta=0.002,hopper-medium,63.4,64.6,1.2,"variant: beta=0.002; conditions: {""beta_threshold"": ""0.002""}; notes: OOD-penalty probability threshold ablation; no std; beta=0.05 is the main setting",Table 4 vs main Table 1
2208.10291|TAP|beta=0.01|hopper-medium,2208.10291|TAP|beta=0.01,2208.10291,d4rl,TAP,TAP,beta=0.01,hopper-medium,63.4,67.0,3.6,"variant: beta=0.01; conditions: {""beta_threshold"": ""0.01""}; notes: OOD-penalty probability threshold ablation; no std; beta=0.05 is the main setting",Table 4 vs main Table 1
2208.10291|TAP|beta=0.05|hopper-medium,2208.10291|TAP|beta=0.05,2208.10291,d4rl,TAP,TAP,beta=0.05,hopper-medium,63.4,63.4,0.0,"variant: beta=0.05; conditions: {""beta_threshold"": ""0.05""}; notes: OOD-penalty probability threshold ablation; no std; beta=0.05 is the main setting",Table 4 vs main Table 1
2208.10291|TAP|beta=0.1|hopper-medium,2208.10291|TAP|beta=0.1,2208.10291,d4rl,TAP,TAP,beta=0.1,hopper-medium,63.4,63.8,0.4,"variant: beta=0.1; conditions: {""beta_threshold"": ""0.1""}; notes: OOD-penalty probability threshold ablation; no std; beta=0.05 is the main setting",Table 4 vs main Table 1
2208.10291|TAP|beta=0.5|hopper-medium,2208.10291|TAP|beta=0.5,2208.10291,d4rl,TAP,TAP,beta=0.5,hopper-medium,63.4,47.5,-15.9,"variant: beta=0.5; conditions: {""beta_threshold"": ""0.5""}; notes: OOD-penalty probability threshold ablation; no std; beta=0.05 is the main setting",Table 4 vs main Table 1
2208.10291|TAP|beta=1e-5|walker2d-medium,2208.10291|TAP|beta=1e-5,2208.10291,d4rl,TAP,TAP,beta=1e-5,walker2d-medium,64.9,63.4,-1.5,"variant: beta=1e-5; conditions: {""beta_threshold"": ""1e-5""}; notes: OOD-penalty probability threshold ablation; no std; beta=0.05 is the main setting",Table 4 vs main Table 1
2208.10291|TAP|beta=0.002|walker2d-medium,2208.10291|TAP|beta=0.002,2208.10291,d4rl,TAP,TAP,beta=0.002,walker2d-medium,64.9,49.2,-15.7,"variant: beta=0.002; conditions: {""beta_threshold"": ""0.002""}; notes: OOD-penalty probability threshold ablation; no std; beta=0.05 is the main setting",Table 4 vs main Table 1
2208.10291|TAP|beta=0.01|walker2d-medium,2208.10291|TAP|beta=0.01,2208.10291,d4rl,TAP,TAP,beta=0.01,walker2d-medium,64.9,53.8,-11.1,"variant: beta=0.01; conditions: {""beta_threshold"": ""0.01""}; notes: OOD-penalty probability threshold ablation; no std; beta=0.05 is the main setting",Table 4 vs main Table 1
2208.10291|TAP|beta=0.05|walker2d-medium,2208.10291|TAP|beta=0.05,2208.10291,d4rl,TAP,TAP,beta=0.05,walker2d-medium,64.9,64.9,0.0,"variant: beta=0.05; conditions: {""beta_threshold"": ""0.05""}; notes: OOD-penalty probability threshold ablation; no std; beta=0.05 is the main setting",Table 4 vs main Table 1
2208.10291|TAP|beta=0.1|walker2d-medium,2208.10291|TAP|beta=0.1,2208.10291,d4rl,TAP,TAP,beta=0.1,walker2d-medium,64.9,64.4,-0.5,"variant: beta=0.1; conditions: {""beta_threshold"": ""0.1""}; notes: OOD-penalty probability threshold ablation; no std; beta=0.05 is the main setting",Table 4 vs main Table 1
2208.10291|TAP|beta=0.5|walker2d-medium,2208.10291|TAP|beta=0.5,2208.10291,d4rl,TAP,TAP,beta=0.5,walker2d-medium,64.9,58.7,-6.2,"variant: beta=0.5; conditions: {""beta_threshold"": ""0.5""}; notes: OOD-penalty probability threshold ablation; no std; beta=0.05 is the main setting",Table 4 vs main Table 1
2208.10291|TAP|beta=1e-5|halfcheetah-medium-replay,2208.10291|TAP|beta=1e-5,2208.10291,d4rl,TAP,TAP,beta=1e-5,halfcheetah-medium-replay,40.8,36.2,-4.6,"variant: beta=1e-5; conditions: {""beta_threshold"": ""1e-5""}; notes: OOD-penalty probability threshold ablation; no std; beta=0.05 is the main setting",Table 4 vs main Table 1
2208.10291|TAP|beta=0.002|halfcheetah-medium-replay,2208.10291|TAP|beta=0.002,2208.10291,d4rl,TAP,TAP,beta=0.002,halfcheetah-medium-replay,40.8,42.2,1.4,"variant: beta=0.002; conditions: {""beta_threshold"": ""0.002""}; notes: OOD-penalty probability threshold ablation; no std; beta=0.05 is the main setting",Table 4 vs main Table 1
2208.10291|TAP|beta=0.01|halfcheetah-medium-replay,2208.10291|TAP|beta=0.01,2208.10291,d4rl,TAP,TAP,beta=0.01,halfcheetah-medium-replay,40.8,40.5,-0.3,"variant: beta=0.01; conditions: {""beta_threshold"": ""0.01""}; notes: OOD-penalty probability threshold ablation; no std; beta=0.05 is the main setting",Table 4 vs main Table 1
2208.10291|TAP|beta=0.05|halfcheetah-medium-replay,2208.10291|TAP|beta=0.05,2208.10291,d4rl,TAP,TAP,beta=0.05,halfcheetah-medium-replay,40.8,40.8,0.0,"variant: beta=0.05; conditions: {""beta_threshold"": ""0.05""}; notes: OOD-penalty probability threshold ablation; no std; beta=0.05 is the main setting",Table 4 vs main Table 1
2208.10291|TAP|beta=0.1|halfcheetah-medium-replay,2208.10291|TAP|beta=0.1,2208.10291,d4rl,TAP,TAP,beta=0.1,halfcheetah-medium-replay,40.8,40.6,-0.2,"variant: beta=0.1; conditions: {""beta_threshold"": ""0.1""}; notes: OOD-penalty probability threshold ablation; no std; beta=0.05 is the main setting",Table 4 vs main Table 1
2208.10291|TAP|beta=0.5|halfcheetah-medium-replay,2208.10291|TAP|beta=0.5,2208.10291,d4rl,TAP,TAP,beta=0.5,halfcheetah-medium-replay,40.8,41.0,0.2,"variant: beta=0.5; conditions: {""beta_threshold"": ""0.5""}; notes: OOD-penalty probability threshold ablation; no std; beta=0.05 is the main setting",Table 4 vs main Table 1
2208.10291|TAP|beta=1e-5|hopper-medium-replay,2208.10291|TAP|beta=1e-5,2208.10291,d4rl,TAP,TAP,beta=1e-5,hopper-medium-replay,87.3,19.9,-67.4,"variant: beta=1e-5; conditions: {""beta_threshold"": ""1e-5""}; notes: OOD-penalty probability threshold ablation; no std; beta=0.05 is the main setting",Table 4 vs main Table 1
2208.10291|TAP|beta=0.002|hopper-medium-replay,2208.10291|TAP|beta=0.002,2208.10291,d4rl,TAP,TAP,beta=0.002,hopper-medium-replay,87.3,94.4,7.1,"variant: beta=0.002; conditions: {""beta_threshold"": ""0.002""}; notes: OOD-penalty probability threshold ablation; no std; beta=0.05 is the main setting",Table 4 vs main Table 1
2208.10291|TAP|beta=0.01|hopper-medium-replay,2208.10291|TAP|beta=0.01,2208.10291,d4rl,TAP,TAP,beta=0.01,hopper-medium-replay,87.3,93.2,5.9,"variant: beta=0.01; conditions: {""beta_threshold"": ""0.01""}; notes: OOD-penalty probability threshold ablation; no std; beta=0.05 is the main setting",Table 4 vs main Table 1
2208.10291|TAP|beta=0.05|hopper-medium-replay,2208.10291|TAP|beta=0.05,2208.10291,d4rl,TAP,TAP,beta=0.05,hopper-medium-replay,87.3,87.3,0.0,"variant: beta=0.05; conditions: {""beta_threshold"": ""0.05""}; notes: OOD-penalty probability threshold ablation; no std; beta=0.05 is the main setting",Table 4 vs main Table 1
2208.10291|TAP|beta=0.1|hopper-medium-replay,2208.10291|TAP|beta=0.1,2208.10291,d4rl,TAP,TAP,beta=0.1,hopper-medium-replay,87.3,97.0,9.7,"variant: beta=0.1; conditions: {""beta_threshold"": ""0.1""}; notes: OOD-penalty probability threshold ablation; no std; beta=0.05 is the main setting",Table 4 vs main Table 1
2208.10291|TAP|beta=0.5|hopper-medium-replay,2208.10291|TAP|beta=0.5,2208.10291,d4rl,TAP,TAP,beta=0.5,hopper-medium-replay,87.3,3.0,-84.3,"variant: beta=0.5; conditions: {""beta_threshold"": ""0.5""}; notes: OOD-penalty probability threshold ablation; no std; beta=0.05 is the main setting",Table 4 vs main Table 1
2208.10291|TAP|beta=1e-5|walker2d-medium-replay,2208.10291|TAP|beta=1e-5,2208.10291,d4rl,TAP,TAP,beta=1e-5,walker2d-medium-replay,66.8,27.1,-39.7,"variant: beta=1e-5; conditions: {""beta_threshold"": ""1e-5""}; notes: OOD-penalty probability threshold ablation; no std; beta=0.05 is the main setting",Table 4 vs main Table 1
2208.10291|TAP|beta=0.002|walker2d-medium-replay,2208.10291|TAP|beta=0.002,2208.10291,d4rl,TAP,TAP,beta=0.002,walker2d-medium-replay,66.8,57.3,-9.5,"variant: beta=0.002; conditions: {""beta_threshold"": ""0.002""}; notes: OOD-penalty probability threshold ablation; no std; beta=0.05 is the main setting",Table 4 vs main Table 1
2208.10291|TAP|beta=0.01|walker2d-medium-replay,2208.10291|TAP|beta=0.01,2208.10291,d4rl,TAP,TAP,beta=0.01,walker2d-medium-replay,66.8,59.6,-7.2,"variant: beta=0.01; conditions: {""beta_threshold"": ""0.01""}; notes: OOD-penalty probability threshold ablation; no std; beta=0.05 is the main setting",Table 4 vs main Table 1
2208.10291|TAP|beta=0.05|walker2d-medium-replay,2208.10291|TAP|beta=0.05,2208.10291,d4rl,TAP,TAP,beta=0.05,walker2d-medium-replay,66.8,66.8,0.0,"variant: beta=0.05; conditions: {""beta_threshold"": ""0.05""}; notes: OOD-penalty probability threshold ablation; no std; beta=0.05 is the main setting",Table 4 vs main Table 1
2208.10291|TAP|beta=0.1|walker2d-medium-replay,2208.10291|TAP|beta=0.1,2208.10291,d4rl,TAP,TAP,beta=0.1,walker2d-medium-replay,66.8,65.6,-1.2,"variant: beta=0.1; conditions: {""beta_threshold"": ""0.1""}; notes: OOD-penalty probability threshold ablation; no std; beta=0.05 is the main setting",Table 4 vs main Table 1
2208.10291|TAP|beta=0.5|walker2d-medium-replay,2208.10291|TAP|beta=0.5,2208.10291,d4rl,TAP,TAP,beta=0.5,walker2d-medium-replay,66.8,50.3,-16.5,"variant: beta=0.5; conditions: {""beta_threshold"": ""0.5""}; notes: OOD-penalty probability threshold ablation; no std; beta=0.05 is the main setting",Table 4 vs main Table 1
2208.10291|TAP|L=1|halfcheetah-medium-expert,2208.10291|TAP|L=1,2208.10291,d4rl,TAP,TAP,L=1,halfcheetah-medium-expert,91.8,37.4,-54.4,"variant: L=1; conditions: {""latent_steps_L"": ""1""}; notes: latent-steps ablation; no std; L=3 is the main setting",Table 8 vs main Table 1
2208.10291|TAP|L=2|halfcheetah-medium-expert,2208.10291|TAP|L=2,2208.10291,d4rl,TAP,TAP,L=2,halfcheetah-medium-expert,91.8,68.1,-23.7,"variant: L=2; conditions: {""latent_steps_L"": ""2""}; notes: latent-steps ablation; no std; L=3 is the main setting",Table 8 vs main Table 1
2208.10291|TAP|L=3|halfcheetah-medium-expert,2208.10291|TAP|L=3,2208.10291,d4rl,TAP,TAP,L=3,halfcheetah-medium-expert,91.8,91.8,0.0,"variant: L=3; conditions: {""latent_steps_L"": ""3""}; notes: latent-steps ablation; no std; L=3 is the main setting",Table 8 vs main Table 1
2208.10291|TAP|L=4|halfcheetah-medium-expert,2208.10291|TAP|L=4,2208.10291,d4rl,TAP,TAP,L=4,halfcheetah-medium-expert,91.8,92.5,0.7,"variant: L=4; conditions: {""latent_steps_L"": ""4""}; notes: latent-steps ablation; no std; L=3 is the main setting",Table 8 vs main Table 1
2208.10291|TAP|L=1|hopper-medium-expert,2208.10291|TAP|L=1,2208.10291,d4rl,TAP,TAP,L=1,hopper-medium-expert,105.5,44.7,-60.8,"variant: L=1; conditions: {""latent_steps_L"": ""1""}; notes: latent-steps ablation; no std; L=3 is the main setting",Table 8 vs main Table 1
2208.10291|TAP|L=2|hopper-medium-expert,2208.10291|TAP|L=2,2208.10291,d4rl,TAP,TAP,L=2,hopper-medium-expert,105.5,55.6,-49.9,"variant: L=2; conditions: {""latent_steps_L"": ""2""}; notes: latent-steps ablation; no std; L=3 is the main setting",Table 8 vs main Table 1
2208.10291|TAP|L=3|hopper-medium-expert,2208.10291|TAP|L=3,2208.10291,d4rl,TAP,TAP,L=3,hopper-medium-expert,105.5,105.5,0.0,"variant: L=3; conditions: {""latent_steps_L"": ""3""}; notes: latent-steps ablation; no std; L=3 is the main setting",Table 8 vs main Table 1
2208.10291|TAP|L=4|hopper-medium-expert,2208.10291|TAP|L=4,2208.10291,d4rl,TAP,TAP,L=4,hopper-medium-expert,105.5,102.2,-3.3,"variant: L=4; conditions: {""latent_steps_L"": ""4""}; notes: latent-steps ablation; no std; L=3 is the main setting",Table 8 vs main Table 1
2208.10291|TAP|L=1|walker2d-medium-expert,2208.10291|TAP|L=1,2208.10291,d4rl,TAP,TAP,L=1,walker2d-medium-expert,107.4,94.9,-12.5,"variant: L=1; conditions: {""latent_steps_L"": ""1""}; notes: latent-steps ablation; no std; L=3 is the main setting",Table 8 vs main Table 1
2208.10291|TAP|L=2|walker2d-medium-expert,2208.10291|TAP|L=2,2208.10291,d4rl,TAP,TAP,L=2,walker2d-medium-expert,107.4,108.9,1.5,"variant: L=2; conditions: {""latent_steps_L"": ""2""}; notes: latent-steps ablation; no std; L=3 is the main setting",Table 8 vs main Table 1
2208.10291|TAP|L=3|walker2d-medium-expert,2208.10291|TAP|L=3,2208.10291,d4rl,TAP,TAP,L=3,walker2d-medium-expert,107.4,107.4,0.0,"variant: L=3; conditions: {""latent_steps_L"": ""3""}; notes: latent-steps ablation; no std; L=3 is the main setting",Table 8 vs main Table 1
2208.10291|TAP|L=4|walker2d-medium-expert,2208.10291|TAP|L=4,2208.10291,d4rl,TAP,TAP,L=4,walker2d-medium-expert,107.4,108.5,1.1,"variant: L=4; conditions: {""latent_steps_L"": ""4""}; notes: latent-steps ablation; no std; L=3 is the main setting",Table 8 vs main Table 1
2208.10291|TAP|L=1|halfcheetah-medium,2208.10291|TAP|L=1,2208.10291,d4rl,TAP,TAP,L=1,halfcheetah-medium,45.0,43.5,-1.5,"variant: L=1; conditions: {""latent_steps_L"": ""1""}; notes: latent-steps ablation; no std; L=3 is the main setting",Table 8 vs main Table 1
2208.10291|TAP|L=2|halfcheetah-medium,2208.10291|TAP|L=2,2208.10291,d4rl,TAP,TAP,L=2,halfcheetah-medium,45.0,42.6,-2.4,"variant: L=2; conditions: {""latent_steps_L"": ""2""}; notes: latent-steps ablation; no std; L=3 is the main setting",Table 8 vs main Table 1
2208.10291|TAP|L=3|halfcheetah-medium,2208.10291|TAP|L=3,2208.10291,d4rl,TAP,TAP,L=3,halfcheetah-medium,45.0,45.0,0.0,"variant: L=3; conditions: {""latent_steps_L"": ""3""}; notes: latent-steps ablation; no std; L=3 is the main setting",Table 8 vs main Table 1
2208.10291|TAP|L=4|halfcheetah-medium,2208.10291|TAP|L=4,2208.10291,d4rl,TAP,TAP,L=4,halfcheetah-medium,45.0,45.4,0.4,"variant: L=4; conditions: {""latent_steps_L"": ""4""}; notes: latent-steps ablation; no std; L=3 is the main setting",Table 8 vs main Table 1
2208.10291|TAP|L=1|hopper-medium,2208.10291|TAP|L=1,2208.10291,d4rl,TAP,TAP,L=1,hopper-medium,63.4,55.1,-8.3,"variant: L=1; conditions: {""latent_steps_L"": ""1""}; notes: latent-steps ablation; no std; L=3 is the main setting",Table 8 vs main Table 1
2208.10291|TAP|L=2|hopper-medium,2208.10291|TAP|L=2,2208.10291,d4rl,TAP,TAP,L=2,hopper-medium,63.4,70.5,7.1,"variant: L=2; conditions: {""latent_steps_L"": ""2""}; notes: latent-steps ablation; no std; L=3 is the main setting",Table 8 vs main Table 1
2208.10291|TAP|L=3|hopper-medium,2208.10291|TAP|L=3,2208.10291,d4rl,TAP,TAP,L=3,hopper-medium,63.4,63.4,0.0,"variant: L=3; conditions: {""latent_steps_L"": ""3""}; notes: latent-steps ablation; no std; L=3 is the main setting",Table 8 vs main Table 1
2208.10291|TAP|L=4|hopper-medium,2208.10291|TAP|L=4,2208.10291,d4rl,TAP,TAP,L=4,hopper-medium,63.4,70.7,7.3,"variant: L=4; conditions: {""latent_steps_L"": ""4""}; notes: latent-steps ablation; no std; L=3 is the main setting",Table 8 vs main Table 1
2208.10291|TAP|L=1|walker2d-medium,2208.10291|TAP|L=1,2208.10291,d4rl,TAP,TAP,L=1,walker2d-medium,64.9,35.2,-29.7,"variant: L=1; conditions: {""latent_steps_L"": ""1""}; notes: latent-steps ablation; no std; L=3 is the main setting",Table 8 vs main Table 1
2208.10291|TAP|L=2|walker2d-medium,2208.10291|TAP|L=2,2208.10291,d4rl,TAP,TAP,L=2,walker2d-medium,64.9,70.6,5.7,"variant: L=2; conditions: {""latent_steps_L"": ""2""}; notes: latent-steps ablation; no std; L=3 is the main setting",Table 8 vs main Table 1
2208.10291|TAP|L=3|walker2d-medium,2208.10291|TAP|L=3,2208.10291,d4rl,TAP,TAP,L=3,walker2d-medium,64.9,64.9,0.0,"variant: L=3; conditions: {""latent_steps_L"": ""3""}; notes: latent-steps ablation; no std; L=3 is the main setting",Table 8 vs main Table 1
2208.10291|TAP|L=4|walker2d-medium,2208.10291|TAP|L=4,2208.10291,d4rl,TAP,TAP,L=4,walker2d-medium,64.9,69.3,4.4,"variant: L=4; conditions: {""latent_steps_L"": ""4""}; notes: latent-steps ablation; no std; L=3 is the main setting",Table 8 vs main Table 1
2208.10291|TAP|L=1|halfcheetah-medium-replay,2208.10291|TAP|L=1,2208.10291,d4rl,TAP,TAP,L=1,halfcheetah-medium-replay,40.8,30.3,-10.5,"variant: L=1; conditions: {""latent_steps_L"": ""1""}; notes: latent-steps ablation; no std; L=3 is the main setting",Table 8 vs main Table 1
2208.10291|TAP|L=2|halfcheetah-medium-replay,2208.10291|TAP|L=2,2208.10291,d4rl,TAP,TAP,L=2,halfcheetah-medium-replay,40.8,30.1,-10.7,"variant: L=2; conditions: {""latent_steps_L"": ""2""}; notes: latent-steps ablation; no std; L=3 is the main setting",Table 8 vs main Table 1
2208.10291|TAP|L=3|halfcheetah-medium-replay,2208.10291|TAP|L=3,2208.10291,d4rl,TAP,TAP,L=3,halfcheetah-medium-replay,40.8,40.8,0.0,"variant: L=3; conditions: {""latent_steps_L"": ""3""}; notes: latent-steps ablation; no std; L=3 is the main setting",Table 8 vs main Table 1
2208.10291|TAP|L=4|halfcheetah-medium-replay,2208.10291|TAP|L=4,2208.10291,d4rl,TAP,TAP,L=4,halfcheetah-medium-replay,40.8,40.0,-0.8,"variant: L=4; conditions: {""latent_steps_L"": ""4""}; notes: latent-steps ablation; no std; L=3 is the main setting",Table 8 vs main Table 1
2208.10291|TAP|L=1|hopper-medium-replay,2208.10291|TAP|L=1,2208.10291,d4rl,TAP,TAP,L=1,hopper-medium-replay,87.3,61.9,-25.4,"variant: L=1; conditions: {""latent_steps_L"": ""1""}; notes: latent-steps ablation; no std; L=3 is the main setting",Table 8 vs main Table 1
2208.10291|TAP|L=2|hopper-medium-replay,2208.10291|TAP|L=2,2208.10291,d4rl,TAP,TAP,L=2,hopper-medium-replay,87.3,69.9,-17.4,"variant: L=2; conditions: {""latent_steps_L"": ""2""}; notes: latent-steps ablation; no std; L=3 is the main setting",Table 8 vs main Table 1
2208.10291|TAP|L=3|hopper-medium-replay,2208.10291|TAP|L=3,2208.10291,d4rl,TAP,TAP,L=3,hopper-medium-replay,87.3,87.3,0.0,"variant: L=3; conditions: {""latent_steps_L"": ""3""}; notes: latent-steps ablation; no std; L=3 is the main setting",Table 8 vs main Table 1
2208.10291|TAP|L=4|hopper-medium-replay,2208.10291|TAP|L=4,2208.10291,d4rl,TAP,TAP,L=4,hopper-medium-replay,87.3,85.6,-1.7,"variant: L=4; conditions: {""latent_steps_L"": ""4""}; notes: latent-steps ablation; no std; L=3 is the main setting",Table 8 vs main Table 1
2208.10291|TAP|L=1|walker2d-medium-replay,2208.10291|TAP|L=1,2208.10291,d4rl,TAP,TAP,L=1,walker2d-medium-replay,66.8,29.4,-37.4,"variant: L=1; conditions: {""latent_steps_L"": ""1""}; notes: latent-steps ablation; no std; L=3 is the main setting",Table 8 vs main Table 1
2208.10291|TAP|L=2|walker2d-medium-replay,2208.10291|TAP|L=2,2208.10291,d4rl,TAP,TAP,L=2,walker2d-medium-replay,66.8,60.5,-6.3,"variant: L=2; conditions: {""latent_steps_L"": ""2""}; notes: latent-steps ablation; no std; L=3 is the main setting",Table 8 vs main Table 1
2208.10291|TAP|L=3|walker2d-medium-replay,2208.10291|TAP|L=3,2208.10291,d4rl,TAP,TAP,L=3,walker2d-medium-replay,66.8,66.8,0.0,"variant: L=3; conditions: {""latent_steps_L"": ""3""}; notes: latent-steps ablation; no std; L=3 is the main setting",Table 8 vs main Table 1
2208.10291|TAP|L=4|walker2d-medium-replay,2208.10291|TAP|L=4,2208.10291,d4rl,TAP,TAP,L=4,walker2d-medium-replay,66.8,54.8,-12.0,"variant: L=4; conditions: {""latent_steps_L"": ""4""}; notes: latent-steps ablation; no std; L=3 is the main setting",Table 8 vs main Table 1
"2208.10291|TAP|sample prior (N=2048, no beam search)|halfcheetah-medium-expert","2208.10291|TAP|sample prior (N=2048, no beam search)",2208.10291,d4rl,TAP,TAP,"sample prior (N=2048, no beam search)",halfcheetah-medium-expert,91.8,89.9,-1.9,"variant: sample prior (N=2048, no beam search); conditions: {""planner"": ""direct sampling from prior"", ""num_samples"": ""2048""}; notes: no std; 2048 samples stated in Section 4.4 ('sampling 2048 trajectories from the policy prior')",Table 9 vs main Table 1
"2208.10291|TAP|sample uniform (N=2048, no beam search)|halfcheetah-medium-expert","2208.10291|TAP|sample uniform (N=2048, no beam search)",2208.10291,d4rl,TAP,TAP,"sample uniform (N=2048, no beam search)",halfcheetah-medium-expert,91.8,41.8,-50.0,"variant: sample uniform (N=2048, no beam search); conditions: {""planner"": ""direct sampling from uniform prior"", ""num_samples"": ""2048""}; notes: no std",Table 9 vs main Table 1
"2208.10291|TAP|sample prior (N=2048, no beam search)|hopper-medium-expert","2208.10291|TAP|sample prior (N=2048, no beam search)",2208.10291,d4rl,TAP,TAP,"sample prior (N=2048, no beam search)",hopper-medium-expert,105.5,98.5,-7.0,"variant: sample prior (N=2048, no beam search); conditions: {""planner"": ""direct sampling from prior"", ""num_samples"": ""2048""}; notes: no std; 2048 samples stated in Section 4.4 ('sampling 2048 trajectories from the policy prior')",Table 9 vs main Table 1
"2208.10291|TAP|sample uniform (N=2048, no beam search)|hopper-medium-expert","2208.10291|TAP|sample uniform (N=2048, no beam search)",2208.10291,d4rl,TAP,TAP,"sample uniform (N=2048, no beam search)",hopper-medium-expert,105.5,62.3,-43.2,"variant: sample uniform (N=2048, no beam search); conditions: {""planner"": ""direct sampling from uniform prior"", ""num_samples"": ""2048""}; notes: no std",Table 9 vs main Table 1
"2208.10291|TAP|sample prior (N=2048, no beam search)|walker2d-medium-expert","2208.10291|TAP|sample prior (N=2048, no beam search)",2208.10291,d4rl,TAP,TAP,"sample prior (N=2048, no beam search)",walker2d-medium-expert,107.4,107.7,0.3,"variant: sample prior (N=2048, no beam search); conditions: {""planner"": ""direct sampling from prior"", ""num_samples"": ""2048""}; notes: no std; 2048 samples stated in Section 4.4 ('sampling 2048 trajectories from the policy prior')",Table 9 vs main Table 1
"2208.10291|TAP|sample uniform (N=2048, no beam search)|walker2d-medium-expert","2208.10291|TAP|sample uniform (N=2048, no beam search)",2208.10291,d4rl,TAP,TAP,"sample uniform (N=2048, no beam search)",walker2d-medium-expert,107.4,86.7,-20.7,"variant: sample uniform (N=2048, no beam search); conditions: {""planner"": ""direct sampling from uniform prior"", ""num_samples"": ""2048""}; notes: no std",Table 9 vs main Table 1
"2208.10291|TAP|sample prior (N=2048, no beam search)|halfcheetah-medium","2208.10291|TAP|sample prior (N=2048, no beam search)",2208.10291,d4rl,TAP,TAP,"sample prior (N=2048, no beam search)",halfcheetah-medium,45.0,44.3,-0.7,"variant: sample prior (N=2048, no beam search); conditions: {""planner"": ""direct sampling from prior"", ""num_samples"": ""2048""}; notes: no std; 2048 samples stated in Section 4.4 ('sampling 2048 trajectories from the policy prior')",Table 9 vs main Table 1
"2208.10291|TAP|sample uniform (N=2048, no beam search)|halfcheetah-medium","2208.10291|TAP|sample uniform (N=2048, no beam search)",2208.10291,d4rl,TAP,TAP,"sample uniform (N=2048, no beam search)",halfcheetah-medium,45.0,39.5,-5.5,"variant: sample uniform (N=2048, no beam search); conditions: {""planner"": ""direct sampling from uniform prior"", ""num_samples"": ""2048""}; notes: no std",Table 9 vs main Table 1
"2208.10291|TAP|sample prior (N=2048, no beam search)|hopper-medium","2208.10291|TAP|sample prior (N=2048, no beam search)",2208.10291,d4rl,TAP,TAP,"sample prior (N=2048, no beam search)",hopper-medium,63.4,64.3,0.9,"variant: sample prior (N=2048, no beam search); conditions: {""planner"": ""direct sampling from prior"", ""num_samples"": ""2048""}; notes: no std; 2048 samples stated in Section 4.4 ('sampling 2048 trajectories from the policy prior')",Table 9 vs main Table 1
"2208.10291|TAP|sample uniform (N=2048, no beam search)|hopper-medium","2208.10291|TAP|sample uniform (N=2048, no beam search)",2208.10291,d4rl,TAP,TAP,"sample uniform (N=2048, no beam search)",hopper-medium,63.4,39.6,-23.8,"variant: sample uniform (N=2048, no beam search); conditions: {""planner"": ""direct sampling from uniform prior"", ""num_samples"": ""2048""}; notes: no std",Table 9 vs main Table 1
"2208.10291|TAP|sample prior (N=2048, no beam search)|walker2d-medium","2208.10291|TAP|sample prior (N=2048, no beam search)",2208.10291,d4rl,TAP,TAP,"sample prior (N=2048, no beam search)",walker2d-medium,64.9,55.5,-9.4,"variant: sample prior (N=2048, no beam search); conditions: {""planner"": ""direct sampling from prior"", ""num_samples"": ""2048""}; notes: no std; 2048 samples stated in Section 4.4 ('sampling 2048 trajectories from the policy prior')",Table 9 vs main Table 1
"2208.10291|TAP|sample uniform (N=2048, no beam search)|walker2d-medium","2208.10291|TAP|sample uniform (N=2048, no beam search)",2208.10291,d4rl,TAP,TAP,"sample uniform (N=2048, no beam search)",walker2d-medium,64.9,70.2,5.3,"variant: sample uniform (N=2048, no beam search); conditions: {""planner"": ""direct sampling from uniform prior"", ""num_samples"": ""2048""}; notes: no std",Table 9 vs main Table 1
"2208.10291|TAP|sample prior (N=2048, no beam search)|halfcheetah-medium-replay","2208.10291|TAP|sample prior (N=2048, no beam search)",2208.10291,d4rl,TAP,TAP,"sample prior (N=2048, no beam search)",halfcheetah-medium-replay,40.8,39.8,-1.0,"variant: sample prior (N=2048, no beam search); conditions: {""planner"": ""direct sampling from prior"", ""num_samples"": ""2048""}; notes: no std; 2048 samples stated in Section 4.4 ('sampling 2048 trajectories from the policy prior')",Table 9 vs main Table 1
"2208.10291|TAP|sample uniform (N=2048, no beam search)|halfcheetah-medium-replay","2208.10291|TAP|sample uniform (N=2048, no beam search)",2208.10291,d4rl,TAP,TAP,"sample uniform (N=2048, no beam search)",halfcheetah-medium-replay,40.8,10.2,-30.6,"variant: sample uniform (N=2048, no beam search); conditions: {""planner"": ""direct sampling from uniform prior"", ""num_samples"": ""2048""}; notes: no std",Table 9 vs main Table 1
"2208.10291|TAP|sample prior (N=2048, no beam search)|hopper-medium-replay","2208.10291|TAP|sample prior (N=2048, no beam search)",2208.10291,d4rl,TAP,TAP,"sample prior (N=2048, no beam search)",hopper-medium-replay,87.3,79.0,-8.3,"variant: sample prior (N=2048, no beam search); conditions: {""planner"": ""direct sampling from prior"", ""num_samples"": ""2048""}; notes: no std; 2048 samples stated in Section 4.4 ('sampling 2048 trajectories from the policy prior')",Table 9 vs main Table 1
"2208.10291|TAP|sample uniform (N=2048, no beam search)|hopper-medium-replay","2208.10291|TAP|sample uniform (N=2048, no beam search)",2208.10291,d4rl,TAP,TAP,"sample uniform (N=2048, no beam search)",hopper-medium-replay,87.3,14.7,-72.6,"variant: sample uniform (N=2048, no beam search); conditions: {""planner"": ""direct sampling from uniform prior"", ""num_samples"": ""2048""}; notes: no std",Table 9 vs main Table 1
"2208.10291|TAP|sample prior (N=2048, no beam search)|walker2d-medium-replay","2208.10291|TAP|sample prior (N=2048, no beam search)",2208.10291,d4rl,TAP,TAP,"sample prior (N=2048, no beam search)",walker2d-medium-replay,66.8,66.0,-0.8,"variant: sample prior (N=2048, no beam search); conditions: {""planner"": ""direct sampling from prior"", ""num_samples"": ""2048""}; notes: no std; 2048 samples stated in Section 4.4 ('sampling 2048 trajectories from the policy prior')",Table 9 vs main Table 1
"2208.10291|TAP|sample uniform (N=2048, no beam search)|walker2d-medium-replay","2208.10291|TAP|sample uniform (N=2048, no beam search)",2208.10291,d4rl,TAP,TAP,"sample uniform (N=2048, no beam search)",walker2d-medium-replay,66.8,7.8,-59.0,"variant: sample uniform (N=2048, no beam search); conditions: {""planner"": ""direct sampling from uniform prior"", ""num_samples"": ""2048""}; notes: no std",Table 9 vs main Table 1
"2208.10291|TAP|attention bottleneck, sample|halfcheetah-medium-expert","2208.10291|TAP|attention bottleneck, sample",2208.10291,d4rl,TAP,TAP,"attention bottleneck, sample",halfcheetah-medium-expert,91.8,91.3,-0.5,"variant: attention bottleneck, sample; conditions: {""bottleneck"": ""attention"", ""planner"": ""direct sampling""}; notes: no std; 'L = 3 sample' column duplicates Table 9 'sample prior' and is not re-emitted",Table 5 vs main Table 1
"2208.10291|TAP|attention bottleneck, sample|hopper-medium-expert","2208.10291|TAP|attention bottleneck, sample",2208.10291,d4rl,TAP,TAP,"attention bottleneck, sample",hopper-medium-expert,105.5,108.2,2.7,"variant: attention bottleneck, sample; conditions: {""bottleneck"": ""attention"", ""planner"": ""direct sampling""}; notes: no std; 'L = 3 sample' column duplicates Table 9 'sample prior' and is not re-emitted",Table 5 vs main Table 1
"2208.10291|TAP|attention bottleneck, sample|walker2d-medium-expert","2208.10291|TAP|attention bottleneck, sample",2208.10291,d4rl,TAP,TAP,"attention bottleneck, sample",walker2d-medium-expert,107.4,104.1,-3.3,"variant: attention bottleneck, sample; conditions: {""bottleneck"": ""attention"", ""planner"": ""direct sampling""}; notes: no std; 'L = 3 sample' column duplicates Table 9 'sample prior' and is not re-emitted",Table 5 vs main Table 1
"2208.10291|TAP|attention bottleneck, sample|halfcheetah-medium","2208.10291|TAP|attention bottleneck, sample",2208.10291,d4rl,TAP,TAP,"attention bottleneck, sample",halfcheetah-medium,45.0,45.2,0.2,"variant: attention bottleneck, sample; conditions: {""bottleneck"": ""attention"", ""planner"": ""direct sampling""}; notes: no std; 'L = 3 sample' column duplicates Table 9 'sample prior' and is not re-emitted",Table 5 vs main Table 1
"2208.10291|TAP|attention bottleneck, sample|hopper-medium","2208.10291|TAP|attention bottleneck, sample",2208.10291,d4rl,TAP,TAP,"attention bottleneck, sample",hopper-medium,63.4,65.9,2.5,"variant: attention bottleneck, sample; conditions: {""bottleneck"": ""attention"", ""planner"": ""direct sampling""}; notes: no std; 'L = 3 sample' column duplicates Table 9 'sample prior' and is not re-emitted",Table 5 vs main Table 1
"2208.10291|TAP|attention bottleneck, sample|walker2d-medium","2208.10291|TAP|attention bottleneck, sample",2208.10291,d4rl,TAP,TAP,"attention bottleneck, sample",walker2d-medium,64.9,58.0,-6.9,"variant: attention bottleneck, sample; conditions: {""bottleneck"": ""attention"", ""planner"": ""direct sampling""}; notes: no std; 'L = 3 sample' column duplicates Table 9 'sample prior' and is not re-emitted",Table 5 vs main Table 1
"2208.10291|TAP|attention bottleneck, sample|halfcheetah-medium-replay","2208.10291|TAP|attention bottleneck, sample",2208.10291,d4rl,TAP,TAP,"attention bottleneck, sample",halfcheetah-medium-replay,40.8,39.8,-1.0,"variant: attention bottleneck, sample; conditions: {""bottleneck"": ""attention"", ""planner"": ""direct sampling""}; notes: no std; 'L = 3 sample' column duplicates Table 9 'sample prior' and is not re-emitted",Table 5 vs main Table 1
"2208.10291|TAP|attention bottleneck, sample|hopper-medium-replay","2208.10291|TAP|attention bottleneck, sample",2208.10291,d4rl,TAP,TAP,"attention bottleneck, sample",hopper-medium-replay,87.3,79.7,-7.6,"variant: attention bottleneck, sample; conditions: {""bottleneck"": ""attention"", ""planner"": ""direct sampling""}; notes: no std; 'L = 3 sample' column duplicates Table 9 'sample prior' and is not re-emitted",Table 5 vs main Table 1
"2208.10291|TAP|attention bottleneck, sample|walker2d-medium-replay","2208.10291|TAP|attention bottleneck, sample",2208.10291,d4rl,TAP,TAP,"attention bottleneck, sample",walker2d-medium-replay,66.8,68.8,2.0,"variant: attention bottleneck, sample; conditions: {""bottleneck"": ""attention"", ""planner"": ""direct sampling""}; notes: no std; 'L = 3 sample' column duplicates Table 9 'sample prior' and is not re-emitted",Table 5 vs main Table 1
"2208.10291|TAP|unconditional decoder, L=1|halfcheetah-medium-expert","2208.10291|TAP|unconditional decoder, L=1",2208.10291,d4rl,TAP,TAP,"unconditional decoder, L=1",halfcheetah-medium-expert,91.8,10.0,-81.8,"variant: unconditional decoder, L=1; conditions: {""decoder"": ""state-unconditional"", ""latent_steps_L"": ""1""}; notes: no std",Table 10 vs main Table 1
"2208.10291|TAP|unconditional decoder, L=2|halfcheetah-medium-expert","2208.10291|TAP|unconditional decoder, L=2",2208.10291,d4rl,TAP,TAP,"unconditional decoder, L=2",halfcheetah-medium-expert,91.8,11.0,-80.8,"variant: unconditional decoder, L=2; conditions: {""decoder"": ""state-unconditional"", ""latent_steps_L"": ""2""}; notes: no std",Table 10 vs main Table 1
"2208.10291|TAP|unconditional decoder, L=3|halfcheetah-medium-expert","2208.10291|TAP|unconditional decoder, L=3",2208.10291,d4rl,TAP,TAP,"unconditional decoder, L=3",halfcheetah-medium-expert,91.8,9.5,-82.3,"variant: unconditional decoder, L=3; conditions: {""decoder"": ""state-unconditional"", ""latent_steps_L"": ""3""}; notes: no std",Table 10 vs main Table 1
"2208.10291|TAP|unconditional decoder, L=1|hopper-medium-expert","2208.10291|TAP|unconditional decoder, L=1",2208.10291,d4rl,TAP,TAP,"unconditional decoder, L=1",hopper-medium-expert,105.5,27.8,-77.7,"variant: unconditional decoder, L=1; conditions: {""decoder"": ""state-unconditional"", ""latent_steps_L"": ""1""}; notes: no std",Table 10 vs main Table 1
"2208.10291|TAP|unconditional decoder, L=2|hopper-medium-expert","2208.10291|TAP|unconditional decoder, L=2",2208.10291,d4rl,TAP,TAP,"unconditional decoder, L=2",hopper-medium-expert,105.5,29.6,-75.9,"variant: unconditional decoder, L=2; conditions: {""decoder"": ""state-unconditional"", ""latent_steps_L"": ""2""}; notes: no std",Table 10 vs main Table 1
"2208.10291|TAP|unconditional decoder, L=3|hopper-medium-expert","2208.10291|TAP|unconditional decoder, L=3",2208.10291,d4rl,TAP,TAP,"unconditional decoder, L=3",hopper-medium-expert,105.5,42.6,-62.9,"variant: unconditional decoder, L=3; conditions: {""decoder"": ""state-unconditional"", ""latent_steps_L"": ""3""}; notes: no std",Table 10 vs main Table 1
"2208.10291|TAP|unconditional decoder, L=1|walker2d-medium-expert","2208.10291|TAP|unconditional decoder, L=1",2208.10291,d4rl,TAP,TAP,"unconditional decoder, L=1",walker2d-medium-expert,107.4,50.0,-57.4,"variant: unconditional decoder, L=1; conditions: {""decoder"": ""state-unconditional"", ""latent_steps_L"": ""1""}; notes: no std",Table 10 vs main Table 1
"2208.10291|TAP|unconditional decoder, L=2|walker2d-medium-expert","2208.10291|TAP|unconditional decoder, L=2",2208.10291,d4rl,TAP,TAP,"unconditional decoder, L=2",walker2d-medium-expert,107.4,46.9,-60.5,"variant: unconditional decoder, L=2; conditions: {""decoder"": ""state-unconditional"", ""latent_steps_L"": ""2""}; notes: no std",Table 10 vs main Table 1
"2208.10291|TAP|unconditional decoder, L=3|walker2d-medium-expert","2208.10291|TAP|unconditional decoder, L=3",2208.10291,d4rl,TAP,TAP,"unconditional decoder, L=3",walker2d-medium-expert,107.4,15.7,-91.7,"variant: unconditional decoder, L=3; conditions: {""decoder"": ""state-unconditional"", ""latent_steps_L"": ""3""}; notes: no std",Table 10 vs main Table 1
"2208.10291|TAP|unconditional decoder, L=1|halfcheetah-medium","2208.10291|TAP|unconditional decoder, L=1",2208.10291,d4rl,TAP,TAP,"unconditional decoder, L=1",halfcheetah-medium,45.0,18.2,-26.8,"variant: unconditional decoder, L=1; conditions: {""decoder"": ""state-unconditional"", ""latent_steps_L"": ""1""}; notes: no std",Table 10 vs main Table 1
"2208.10291|TAP|unconditional decoder, L=2|halfcheetah-medium","2208.10291|TAP|unconditional decoder, L=2",2208.10291,d4rl,TAP,TAP,"unconditional decoder, L=2",halfcheetah-medium,45.0,16.5,-28.5,"variant: unconditional decoder, L=2; conditions: {""decoder"": ""state-unconditional"", ""latent_steps_L"": ""2""}; notes: no std",Table 10 vs main Table 1
"2208.10291|TAP|unconditional decoder, L=3|halfcheetah-medium","2208.10291|TAP|unconditional decoder, L=3",2208.10291,d4rl,TAP,TAP,"unconditional decoder, L=3",halfcheetah-medium,45.0,13.6,-31.4,"variant: unconditional decoder, L=3; conditions: {""decoder"": ""state-unconditional"", ""latent_steps_L"": ""3""}; notes: no std",Table 10 vs main Table 1
"2208.10291|TAP|unconditional decoder, L=1|hopper-medium","2208.10291|TAP|unconditional decoder, L=1",2208.10291,d4rl,TAP,TAP,"unconditional decoder, L=1",hopper-medium,63.4,37.0,-26.4,"variant: unconditional decoder, L=1; conditions: {""decoder"": ""state-unconditional"", ""latent_steps_L"": ""1""}; notes: no std",Table 10 vs main Table 1
"2208.10291|TAP|unconditional decoder, L=2|hopper-medium","2208.10291|TAP|unconditional decoder, L=2",2208.10291,d4rl,TAP,TAP,"unconditional decoder, L=2",hopper-medium,63.4,39.2,-24.2,"variant: unconditional decoder, L=2; conditions: {""decoder"": ""state-unconditional"", ""latent_steps_L"": ""2""}; notes: no std",Table 10 vs main Table 1
"2208.10291|TAP|unconditional decoder, L=3|hopper-medium","2208.10291|TAP|unconditional decoder, L=3",2208.10291,d4rl,TAP,TAP,"unconditional decoder, L=3",hopper-medium,63.4,47.0,-16.4,"variant: unconditional decoder, L=3; conditions: {""decoder"": ""state-unconditional"", ""latent_steps_L"": ""3""}; notes: no std",Table 10 vs main Table 1
"2208.10291|TAP|unconditional decoder, L=1|walker2d-medium","2208.10291|TAP|unconditional decoder, L=1",2208.10291,d4rl,TAP,TAP,"unconditional decoder, L=1",walker2d-medium,64.9,13.6,-51.3,"variant: unconditional decoder, L=1; conditions: {""decoder"": ""state-unconditional"", ""latent_steps_L"": ""1""}; notes: no std",Table 10 vs main Table 1
"2208.10291|TAP|unconditional decoder, L=2|walker2d-medium","2208.10291|TAP|unconditional decoder, L=2",2208.10291,d4rl,TAP,TAP,"unconditional decoder, L=2",walker2d-medium,64.9,17.3,-47.6,"variant: unconditional decoder, L=2; conditions: {""decoder"": ""state-unconditional"", ""latent_steps_L"": ""2""}; notes: no std",Table 10 vs main Table 1
"2208.10291|TAP|unconditional decoder, L=3|walker2d-medium","2208.10291|TAP|unconditional decoder, L=3",2208.10291,d4rl,TAP,TAP,"unconditional decoder, L=3",walker2d-medium,64.9,24.8,-40.1,"variant: unconditional decoder, L=3; conditions: {""decoder"": ""state-unconditional"", ""latent_steps_L"": ""3""}; notes: no std",Table 10 vs main Table 1
"2208.10291|TAP|unconditional decoder, L=1|halfcheetah-medium-replay","2208.10291|TAP|unconditional decoder, L=1",2208.10291,d4rl,TAP,TAP,"unconditional decoder, L=1",halfcheetah-medium-replay,40.8,4.8,-36.0,"variant: unconditional decoder, L=1; conditions: {""decoder"": ""state-unconditional"", ""latent_steps_L"": ""1""}; notes: no std",Table 10 vs main Table 1
"2208.10291|TAP|unconditional decoder, L=2|halfcheetah-medium-replay","2208.10291|TAP|unconditional decoder, L=2",2208.10291,d4rl,TAP,TAP,"unconditional decoder, L=2",halfcheetah-medium-replay,40.8,5.7,-35.1,"variant: unconditional decoder, L=2; conditions: {""decoder"": ""state-unconditional"", ""latent_steps_L"": ""2""}; notes: no std",Table 10 vs main Table 1
"2208.10291|TAP|unconditional decoder, L=3|halfcheetah-medium-replay","2208.10291|TAP|unconditional decoder, L=3",2208.10291,d4rl,TAP,TAP,"unconditional decoder, L=3",halfcheetah-medium-replay,40.8,5.0,-35.8,"variant: unconditional decoder, L=3; conditions: {""decoder"": ""state-unconditional"", ""latent_steps_L"": ""3""}; notes: no std",Table 10 vs main Table 1
"2208.10291|TAP|unconditional decoder, L=1|hopper-medium-replay","2208.10291|TAP|unconditional decoder, L=1",2208.10291,d4rl,TAP,TAP,"unconditional decoder, L=1",hopper-medium-replay,87.3,19.6,-67.7,"variant: unconditional decoder, L=1; conditions: {""decoder"": ""state-unconditional"", ""latent_steps_L"": ""1""}; notes: no std",Table 10 vs main Table 1
"2208.10291|TAP|unconditional decoder, L=2|hopper-medium-replay","2208.10291|TAP|unconditional decoder, L=2",2208.10291,d4rl,TAP,TAP,"unconditional decoder, L=2",hopper-medium-replay,87.3,16.6,-70.7,"variant: unconditional decoder, L=2; conditions: {""decoder"": ""state-unconditional"", ""latent_steps_L"": ""2""}; notes: no std",Table 10 vs main Table 1
"2208.10291|TAP|unconditional decoder, L=3|hopper-medium-replay","2208.10291|TAP|unconditional decoder, L=3",2208.10291,d4rl,TAP,TAP,"unconditional decoder, L=3",hopper-medium-replay,87.3,22.6,-64.7,"variant: unconditional decoder, L=3; conditions: {""decoder"": ""state-unconditional"", ""latent_steps_L"": ""3""}; notes: no std",Table 10 vs main Table 1
"2208.10291|TAP|unconditional decoder, L=1|walker2d-medium-replay","2208.10291|TAP|unconditional decoder, L=1",2208.10291,d4rl,TAP,TAP,"unconditional decoder, L=1",walker2d-medium-replay,66.8,8.2,-58.6,"variant: unconditional decoder, L=1; conditions: {""decoder"": ""state-unconditional"", ""latent_steps_L"": ""1""}; notes: no std",Table 10 vs main Table 1
"2208.10291|TAP|unconditional decoder, L=2|walker2d-medium-replay","2208.10291|TAP|unconditional decoder, L=2",2208.10291,d4rl,TAP,TAP,"unconditional decoder, L=2",walker2d-medium-replay,66.8,8.9,-57.9,"variant: unconditional decoder, L=2; conditions: {""decoder"": ""state-unconditional"", ""latent_steps_L"": ""2""}; notes: no std",Table 10 vs main Table 1
"2208.10291|TAP|unconditional decoder, L=3|walker2d-medium-replay","2208.10291|TAP|unconditional decoder, L=3",2208.10291,d4rl,TAP,TAP,"unconditional decoder, L=3",walker2d-medium-replay,66.8,9.6,-57.2,"variant: unconditional decoder, L=3; conditions: {""decoder"": ""state-unconditional"", ""latent_steps_L"": ""3""}; notes: no std",Table 10 vs main Table 1
2209.03993|QDT|alpha=10.0|hopper-medium,2209.03993|QDT|alpha=10.0,2209.03993,d4rl,QDT,QDT,alpha=10.0,hopper-medium,66.5,68.6,2.1,"variant: alpha=10.0; conditions: {""cql_conservative_weight_alpha"": ""10.0"", ""seeds"": ""3""}; notes: Conservative-weight sweep over 3 seeds (not 5). Column-to-alpha mapping inferred from column positions plus text 'we start with α = 10.0 for medium dataset and α = 5.0 for medium-replay dataset ... Then, reduce these values'; medium rows fill columns α=10.0/5.0/2.5, medium-replay rows fill α=5.0/2.5/1.25 (first column blank in layout).",Table 11 vs main Table 4
2209.03993|QDT|alpha=5.0|hopper-medium,2209.03993|QDT|alpha=5.0,2209.03993,d4rl,QDT,QDT,alpha=5.0,hopper-medium,66.5,65.3,-1.2,"variant: alpha=5.0; conditions: {""cql_conservative_weight_alpha"": ""5.0"", ""seeds"": ""3""}; notes: Conservative-weight sweep over 3 seeds (not 5). Column-to-alpha mapping inferred from column positions plus text 'we start with α = 10.0 for medium dataset and α = 5.0 for medium-replay dataset ... Then, reduce these values'; medium rows fill columns α=10.0/5.0/2.5, medium-replay rows fill α=5.0/2.5/1.25 (first column blank in layout).",Table 11 vs main Table 4
2209.03993|QDT|alpha=2.5|hopper-medium,2209.03993|QDT|alpha=2.5,2209.03993,d4rl,QDT,QDT,alpha=2.5,hopper-medium,66.5,57.5,-9.0,"variant: alpha=2.5; conditions: {""cql_conservative_weight_alpha"": ""2.5"", ""seeds"": ""3""}; notes: Conservative-weight sweep over 3 seeds (not 5). Column-to-alpha mapping inferred from column positions plus text 'we start with α = 10.0 for medium dataset and α = 5.0 for medium-replay dataset ... Then, reduce these values'; medium rows fill columns α=10.0/5.0/2.5, medium-replay rows fill α=5.0/2.5/1.25 (first column blank in layout).",Table 11 vs main Table 4
2209.03993|QDT|alpha=10.0|halfcheetah-medium,2209.03993|QDT|alpha=10.0,2209.03993,d4rl,QDT,QDT,alpha=10.0,halfcheetah-medium,42.3,42.2,-0.1,"variant: alpha=10.0; conditions: {""cql_conservative_weight_alpha"": ""10.0"", ""seeds"": ""3""}; notes: Conservative-weight sweep over 3 seeds (not 5). Column-to-alpha mapping inferred from column positions plus text 'we start with α = 10.0 for medium dataset and α = 5.0 for medium-replay dataset ... Then, reduce these values'; medium rows fill columns α=10.0/5.0/2.5, medium-replay rows fill α=5.0/2.5/1.25 (first column blank in layout).",Table 11 vs main Table 4
2209.03993|QDT|alpha=5.0|halfcheetah-medium,2209.03993|QDT|alpha=5.0,2209.03993,d4rl,QDT,QDT,alpha=5.0,halfcheetah-medium,42.3,42.2,-0.1,"variant: alpha=5.0; conditions: {""cql_conservative_weight_alpha"": ""5.0"", ""seeds"": ""3""}; notes: Conservative-weight sweep over 3 seeds (not 5). Column-to-alpha mapping inferred from column positions plus text 'we start with α = 10.0 for medium dataset and α = 5.0 for medium-replay dataset ... Then, reduce these values'; medium rows fill columns α=10.0/5.0/2.5, medium-replay rows fill α=5.0/2.5/1.25 (first column blank in layout).",Table 11 vs main Table 4
2209.03993|QDT|alpha=2.5|halfcheetah-medium,2209.03993|QDT|alpha=2.5,2209.03993,d4rl,QDT,QDT,alpha=2.5,halfcheetah-medium,42.3,42.1,-0.2,"variant: alpha=2.5; conditions: {""cql_conservative_weight_alpha"": ""2.5"", ""seeds"": ""3""}; notes: Conservative-weight sweep over 3 seeds (not 5). Column-to-alpha mapping inferred from column positions plus text 'we start with α = 10.0 for medium dataset and α = 5.0 for medium-replay dataset ... Then, reduce these values'; medium rows fill columns α=10.0/5.0/2.5, medium-replay rows fill α=5.0/2.5/1.25 (first column blank in layout).",Table 11 vs main Table 4
2209.03993|QDT|alpha=10.0|walker2d-medium,2209.03993|QDT|alpha=10.0,2209.03993,d4rl,QDT,QDT,alpha=10.0,walker2d-medium,67.1,65.9,-1.2,"variant: alpha=10.0; conditions: {""cql_conservative_weight_alpha"": ""10.0"", ""seeds"": ""3""}; notes: Conservative-weight sweep over 3 seeds (not 5). Column-to-alpha mapping inferred from column positions plus text 'we start with α = 10.0 for medium dataset and α = 5.0 for medium-replay dataset ... Then, reduce these values'; medium rows fill columns α=10.0/5.0/2.5, medium-replay rows fill α=5.0/2.5/1.25 (first column blank in layout).",Table 11 vs main Table 4
2209.03993|QDT|alpha=5.0|walker2d-medium,2209.03993|QDT|alpha=5.0,2209.03993,d4rl,QDT,QDT,alpha=5.0,walker2d-medium,67.1,70.1,3.0,"variant: alpha=5.0; conditions: {""cql_conservative_weight_alpha"": ""5.0"", ""seeds"": ""3""}; notes: Conservative-weight sweep over 3 seeds (not 5). Column-to-alpha mapping inferred from column positions plus text 'we start with α = 10.0 for medium dataset and α = 5.0 for medium-replay dataset ... Then, reduce these values'; medium rows fill columns α=10.0/5.0/2.5, medium-replay rows fill α=5.0/2.5/1.25 (first column blank in layout).",Table 11 vs main Table 4
2209.03993|QDT|alpha=2.5|walker2d-medium,2209.03993|QDT|alpha=2.5,2209.03993,d4rl,QDT,QDT,alpha=2.5,walker2d-medium,67.1,68.8,1.7,"variant: alpha=2.5; conditions: {""cql_conservative_weight_alpha"": ""2.5"", ""seeds"": ""3""}; notes: Conservative-weight sweep over 3 seeds (not 5). Column-to-alpha mapping inferred from column positions plus text 'we start with α = 10.0 for medium dataset and α = 5.0 for medium-replay dataset ... Then, reduce these values'; medium rows fill columns α=10.0/5.0/2.5, medium-replay rows fill α=5.0/2.5/1.25 (first column blank in layout).",Table 11 vs main Table 4
2209.03993|QDT|alpha=5.0|hopper-medium-replay,2209.03993|QDT|alpha=5.0,2209.03993,d4rl,QDT,QDT,alpha=5.0,hopper-medium-replay,52.1,55.3,3.2,"variant: alpha=5.0; conditions: {""cql_conservative_weight_alpha"": ""5.0"", ""seeds"": ""3""}; notes: Conservative-weight sweep over 3 seeds (not 5). Column-to-alpha mapping inferred from column positions plus text 'we start with α = 10.0 for medium dataset and α = 5.0 for medium-replay dataset ... Then, reduce these values'; medium rows fill columns α=10.0/5.0/2.5, medium-replay rows fill α=5.0/2.5/1.25 (first column blank in layout).",Table 11 vs main Table 4
2209.03993|QDT|alpha=2.5|hopper-medium-replay,2209.03993|QDT|alpha=2.5,2209.03993,d4rl,QDT,QDT,alpha=2.5,hopper-medium-replay,52.1,40.2,-11.9,"variant: alpha=2.5; conditions: {""cql_conservative_weight_alpha"": ""2.5"", ""seeds"": ""3""}; notes: Conservative-weight sweep over 3 seeds (not 5). Column-to-alpha mapping inferred from column positions plus text 'we start with α = 10.0 for medium dataset and α = 5.0 for medium-replay dataset ... Then, reduce these values'; medium rows fill columns α=10.0/5.0/2.5, medium-replay rows fill α=5.0/2.5/1.25 (first column blank in layout).",Table 11 vs main Table 4
2209.03993|QDT|alpha=1.25|hopper-medium-replay,2209.03993|QDT|alpha=1.25,2209.03993,d4rl,QDT,QDT,alpha=1.25,hopper-medium-replay,52.1,64.0,11.9,"variant: alpha=1.25; conditions: {""cql_conservative_weight_alpha"": ""1.25"", ""seeds"": ""3""}; notes: Conservative-weight sweep over 3 seeds (not 5). Column-to-alpha mapping inferred from column positions plus text 'we start with α = 10.0 for medium dataset and α = 5.0 for medium-replay dataset ... Then, reduce these values'; medium rows fill columns α=10.0/5.0/2.5, medium-replay rows fill α=5.0/2.5/1.25 (first column blank in layout).",Table 11 vs main Table 4
2209.03993|QDT|alpha=5.0|halfcheetah-medium-replay,2209.03993|QDT|alpha=5.0,2209.03993,d4rl,QDT,QDT,alpha=5.0,halfcheetah-medium-replay,35.6,35.7,0.1,"variant: alpha=5.0; conditions: {""cql_conservative_weight_alpha"": ""5.0"", ""seeds"": ""3""}; notes: Conservative-weight sweep over 3 seeds (not 5). Column-to-alpha mapping inferred from column positions plus text 'we start with α = 10.0 for medium dataset and α = 5.0 for medium-replay dataset ... Then, reduce these values'; medium rows fill columns α=10.0/5.0/2.5, medium-replay rows fill α=5.0/2.5/1.25 (first column blank in layout).",Table 11 vs main Table 4
2209.03993|QDT|alpha=2.5|halfcheetah-medium-replay,2209.03993|QDT|alpha=2.5,2209.03993,d4rl,QDT,QDT,alpha=2.5,halfcheetah-medium-replay,35.6,35.5,-0.1,"variant: alpha=2.5; conditions: {""cql_conservative_weight_alpha"": ""2.5"", ""seeds"": ""3""}; notes: Conservative-weight sweep over 3 seeds (not 5). Column-to-alpha mapping inferred from column positions plus text 'we start with α = 10.0 for medium dataset and α = 5.0 for medium-replay dataset ... Then, reduce these values'; medium rows fill columns α=10.0/5.0/2.5, medium-replay rows fill α=5.0/2.5/1.25 (first column blank in layout).",Table 11 vs main Table 4
2209.03993|QDT|alpha=1.25|halfcheetah-medium-replay,2209.03993|QDT|alpha=1.25,2209.03993,d4rl,QDT,QDT,alpha=1.25,halfcheetah-medium-replay,35.6,33.0,-2.6,"variant: alpha=1.25; conditions: {""cql_conservative_weight_alpha"": ""1.25"", ""seeds"": ""3""}; notes: Conservative-weight sweep over 3 seeds (not 5). Column-to-alpha mapping inferred from column positions plus text 'we start with α = 10.0 for medium dataset and α = 5.0 for medium-replay dataset ... Then, reduce these values'; medium rows fill columns α=10.0/5.0/2.5, medium-replay rows fill α=5.0/2.5/1.25 (first column blank in layout).",Table 11 vs main Table 4
2209.03993|QDT|alpha=5.0|walker2d-medium-replay,2209.03993|QDT|alpha=5.0,2209.03993,d4rl,QDT,QDT,alpha=5.0,walker2d-medium-replay,58.2,59.1,0.9,"variant: alpha=5.0; conditions: {""cql_conservative_weight_alpha"": ""5.0"", ""seeds"": ""3""}; notes: Conservative-weight sweep over 3 seeds (not 5). Column-to-alpha mapping inferred from column positions plus text 'we start with α = 10.0 for medium dataset and α = 5.0 for medium-replay dataset ... Then, reduce these values'; medium rows fill columns α=10.0/5.0/2.5, medium-replay rows fill α=5.0/2.5/1.25 (first column blank in layout).",Table 11 vs main Table 4
2209.03993|QDT|alpha=2.5|walker2d-medium-replay,2209.03993|QDT|alpha=2.5,2209.03993,d4rl,QDT,QDT,alpha=2.5,walker2d-medium-replay,58.2,64.3,6.1,"variant: alpha=2.5; conditions: {""cql_conservative_weight_alpha"": ""2.5"", ""seeds"": ""3""}; notes: Conservative-weight sweep over 3 seeds (not 5). Column-to-alpha mapping inferred from column positions plus text 'we start with α = 10.0 for medium dataset and α = 5.0 for medium-replay dataset ... Then, reduce these values'; medium rows fill columns α=10.0/5.0/2.5, medium-replay rows fill α=5.0/2.5/1.25 (first column blank in layout).",Table 11 vs main Table 4
2209.03993|QDT|alpha=1.25|walker2d-medium-replay,2209.03993|QDT|alpha=1.25,2209.03993,d4rl,QDT,QDT,alpha=1.25,walker2d-medium-replay,58.2,45.2,-13.0,"variant: alpha=1.25; conditions: {""cql_conservative_weight_alpha"": ""1.25"", ""seeds"": ""3""}; notes: Conservative-weight sweep over 3 seeds (not 5). Column-to-alpha mapping inferred from column positions plus text 'we start with α = 10.0 for medium dataset and α = 5.0 for medium-replay dataset ... Then, reduce these values'; medium rows fill columns α=10.0/5.0/2.5, medium-replay rows fill α=5.0/2.5/1.25 (first column blank in layout).",Table 11 vs main Table 4
2209.14548|SfBC + Gaussian|behavior model = Gaussian|halfcheetah-medium-expert,2209.14548|SfBC + Gaussian|behavior model = Gaussian,2209.14548,d4rl,SfBC,SfBC + Gaussian,behavior model = Gaussian,halfcheetah-medium-expert,92.6,79.4,-13.2,"variant: behavior model = Gaussian; conditions: {""behavior_model"": ""Gaussian""}; notes: ablation variant column 'SfBC + Gaussian' in Table 4; 3 seeds; variant method description: SfBC with the diffusion behavior model replaced by a Gaussian policy model (4-layer MLP, 256 hidden, ReLU); same training framework otherwise.; variant settings: behavior_model=Gaussian, 4-layer MLP 256 hidden ReLU",Table 4 vs main Table 1
2209.14548|SfBC + Gaussian|behavior model = Gaussian|hopper-medium-expert,2209.14548|SfBC + Gaussian|behavior model = Gaussian,2209.14548,d4rl,SfBC,SfBC + Gaussian,behavior model = Gaussian,hopper-medium-expert,108.6,107.8,-0.8,"variant: behavior model = Gaussian; conditions: {""behavior_model"": ""Gaussian""}; notes: ablation variant column 'SfBC + Gaussian' in Table 4; 3 seeds; variant method description: SfBC with the diffusion behavior model replaced by a Gaussian policy model (4-layer MLP, 256 hidden, ReLU); same training framework otherwise.; variant settings: behavior_model=Gaussian, 4-layer MLP 256 hidden ReLU",Table 4 vs main Table 1
2209.14548|SfBC + Gaussian|behavior model = Gaussian|walker2d-medium-expert,2209.14548|SfBC + Gaussian|behavior model = Gaussian,2209.14548,d4rl,SfBC,SfBC + Gaussian,behavior model = Gaussian,walker2d-medium-expert,109.8,71.5,-38.3,"variant: behavior model = Gaussian; conditions: {""behavior_model"": ""Gaussian""}; notes: ablation variant column 'SfBC + Gaussian' in Table 4; 3 seeds; variant method description: SfBC with the diffusion behavior model replaced by a Gaussian policy model (4-layer MLP, 256 hidden, ReLU); same training framework otherwise.; variant settings: behavior_model=Gaussian, 4-layer MLP 256 hidden ReLU",Table 4 vs main Table 1
2209.14548|SfBC + Gaussian|behavior model = Gaussian|halfcheetah-medium,2209.14548|SfBC + Gaussian|behavior model = Gaussian,2209.14548,d4rl,SfBC,SfBC + Gaussian,behavior model = Gaussian,halfcheetah-medium,45.9,42.0,-3.9,"variant: behavior model = Gaussian; conditions: {""behavior_model"": ""Gaussian""}; notes: ablation variant column 'SfBC + Gaussian' in Table 4; 3 seeds; variant method description: SfBC with the diffusion behavior model replaced by a Gaussian policy model (4-layer MLP, 256 hidden, ReLU); same training framework otherwise.; variant settings: behavior_model=Gaussian, 4-layer MLP 256 hidden ReLU",Table 4 vs main Table 1
2209.14548|SfBC + Gaussian|behavior model = Gaussian|hopper-medium,2209.14548|SfBC + Gaussian|behavior model = Gaussian,2209.14548,d4rl,SfBC,SfBC + Gaussian,behavior model = Gaussian,hopper-medium,57.1,58.1,1.0,"variant: behavior model = Gaussian; conditions: {""behavior_model"": ""Gaussian""}; notes: ablation variant column 'SfBC + Gaussian' in Table 4; 3 seeds; variant method description: SfBC with the diffusion behavior model replaced by a Gaussian policy model (4-layer MLP, 256 hidden, ReLU); same training framework otherwise.; variant settings: behavior_model=Gaussian, 4-layer MLP 256 hidden ReLU",Table 4 vs main Table 1
2209.14548|SfBC + Gaussian|behavior model = Gaussian|walker2d-medium,2209.14548|SfBC + Gaussian|behavior model = Gaussian,2209.14548,d4rl,SfBC,SfBC + Gaussian,behavior model = Gaussian,walker2d-medium,77.9,82.4,4.5,"variant: behavior model = Gaussian; conditions: {""behavior_model"": ""Gaussian""}; notes: ablation variant column 'SfBC + Gaussian' in Table 4; 3 seeds; variant method description: SfBC with the diffusion behavior model replaced by a Gaussian policy model (4-layer MLP, 256 hidden, ReLU); same training framework otherwise.; variant settings: behavior_model=Gaussian, 4-layer MLP 256 hidden ReLU",Table 4 vs main Table 1
2209.14548|SfBC + Gaussian|behavior model = Gaussian|halfcheetah-medium-replay,2209.14548|SfBC + Gaussian|behavior model = Gaussian,2209.14548,d4rl,SfBC,SfBC + Gaussian,behavior model = Gaussian,halfcheetah-medium-replay,37.1,36.2,-0.9,"variant: behavior model = Gaussian; conditions: {""behavior_model"": ""Gaussian""}; notes: ablation variant column 'SfBC + Gaussian' in Table 4; 3 seeds; variant method description: SfBC with the diffusion behavior model replaced by a Gaussian policy model (4-layer MLP, 256 hidden, ReLU); same training framework otherwise.; variant settings: behavior_model=Gaussian, 4-layer MLP 256 hidden ReLU",Table 4 vs main Table 1
2209.14548|SfBC + Gaussian|behavior model = Gaussian|hopper-medium-replay,2209.14548|SfBC + Gaussian|behavior model = Gaussian,2209.14548,d4rl,SfBC,SfBC + Gaussian,behavior model = Gaussian,hopper-medium-replay,86.2,67.8,-18.4,"variant: behavior model = Gaussian; conditions: {""behavior_model"": ""Gaussian""}; notes: ablation variant column 'SfBC + Gaussian' in Table 4; 3 seeds; variant method description: SfBC with the diffusion behavior model replaced by a Gaussian policy model (4-layer MLP, 256 hidden, ReLU); same training framework otherwise.; variant settings: behavior_model=Gaussian, 4-layer MLP 256 hidden ReLU",Table 4 vs main Table 1
2209.14548|SfBC + Gaussian|behavior model = Gaussian|walker2d-medium-replay,2209.14548|SfBC + Gaussian|behavior model = Gaussian,2209.14548,d4rl,SfBC,SfBC + Gaussian,behavior model = Gaussian,walker2d-medium-replay,65.1,65.8,0.7,"variant: behavior model = Gaussian; conditions: {""behavior_model"": ""Gaussian""}; notes: ablation variant column 'SfBC + Gaussian' in Table 4; 3 seeds; variant method description: SfBC with the diffusion behavior model replaced by a Gaussian policy model (4-layer MLP, 256 hidden, ReLU); same training framework otherwise.; variant settings: behavior_model=Gaussian, 4-layer MLP 256 hidden ReLU",Table 4 vs main Table 1
2209.14548|SfBC + VAE|behavior model = VAE|halfcheetah-medium-expert,2209.14548|SfBC + VAE|behavior model = VAE,2209.14548,d4rl,SfBC,SfBC + VAE,behavior model = VAE,halfcheetah-medium-expert,92.6,85.2,-7.4,"variant: behavior model = VAE; conditions: {""behavior_model"": ""VAE""}; notes: ablation variant column 'SfBC + VAE' in Table 4; 3 seeds; variant method description: SfBC with the diffusion behavior model replaced by a VAE behavior model; same training framework otherwise.; variant settings: behavior_model=VAE",Table 4 vs main Table 1
2209.14548|SfBC + VAE|behavior model = VAE|hopper-medium-expert,2209.14548|SfBC + VAE|behavior model = VAE,2209.14548,d4rl,SfBC,SfBC + VAE,behavior model = VAE,hopper-medium-expert,108.6,92.0,-16.6,"variant: behavior model = VAE; conditions: {""behavior_model"": ""VAE""}; notes: ablation variant column 'SfBC + VAE' in Table 4; 3 seeds; variant method description: SfBC with the diffusion behavior model replaced by a VAE behavior model; same training framework otherwise.; variant settings: behavior_model=VAE",Table 4 vs main Table 1
2209.14548|SfBC + VAE|behavior model = VAE|walker2d-medium-expert,2209.14548|SfBC + VAE|behavior model = VAE,2209.14548,d4rl,SfBC,SfBC + VAE,behavior model = VAE,walker2d-medium-expert,109.8,109.3,-0.5,"variant: behavior model = VAE; conditions: {""behavior_model"": ""VAE""}; notes: ablation variant column 'SfBC + VAE' in Table 4; 3 seeds; variant method description: SfBC with the diffusion behavior model replaced by a VAE behavior model; same training framework otherwise.; variant settings: behavior_model=VAE",Table 4 vs main Table 1
2209.14548|SfBC + VAE|behavior model = VAE|halfcheetah-medium,2209.14548|SfBC + VAE|behavior model = VAE,2209.14548,d4rl,SfBC,SfBC + VAE,behavior model = VAE,halfcheetah-medium,45.9,43.4,-2.5,"variant: behavior model = VAE; conditions: {""behavior_model"": ""VAE""}; notes: ablation variant column 'SfBC + VAE' in Table 4; 3 seeds; variant method description: SfBC with the diffusion behavior model replaced by a VAE behavior model; same training framework otherwise.; variant settings: behavior_model=VAE",Table 4 vs main Table 1
2209.14548|SfBC + VAE|behavior model = VAE|hopper-medium,2209.14548|SfBC + VAE|behavior model = VAE,2209.14548,d4rl,SfBC,SfBC + VAE,behavior model = VAE,hopper-medium,57.1,65.6,8.5,"variant: behavior model = VAE; conditions: {""behavior_model"": ""VAE""}; notes: ablation variant column 'SfBC + VAE' in Table 4; 3 seeds; variant method description: SfBC with the diffusion behavior model replaced by a VAE behavior model; same training framework otherwise.; variant settings: behavior_model=VAE",Table 4 vs main Table 1
2209.14548|SfBC + VAE|behavior model = VAE|walker2d-medium,2209.14548|SfBC + VAE|behavior model = VAE,2209.14548,d4rl,SfBC,SfBC + VAE,behavior model = VAE,walker2d-medium,77.9,79.1,1.2,"variant: behavior model = VAE; conditions: {""behavior_model"": ""VAE""}; notes: ablation variant column 'SfBC + VAE' in Table 4; 3 seeds; variant method description: SfBC with the diffusion behavior model replaced by a VAE behavior model; same training framework otherwise.; variant settings: behavior_model=VAE",Table 4 vs main Table 1
2209.14548|SfBC + VAE|behavior model = VAE|halfcheetah-medium-replay,2209.14548|SfBC + VAE|behavior model = VAE,2209.14548,d4rl,SfBC,SfBC + VAE,behavior model = VAE,halfcheetah-medium-replay,37.1,42.4,5.3,"variant: behavior model = VAE; conditions: {""behavior_model"": ""VAE""}; notes: ablation variant column 'SfBC + VAE' in Table 4; 3 seeds; variant method description: SfBC with the diffusion behavior model replaced by a VAE behavior model; same training framework otherwise.; variant settings: behavior_model=VAE",Table 4 vs main Table 1
2209.14548|SfBC + VAE|behavior model = VAE|hopper-medium-replay,2209.14548|SfBC + VAE|behavior model = VAE,2209.14548,d4rl,SfBC,SfBC + VAE,behavior model = VAE,hopper-medium-replay,86.2,58.6,-27.6,"variant: behavior model = VAE; conditions: {""behavior_model"": ""VAE""}; notes: ablation variant column 'SfBC + VAE' in Table 4; 3 seeds; variant method description: SfBC with the diffusion behavior model replaced by a VAE behavior model; same training framework otherwise.; variant settings: behavior_model=VAE",Table 4 vs main Table 1
2209.14548|SfBC + VAE|behavior model = VAE|walker2d-medium-replay,2209.14548|SfBC + VAE|behavior model = VAE,2209.14548,d4rl,SfBC,SfBC + VAE,behavior model = VAE,walker2d-medium-replay,65.1,62.2,-2.9,"variant: behavior model = VAE; conditions: {""behavior_model"": ""VAE""}; notes: ablation variant column 'SfBC + VAE' in Table 4; 3 seeds; variant method description: SfBC with the diffusion behavior model replaced by a VAE behavior model; same training framework otherwise.; variant settings: behavior_model=VAE",Table 4 vs main Table 1
2209.14548|SfBC - Planning|no implicit planning|halfcheetah-medium-expert,2209.14548|SfBC - Planning|no implicit planning,2209.14548,d4rl,SfBC,SfBC - Planning,no implicit planning,halfcheetah-medium-expert,92.6,91.4,-1.2,"variant: no implicit planning; conditions: {""implicit_planning"": ""disabled""}; notes: ablation variant column 'SfBC - Planning' in Table 4; 3 seeds; variant method description: SfBC without the implicit in-sample planning Q-operator (vanilla one-step Q-learning targets).; variant settings: implicit_planning=disabled",Table 4 vs main Table 1
2209.14548|SfBC - Planning|no implicit planning|hopper-medium-expert,2209.14548|SfBC - Planning|no implicit planning,2209.14548,d4rl,SfBC,SfBC - Planning,no implicit planning,hopper-medium-expert,108.6,109.0,0.4,"variant: no implicit planning; conditions: {""implicit_planning"": ""disabled""}; notes: ablation variant column 'SfBC - Planning' in Table 4; 3 seeds; variant method description: SfBC without the implicit in-sample planning Q-operator (vanilla one-step Q-learning targets).; variant settings: implicit_planning=disabled",Table 4 vs main Table 1
2209.14548|SfBC - Planning|no implicit planning|walker2d-medium-expert,2209.14548|SfBC - Planning|no implicit planning,2209.14548,d4rl,SfBC,SfBC - Planning,no implicit planning,walker2d-medium-expert,109.8,109.4,-0.4,"variant: no implicit planning; conditions: {""implicit_planning"": ""disabled""}; notes: ablation variant column 'SfBC - Planning' in Table 4; 3 seeds; variant method description: SfBC without the implicit in-sample planning Q-operator (vanilla one-step Q-learning targets).; variant settings: implicit_planning=disabled",Table 4 vs main Table 1
2209.14548|SfBC - Planning|no implicit planning|halfcheetah-medium,2209.14548|SfBC - Planning|no implicit planning,2209.14548,d4rl,SfBC,SfBC - Planning,no implicit planning,halfcheetah-medium,45.9,42.4,-3.5,"variant: no implicit planning; conditions: {""implicit_planning"": ""disabled""}; notes: ablation variant column 'SfBC - Planning' in Table 4; 3 seeds; variant method description: SfBC without the implicit in-sample planning Q-operator (vanilla one-step Q-learning targets).; variant settings: implicit_planning=disabled",Table 4 vs main Table 1
2209.14548|SfBC - Planning|no implicit planning|hopper-medium,2209.14548|SfBC - Planning|no implicit planning,2209.14548,d4rl,SfBC,SfBC - Planning,no implicit planning,hopper-medium,57.1,60.1,3.0,"variant: no implicit planning; conditions: {""implicit_planning"": ""disabled""}; notes: ablation variant column 'SfBC - Planning' in Table 4; 3 seeds; variant method description: SfBC without the implicit in-sample planning Q-operator (vanilla one-step Q-learning targets).; variant settings: implicit_planning=disabled",Table 4 vs main Table 1
2209.14548|SfBC - Planning|no implicit planning|walker2d-medium,2209.14548|SfBC - Planning|no implicit planning,2209.14548,d4rl,SfBC,SfBC - Planning,no implicit planning,walker2d-medium,77.9,80.3,2.4,"variant: no implicit planning; conditions: {""implicit_planning"": ""disabled""}; notes: ablation variant column 'SfBC - Planning' in Table 4; 3 seeds; variant method description: SfBC without the implicit in-sample planning Q-operator (vanilla one-step Q-learning targets).; variant settings: implicit_planning=disabled",Table 4 vs main Table 1
2209.14548|SfBC - Planning|no implicit planning|halfcheetah-medium-replay,2209.14548|SfBC - Planning|no implicit planning,2209.14548,d4rl,SfBC,SfBC - Planning,no implicit planning,halfcheetah-medium-replay,37.1,37.5,0.4,"variant: no implicit planning; conditions: {""implicit_planning"": ""disabled""}; notes: ablation variant column 'SfBC - Planning' in Table 4; 3 seeds; variant method description: SfBC without the implicit in-sample planning Q-operator (vanilla one-step Q-learning targets).; variant settings: implicit_planning=disabled",Table 4 vs main Table 1
2209.14548|SfBC - Planning|no implicit planning|hopper-medium-replay,2209.14548|SfBC - Planning|no implicit planning,2209.14548,d4rl,SfBC,SfBC - Planning,no implicit planning,hopper-medium-replay,86.2,58.6,-27.6,"variant: no implicit planning; conditions: {""implicit_planning"": ""disabled""}; notes: ablation variant column 'SfBC - Planning' in Table 4; 3 seeds; variant method description: SfBC without the implicit in-sample planning Q-operator (vanilla one-step Q-learning targets).; variant settings: implicit_planning=disabled",Table 4 vs main Table 1
2209.14548|SfBC - Planning|no implicit planning|walker2d-medium-replay,2209.14548|SfBC - Planning|no implicit planning,2209.14548,d4rl,SfBC,SfBC - Planning,no implicit planning,walker2d-medium-replay,65.1,62.6,-2.5,"variant: no implicit planning; conditions: {""implicit_planning"": ""disabled""}; notes: ablation variant column 'SfBC - Planning' in Table 4; 3 seeds; variant method description: SfBC without the implicit in-sample planning Q-operator (vanilla one-step Q-learning targets).; variant settings: implicit_planning=disabled",Table 4 vs main Table 1
2211.15657|Decision Diffuser (DD)|alpha=0|hopper-medium-expert,2211.15657|Decision Diffuser (DD)|alpha=0,2211.15657,d4rl,Decision Diffuser (DD),Decision Diffuser (DD),alpha=0,hopper-medium-expert,111.8,104.3,-7.5,"variant: alpha=0; conditions: {""planning_horizon"": ""100"", ""diffusion_steps"": ""100"", ""low_temperature_alpha"": ""0"", ""guidance_scale"": ""in {1.2,1.4,1.6,1.8}, exact value per task not stated"", ""context_length"": ""20"", ""condition_dropout_p"": ""0.25""}; notes: low-temperature sampling ablation; number of seeds for Table A1 not restated (assumed same protocol). std is ±value as printed.",Table A1 vs main Table 1
2211.15657|Decision Diffuser (DD)|alpha=1.0|hopper-medium-expert,2211.15657|Decision Diffuser (DD)|alpha=1.0,2211.15657,d4rl,Decision Diffuser (DD),Decision Diffuser (DD),alpha=1.0,hopper-medium-expert,111.8,107.1,-4.7,"variant: alpha=1.0; conditions: {""planning_horizon"": ""100"", ""diffusion_steps"": ""100"", ""low_temperature_alpha"": ""1.0"", ""guidance_scale"": ""in {1.2,1.4,1.6,1.8}, exact value per task not stated"", ""context_length"": ""20"", ""condition_dropout_p"": ""0.25""}; notes: low-temperature sampling ablation. Table A1 α=0.5 row (111.8 ±1.6) is the main config and is not re-emitted; note its ± (1.6) differs from Table 1 (±1.8).",Table A1 vs main Table 1
2211.15657|CondDiffuser|main|hopper-medium-expert,2211.15657|CondDiffuser|main,2211.15657,d4rl,Decision Diffuser (DD),CondDiffuser,main,hopper-medium-expert,111.8,111.3,-0.5,"variant: main; conditions: {}; notes: no std printed for this column; Hopper-* only; variant method description: Ablation variant: Diffuser-style model that diffuses over both state and action sequences, trained with classifier-free guidance (return conditioning) instead of classifier guidance; no inverse dynamics.; variant settings: note=hyperparameters not separately stated; presumed shared with Decision Diffuser (Appendix B)",Table 2 vs main Table 1
2211.15657|CondDiffuser|main|hopper-medium,2211.15657|CondDiffuser|main,2211.15657,d4rl,Decision Diffuser (DD),CondDiffuser,main,hopper-medium,79.3,66.3,-13.0,"variant: main; conditions: {}; notes: no std printed for this column; Hopper-* only; variant method description: Ablation variant: Diffuser-style model that diffuses over both state and action sequences, trained with classifier-free guidance (return conditioning) instead of classifier guidance; no inverse dynamics.; variant settings: note=hyperparameters not separately stated; presumed shared with Decision Diffuser (Appendix B)",Table 2 vs main Table 1
2211.15657|CondDiffuser|main|hopper-medium-replay,2211.15657|CondDiffuser|main,2211.15657,d4rl,Decision Diffuser (DD),CondDiffuser,main,hopper-medium-replay,100.0,76.5,-23.5,"variant: main; conditions: {}; notes: no std printed for this column; Hopper-* only; variant method description: Ablation variant: Diffuser-style model that diffuses over both state and action sequences, trained with classifier-free guidance (return conditioning) instead of classifier guidance; no inverse dynamics.; variant settings: note=hyperparameters not separately stated; presumed shared with Decision Diffuser (Appendix B)",Table 2 vs main Table 1
2211.15657|CondMLPDiffuser|main|hopper-medium-expert,2211.15657|CondMLPDiffuser|main,2211.15657,d4rl,Decision Diffuser (DD),CondMLPDiffuser,main,hopper-medium-expert,111.8,105.6,-6.2,"variant: main; conditions: {}; notes: no std printed for this column; Hopper-* only; variant method description: Ablation variant: a policy that diffuses over the current action given the current state and the target return (MLP, no trajectory-level diffusion).; variant settings: note=hyperparameters not separately stated; presumed shared with Decision Diffuser (Appendix B)",Table 2 vs main Table 1
2211.15657|CondMLPDiffuser|main|hopper-medium,2211.15657|CondMLPDiffuser|main,2211.15657,d4rl,Decision Diffuser (DD),CondMLPDiffuser,main,hopper-medium,79.3,54.1,-25.2,"variant: main; conditions: {}; notes: no std printed for this column; Hopper-* only; variant method description: Ablation variant: a policy that diffuses over the current action given the current state and the target return (MLP, no trajectory-level diffusion).; variant settings: note=hyperparameters not separately stated; presumed shared with Decision Diffuser (Appendix B)",Table 2 vs main Table 1
2211.15657|CondMLPDiffuser|main|hopper-medium-replay,2211.15657|CondMLPDiffuser|main,2211.15657,d4rl,Decision Diffuser (DD),CondMLPDiffuser,main,hopper-medium-replay,100.0,66.5,-33.5,"variant: main; conditions: {}; notes: no std printed for this column; Hopper-* only; variant method description: Ablation variant: a policy that diffuses over the current action given the current state and the target return (MLP, no trajectory-level diffusion).; variant settings: note=hyperparameters not separately stated; presumed shared with Decision Diffuser (Appendix B)",Table 2 vs main Table 1
2302.01877|AdaptDiffuser|iterative_phase=1|halfcheetah-medium-expert,2302.01877|AdaptDiffuser|iterative_phase=1,2302.01877,d4rl,AdaptDiffuser,AdaptDiffuser,iterative_phase=1,halfcheetah-medium-expert,89.6,89.3,-0.3,"variant: iterative_phase=1; conditions: {""planning_horizon"": ""32"", ""diffusion_steps_K"": ""100"", ""synthetic_data_per_iteration"": ""50000"", ""iterative_phase"": ""1"", ""reward_discriminator_threshold_phase1"": ""10840""}; notes: ablation on number of iterative self-evolution phases; 3 random seeds (Table 4 caption).",Table 4 vs main Table 2
2302.01877|AdaptDiffuser|iterative_phase=1|hopper-medium-expert,2302.01877|AdaptDiffuser|iterative_phase=1,2302.01877,d4rl,AdaptDiffuser,AdaptDiffuser,iterative_phase=1,hopper-medium-expert,111.6,110.7,-0.9,"variant: iterative_phase=1; conditions: {""planning_horizon"": ""32"", ""diffusion_steps_K"": ""100"", ""synthetic_data_per_iteration"": ""50000"", ""iterative_phase"": ""1"", ""reward_discriminator_threshold_phase1"": ""3639""}; notes: ablation on number of iterative self-evolution phases; 3 random seeds (Table 4 caption).",Table 4 vs main Table 2
2302.01877|AdaptDiffuser|iterative_phase=1|walker2d-medium-expert,2302.01877|AdaptDiffuser|iterative_phase=1,2302.01877,d4rl,AdaptDiffuser,AdaptDiffuser,iterative_phase=1,walker2d-medium-expert,108.2,107.7,-0.5,"variant: iterative_phase=1; conditions: {""planning_horizon"": ""32"", ""diffusion_steps_K"": ""100"", ""synthetic_data_per_iteration"": ""50000"", ""iterative_phase"": ""1"", ""reward_discriminator_threshold_phase1"": ""4900""}; notes: ablation on number of iterative self-evolution phases; 3 random seeds (Table 4 caption).",Table 4 vs main Table 2
2302.01877|AdaptDiffuser|iterative_phase=1|halfcheetah-medium,2302.01877|AdaptDiffuser|iterative_phase=1,2302.01877,d4rl,AdaptDiffuser,AdaptDiffuser,iterative_phase=1,halfcheetah-medium,44.2,43.8,-0.4,"variant: iterative_phase=1; conditions: {""planning_horizon"": ""32"", ""diffusion_steps_K"": ""100"", ""synthetic_data_per_iteration"": ""50000"", ""iterative_phase"": ""1"", ""reward_discriminator_threshold_phase1"": ""5005""}; notes: ablation on number of iterative self-evolution phases; 3 random seeds (Table 4 caption).",Table 4 vs main Table 2
2302.01877|AdaptDiffuser|iterative_phase=1|hopper-medium,2302.01877|AdaptDiffuser|iterative_phase=1,2302.01877,d4rl,AdaptDiffuser,AdaptDiffuser,iterative_phase=1,hopper-medium,96.6,95.4,-1.2,"variant: iterative_phase=1; conditions: {""planning_horizon"": ""32"", ""diffusion_steps_K"": ""100"", ""synthetic_data_per_iteration"": ""50000"", ""iterative_phase"": ""1"", ""reward_discriminator_threshold_phase1"": ""3211""}; notes: ablation on number of iterative self-evolution phases; 3 random seeds (Table 4 caption).",Table 4 vs main Table 2
2302.01877|AdaptDiffuser|iterative_phase=1|walker2d-medium,2302.01877|AdaptDiffuser|iterative_phase=1,2302.01877,d4rl,AdaptDiffuser,AdaptDiffuser,iterative_phase=1,walker2d-medium,84.4,83.2,-1.2,"variant: iterative_phase=1; conditions: {""planning_horizon"": ""32"", ""diffusion_steps_K"": ""100"", ""synthetic_data_per_iteration"": ""50000"", ""iterative_phase"": ""1"", ""reward_discriminator_threshold_phase1"": ""3700""}; notes: ablation on number of iterative self-evolution phases; 3 random seeds (Table 4 caption).",Table 4 vs main Table 2
2304.10573|IDQL-1|one-hyperparameter (tau=0.7 locomotion)|halfcheetah-medium,2304.10573|IDQL-1|one-hyperparameter (tau=0.7 locomotion),2304.10573,d4rl,IDQL-A,IDQL-1,one-hyperparameter (tau=0.7 locomotion),halfcheetah-medium,51.0,49.7,-1.3,"variant: one-hyperparameter (tau=0.7 locomotion); conditions: {""expectile_tau"": ""0.7"", ""num_action_samples_N"": ""64"", ""diffusion_steps_T"": ""5"", ""critic_grad_steps"": ""1e6"", ""actor_grad_steps"": ""2e6""}; notes: printed as 'halfcheetah-med' = halfcheetah-medium. No std reported.; variant method description: Train Q and V with IQL expectile loss (tau) on the offline dataset; separately train a diffusion (DDPM, LN_Resnet score net, T=5 VP schedule) behavior-cloning policy mu(a|s). At runtime, sample N actions from the diffusion behavior model and execute the argmax under Q (one-hot reweighting of the implicit policy). '-1' = one-hyperparameter regime: only tau tuned per domain (tau=0.7 for all locomotion).; variant settings: learning_rate=3e-4; critic_batch_size=256; actor_batch_size=1024; expectile_tau=0.7 (locomotion); target_critic_ema=0.005; diffusion_steps_T=5; beta_schedule=Variance Preserving; dropout_rate=0.1; num_residual_blocks=3; actor_lr_schedule=cosine decay over number of actor grad steps; optimizer=Adam; critic_value_network=2 layer MLP, hidden 256, ReLU",Table 1 vs main Table 1
2304.10573|IDQL-1|one-hyperparameter (tau=0.7 locomotion)|hopper-medium,2304.10573|IDQL-1|one-hyperparameter (tau=0.7 locomotion),2304.10573,d4rl,IDQL-A,IDQL-1,one-hyperparameter (tau=0.7 locomotion),hopper-medium,65.4,63.1,-2.3,"variant: one-hyperparameter (tau=0.7 locomotion); conditions: {""expectile_tau"": ""0.7"", ""num_action_samples_N"": ""64"", ""diffusion_steps_T"": ""5"", ""critic_grad_steps"": ""1e6"", ""actor_grad_steps"": ""2e6""}; notes: printed as 'hopper-med' = hopper-medium. No std reported.; variant method description: Train Q and V with IQL expectile loss (tau) on the offline dataset; separately train a diffusion (DDPM, LN_Resnet score net, T=5 VP schedule) behavior-cloning policy mu(a|s). At runtime, sample N actions from the diffusion behavior model and execute the argmax under Q (one-hot reweighting of the implicit policy). '-1' = one-hyperparameter regime: only tau tuned per domain (tau=0.7 for all locomotion).; variant settings: learning_rate=3e-4; critic_batch_size=256; actor_batch_size=1024; expectile_tau=0.7 (locomotion); target_critic_ema=0.005; diffusion_steps_T=5; beta_schedule=Variance Preserving; dropout_rate=0.1; num_residual_blocks=3; actor_lr_schedule=cosine decay over number of actor grad steps; optimizer=Adam; critic_value_network=2 layer MLP, hidden 256, ReLU",Table 1 vs main Table 1
2304.10573|IDQL-1|one-hyperparameter (tau=0.7 locomotion)|walker2d-medium,2304.10573|IDQL-1|one-hyperparameter (tau=0.7 locomotion),2304.10573,d4rl,IDQL-A,IDQL-1,one-hyperparameter (tau=0.7 locomotion),walker2d-medium,82.5,80.2,-2.3,"variant: one-hyperparameter (tau=0.7 locomotion); conditions: {""expectile_tau"": ""0.7"", ""num_action_samples_N"": ""64"", ""diffusion_steps_T"": ""5"", ""critic_grad_steps"": ""1e6"", ""actor_grad_steps"": ""2e6""}; notes: printed as 'walker2d-med' = walker2d-medium. No std reported.; variant method description: Train Q and V with IQL expectile loss (tau) on the offline dataset; separately train a diffusion (DDPM, LN_Resnet score net, T=5 VP schedule) behavior-cloning policy mu(a|s). At runtime, sample N actions from the diffusion behavior model and execute the argmax under Q (one-hot reweighting of the implicit policy). '-1' = one-hyperparameter regime: only tau tuned per domain (tau=0.7 for all locomotion).; variant settings: learning_rate=3e-4; critic_batch_size=256; actor_batch_size=1024; expectile_tau=0.7 (locomotion); target_critic_ema=0.005; diffusion_steps_T=5; beta_schedule=Variance Preserving; dropout_rate=0.1; num_residual_blocks=3; actor_lr_schedule=cosine decay over number of actor grad steps; optimizer=Adam; critic_value_network=2 layer MLP, hidden 256, ReLU",Table 1 vs main Table 1
2304.10573|IDQL-1|one-hyperparameter (tau=0.7 locomotion)|halfcheetah-medium-replay,2304.10573|IDQL-1|one-hyperparameter (tau=0.7 locomotion),2304.10573,d4rl,IDQL-A,IDQL-1,one-hyperparameter (tau=0.7 locomotion),halfcheetah-medium-replay,45.9,45.1,-0.8,"variant: one-hyperparameter (tau=0.7 locomotion); conditions: {""expectile_tau"": ""0.7"", ""num_action_samples_N"": ""64"", ""diffusion_steps_T"": ""5"", ""critic_grad_steps"": ""1e6"", ""actor_grad_steps"": ""2e6""}; notes: printed as 'halfcheetah-med-rep' = halfcheetah-medium-replay. No std reported.; variant method description: Train Q and V with IQL expectile loss (tau) on the offline dataset; separately train a diffusion (DDPM, LN_Resnet score net, T=5 VP schedule) behavior-cloning policy mu(a|s). At runtime, sample N actions from the diffusion behavior model and execute the argmax under Q (one-hot reweighting of the implicit policy). '-1' = one-hyperparameter regime: only tau tuned per domain (tau=0.7 for all locomotion).; variant settings: learning_rate=3e-4; critic_batch_size=256; actor_batch_size=1024; expectile_tau=0.7 (locomotion); target_critic_ema=0.005; diffusion_steps_T=5; beta_schedule=Variance Preserving; dropout_rate=0.1; num_residual_blocks=3; actor_lr_schedule=cosine decay over number of actor grad steps; optimizer=Adam; critic_value_network=2 layer MLP, hidden 256, ReLU",Table 1 vs main Table 1
2304.10573|IDQL-1|one-hyperparameter (tau=0.7 locomotion)|hopper-medium-replay,2304.10573|IDQL-1|one-hyperparameter (tau=0.7 locomotion),2304.10573,d4rl,IDQL-A,IDQL-1,one-hyperparameter (tau=0.7 locomotion),hopper-medium-replay,92.1,82.4,-9.7,"variant: one-hyperparameter (tau=0.7 locomotion); conditions: {""expectile_tau"": ""0.7"", ""num_action_samples_N"": ""64"", ""diffusion_steps_T"": ""5"", ""critic_grad_steps"": ""1e6"", ""actor_grad_steps"": ""2e6""}; notes: printed as 'hopper-med-rep' = hopper-medium-replay. No std reported.; variant method description: Train Q and V with IQL expectile loss (tau) on the offline dataset; separately train a diffusion (DDPM, LN_Resnet score net, T=5 VP schedule) behavior-cloning policy mu(a|s). At runtime, sample N actions from the diffusion behavior model and execute the argmax under Q (one-hot reweighting of the implicit policy). '-1' = one-hyperparameter regime: only tau tuned per domain (tau=0.7 for all locomotion).; variant settings: learning_rate=3e-4; critic_batch_size=256; actor_batch_size=1024; expectile_tau=0.7 (locomotion); target_critic_ema=0.005; diffusion_steps_T=5; beta_schedule=Variance Preserving; dropout_rate=0.1; num_residual_blocks=3; actor_lr_schedule=cosine decay over number of actor grad steps; optimizer=Adam; critic_value_network=2 layer MLP, hidden 256, ReLU",Table 1 vs main Table 1
2304.10573|IDQL-1|one-hyperparameter (tau=0.7 locomotion)|walker2d-medium-replay,2304.10573|IDQL-1|one-hyperparameter (tau=0.7 locomotion),2304.10573,d4rl,IDQL-A,IDQL-1,one-hyperparameter (tau=0.7 locomotion),walker2d-medium-replay,85.1,79.8,-5.3,"variant: one-hyperparameter (tau=0.7 locomotion); conditions: {""expectile_tau"": ""0.7"", ""num_action_samples_N"": ""64"", ""diffusion_steps_T"": ""5"", ""critic_grad_steps"": ""1e6"", ""actor_grad_steps"": ""2e6""}; notes: printed as 'walker2d-med-rep' = walker2d-medium-replay. No std reported.; variant method description: Train Q and V with IQL expectile loss (tau) on the offline dataset; separately train a diffusion (DDPM, LN_Resnet score net, T=5 VP schedule) behavior-cloning policy mu(a|s). At runtime, sample N actions from the diffusion behavior model and execute the argmax under Q (one-hot reweighting of the implicit policy). '-1' = one-hyperparameter regime: only tau tuned per domain (tau=0.7 for all locomotion).; variant settings: learning_rate=3e-4; critic_batch_size=256; actor_batch_size=1024; expectile_tau=0.7 (locomotion); target_critic_ema=0.005; diffusion_steps_T=5; beta_schedule=Variance Preserving; dropout_rate=0.1; num_residual_blocks=3; actor_lr_schedule=cosine decay over number of actor grad steps; optimizer=Adam; critic_value_network=2 layer MLP, hidden 256, ReLU",Table 1 vs main Table 1
2304.10573|IDQL-1|one-hyperparameter (tau=0.7 locomotion)|halfcheetah-medium-expert,2304.10573|IDQL-1|one-hyperparameter (tau=0.7 locomotion),2304.10573,d4rl,IDQL-A,IDQL-1,one-hyperparameter (tau=0.7 locomotion),halfcheetah-medium-expert,95.9,94.4,-1.5,"variant: one-hyperparameter (tau=0.7 locomotion); conditions: {""expectile_tau"": ""0.7"", ""num_action_samples_N"": ""64"", ""diffusion_steps_T"": ""5"", ""critic_grad_steps"": ""1e6"", ""actor_grad_steps"": ""2e6""}; notes: printed as 'halfcheetah-med-exp' = halfcheetah-medium-expert. No std reported.; variant method description: Train Q and V with IQL expectile loss (tau) on the offline dataset; separately train a diffusion (DDPM, LN_Resnet score net, T=5 VP schedule) behavior-cloning policy mu(a|s). At runtime, sample N actions from the diffusion behavior model and execute the argmax under Q (one-hot reweighting of the implicit policy). '-1' = one-hyperparameter regime: only tau tuned per domain (tau=0.7 for all locomotion).; variant settings: learning_rate=3e-4; critic_batch_size=256; actor_batch_size=1024; expectile_tau=0.7 (locomotion); target_critic_ema=0.005; diffusion_steps_T=5; beta_schedule=Variance Preserving; dropout_rate=0.1; num_residual_blocks=3; actor_lr_schedule=cosine decay over number of actor grad steps; optimizer=Adam; critic_value_network=2 layer MLP, hidden 256, ReLU",Table 1 vs main Table 1
2304.10573|IDQL-1|one-hyperparameter (tau=0.7 locomotion)|hopper-medium-expert,2304.10573|IDQL-1|one-hyperparameter (tau=0.7 locomotion),2304.10573,d4rl,IDQL-A,IDQL-1,one-hyperparameter (tau=0.7 locomotion),hopper-medium-expert,108.6,105.3,-3.3,"variant: one-hyperparameter (tau=0.7 locomotion); conditions: {""expectile_tau"": ""0.7"", ""num_action_samples_N"": ""64"", ""diffusion_steps_T"": ""5"", ""critic_grad_steps"": ""1e6"", ""actor_grad_steps"": ""2e6""}; notes: printed as 'hopper-med-exp' = hopper-medium-expert. No std reported.; variant method description: Train Q and V with IQL expectile loss (tau) on the offline dataset; separately train a diffusion (DDPM, LN_Resnet score net, T=5 VP schedule) behavior-cloning policy mu(a|s). At runtime, sample N actions from the diffusion behavior model and execute the argmax under Q (one-hot reweighting of the implicit policy). '-1' = one-hyperparameter regime: only tau tuned per domain (tau=0.7 for all locomotion).; variant settings: learning_rate=3e-4; critic_batch_size=256; actor_batch_size=1024; expectile_tau=0.7 (locomotion); target_critic_ema=0.005; diffusion_steps_T=5; beta_schedule=Variance Preserving; dropout_rate=0.1; num_residual_blocks=3; actor_lr_schedule=cosine decay over number of actor grad steps; optimizer=Adam; critic_value_network=2 layer MLP, hidden 256, ReLU",Table 1 vs main Table 1
2304.10573|IDQL-1|one-hyperparameter (tau=0.7 locomotion)|walker2d-medium-expert,2304.10573|IDQL-1|one-hyperparameter (tau=0.7 locomotion),2304.10573,d4rl,IDQL-A,IDQL-1,one-hyperparameter (tau=0.7 locomotion),walker2d-medium-expert,112.7,111.6,-1.1,"variant: one-hyperparameter (tau=0.7 locomotion); conditions: {""expectile_tau"": ""0.7"", ""num_action_samples_N"": ""64"", ""diffusion_steps_T"": ""5"", ""critic_grad_steps"": ""1e6"", ""actor_grad_steps"": ""2e6""}; notes: printed as 'walker2d-med-exp' = walker2d-medium-expert. No std reported.; variant method description: Train Q and V with IQL expectile loss (tau) on the offline dataset; separately train a diffusion (DDPM, LN_Resnet score net, T=5 VP schedule) behavior-cloning policy mu(a|s). At runtime, sample N actions from the diffusion behavior model and execute the argmax under Q (one-hot reweighting of the implicit policy). '-1' = one-hyperparameter regime: only tau tuned per domain (tau=0.7 for all locomotion).; variant settings: learning_rate=3e-4; critic_batch_size=256; actor_batch_size=1024; expectile_tau=0.7 (locomotion); target_critic_ema=0.005; diffusion_steps_T=5; beta_schedule=Variance Preserving; dropout_rate=0.1; num_residual_blocks=3; actor_lr_schedule=cosine decay over number of actor grad steps; optimizer=Adam; critic_value_network=2 layer MLP, hidden 256, ReLU",Table 1 vs main Table 1
2305.09836|ReBRAC|normalization=FeatureNorm (ReBRAC + FN)|halfcheetah-random,2305.09836|ReBRAC|normalization=FeatureNorm (ReBRAC + FN),2305.09836,d4rl,ReBRAC,ReBRAC,normalization=FeatureNorm (ReBRAC + FN),halfcheetah-random,29.5,31.4,1.9,"variant: normalization=FeatureNorm (ReBRAC + FN); conditions: {""normalization"": ""FeatureNorm instead of LayerNorm"", ""batch_size"": ""1024"", ""num_hidden_layers"": ""3""}; notes: Appendix D variant; hyperparameters re-tuned on same grid, per-dataset beta values for FN variant not printed; ReBRAC + LN column equals Table 2 main",Table 19 vs main Table 2
2305.09836|ReBRAC|normalization=FeatureNorm (ReBRAC + FN)|halfcheetah-medium,2305.09836|ReBRAC|normalization=FeatureNorm (ReBRAC + FN),2305.09836,d4rl,ReBRAC,ReBRAC,normalization=FeatureNorm (ReBRAC + FN),halfcheetah-medium,65.6,66.1,0.5,"variant: normalization=FeatureNorm (ReBRAC + FN); conditions: {""normalization"": ""FeatureNorm instead of LayerNorm"", ""batch_size"": ""1024"", ""num_hidden_layers"": ""3""}; notes: Appendix D variant; hyperparameters re-tuned on same grid, per-dataset beta values for FN variant not printed; ReBRAC + LN column equals Table 2 main",Table 19 vs main Table 2
2305.09836|ReBRAC|normalization=FeatureNorm (ReBRAC + FN)|halfcheetah-expert,2305.09836|ReBRAC|normalization=FeatureNorm (ReBRAC + FN),2305.09836,d4rl,ReBRAC,ReBRAC,normalization=FeatureNorm (ReBRAC + FN),halfcheetah-expert,105.9,104.1,-1.8,"variant: normalization=FeatureNorm (ReBRAC + FN); conditions: {""normalization"": ""FeatureNorm instead of LayerNorm"", ""batch_size"": ""1024"", ""num_hidden_layers"": ""3""}; notes: Appendix D variant; hyperparameters re-tuned on same grid, per-dataset beta values for FN variant not printed; ReBRAC + LN column equals Table 2 main",Table 19 vs main Table 2
2305.09836|ReBRAC|normalization=FeatureNorm (ReBRAC + FN)|halfcheetah-medium-expert,2305.09836|ReBRAC|normalization=FeatureNorm (ReBRAC + FN),2305.09836,d4rl,ReBRAC,ReBRAC,normalization=FeatureNorm (ReBRAC + FN),halfcheetah-medium-expert,101.1,100.9,-0.2,"variant: normalization=FeatureNorm (ReBRAC + FN); conditions: {""normalization"": ""FeatureNorm instead of LayerNorm"", ""batch_size"": ""1024"", ""num_hidden_layers"": ""3""}; notes: Appendix D variant; hyperparameters re-tuned on same grid, per-dataset beta values for FN variant not printed; ReBRAC + LN column equals Table 2 main",Table 19 vs main Table 2
2305.09836|ReBRAC|normalization=FeatureNorm (ReBRAC + FN)|halfcheetah-medium-replay,2305.09836|ReBRAC|normalization=FeatureNorm (ReBRAC + FN),2305.09836,d4rl,ReBRAC,ReBRAC,normalization=FeatureNorm (ReBRAC + FN),halfcheetah-medium-replay,51.0,54.7,3.7,"variant: normalization=FeatureNorm (ReBRAC + FN); conditions: {""normalization"": ""FeatureNorm instead of LayerNorm"", ""batch_size"": ""1024"", ""num_hidden_layers"": ""3""}; notes: Appendix D variant; hyperparameters re-tuned on same grid, per-dataset beta values for FN variant not printed; ReBRAC + LN column equals Table 2 main",Table 19 vs main Table 2
2305.09836|ReBRAC|normalization=FeatureNorm (ReBRAC + FN)|halfcheetah-full-replay,2305.09836|ReBRAC|normalization=FeatureNorm (ReBRAC + FN),2305.09836,d4rl,ReBRAC,ReBRAC,normalization=FeatureNorm (ReBRAC + FN),halfcheetah-full-replay,82.1,81.5,-0.6,"variant: normalization=FeatureNorm (ReBRAC + FN); conditions: {""normalization"": ""FeatureNorm instead of LayerNorm"", ""batch_size"": ""1024"", ""num_hidden_layers"": ""3""}; notes: Appendix D variant; hyperparameters re-tuned on same grid, per-dataset beta values for FN variant not printed; ReBRAC + LN column equals Table 2 main",Table 19 vs main Table 2
2305.09836|ReBRAC|normalization=FeatureNorm (ReBRAC + FN)|hopper-random,2305.09836|ReBRAC|normalization=FeatureNorm (ReBRAC + FN),2305.09836,d4rl,ReBRAC,ReBRAC,normalization=FeatureNorm (ReBRAC + FN),hopper-random,8.1,8.2,0.1,"variant: normalization=FeatureNorm (ReBRAC + FN); conditions: {""normalization"": ""FeatureNorm instead of LayerNorm"", ""batch_size"": ""1024"", ""num_hidden_layers"": ""3""}; notes: Appendix D variant; hyperparameters re-tuned on same grid, per-dataset beta values for FN variant not printed; ReBRAC + LN column equals Table 2 main",Table 19 vs main Table 2
2305.09836|ReBRAC|normalization=FeatureNorm (ReBRAC + FN)|hopper-medium,2305.09836|ReBRAC|normalization=FeatureNorm (ReBRAC + FN),2305.09836,d4rl,ReBRAC,ReBRAC,normalization=FeatureNorm (ReBRAC + FN),hopper-medium,102.0,102.4,0.4,"variant: normalization=FeatureNorm (ReBRAC + FN); conditions: {""normalization"": ""FeatureNorm instead of LayerNorm"", ""batch_size"": ""1024"", ""num_hidden_layers"": ""3""}; notes: Appendix D variant; hyperparameters re-tuned on same grid, per-dataset beta values for FN variant not printed; ReBRAC + LN column equals Table 2 main",Table 19 vs main Table 2
2305.09836|ReBRAC|normalization=FeatureNorm (ReBRAC + FN)|hopper-expert,2305.09836|ReBRAC|normalization=FeatureNorm (ReBRAC + FN),2305.09836,d4rl,ReBRAC,ReBRAC,normalization=FeatureNorm (ReBRAC + FN),hopper-expert,100.1,99.7,-0.4,"variant: normalization=FeatureNorm (ReBRAC + FN); conditions: {""normalization"": ""FeatureNorm instead of LayerNorm"", ""batch_size"": ""1024"", ""num_hidden_layers"": ""3""}; notes: Appendix D variant; hyperparameters re-tuned on same grid, per-dataset beta values for FN variant not printed; ReBRAC + LN column equals Table 2 main",Table 19 vs main Table 2
2305.09836|ReBRAC|normalization=FeatureNorm (ReBRAC + FN)|hopper-medium-expert,2305.09836|ReBRAC|normalization=FeatureNorm (ReBRAC + FN),2305.09836,d4rl,ReBRAC,ReBRAC,normalization=FeatureNorm (ReBRAC + FN),hopper-medium-expert,107.0,107.7,0.7,"variant: normalization=FeatureNorm (ReBRAC + FN); conditions: {""normalization"": ""FeatureNorm instead of LayerNorm"", ""batch_size"": ""1024"", ""num_hidden_layers"": ""3""}; notes: Appendix D variant; hyperparameters re-tuned on same grid, per-dataset beta values for FN variant not printed; ReBRAC + LN column equals Table 2 main",Table 19 vs main Table 2
2305.09836|ReBRAC|normalization=FeatureNorm (ReBRAC + FN)|hopper-medium-replay,2305.09836|ReBRAC|normalization=FeatureNorm (ReBRAC + FN),2305.09836,d4rl,ReBRAC,ReBRAC,normalization=FeatureNorm (ReBRAC + FN),hopper-medium-replay,98.1,91.0,-7.1,"variant: normalization=FeatureNorm (ReBRAC + FN); conditions: {""normalization"": ""FeatureNorm instead of LayerNorm"", ""batch_size"": ""1024"", ""num_hidden_layers"": ""3""}; notes: Appendix D variant; hyperparameters re-tuned on same grid, per-dataset beta values for FN variant not printed; ReBRAC + LN column equals Table 2 main",Table 19 vs main Table 2
2305.09836|ReBRAC|normalization=FeatureNorm (ReBRAC + FN)|hopper-full-replay,2305.09836|ReBRAC|normalization=FeatureNorm (ReBRAC + FN),2305.09836,d4rl,ReBRAC,ReBRAC,normalization=FeatureNorm (ReBRAC + FN),hopper-full-replay,107.1,106.7,-0.4,"variant: normalization=FeatureNorm (ReBRAC + FN); conditions: {""normalization"": ""FeatureNorm instead of LayerNorm"", ""batch_size"": ""1024"", ""num_hidden_layers"": ""3""}; notes: Appendix D variant; hyperparameters re-tuned on same grid, per-dataset beta values for FN variant not printed; ReBRAC + LN column equals Table 2 main",Table 19 vs main Table 2
2305.09836|ReBRAC|normalization=FeatureNorm (ReBRAC + FN)|walker2d-random,2305.09836|ReBRAC|normalization=FeatureNorm (ReBRAC + FN),2305.09836,d4rl,ReBRAC,ReBRAC,normalization=FeatureNorm (ReBRAC + FN),walker2d-random,18.4,0.0,-18.4,"variant: normalization=FeatureNorm (ReBRAC + FN); conditions: {""normalization"": ""FeatureNorm instead of LayerNorm"", ""batch_size"": ""1024"", ""num_hidden_layers"": ""3""}; notes: Appendix D variant; hyperparameters re-tuned on same grid, per-dataset beta values for FN variant not printed; ReBRAC + LN column equals Table 2 main",Table 19 vs main Table 2
2305.09836|ReBRAC|normalization=FeatureNorm (ReBRAC + FN)|walker2d-medium,2305.09836|ReBRAC|normalization=FeatureNorm (ReBRAC + FN),2305.09836,d4rl,ReBRAC,ReBRAC,normalization=FeatureNorm (ReBRAC + FN),walker2d-medium,82.5,81.8,-0.7,"variant: normalization=FeatureNorm (ReBRAC + FN); conditions: {""normalization"": ""FeatureNorm instead of LayerNorm"", ""batch_size"": ""1024"", ""num_hidden_layers"": ""3""}; notes: Appendix D variant; hyperparameters re-tuned on same grid, per-dataset beta values for FN variant not printed; ReBRAC + LN column equals Table 2 main",Table 19 vs main Table 2
2305.09836|ReBRAC|normalization=FeatureNorm (ReBRAC + FN)|walker2d-expert,2305.09836|ReBRAC|normalization=FeatureNorm (ReBRAC + FN),2305.09836,d4rl,ReBRAC,ReBRAC,normalization=FeatureNorm (ReBRAC + FN),walker2d-expert,112.3,110.7,-1.6,"variant: normalization=FeatureNorm (ReBRAC + FN); conditions: {""normalization"": ""FeatureNorm instead of LayerNorm"", ""batch_size"": ""1024"", ""num_hidden_layers"": ""3""}; notes: Appendix D variant; hyperparameters re-tuned on same grid, per-dataset beta values for FN variant not printed; ReBRAC + LN column equals Table 2 main",Table 19 vs main Table 2
2305.09836|ReBRAC|normalization=FeatureNorm (ReBRAC + FN)|walker2d-medium-expert,2305.09836|ReBRAC|normalization=FeatureNorm (ReBRAC + FN),2305.09836,d4rl,ReBRAC,ReBRAC,normalization=FeatureNorm (ReBRAC + FN),walker2d-medium-expert,111.6,100.6,-11.0,"variant: normalization=FeatureNorm (ReBRAC + FN); conditions: {""normalization"": ""FeatureNorm instead of LayerNorm"", ""batch_size"": ""1024"", ""num_hidden_layers"": ""3""}; notes: Appendix D variant; hyperparameters re-tuned on same grid, per-dataset beta values for FN variant not printed; ReBRAC + LN column equals Table 2 main",Table 19 vs main Table 2
2305.09836|ReBRAC|normalization=FeatureNorm (ReBRAC + FN)|walker2d-medium-replay,2305.09836|ReBRAC|normalization=FeatureNorm (ReBRAC + FN),2305.09836,d4rl,ReBRAC,ReBRAC,normalization=FeatureNorm (ReBRAC + FN),walker2d-medium-replay,77.3,80.2,2.9,"variant: normalization=FeatureNorm (ReBRAC + FN); conditions: {""normalization"": ""FeatureNorm instead of LayerNorm"", ""batch_size"": ""1024"", ""num_hidden_layers"": ""3""}; notes: Appendix D variant; hyperparameters re-tuned on same grid, per-dataset beta values for FN variant not printed; ReBRAC + LN column equals Table 2 main",Table 19 vs main Table 2
2305.09836|ReBRAC|normalization=FeatureNorm (ReBRAC + FN)|walker2d-full-replay,2305.09836|ReBRAC|normalization=FeatureNorm (ReBRAC + FN),2305.09836,d4rl,ReBRAC,ReBRAC,normalization=FeatureNorm (ReBRAC + FN),walker2d-full-replay,102.2,101.2,-1.0,"variant: normalization=FeatureNorm (ReBRAC + FN); conditions: {""normalization"": ""FeatureNorm instead of LayerNorm"", ""batch_size"": ""1024"", ""num_hidden_layers"": ""3""}; notes: Appendix D variant; hyperparameters re-tuned on same grid, per-dataset beta values for FN variant not printed; ReBRAC + LN column equals Table 2 main",Table 19 vs main Table 2
2305.09836|ReBRAC|layernorm=off|halfcheetah-random,2305.09836|ReBRAC|layernorm=off,2305.09836,d4rl,ReBRAC,ReBRAC,layernorm=off,halfcheetah-random,29.5,32.0,2.5,"variant: layernorm=off; conditions: {""layernorm"": ""false"", ""batch_size"": ""1024"", ""num_hidden_layers"": ""3"", ""beta1_actor_penalty"": ""0.001"", ""beta2_critic_penalty"": ""0.1""}; notes: Appendix G ablation row 'ReBRAC w/o LN'; averaged over 4 unseen training seeds (not 10); table header gives only dataset suffix, environment from caption. Per-dataset beta values for ablation rows assumed same as Table 11 (paper says 'each modification was disabled while keeping all the others').",Table 33 vs main Table 2
2305.09836|ReBRAC|layernorm=off|halfcheetah-medium,2305.09836|ReBRAC|layernorm=off,2305.09836,d4rl,ReBRAC,ReBRAC,layernorm=off,halfcheetah-medium,65.6,64.3,-1.3,"variant: layernorm=off; conditions: {""layernorm"": ""false"", ""batch_size"": ""1024"", ""num_hidden_layers"": ""3"", ""beta1_actor_penalty"": ""0.001"", ""beta2_critic_penalty"": ""0.01""}; notes: Appendix G ablation row 'ReBRAC w/o LN'; averaged over 4 unseen training seeds (not 10); table header gives only dataset suffix, environment from caption. Per-dataset beta values for ablation rows assumed same as Table 11 (paper says 'each modification was disabled while keeping all the others').",Table 33 vs main Table 2
2305.09836|ReBRAC|layernorm=off|halfcheetah-expert,2305.09836|ReBRAC|layernorm=off,2305.09836,d4rl,ReBRAC,ReBRAC,layernorm=off,halfcheetah-expert,105.9,61.7,-44.2,"variant: layernorm=off; conditions: {""layernorm"": ""false"", ""batch_size"": ""1024"", ""num_hidden_layers"": ""3"", ""beta1_actor_penalty"": ""0.01"", ""beta2_critic_penalty"": ""0.01""}; notes: Appendix G ablation row 'ReBRAC w/o LN'; averaged over 4 unseen training seeds (not 10); table header gives only dataset suffix, environment from caption. Per-dataset beta values for ablation rows assumed same as Table 11 (paper says 'each modification was disabled while keeping all the others').",Table 33 vs main Table 2
2305.09836|ReBRAC|layernorm=off|halfcheetah-medium-expert,2305.09836|ReBRAC|layernorm=off,2305.09836,d4rl,ReBRAC,ReBRAC,layernorm=off,halfcheetah-medium-expert,101.1,86.7,-14.4,"variant: layernorm=off; conditions: {""layernorm"": ""false"", ""batch_size"": ""1024"", ""num_hidden_layers"": ""3"", ""beta1_actor_penalty"": ""0.01"", ""beta2_critic_penalty"": ""0.1""}; notes: Appendix G ablation row 'ReBRAC w/o LN'; averaged over 4 unseen training seeds (not 10); table header gives only dataset suffix, environment from caption. Per-dataset beta values for ablation rows assumed same as Table 11 (paper says 'each modification was disabled while keeping all the others').",Table 33 vs main Table 2
2305.09836|ReBRAC|layernorm=off|halfcheetah-medium-replay,2305.09836|ReBRAC|layernorm=off,2305.09836,d4rl,ReBRAC,ReBRAC,layernorm=off,halfcheetah-medium-replay,51.0,52.8,1.8,"variant: layernorm=off; conditions: {""layernorm"": ""false"", ""batch_size"": ""1024"", ""num_hidden_layers"": ""3"", ""beta1_actor_penalty"": ""0.01"", ""beta2_critic_penalty"": ""0.001""}; notes: Appendix G ablation row 'ReBRAC w/o LN'; averaged over 4 unseen training seeds (not 10); table header gives only dataset suffix, environment from caption. Per-dataset beta values for ablation rows assumed same as Table 11 (paper says 'each modification was disabled while keeping all the others').",Table 33 vs main Table 2
2305.09836|ReBRAC|layernorm=off|halfcheetah-full-replay,2305.09836|ReBRAC|layernorm=off,2305.09836,d4rl,ReBRAC,ReBRAC,layernorm=off,halfcheetah-full-replay,82.1,82.1,0.0,"variant: layernorm=off; conditions: {""layernorm"": ""false"", ""batch_size"": ""1024"", ""num_hidden_layers"": ""3"", ""beta1_actor_penalty"": ""0.001"", ""beta2_critic_penalty"": ""0.1""}; notes: Appendix G ablation row 'ReBRAC w/o LN'; averaged over 4 unseen training seeds (not 10); table header gives only dataset suffix, environment from caption. Per-dataset beta values for ablation rows assumed same as Table 11 (paper says 'each modification was disabled while keeping all the others').",Table 33 vs main Table 2
2305.09836|ReBRAC|num_hidden_layers=2 (w/o extra layer)|halfcheetah-random,2305.09836|ReBRAC|num_hidden_layers=2 (w/o extra layer),2305.09836,d4rl,ReBRAC,ReBRAC,num_hidden_layers=2 (w/o extra layer),halfcheetah-random,29.5,27.8,-1.7,"variant: num_hidden_layers=2 (w/o extra layer); conditions: {""num_hidden_layers"": ""2"", ""layernorm"": ""true (critic)"", ""batch_size"": ""1024"", ""beta1_actor_penalty"": ""0.001"", ""beta2_critic_penalty"": ""0.1""}; notes: Appendix G ablation row 'ReBRAC w/o layer'; averaged over 4 unseen training seeds (not 10); table header gives only dataset suffix, environment from caption. Per-dataset beta values for ablation rows assumed same as Table 11 (paper says 'each modification was disabled while keeping all the others').",Table 33 vs main Table 2
2305.09836|ReBRAC|num_hidden_layers=2 (w/o extra layer)|halfcheetah-medium,2305.09836|ReBRAC|num_hidden_layers=2 (w/o extra layer),2305.09836,d4rl,ReBRAC,ReBRAC,num_hidden_layers=2 (w/o extra layer),halfcheetah-medium,65.6,65.0,-0.6,"variant: num_hidden_layers=2 (w/o extra layer); conditions: {""num_hidden_layers"": ""2"", ""layernorm"": ""true (critic)"", ""batch_size"": ""1024"", ""beta1_actor_penalty"": ""0.001"", ""beta2_critic_penalty"": ""0.01""}; notes: Appendix G ablation row 'ReBRAC w/o layer'; averaged over 4 unseen training seeds (not 10); table header gives only dataset suffix, environment from caption. Per-dataset beta values for ablation rows assumed same as Table 11 (paper says 'each modification was disabled while keeping all the others').",Table 33 vs main Table 2
2305.09836|ReBRAC|num_hidden_layers=2 (w/o extra layer)|halfcheetah-expert,2305.09836|ReBRAC|num_hidden_layers=2 (w/o extra layer),2305.09836,d4rl,ReBRAC,ReBRAC,num_hidden_layers=2 (w/o extra layer),halfcheetah-expert,105.9,74.4,-31.5,"variant: num_hidden_layers=2 (w/o extra layer); conditions: {""num_hidden_layers"": ""2"", ""layernorm"": ""true (critic)"", ""batch_size"": ""1024"", ""beta1_actor_penalty"": ""0.01"", ""beta2_critic_penalty"": ""0.01""}; notes: Appendix G ablation row 'ReBRAC w/o layer'; averaged over 4 unseen training seeds (not 10); table header gives only dataset suffix, environment from caption. Per-dataset beta values for ablation rows assumed same as Table 11 (paper says 'each modification was disabled while keeping all the others').",Table 33 vs main Table 2
2305.09836|ReBRAC|num_hidden_layers=2 (w/o extra layer)|halfcheetah-medium-expert,2305.09836|ReBRAC|num_hidden_layers=2 (w/o extra layer),2305.09836,d4rl,ReBRAC,ReBRAC,num_hidden_layers=2 (w/o extra layer),halfcheetah-medium-expert,101.1,86.7,-14.4,"variant: num_hidden_layers=2 (w/o extra layer); conditions: {""num_hidden_layers"": ""2"", ""layernorm"": ""true (critic)"", ""batch_size"": ""1024"", ""beta1_actor_penalty"": ""0.01"", ""beta2_critic_penalty"": ""0.1""}; notes: Appendix G ablation row 'ReBRAC w/o layer'; averaged over 4 unseen training seeds (not 10); table header gives only dataset suffix, environment from caption. Per-dataset beta values for ablation rows assumed same as Table 11 (paper says 'each modification was disabled while keeping all the others').",Table 33 vs main Table 2
2305.09836|ReBRAC|num_hidden_layers=2 (w/o extra layer)|halfcheetah-medium-replay,2305.09836|ReBRAC|num_hidden_layers=2 (w/o extra layer),2305.09836,d4rl,ReBRAC,ReBRAC,num_hidden_layers=2 (w/o extra layer),halfcheetah-medium-replay,51.0,50.4,-0.6,"variant: num_hidden_layers=2 (w/o extra layer); conditions: {""num_hidden_layers"": ""2"", ""layernorm"": ""true (critic)"", ""batch_size"": ""1024"", ""beta1_actor_penalty"": ""0.01"", ""beta2_critic_penalty"": ""0.001""}; notes: Appendix G ablation row 'ReBRAC w/o layer'; averaged over 4 unseen training seeds (not 10); table header gives only dataset suffix, environment from caption. Per-dataset beta values for ablation rows assumed same as Table 11 (paper says 'each modification was disabled while keeping all the others').",Table 33 vs main Table 2
2305.09836|ReBRAC|num_hidden_layers=2 (w/o extra layer)|halfcheetah-full-replay,2305.09836|ReBRAC|num_hidden_layers=2 (w/o extra layer),2305.09836,d4rl,ReBRAC,ReBRAC,num_hidden_layers=2 (w/o extra layer),halfcheetah-full-replay,82.1,80.9,-1.2,"variant: num_hidden_layers=2 (w/o extra layer); conditions: {""num_hidden_layers"": ""2"", ""layernorm"": ""true (critic)"", ""batch_size"": ""1024"", ""beta1_actor_penalty"": ""0.001"", ""beta2_critic_penalty"": ""0.1""}; notes: Appendix G ablation row 'ReBRAC w/o layer'; averaged over 4 unseen training seeds (not 10); table header gives only dataset suffix, environment from caption. Per-dataset beta values for ablation rows assumed same as Table 11 (paper says 'each modification was disabled while keeping all the others').",Table 33 vs main Table 2
2305.09836|ReBRAC|actor_penalty=off (beta1=0)|halfcheetah-random,2305.09836|ReBRAC|actor_penalty=off (beta1=0),2305.09836,d4rl,ReBRAC,ReBRAC,actor_penalty=off (beta1=0),halfcheetah-random,29.5,31.8,2.3,"variant: actor_penalty=off (beta1=0); conditions: {""beta1_actor_penalty"": ""0 (disabled)"", ""layernorm"": ""true (critic)"", ""batch_size"": ""1024"", ""num_hidden_layers"": ""3"", ""beta2_critic_penalty"": ""0.1""}; notes: Appendix G ablation row 'ReBRAC w/o actor penalty'; averaged over 4 unseen training seeds (not 10); table header gives only dataset suffix, environment from caption. Per-dataset beta values for ablation rows assumed same as Table 11 (paper says 'each modification was disabled while keeping all the others').",Table 33 vs main Table 2
2305.09836|ReBRAC|actor_penalty=off (beta1=0)|halfcheetah-medium,2305.09836|ReBRAC|actor_penalty=off (beta1=0),2305.09836,d4rl,ReBRAC,ReBRAC,actor_penalty=off (beta1=0),halfcheetah-medium,65.6,64.5,-1.1,"variant: actor_penalty=off (beta1=0); conditions: {""beta1_actor_penalty"": ""0 (disabled)"", ""layernorm"": ""true (critic)"", ""batch_size"": ""1024"", ""num_hidden_layers"": ""3"", ""beta2_critic_penalty"": ""0.01""}; notes: Appendix G ablation row 'ReBRAC w/o actor penalty'; averaged over 4 unseen training seeds (not 10); table header gives only dataset suffix, environment from caption. Per-dataset beta values for ablation rows assumed same as Table 11 (paper says 'each modification was disabled while keeping all the others').",Table 33 vs main Table 2
2305.09836|ReBRAC|actor_penalty=off (beta1=0)|halfcheetah-expert,2305.09836|ReBRAC|actor_penalty=off (beta1=0),2305.09836,d4rl,ReBRAC,ReBRAC,actor_penalty=off (beta1=0),halfcheetah-expert,105.9,4.3,-101.6,"variant: actor_penalty=off (beta1=0); conditions: {""beta1_actor_penalty"": ""0 (disabled)"", ""layernorm"": ""true (critic)"", ""batch_size"": ""1024"", ""num_hidden_layers"": ""3"", ""beta2_critic_penalty"": ""0.01""}; notes: Appendix G ablation row 'ReBRAC w/o actor penalty'; averaged over 4 unseen training seeds (not 10); table header gives only dataset suffix, environment from caption. Per-dataset beta values for ablation rows assumed same as Table 11 (paper says 'each modification was disabled while keeping all the others').",Table 33 vs main Table 2
2305.09836|ReBRAC|actor_penalty=off (beta1=0)|halfcheetah-medium-expert,2305.09836|ReBRAC|actor_penalty=off (beta1=0),2305.09836,d4rl,ReBRAC,ReBRAC,actor_penalty=off (beta1=0),halfcheetah-medium-expert,101.1,71.6,-29.5,"variant: actor_penalty=off (beta1=0); conditions: {""beta1_actor_penalty"": ""0 (disabled)"", ""layernorm"": ""true (critic)"", ""batch_size"": ""1024"", ""num_hidden_layers"": ""3"", ""beta2_critic_penalty"": ""0.1""}; notes: Appendix G ablation row 'ReBRAC w/o actor penalty'; averaged over 4 unseen training seeds (not 10); table header gives only dataset suffix, environment from caption. Per-dataset beta values for ablation rows assumed same as Table 11 (paper says 'each modification was disabled while keeping all the others').",Table 33 vs main Table 2
2305.09836|ReBRAC|actor_penalty=off (beta1=0)|halfcheetah-medium-replay,2305.09836|ReBRAC|actor_penalty=off (beta1=0),2305.09836,d4rl,ReBRAC,ReBRAC,actor_penalty=off (beta1=0),halfcheetah-medium-replay,51.0,38.0,-13.0,"variant: actor_penalty=off (beta1=0); conditions: {""beta1_actor_penalty"": ""0 (disabled)"", ""layernorm"": ""true (critic)"", ""batch_size"": ""1024"", ""num_hidden_layers"": ""3"", ""beta2_critic_penalty"": ""0.001""}; notes: Appendix G ablation row 'ReBRAC w/o actor penalty'; averaged over 4 unseen training seeds (not 10); table header gives only dataset suffix, environment from caption. Per-dataset beta values for ablation rows assumed same as Table 11 (paper says 'each modification was disabled while keeping all the others').",Table 33 vs main Table 2
2305.09836|ReBRAC|actor_penalty=off (beta1=0)|halfcheetah-full-replay,2305.09836|ReBRAC|actor_penalty=off (beta1=0),2305.09836,d4rl,ReBRAC,ReBRAC,actor_penalty=off (beta1=0),halfcheetah-full-replay,82.1,59.3,-22.8,"variant: actor_penalty=off (beta1=0); conditions: {""beta1_actor_penalty"": ""0 (disabled)"", ""layernorm"": ""true (critic)"", ""batch_size"": ""1024"", ""num_hidden_layers"": ""3"", ""beta2_critic_penalty"": ""0.1""}; notes: Appendix G ablation row 'ReBRAC w/o actor penalty'; averaged over 4 unseen training seeds (not 10); table header gives only dataset suffix, environment from caption. Per-dataset beta values for ablation rows assumed same as Table 11 (paper says 'each modification was disabled while keeping all the others').",Table 33 vs main Table 2
2305.09836|ReBRAC|critic_penalty=off (beta2=0)|halfcheetah-random,2305.09836|ReBRAC|critic_penalty=off (beta2=0),2305.09836,d4rl,ReBRAC,ReBRAC,critic_penalty=off (beta2=0),halfcheetah-random,29.5,28.1,-1.4,"variant: critic_penalty=off (beta2=0); conditions: {""beta2_critic_penalty"": ""0 (disabled)"", ""layernorm"": ""true (critic)"", ""batch_size"": ""1024"", ""num_hidden_layers"": ""3"", ""beta1_actor_penalty"": ""0.001""}; notes: Appendix G ablation row 'ReBRAC w/o critic penalty'; averaged over 4 unseen training seeds (not 10); table header gives only dataset suffix, environment from caption. Per-dataset beta values for ablation rows assumed same as Table 11 (paper says 'each modification was disabled while keeping all the others').",Table 33 vs main Table 2
2305.09836|ReBRAC|critic_penalty=off (beta2=0)|halfcheetah-medium,2305.09836|ReBRAC|critic_penalty=off (beta2=0),2305.09836,d4rl,ReBRAC,ReBRAC,critic_penalty=off (beta2=0),halfcheetah-medium,65.6,65.7,0.1,"variant: critic_penalty=off (beta2=0); conditions: {""beta2_critic_penalty"": ""0 (disabled)"", ""layernorm"": ""true (critic)"", ""batch_size"": ""1024"", ""num_hidden_layers"": ""3"", ""beta1_actor_penalty"": ""0.001""}; notes: Appendix G ablation row 'ReBRAC w/o critic penalty'; averaged over 4 unseen training seeds (not 10); table header gives only dataset suffix, environment from caption. Per-dataset beta values for ablation rows assumed same as Table 11 (paper says 'each modification was disabled while keeping all the others').",Table 33 vs main Table 2
2305.09836|ReBRAC|critic_penalty=off (beta2=0)|halfcheetah-expert,2305.09836|ReBRAC|critic_penalty=off (beta2=0),2305.09836,d4rl,ReBRAC,ReBRAC,critic_penalty=off (beta2=0),halfcheetah-expert,105.9,104.2,-1.7,"variant: critic_penalty=off (beta2=0); conditions: {""beta2_critic_penalty"": ""0 (disabled)"", ""layernorm"": ""true (critic)"", ""batch_size"": ""1024"", ""num_hidden_layers"": ""3"", ""beta1_actor_penalty"": ""0.01""}; notes: Appendix G ablation row 'ReBRAC w/o critic penalty'; averaged over 4 unseen training seeds (not 10); table header gives only dataset suffix, environment from caption. Per-dataset beta values for ablation rows assumed same as Table 11 (paper says 'each modification was disabled while keeping all the others').",Table 33 vs main Table 2
2305.09836|ReBRAC|critic_penalty=off (beta2=0)|halfcheetah-medium-expert,2305.09836|ReBRAC|critic_penalty=off (beta2=0),2305.09836,d4rl,ReBRAC,ReBRAC,critic_penalty=off (beta2=0),halfcheetah-medium-expert,101.1,100.5,-0.6,"variant: critic_penalty=off (beta2=0); conditions: {""beta2_critic_penalty"": ""0 (disabled)"", ""layernorm"": ""true (critic)"", ""batch_size"": ""1024"", ""num_hidden_layers"": ""3"", ""beta1_actor_penalty"": ""0.01""}; notes: Appendix G ablation row 'ReBRAC w/o critic penalty'; averaged over 4 unseen training seeds (not 10); table header gives only dataset suffix, environment from caption. Per-dataset beta values for ablation rows assumed same as Table 11 (paper says 'each modification was disabled while keeping all the others').",Table 33 vs main Table 2
2305.09836|ReBRAC|critic_penalty=off (beta2=0)|halfcheetah-medium-replay,2305.09836|ReBRAC|critic_penalty=off (beta2=0),2305.09836,d4rl,ReBRAC,ReBRAC,critic_penalty=off (beta2=0),halfcheetah-medium-replay,51.0,50.7,-0.3,"variant: critic_penalty=off (beta2=0); conditions: {""beta2_critic_penalty"": ""0 (disabled)"", ""layernorm"": ""true (critic)"", ""batch_size"": ""1024"", ""num_hidden_layers"": ""3"", ""beta1_actor_penalty"": ""0.01""}; notes: Appendix G ablation row 'ReBRAC w/o critic penalty'; averaged over 4 unseen training seeds (not 10); table header gives only dataset suffix, environment from caption. Per-dataset beta values for ablation rows assumed same as Table 11 (paper says 'each modification was disabled while keeping all the others').",Table 33 vs main Table 2
2305.09836|ReBRAC|critic_penalty=off (beta2=0)|halfcheetah-full-replay,2305.09836|ReBRAC|critic_penalty=off (beta2=0),2305.09836,d4rl,ReBRAC,ReBRAC,critic_penalty=off (beta2=0),halfcheetah-full-replay,82.1,81.7,-0.4,"variant: critic_penalty=off (beta2=0); conditions: {""beta2_critic_penalty"": ""0 (disabled)"", ""layernorm"": ""true (critic)"", ""batch_size"": ""1024"", ""num_hidden_layers"": ""3"", ""beta1_actor_penalty"": ""0.001""}; notes: Appendix G ablation row 'ReBRAC w/o critic penalty'; averaged over 4 unseen training seeds (not 10); table header gives only dataset suffix, environment from caption. Per-dataset beta values for ablation rows assumed same as Table 11 (paper says 'each modification was disabled while keeping all the others').",Table 33 vs main Table 2
2305.09836|ReBRAC|batch_size=256 (w/o large batch)|halfcheetah-random,2305.09836|ReBRAC|batch_size=256 (w/o large batch),2305.09836,d4rl,ReBRAC,ReBRAC,batch_size=256 (w/o large batch),halfcheetah-random,29.5,21.0,-8.5,"variant: batch_size=256 (w/o large batch); conditions: {""batch_size"": ""256"", ""layernorm"": ""true (critic)"", ""num_hidden_layers"": ""3"", ""beta1_actor_penalty"": ""0.001"", ""beta2_critic_penalty"": ""0.1""}; notes: Appendix G ablation row 'ReBRAC w/o large batch'; averaged over 4 unseen training seeds (not 10); table header gives only dataset suffix, environment from caption. Per-dataset beta values for ablation rows assumed same as Table 11 (paper says 'each modification was disabled while keeping all the others').",Table 33 vs main Table 2
2305.09836|ReBRAC|batch_size=256 (w/o large batch)|halfcheetah-medium,2305.09836|ReBRAC|batch_size=256 (w/o large batch),2305.09836,d4rl,ReBRAC,ReBRAC,batch_size=256 (w/o large batch),halfcheetah-medium,65.6,65.8,0.2,"variant: batch_size=256 (w/o large batch); conditions: {""batch_size"": ""256"", ""layernorm"": ""true (critic)"", ""num_hidden_layers"": ""3"", ""beta1_actor_penalty"": ""0.001"", ""beta2_critic_penalty"": ""0.01""}; notes: Appendix G ablation row 'ReBRAC w/o large batch'; averaged over 4 unseen training seeds (not 10); table header gives only dataset suffix, environment from caption. Per-dataset beta values for ablation rows assumed same as Table 11 (paper says 'each modification was disabled while keeping all the others').",Table 33 vs main Table 2
2305.09836|ReBRAC|batch_size=256 (w/o large batch)|halfcheetah-expert,2305.09836|ReBRAC|batch_size=256 (w/o large batch),2305.09836,d4rl,ReBRAC,ReBRAC,batch_size=256 (w/o large batch),halfcheetah-expert,105.9,62.6,-43.3,"variant: batch_size=256 (w/o large batch); conditions: {""batch_size"": ""256"", ""layernorm"": ""true (critic)"", ""num_hidden_layers"": ""3"", ""beta1_actor_penalty"": ""0.01"", ""beta2_critic_penalty"": ""0.01""}; notes: Appendix G ablation row 'ReBRAC w/o large batch'; averaged over 4 unseen training seeds (not 10); table header gives only dataset suffix, environment from caption. Per-dataset beta values for ablation rows assumed same as Table 11 (paper says 'each modification was disabled while keeping all the others').",Table 33 vs main Table 2
2305.09836|ReBRAC|batch_size=256 (w/o large batch)|halfcheetah-medium-expert,2305.09836|ReBRAC|batch_size=256 (w/o large batch),2305.09836,d4rl,ReBRAC,ReBRAC,batch_size=256 (w/o large batch),halfcheetah-medium-expert,101.1,85.2,-15.9,"variant: batch_size=256 (w/o large batch); conditions: {""batch_size"": ""256"", ""layernorm"": ""true (critic)"", ""num_hidden_layers"": ""3"", ""beta1_actor_penalty"": ""0.01"", ""beta2_critic_penalty"": ""0.1""}; notes: Appendix G ablation row 'ReBRAC w/o large batch'; averaged over 4 unseen training seeds (not 10); table header gives only dataset suffix, environment from caption. Per-dataset beta values for ablation rows assumed same as Table 11 (paper says 'each modification was disabled while keeping all the others').",Table 33 vs main Table 2
2305.09836|ReBRAC|batch_size=256 (w/o large batch)|halfcheetah-medium-replay,2305.09836|ReBRAC|batch_size=256 (w/o large batch),2305.09836,d4rl,ReBRAC,ReBRAC,batch_size=256 (w/o large batch),halfcheetah-medium-replay,51.0,50.7,-0.3,"variant: batch_size=256 (w/o large batch); conditions: {""batch_size"": ""256"", ""layernorm"": ""true (critic)"", ""num_hidden_layers"": ""3"", ""beta1_actor_penalty"": ""0.01"", ""beta2_critic_penalty"": ""0.001""}; notes: Appendix G ablation row 'ReBRAC w/o large batch'; averaged over 4 unseen training seeds (not 10); table header gives only dataset suffix, environment from caption. Per-dataset beta values for ablation rows assumed same as Table 11 (paper says 'each modification was disabled while keeping all the others').",Table 33 vs main Table 2
2305.09836|ReBRAC|batch_size=256 (w/o large batch)|halfcheetah-full-replay,2305.09836|ReBRAC|batch_size=256 (w/o large batch),2305.09836,d4rl,ReBRAC,ReBRAC,batch_size=256 (w/o large batch),halfcheetah-full-replay,82.1,81.9,-0.2,"variant: batch_size=256 (w/o large batch); conditions: {""batch_size"": ""256"", ""layernorm"": ""true (critic)"", ""num_hidden_layers"": ""3"", ""beta1_actor_penalty"": ""0.001"", ""beta2_critic_penalty"": ""0.1""}; notes: Appendix G ablation row 'ReBRAC w/o large batch'; averaged over 4 unseen training seeds (not 10); table header gives only dataset suffix, environment from caption. Per-dataset beta values for ablation rows assumed same as Table 11 (paper says 'each modification was disabled while keeping all the others').",Table 33 vs main Table 2
2305.09836|ReBRAC|layernorm=off|hopper-random,2305.09836|ReBRAC|layernorm=off,2305.09836,d4rl,ReBRAC,ReBRAC,layernorm=off,hopper-random,8.1,12.2,4.1,"variant: layernorm=off; conditions: {""layernorm"": ""false"", ""batch_size"": ""1024"", ""num_hidden_layers"": ""3"", ""beta1_actor_penalty"": ""0.001"", ""beta2_critic_penalty"": ""0.01""}; notes: Appendix G ablation row 'ReBRAC w/o LN'; averaged over 4 unseen training seeds (not 10); table header gives only dataset suffix, environment from caption. Per-dataset beta values for ablation rows assumed same as Table 11 (paper says 'each modification was disabled while keeping all the others').",Table 34 vs main Table 2
2305.09836|ReBRAC|layernorm=off|hopper-medium,2305.09836|ReBRAC|layernorm=off,2305.09836,d4rl,ReBRAC,ReBRAC,layernorm=off,hopper-medium,102.0,1.0,-101.0,"variant: layernorm=off; conditions: {""layernorm"": ""false"", ""batch_size"": ""1024"", ""num_hidden_layers"": ""3"", ""beta1_actor_penalty"": ""0.01"", ""beta2_critic_penalty"": ""0.001""}; notes: Appendix G ablation row 'ReBRAC w/o LN'; averaged over 4 unseen training seeds (not 10); table header gives only dataset suffix, environment from caption. Per-dataset beta values for ablation rows assumed same as Table 11 (paper says 'each modification was disabled while keeping all the others').",Table 34 vs main Table 2
2305.09836|ReBRAC|layernorm=off|hopper-expert,2305.09836|ReBRAC|layernorm=off,2305.09836,d4rl,ReBRAC,ReBRAC,layernorm=off,hopper-expert,100.1,111.1,11.0,"variant: layernorm=off; conditions: {""layernorm"": ""false"", ""batch_size"": ""1024"", ""num_hidden_layers"": ""3"", ""beta1_actor_penalty"": ""0.1"", ""beta2_critic_penalty"": ""0.001""}; notes: Appendix G ablation row 'ReBRAC w/o LN'; averaged over 4 unseen training seeds (not 10); table header gives only dataset suffix, environment from caption. Per-dataset beta values for ablation rows assumed same as Table 11 (paper says 'each modification was disabled while keeping all the others').",Table 34 vs main Table 2
2305.09836|ReBRAC|layernorm=off|hopper-medium-expert,2305.09836|ReBRAC|layernorm=off,2305.09836,d4rl,ReBRAC,ReBRAC,layernorm=off,hopper-medium-expert,107.0,112.4,5.4,"variant: layernorm=off; conditions: {""layernorm"": ""false"", ""batch_size"": ""1024"", ""num_hidden_layers"": ""3"", ""beta1_actor_penalty"": ""0.1"", ""beta2_critic_penalty"": ""0.01""}; notes: Appendix G ablation row 'ReBRAC w/o LN'; averaged over 4 unseen training seeds (not 10); table header gives only dataset suffix, environment from caption. Per-dataset beta values for ablation rows assumed same as Table 11 (paper says 'each modification was disabled while keeping all the others').",Table 34 vs main Table 2
2305.09836|ReBRAC|layernorm=off|hopper-medium-replay,2305.09836|ReBRAC|layernorm=off,2305.09836,d4rl,ReBRAC,ReBRAC,layernorm=off,hopper-medium-replay,98.1,57.4,-40.7,"variant: layernorm=off; conditions: {""layernorm"": ""false"", ""batch_size"": ""1024"", ""num_hidden_layers"": ""3"", ""beta1_actor_penalty"": ""0.05"", ""beta2_critic_penalty"": ""0.5""}; notes: Appendix G ablation row 'ReBRAC w/o LN'; averaged over 4 unseen training seeds (not 10); table header gives only dataset suffix, environment from caption. Per-dataset beta values for ablation rows assumed same as Table 11 (paper says 'each modification was disabled while keeping all the others').",Table 34 vs main Table 2
2305.09836|ReBRAC|layernorm=off|hopper-full-replay,2305.09836|ReBRAC|layernorm=off,2305.09836,d4rl,ReBRAC,ReBRAC,layernorm=off,hopper-full-replay,107.1,107.2,0.1,"variant: layernorm=off; conditions: {""layernorm"": ""false"", ""batch_size"": ""1024"", ""num_hidden_layers"": ""3"", ""beta1_actor_penalty"": ""0.01"", ""beta2_critic_penalty"": ""0.01""}; notes: Appendix G ablation row 'ReBRAC w/o LN'; averaged over 4 unseen training seeds (not 10); table header gives only dataset suffix, environment from caption. Per-dataset beta values for ablation rows assumed same as Table 11 (paper says 'each modification was disabled while keeping all the others').",Table 34 vs main Table 2
2305.09836|ReBRAC|num_hidden_layers=2 (w/o extra layer)|hopper-random,2305.09836|ReBRAC|num_hidden_layers=2 (w/o extra layer),2305.09836,d4rl,ReBRAC,ReBRAC,num_hidden_layers=2 (w/o extra layer),hopper-random,8.1,8.8,0.7,"variant: num_hidden_layers=2 (w/o extra layer); conditions: {""num_hidden_layers"": ""2"", ""layernorm"": ""true (critic)"", ""batch_size"": ""1024"", ""beta1_actor_penalty"": ""0.001"", ""beta2_critic_penalty"": ""0.01""}; notes: Appendix G ablation row 'ReBRAC w/o layer'; averaged over 4 unseen training seeds (not 10); table header gives only dataset suffix, environment from caption. Per-dataset beta values for ablation rows assumed same as Table 11 (paper says 'each modification was disabled while keeping all the others').",Table 34 vs main Table 2
2305.09836|ReBRAC|num_hidden_layers=2 (w/o extra layer)|hopper-medium,2305.09836|ReBRAC|num_hidden_layers=2 (w/o extra layer),2305.09836,d4rl,ReBRAC,ReBRAC,num_hidden_layers=2 (w/o extra layer),hopper-medium,102.0,101.8,-0.2,"variant: num_hidden_layers=2 (w/o extra layer); conditions: {""num_hidden_layers"": ""2"", ""layernorm"": ""true (critic)"", ""batch_size"": ""1024"", ""beta1_actor_penalty"": ""0.01"", ""beta2_critic_penalty"": ""0.001""}; notes: Appendix G ablation row 'ReBRAC w/o layer'; averaged over 4 unseen training seeds (not 10); table header gives only dataset suffix, environment from caption. Per-dataset beta values for ablation rows assumed same as Table 11 (paper says 'each modification was disabled while keeping all the others').",Table 34 vs main Table 2
2305.09836|ReBRAC|num_hidden_layers=2 (w/o extra layer)|hopper-expert,2305.09836|ReBRAC|num_hidden_layers=2 (w/o extra layer),2305.09836,d4rl,ReBRAC,ReBRAC,num_hidden_layers=2 (w/o extra layer),hopper-expert,100.1,103.7,3.6,"variant: num_hidden_layers=2 (w/o extra layer); conditions: {""num_hidden_layers"": ""2"", ""layernorm"": ""true (critic)"", ""batch_size"": ""1024"", ""beta1_actor_penalty"": ""0.1"", ""beta2_critic_penalty"": ""0.001""}; notes: Appendix G ablation row 'ReBRAC w/o layer'; averaged over 4 unseen training seeds (not 10); table header gives only dataset suffix, environment from caption. Per-dataset beta values for ablation rows assumed same as Table 11 (paper says 'each modification was disabled while keeping all the others').",Table 34 vs main Table 2
2305.09836|ReBRAC|num_hidden_layers=2 (w/o extra layer)|hopper-medium-expert,2305.09836|ReBRAC|num_hidden_layers=2 (w/o extra layer),2305.09836,d4rl,ReBRAC,ReBRAC,num_hidden_layers=2 (w/o extra layer),hopper-medium-expert,107.0,104.1,-2.9,"variant: num_hidden_layers=2 (w/o extra layer); conditions: {""num_hidden_layers"": ""2"", ""layernorm"": ""true (critic)"", ""batch_size"": ""1024"", ""beta1_actor_penalty"": ""0.1"", ""beta2_critic_penalty"": ""0.01""}; notes: Appendix G ablation row 'ReBRAC w/o layer'; averaged over 4 unseen training seeds (not 10); table header gives only dataset suffix, environment from caption. Per-dataset beta values for ablation rows assumed same as Table 11 (paper says 'each modification was disabled while keeping all the others').",Table 34 vs main Table 2
2305.09836|ReBRAC|num_hidden_layers=2 (w/o extra layer)|hopper-medium-replay,2305.09836|ReBRAC|num_hidden_layers=2 (w/o extra layer),2305.09836,d4rl,ReBRAC,ReBRAC,num_hidden_layers=2 (w/o extra layer),hopper-medium-replay,98.1,97.5,-0.6,"variant: num_hidden_layers=2 (w/o extra layer); conditions: {""num_hidden_layers"": ""2"", ""layernorm"": ""true (critic)"", ""batch_size"": ""1024"", ""beta1_actor_penalty"": ""0.05"", ""beta2_critic_penalty"": ""0.5""}; notes: Appendix G ablation row 'ReBRAC w/o layer'; averaged over 4 unseen training seeds (not 10); table header gives only dataset suffix, environment from caption. Per-dataset beta values for ablation rows assumed same as Table 11 (paper says 'each modification was disabled while keeping all the others').",Table 34 vs main Table 2
2305.09836|ReBRAC|num_hidden_layers=2 (w/o extra layer)|hopper-full-replay,2305.09836|ReBRAC|num_hidden_layers=2 (w/o extra layer),2305.09836,d4rl,ReBRAC,ReBRAC,num_hidden_layers=2 (w/o extra layer),hopper-full-replay,107.1,106.5,-0.6,"variant: num_hidden_layers=2 (w/o extra layer); conditions: {""num_hidden_layers"": ""2"", ""layernorm"": ""true (critic)"", ""batch_size"": ""1024"", ""beta1_actor_penalty"": ""0.01"", ""beta2_critic_penalty"": ""0.01""}; notes: Appendix G ablation row 'ReBRAC w/o layer'; averaged over 4 unseen training seeds (not 10); table header gives only dataset suffix, environment from caption. Per-dataset beta values for ablation rows assumed same as Table 11 (paper says 'each modification was disabled while keeping all the others').",Table 34 vs main Table 2
2305.09836|ReBRAC|actor_penalty=off (beta1=0)|hopper-random,2305.09836|ReBRAC|actor_penalty=off (beta1=0),2305.09836,d4rl,ReBRAC,ReBRAC,actor_penalty=off (beta1=0),hopper-random,8.1,7.5,-0.6,"variant: actor_penalty=off (beta1=0); conditions: {""beta1_actor_penalty"": ""0 (disabled)"", ""layernorm"": ""true (critic)"", ""batch_size"": ""1024"", ""num_hidden_layers"": ""3"", ""beta2_critic_penalty"": ""0.01""}; notes: Appendix G ablation row 'ReBRAC w/o actor penalty'; averaged over 4 unseen training seeds (not 10); table header gives only dataset suffix, environment from caption. Per-dataset beta values for ablation rows assumed same as Table 11 (paper says 'each modification was disabled while keeping all the others').",Table 34 vs main Table 2
2305.09836|ReBRAC|actor_penalty=off (beta1=0)|hopper-medium,2305.09836|ReBRAC|actor_penalty=off (beta1=0),2305.09836,d4rl,ReBRAC,ReBRAC,actor_penalty=off (beta1=0),hopper-medium,102.0,1.7,-100.3,"variant: actor_penalty=off (beta1=0); conditions: {""beta1_actor_penalty"": ""0 (disabled)"", ""layernorm"": ""true (critic)"", ""batch_size"": ""1024"", ""num_hidden_layers"": ""3"", ""beta2_critic_penalty"": ""0.001""}; notes: Appendix G ablation row 'ReBRAC w/o actor penalty'; averaged over 4 unseen training seeds (not 10); table header gives only dataset suffix, environment from caption. Per-dataset beta values for ablation rows assumed same as Table 11 (paper says 'each modification was disabled while keeping all the others').",Table 34 vs main Table 2
2305.09836|ReBRAC|actor_penalty=off (beta1=0)|hopper-expert,2305.09836|ReBRAC|actor_penalty=off (beta1=0),2305.09836,d4rl,ReBRAC,ReBRAC,actor_penalty=off (beta1=0),hopper-expert,100.1,1.1,-99.0,"variant: actor_penalty=off (beta1=0); conditions: {""beta1_actor_penalty"": ""0 (disabled)"", ""layernorm"": ""true (critic)"", ""batch_size"": ""1024"", ""num_hidden_layers"": ""3"", ""beta2_critic_penalty"": ""0.001""}; notes: Appendix G ablation row 'ReBRAC w/o actor penalty'; averaged over 4 unseen training seeds (not 10); table header gives only dataset suffix, environment from caption. Per-dataset beta values for ablation rows assumed same as Table 11 (paper says 'each modification was disabled while keeping all the others').",Table 34 vs main Table 2
2305.09836|ReBRAC|actor_penalty=off (beta1=0)|hopper-medium-expert,2305.09836|ReBRAC|actor_penalty=off (beta1=0),2305.09836,d4rl,ReBRAC,ReBRAC,actor_penalty=off (beta1=0),hopper-medium-expert,107.0,1.6,-105.4,"variant: actor_penalty=off (beta1=0); conditions: {""beta1_actor_penalty"": ""0 (disabled)"", ""layernorm"": ""true (critic)"", ""batch_size"": ""1024"", ""num_hidden_layers"": ""3"", ""beta2_critic_penalty"": ""0.01""}; notes: Appendix G ablation row 'ReBRAC w/o actor penalty'; averaged over 4 unseen training seeds (not 10); table header gives only dataset suffix, environment from caption. Per-dataset beta values for ablation rows assumed same as Table 11 (paper says 'each modification was disabled while keeping all the others').",Table 34 vs main Table 2
2305.09836|ReBRAC|actor_penalty=off (beta1=0)|hopper-medium-replay,2305.09836|ReBRAC|actor_penalty=off (beta1=0),2305.09836,d4rl,ReBRAC,ReBRAC,actor_penalty=off (beta1=0),hopper-medium-replay,98.1,24.4,-73.7,"variant: actor_penalty=off (beta1=0); conditions: {""beta1_actor_penalty"": ""0 (disabled)"", ""layernorm"": ""true (critic)"", ""batch_size"": ""1024"", ""num_hidden_layers"": ""3"", ""beta2_critic_penalty"": ""0.5""}; notes: Appendix G ablation row 'ReBRAC w/o actor penalty'; averaged over 4 unseen training seeds (not 10); table header gives only dataset suffix, environment from caption. Per-dataset beta values for ablation rows assumed same as Table 11 (paper says 'each modification was disabled while keeping all the others').",Table 34 vs main Table 2
2305.09836|ReBRAC|actor_penalty=off (beta1=0)|hopper-full-replay,2305.09836|ReBRAC|actor_penalty=off (beta1=0),2305.09836,d4rl,ReBRAC,ReBRAC,actor_penalty=off (beta1=0),hopper-full-replay,107.1,27.7,-79.4,"variant: actor_penalty=off (beta1=0); conditions: {""beta1_actor_penalty"": ""0 (disabled)"", ""layernorm"": ""true (critic)"", ""batch_size"": ""1024"", ""num_hidden_layers"": ""3"", ""beta2_critic_penalty"": ""0.01""}; notes: Appendix G ablation row 'ReBRAC w/o actor penalty'; averaged over 4 unseen training seeds (not 10); table header gives only dataset suffix, environment from caption. Per-dataset beta values for ablation rows assumed same as Table 11 (paper says 'each modification was disabled while keeping all the others').",Table 34 vs main Table 2
2305.09836|ReBRAC|critic_penalty=off (beta2=0)|hopper-random,2305.09836|ReBRAC|critic_penalty=off (beta2=0),2305.09836,d4rl,ReBRAC,ReBRAC,critic_penalty=off (beta2=0),hopper-random,8.1,7.4,-0.7,"variant: critic_penalty=off (beta2=0); conditions: {""beta2_critic_penalty"": ""0 (disabled)"", ""layernorm"": ""true (critic)"", ""batch_size"": ""1024"", ""num_hidden_layers"": ""3"", ""beta1_actor_penalty"": ""0.001""}; notes: Appendix G ablation row 'ReBRAC w/o critic penalty'; averaged over 4 unseen training seeds (not 10); table header gives only dataset suffix, environment from caption. Per-dataset beta values for ablation rows assumed same as Table 11 (paper says 'each modification was disabled while keeping all the others').",Table 34 vs main Table 2
2305.09836|ReBRAC|critic_penalty=off (beta2=0)|hopper-medium,2305.09836|ReBRAC|critic_penalty=off (beta2=0),2305.09836,d4rl,ReBRAC,ReBRAC,critic_penalty=off (beta2=0),hopper-medium,102.0,102.3,0.3,"variant: critic_penalty=off (beta2=0); conditions: {""beta2_critic_penalty"": ""0 (disabled)"", ""layernorm"": ""true (critic)"", ""batch_size"": ""1024"", ""num_hidden_layers"": ""3"", ""beta1_actor_penalty"": ""0.01""}; notes: Appendix G ablation row 'ReBRAC w/o critic penalty'; averaged over 4 unseen training seeds (not 10); table header gives only dataset suffix, environment from caption. Per-dataset beta values for ablation rows assumed same as Table 11 (paper says 'each modification was disabled while keeping all the others').",Table 34 vs main Table 2
2305.09836|ReBRAC|critic_penalty=off (beta2=0)|hopper-expert,2305.09836|ReBRAC|critic_penalty=off (beta2=0),2305.09836,d4rl,ReBRAC,ReBRAC,critic_penalty=off (beta2=0),hopper-expert,100.1,103.4,3.3,"variant: critic_penalty=off (beta2=0); conditions: {""beta2_critic_penalty"": ""0 (disabled)"", ""layernorm"": ""true (critic)"", ""batch_size"": ""1024"", ""num_hidden_layers"": ""3"", ""beta1_actor_penalty"": ""0.1""}; notes: Appendix G ablation row 'ReBRAC w/o critic penalty'; averaged over 4 unseen training seeds (not 10); table header gives only dataset suffix, environment from caption. Per-dataset beta values for ablation rows assumed same as Table 11 (paper says 'each modification was disabled while keeping all the others').",Table 34 vs main Table 2
2305.09836|ReBRAC|critic_penalty=off (beta2=0)|hopper-medium-expert,2305.09836|ReBRAC|critic_penalty=off (beta2=0),2305.09836,d4rl,ReBRAC,ReBRAC,critic_penalty=off (beta2=0),hopper-medium-expert,107.0,111.2,4.2,"variant: critic_penalty=off (beta2=0); conditions: {""beta2_critic_penalty"": ""0 (disabled)"", ""layernorm"": ""true (critic)"", ""batch_size"": ""1024"", ""num_hidden_layers"": ""3"", ""beta1_actor_penalty"": ""0.1""}; notes: Appendix G ablation row 'ReBRAC w/o critic penalty'; averaged over 4 unseen training seeds (not 10); table header gives only dataset suffix, environment from caption. Per-dataset beta values for ablation rows assumed same as Table 11 (paper says 'each modification was disabled while keeping all the others').",Table 34 vs main Table 2
2305.09836|ReBRAC|critic_penalty=off (beta2=0)|hopper-medium-replay,2305.09836|ReBRAC|critic_penalty=off (beta2=0),2305.09836,d4rl,ReBRAC,ReBRAC,critic_penalty=off (beta2=0),hopper-medium-replay,98.1,83.1,-15.0,"variant: critic_penalty=off (beta2=0); conditions: {""beta2_critic_penalty"": ""0 (disabled)"", ""layernorm"": ""true (critic)"", ""batch_size"": ""1024"", ""num_hidden_layers"": ""3"", ""beta1_actor_penalty"": ""0.05""}; notes: Appendix G ablation row 'ReBRAC w/o critic penalty'; averaged over 4 unseen training seeds (not 10); table header gives only dataset suffix, environment from caption. Per-dataset beta values for ablation rows assumed same as Table 11 (paper says 'each modification was disabled while keeping all the others').",Table 34 vs main Table 2
2305.09836|ReBRAC|critic_penalty=off (beta2=0)|hopper-full-replay,2305.09836|ReBRAC|critic_penalty=off (beta2=0),2305.09836,d4rl,ReBRAC,ReBRAC,critic_penalty=off (beta2=0),hopper-full-replay,107.1,107.5,0.4,"variant: critic_penalty=off (beta2=0); conditions: {""beta2_critic_penalty"": ""0 (disabled)"", ""layernorm"": ""true (critic)"", ""batch_size"": ""1024"", ""num_hidden_layers"": ""3"", ""beta1_actor_penalty"": ""0.01""}; notes: Appendix G ablation row 'ReBRAC w/o critic penalty'; averaged over 4 unseen training seeds (not 10); table header gives only dataset suffix, environment from caption. Per-dataset beta values for ablation rows assumed same as Table 11 (paper says 'each modification was disabled while keeping all the others').",Table 34 vs main Table 2
2305.09836|ReBRAC|batch_size=256 (w/o large batch)|hopper-random,2305.09836|ReBRAC|batch_size=256 (w/o large batch),2305.09836,d4rl,ReBRAC,ReBRAC,batch_size=256 (w/o large batch),hopper-random,8.1,8.6,0.5,"variant: batch_size=256 (w/o large batch); conditions: {""batch_size"": ""256"", ""layernorm"": ""true (critic)"", ""num_hidden_layers"": ""3"", ""beta1_actor_penalty"": ""0.001"", ""beta2_critic_penalty"": ""0.01""}; notes: Appendix G ablation row 'ReBRAC w/o large batch'; averaged over 4 unseen training seeds (not 10); table header gives only dataset suffix, environment from caption. Per-dataset beta values for ablation rows assumed same as Table 11 (paper says 'each modification was disabled while keeping all the others').",Table 34 vs main Table 2
2305.09836|ReBRAC|batch_size=256 (w/o large batch)|hopper-medium,2305.09836|ReBRAC|batch_size=256 (w/o large batch),2305.09836,d4rl,ReBRAC,ReBRAC,batch_size=256 (w/o large batch),hopper-medium,102.0,98.9,-3.1,"variant: batch_size=256 (w/o large batch); conditions: {""batch_size"": ""256"", ""layernorm"": ""true (critic)"", ""num_hidden_layers"": ""3"", ""beta1_actor_penalty"": ""0.01"", ""beta2_critic_penalty"": ""0.001""}; notes: Appendix G ablation row 'ReBRAC w/o large batch'; averaged over 4 unseen training seeds (not 10); table header gives only dataset suffix, environment from caption. Per-dataset beta values for ablation rows assumed same as Table 11 (paper says 'each modification was disabled while keeping all the others').",Table 34 vs main Table 2
2305.09836|ReBRAC|batch_size=256 (w/o large batch)|hopper-expert,2305.09836|ReBRAC|batch_size=256 (w/o large batch),2305.09836,d4rl,ReBRAC,ReBRAC,batch_size=256 (w/o large batch),hopper-expert,100.1,98.8,-1.3,"variant: batch_size=256 (w/o large batch); conditions: {""batch_size"": ""256"", ""layernorm"": ""true (critic)"", ""num_hidden_layers"": ""3"", ""beta1_actor_penalty"": ""0.1"", ""beta2_critic_penalty"": ""0.001""}; notes: Appendix G ablation row 'ReBRAC w/o large batch'; averaged over 4 unseen training seeds (not 10); table header gives only dataset suffix, environment from caption. Per-dataset beta values for ablation rows assumed same as Table 11 (paper says 'each modification was disabled while keeping all the others').",Table 34 vs main Table 2
2305.09836|ReBRAC|batch_size=256 (w/o large batch)|hopper-medium-expert,2305.09836|ReBRAC|batch_size=256 (w/o large batch),2305.09836,d4rl,ReBRAC,ReBRAC,batch_size=256 (w/o large batch),hopper-medium-expert,107.0,107.8,0.8,"variant: batch_size=256 (w/o large batch); conditions: {""batch_size"": ""256"", ""layernorm"": ""true (critic)"", ""num_hidden_layers"": ""3"", ""beta1_actor_penalty"": ""0.1"", ""beta2_critic_penalty"": ""0.01""}; notes: Appendix G ablation row 'ReBRAC w/o large batch'; averaged over 4 unseen training seeds (not 10); table header gives only dataset suffix, environment from caption. Per-dataset beta values for ablation rows assumed same as Table 11 (paper says 'each modification was disabled while keeping all the others').",Table 34 vs main Table 2
2305.09836|ReBRAC|batch_size=256 (w/o large batch)|hopper-medium-replay,2305.09836|ReBRAC|batch_size=256 (w/o large batch),2305.09836,d4rl,ReBRAC,ReBRAC,batch_size=256 (w/o large batch),hopper-medium-replay,98.1,96.2,-1.9,"variant: batch_size=256 (w/o large batch); conditions: {""batch_size"": ""256"", ""layernorm"": ""true (critic)"", ""num_hidden_layers"": ""3"", ""beta1_actor_penalty"": ""0.05"", ""beta2_critic_penalty"": ""0.5""}; notes: Appendix G ablation row 'ReBRAC w/o large batch'; averaged over 4 unseen training seeds (not 10); table header gives only dataset suffix, environment from caption. Per-dataset beta values for ablation rows assumed same as Table 11 (paper says 'each modification was disabled while keeping all the others').",Table 34 vs main Table 2
2305.09836|ReBRAC|batch_size=256 (w/o large batch)|hopper-full-replay,2305.09836|ReBRAC|batch_size=256 (w/o large batch),2305.09836,d4rl,ReBRAC,ReBRAC,batch_size=256 (w/o large batch),hopper-full-replay,107.1,106.6,-0.5,"variant: batch_size=256 (w/o large batch); conditions: {""batch_size"": ""256"", ""layernorm"": ""true (critic)"", ""num_hidden_layers"": ""3"", ""beta1_actor_penalty"": ""0.01"", ""beta2_critic_penalty"": ""0.01""}; notes: Appendix G ablation row 'ReBRAC w/o large batch'; averaged over 4 unseen training seeds (not 10); table header gives only dataset suffix, environment from caption. Per-dataset beta values for ablation rows assumed same as Table 11 (paper says 'each modification was disabled while keeping all the others').",Table 34 vs main Table 2
2305.09836|ReBRAC|layernorm=off|walker2d-random,2305.09836|ReBRAC|layernorm=off,2305.09836,d4rl,ReBRAC,ReBRAC,layernorm=off,walker2d-random,18.4,1.3,-17.1,"variant: layernorm=off; conditions: {""layernorm"": ""false"", ""batch_size"": ""1024"", ""num_hidden_layers"": ""3"", ""beta1_actor_penalty"": ""0.01"", ""beta2_critic_penalty"": ""0.0""}; notes: Appendix G ablation row 'ReBRAC w/o LN'; averaged over 4 unseen training seeds (not 10); table header gives only dataset suffix, environment from caption. Per-dataset beta values for ablation rows assumed same as Table 11 (paper says 'each modification was disabled while keeping all the others').",Table 35 vs main Table 2
2305.09836|ReBRAC|layernorm=off|walker2d-medium,2305.09836|ReBRAC|layernorm=off,2305.09836,d4rl,ReBRAC,ReBRAC,layernorm=off,walker2d-medium,82.5,84.3,1.8,"variant: layernorm=off; conditions: {""layernorm"": ""false"", ""batch_size"": ""1024"", ""num_hidden_layers"": ""3"", ""beta1_actor_penalty"": ""0.05"", ""beta2_critic_penalty"": ""0.1""}; notes: Appendix G ablation row 'ReBRAC w/o LN'; averaged over 4 unseen training seeds (not 10); table header gives only dataset suffix, environment from caption. Per-dataset beta values for ablation rows assumed same as Table 11 (paper says 'each modification was disabled while keeping all the others').",Table 35 vs main Table 2
2305.09836|ReBRAC|layernorm=off|walker2d-expert,2305.09836|ReBRAC|layernorm=off,2305.09836,d4rl,ReBRAC,ReBRAC,layernorm=off,walker2d-expert,112.3,8.3,-104.0,"variant: layernorm=off; conditions: {""layernorm"": ""false"", ""batch_size"": ""1024"", ""num_hidden_layers"": ""3"", ""beta1_actor_penalty"": ""0.01"", ""beta2_critic_penalty"": ""0.5""}; notes: Appendix G ablation row 'ReBRAC w/o LN'; averaged over 4 unseen training seeds (not 10); table header gives only dataset suffix, environment from caption. Per-dataset beta values for ablation rows assumed same as Table 11 (paper says 'each modification was disabled while keeping all the others').",Table 35 vs main Table 2
2305.09836|ReBRAC|layernorm=off|walker2d-medium-expert,2305.09836|ReBRAC|layernorm=off,2305.09836,d4rl,ReBRAC,ReBRAC,layernorm=off,walker2d-medium-expert,111.6,52.7,-58.9,"variant: layernorm=off; conditions: {""layernorm"": ""false"", ""batch_size"": ""1024"", ""num_hidden_layers"": ""3"", ""beta1_actor_penalty"": ""0.01"", ""beta2_critic_penalty"": ""0.01""}; notes: Appendix G ablation row 'ReBRAC w/o LN'; averaged over 4 unseen training seeds (not 10); table header gives only dataset suffix, environment from caption. Per-dataset beta values for ablation rows assumed same as Table 11 (paper says 'each modification was disabled while keeping all the others').",Table 35 vs main Table 2
2305.09836|ReBRAC|layernorm=off|walker2d-medium-replay,2305.09836|ReBRAC|layernorm=off,2305.09836,d4rl,ReBRAC,ReBRAC,layernorm=off,walker2d-medium-replay,77.3,78.9,1.6,"variant: layernorm=off; conditions: {""layernorm"": ""false"", ""batch_size"": ""1024"", ""num_hidden_layers"": ""3"", ""beta1_actor_penalty"": ""0.05"", ""beta2_critic_penalty"": ""0.01""}; notes: Appendix G ablation row 'ReBRAC w/o LN'; averaged over 4 unseen training seeds (not 10); table header gives only dataset suffix, environment from caption. Per-dataset beta values for ablation rows assumed same as Table 11 (paper says 'each modification was disabled while keeping all the others').",Table 35 vs main Table 2
2305.09836|ReBRAC|layernorm=off|walker2d-full-replay,2305.09836|ReBRAC|layernorm=off,2305.09836,d4rl,ReBRAC,ReBRAC,layernorm=off,walker2d-full-replay,102.2,61.1,-41.1,"variant: layernorm=off; conditions: {""layernorm"": ""false"", ""batch_size"": ""1024"", ""num_hidden_layers"": ""3"", ""beta1_actor_penalty"": ""0.01"", ""beta2_critic_penalty"": ""0.01""}; notes: Appendix G ablation row 'ReBRAC w/o LN'; averaged over 4 unseen training seeds (not 10); table header gives only dataset suffix, environment from caption. Per-dataset beta values for ablation rows assumed same as Table 11 (paper says 'each modification was disabled while keeping all the others').",Table 35 vs main Table 2
2305.09836|ReBRAC|num_hidden_layers=2 (w/o extra layer)|walker2d-random,2305.09836|ReBRAC|num_hidden_layers=2 (w/o extra layer),2305.09836,d4rl,ReBRAC,ReBRAC,num_hidden_layers=2 (w/o extra layer),walker2d-random,18.4,11.4,-7.0,"variant: num_hidden_layers=2 (w/o extra layer); conditions: {""num_hidden_layers"": ""2"", ""layernorm"": ""true (critic)"", ""batch_size"": ""1024"", ""beta1_actor_penalty"": ""0.01"", ""beta2_critic_penalty"": ""0.0""}; notes: Appendix G ablation row 'ReBRAC w/o layer'; averaged over 4 unseen training seeds (not 10); table header gives only dataset suffix, environment from caption. Per-dataset beta values for ablation rows assumed same as Table 11 (paper says 'each modification was disabled while keeping all the others').",Table 35 vs main Table 2
2305.09836|ReBRAC|num_hidden_layers=2 (w/o extra layer)|walker2d-medium,2305.09836|ReBRAC|num_hidden_layers=2 (w/o extra layer),2305.09836,d4rl,ReBRAC,ReBRAC,num_hidden_layers=2 (w/o extra layer),walker2d-medium,82.5,86.2,3.7,"variant: num_hidden_layers=2 (w/o extra layer); conditions: {""num_hidden_layers"": ""2"", ""layernorm"": ""true (critic)"", ""batch_size"": ""1024"", ""beta1_actor_penalty"": ""0.05"", ""beta2_critic_penalty"": ""0.1""}; notes: Appendix G ablation row 'ReBRAC w/o layer'; averaged over 4 unseen training seeds (not 10); table header gives only dataset suffix, environment from caption. Per-dataset beta values for ablation rows assumed same as Table 11 (paper says 'each modification was disabled while keeping all the others').",Table 35 vs main Table 2
2305.09836|ReBRAC|num_hidden_layers=2 (w/o extra layer)|walker2d-expert,2305.09836|ReBRAC|num_hidden_layers=2 (w/o extra layer),2305.09836,d4rl,ReBRAC,ReBRAC,num_hidden_layers=2 (w/o extra layer),walker2d-expert,112.3,112.1,-0.2,"variant: num_hidden_layers=2 (w/o extra layer); conditions: {""num_hidden_layers"": ""2"", ""layernorm"": ""true (critic)"", ""batch_size"": ""1024"", ""beta1_actor_penalty"": ""0.01"", ""beta2_critic_penalty"": ""0.5""}; notes: Appendix G ablation row 'ReBRAC w/o layer'; averaged over 4 unseen training seeds (not 10); table header gives only dataset suffix, environment from caption. Per-dataset beta values for ablation rows assumed same as Table 11 (paper says 'each modification was disabled while keeping all the others').",Table 35 vs main Table 2
2305.09836|ReBRAC|num_hidden_layers=2 (w/o extra layer)|walker2d-medium-expert,2305.09836|ReBRAC|num_hidden_layers=2 (w/o extra layer),2305.09836,d4rl,ReBRAC,ReBRAC,num_hidden_layers=2 (w/o extra layer),walker2d-medium-expert,111.6,111.9,0.3,"variant: num_hidden_layers=2 (w/o extra layer); conditions: {""num_hidden_layers"": ""2"", ""layernorm"": ""true (critic)"", ""batch_size"": ""1024"", ""beta1_actor_penalty"": ""0.01"", ""beta2_critic_penalty"": ""0.01""}; notes: Appendix G ablation row 'ReBRAC w/o layer'; averaged over 4 unseen training seeds (not 10); table header gives only dataset suffix, environment from caption. Per-dataset beta values for ablation rows assumed same as Table 11 (paper says 'each modification was disabled while keeping all the others').",Table 35 vs main Table 2
2305.09836|ReBRAC|num_hidden_layers=2 (w/o extra layer)|walker2d-medium-replay,2305.09836|ReBRAC|num_hidden_layers=2 (w/o extra layer),2305.09836,d4rl,ReBRAC,ReBRAC,num_hidden_layers=2 (w/o extra layer),walker2d-medium-replay,77.3,83.9,6.6,"variant: num_hidden_layers=2 (w/o extra layer); conditions: {""num_hidden_layers"": ""2"", ""layernorm"": ""true (critic)"", ""batch_size"": ""1024"", ""beta1_actor_penalty"": ""0.05"", ""beta2_critic_penalty"": ""0.01""}; notes: Appendix G ablation row 'ReBRAC w/o layer'; averaged over 4 unseen training seeds (not 10); table header gives only dataset suffix, environment from caption. Per-dataset beta values for ablation rows assumed same as Table 11 (paper says 'each modification was disabled while keeping all the others').",Table 35 vs main Table 2
2305.09836|ReBRAC|num_hidden_layers=2 (w/o extra layer)|walker2d-full-replay,2305.09836|ReBRAC|num_hidden_layers=2 (w/o extra layer),2305.09836,d4rl,ReBRAC,ReBRAC,num_hidden_layers=2 (w/o extra layer),walker2d-full-replay,102.2,101.8,-0.4,"variant: num_hidden_layers=2 (w/o extra layer); conditions: {""num_hidden_layers"": ""2"", ""layernorm"": ""true (critic)"", ""batch_size"": ""1024"", ""beta1_actor_penalty"": ""0.01"", ""beta2_critic_penalty"": ""0.01""}; notes: Appendix G ablation row 'ReBRAC w/o layer'; averaged over 4 unseen training seeds (not 10); table header gives only dataset suffix, environment from caption. Per-dataset beta values for ablation rows assumed same as Table 11 (paper says 'each modification was disabled while keeping all the others').",Table 35 vs main Table 2
2305.09836|ReBRAC|actor_penalty=off (beta1=0)|walker2d-random,2305.09836|ReBRAC|actor_penalty=off (beta1=0),2305.09836,d4rl,ReBRAC,ReBRAC,actor_penalty=off (beta1=0),walker2d-random,18.4,1.1,-17.3,"variant: actor_penalty=off (beta1=0); conditions: {""beta1_actor_penalty"": ""0 (disabled)"", ""layernorm"": ""true (critic)"", ""batch_size"": ""1024"", ""num_hidden_layers"": ""3"", ""beta2_critic_penalty"": ""0.0""}; notes: Appendix G ablation row 'ReBRAC w/o actor penalty'; averaged over 4 unseen training seeds (not 10); table header gives only dataset suffix, environment from caption. Per-dataset beta values for ablation rows assumed same as Table 11 (paper says 'each modification was disabled while keeping all the others').",Table 35 vs main Table 2
2305.09836|ReBRAC|actor_penalty=off (beta1=0)|walker2d-medium,2305.09836|ReBRAC|actor_penalty=off (beta1=0),2305.09836,d4rl,ReBRAC,ReBRAC,actor_penalty=off (beta1=0),walker2d-medium,82.5,1.7,-80.8,"variant: actor_penalty=off (beta1=0); conditions: {""beta1_actor_penalty"": ""0 (disabled)"", ""layernorm"": ""true (critic)"", ""batch_size"": ""1024"", ""num_hidden_layers"": ""3"", ""beta2_critic_penalty"": ""0.1""}; notes: Appendix G ablation row 'ReBRAC w/o actor penalty'; averaged over 4 unseen training seeds (not 10); table header gives only dataset suffix, environment from caption. Per-dataset beta values for ablation rows assumed same as Table 11 (paper says 'each modification was disabled while keeping all the others').",Table 35 vs main Table 2
2305.09836|ReBRAC|actor_penalty=off (beta1=0)|walker2d-expert,2305.09836|ReBRAC|actor_penalty=off (beta1=0),2305.09836,d4rl,ReBRAC,ReBRAC,actor_penalty=off (beta1=0),walker2d-expert,112.3,0.9,-111.4,"variant: actor_penalty=off (beta1=0); conditions: {""beta1_actor_penalty"": ""0 (disabled)"", ""layernorm"": ""true (critic)"", ""batch_size"": ""1024"", ""num_hidden_layers"": ""3"", ""beta2_critic_penalty"": ""0.5""}; notes: Appendix G ablation row 'ReBRAC w/o actor penalty'; averaged over 4 unseen training seeds (not 10); table header gives only dataset suffix, environment from caption. Per-dataset beta values for ablation rows assumed same as Table 11 (paper says 'each modification was disabled while keeping all the others').",Table 35 vs main Table 2
2305.09836|ReBRAC|actor_penalty=off (beta1=0)|walker2d-medium-expert,2305.09836|ReBRAC|actor_penalty=off (beta1=0),2305.09836,d4rl,ReBRAC,ReBRAC,actor_penalty=off (beta1=0),walker2d-medium-expert,111.6,0.8,-110.8,"variant: actor_penalty=off (beta1=0); conditions: {""beta1_actor_penalty"": ""0 (disabled)"", ""layernorm"": ""true (critic)"", ""batch_size"": ""1024"", ""num_hidden_layers"": ""3"", ""beta2_critic_penalty"": ""0.01""}; notes: Appendix G ablation row 'ReBRAC w/o actor penalty'; averaged over 4 unseen training seeds (not 10); table header gives only dataset suffix, environment from caption. Per-dataset beta values for ablation rows assumed same as Table 11 (paper says 'each modification was disabled while keeping all the others').",Table 35 vs main Table 2
2305.09836|ReBRAC|actor_penalty=off (beta1=0)|walker2d-medium-replay,2305.09836|ReBRAC|actor_penalty=off (beta1=0),2305.09836,d4rl,ReBRAC,ReBRAC,actor_penalty=off (beta1=0),walker2d-medium-replay,77.3,8.9,-68.4,"variant: actor_penalty=off (beta1=0); conditions: {""beta1_actor_penalty"": ""0 (disabled)"", ""layernorm"": ""true (critic)"", ""batch_size"": ""1024"", ""num_hidden_layers"": ""3"", ""beta2_critic_penalty"": ""0.01""}; notes: Appendix G ablation row 'ReBRAC w/o actor penalty'; averaged over 4 unseen training seeds (not 10); table header gives only dataset suffix, environment from caption. Per-dataset beta values for ablation rows assumed same as Table 11 (paper says 'each modification was disabled while keeping all the others').",Table 35 vs main Table 2
2305.09836|ReBRAC|actor_penalty=off (beta1=0)|walker2d-full-replay,2305.09836|ReBRAC|actor_penalty=off (beta1=0),2305.09836,d4rl,ReBRAC,ReBRAC,actor_penalty=off (beta1=0),walker2d-full-replay,102.2,64.2,-38.0,"variant: actor_penalty=off (beta1=0); conditions: {""beta1_actor_penalty"": ""0 (disabled)"", ""layernorm"": ""true (critic)"", ""batch_size"": ""1024"", ""num_hidden_layers"": ""3"", ""beta2_critic_penalty"": ""0.01""}; notes: Appendix G ablation row 'ReBRAC w/o actor penalty'; averaged over 4 unseen training seeds (not 10); table header gives only dataset suffix, environment from caption. Per-dataset beta values for ablation rows assumed same as Table 11 (paper says 'each modification was disabled while keeping all the others').",Table 35 vs main Table 2
2305.09836|ReBRAC|critic_penalty=off (beta2=0)|walker2d-random,2305.09836|ReBRAC|critic_penalty=off (beta2=0),2305.09836,d4rl,ReBRAC,ReBRAC,critic_penalty=off (beta2=0),walker2d-random,18.4,19.8,1.4,"variant: critic_penalty=off (beta2=0); conditions: {""beta2_critic_penalty"": ""0 (disabled)"", ""layernorm"": ""true (critic)"", ""batch_size"": ""1024"", ""num_hidden_layers"": ""3"", ""beta1_actor_penalty"": ""0.01""}; notes: Appendix G ablation row 'ReBRAC w/o critic penalty'; averaged over 4 unseen training seeds (not 10); table header gives only dataset suffix, environment from caption. Per-dataset beta values for ablation rows assumed same as Table 11 (paper says 'each modification was disabled while keeping all the others').",Table 35 vs main Table 2
2305.09836|ReBRAC|critic_penalty=off (beta2=0)|walker2d-medium,2305.09836|ReBRAC|critic_penalty=off (beta2=0),2305.09836,d4rl,ReBRAC,ReBRAC,critic_penalty=off (beta2=0),walker2d-medium,82.5,81.6,-0.9,"variant: critic_penalty=off (beta2=0); conditions: {""beta2_critic_penalty"": ""0 (disabled)"", ""layernorm"": ""true (critic)"", ""batch_size"": ""1024"", ""num_hidden_layers"": ""3"", ""beta1_actor_penalty"": ""0.05""}; notes: Appendix G ablation row 'ReBRAC w/o critic penalty'; averaged over 4 unseen training seeds (not 10); table header gives only dataset suffix, environment from caption. Per-dataset beta values for ablation rows assumed same as Table 11 (paper says 'each modification was disabled while keeping all the others').",Table 35 vs main Table 2
2305.09836|ReBRAC|critic_penalty=off (beta2=0)|walker2d-expert,2305.09836|ReBRAC|critic_penalty=off (beta2=0),2305.09836,d4rl,ReBRAC,ReBRAC,critic_penalty=off (beta2=0),walker2d-expert,112.3,112.0,-0.3,"variant: critic_penalty=off (beta2=0); conditions: {""beta2_critic_penalty"": ""0 (disabled)"", ""layernorm"": ""true (critic)"", ""batch_size"": ""1024"", ""num_hidden_layers"": ""3"", ""beta1_actor_penalty"": ""0.01""}; notes: Appendix G ablation row 'ReBRAC w/o critic penalty'; averaged over 4 unseen training seeds (not 10); table header gives only dataset suffix, environment from caption. Per-dataset beta values for ablation rows assumed same as Table 11 (paper says 'each modification was disabled while keeping all the others').",Table 35 vs main Table 2
2305.09836|ReBRAC|critic_penalty=off (beta2=0)|walker2d-medium-expert,2305.09836|ReBRAC|critic_penalty=off (beta2=0),2305.09836,d4rl,ReBRAC,ReBRAC,critic_penalty=off (beta2=0),walker2d-medium-expert,111.6,111.6,0.0,"variant: critic_penalty=off (beta2=0); conditions: {""beta2_critic_penalty"": ""0 (disabled)"", ""layernorm"": ""true (critic)"", ""batch_size"": ""1024"", ""num_hidden_layers"": ""3"", ""beta1_actor_penalty"": ""0.01""}; notes: Appendix G ablation row 'ReBRAC w/o critic penalty'; averaged over 4 unseen training seeds (not 10); table header gives only dataset suffix, environment from caption. Per-dataset beta values for ablation rows assumed same as Table 11 (paper says 'each modification was disabled while keeping all the others').",Table 35 vs main Table 2
2305.09836|ReBRAC|critic_penalty=off (beta2=0)|walker2d-medium-replay,2305.09836|ReBRAC|critic_penalty=off (beta2=0),2305.09836,d4rl,ReBRAC,ReBRAC,critic_penalty=off (beta2=0),walker2d-medium-replay,77.3,87.0,9.7,"variant: critic_penalty=off (beta2=0); conditions: {""beta2_critic_penalty"": ""0 (disabled)"", ""layernorm"": ""true (critic)"", ""batch_size"": ""1024"", ""num_hidden_layers"": ""3"", ""beta1_actor_penalty"": ""0.05""}; notes: Appendix G ablation row 'ReBRAC w/o critic penalty'; averaged over 4 unseen training seeds (not 10); table header gives only dataset suffix, environment from caption. Per-dataset beta values for ablation rows assumed same as Table 11 (paper says 'each modification was disabled while keeping all the others').",Table 35 vs main Table 2
2305.09836|ReBRAC|critic_penalty=off (beta2=0)|walker2d-full-replay,2305.09836|ReBRAC|critic_penalty=off (beta2=0),2305.09836,d4rl,ReBRAC,ReBRAC,critic_penalty=off (beta2=0),walker2d-full-replay,102.2,103.5,1.3,"variant: critic_penalty=off (beta2=0); conditions: {""beta2_critic_penalty"": ""0 (disabled)"", ""layernorm"": ""true (critic)"", ""batch_size"": ""1024"", ""num_hidden_layers"": ""3"", ""beta1_actor_penalty"": ""0.01""}; notes: Appendix G ablation row 'ReBRAC w/o critic penalty'; averaged over 4 unseen training seeds (not 10); table header gives only dataset suffix, environment from caption. Per-dataset beta values for ablation rows assumed same as Table 11 (paper says 'each modification was disabled while keeping all the others').",Table 35 vs main Table 2
2305.09836|ReBRAC|batch_size=256 (w/o large batch)|walker2d-random,2305.09836|ReBRAC|batch_size=256 (w/o large batch),2305.09836,d4rl,ReBRAC,ReBRAC,batch_size=256 (w/o large batch),walker2d-random,18.4,5.6,-12.8,"variant: batch_size=256 (w/o large batch); conditions: {""batch_size"": ""256"", ""layernorm"": ""true (critic)"", ""num_hidden_layers"": ""3"", ""beta1_actor_penalty"": ""0.01"", ""beta2_critic_penalty"": ""0.0""}; notes: Appendix G ablation row 'ReBRAC w/o large batch'; averaged over 4 unseen training seeds (not 10); table header gives only dataset suffix, environment from caption. Per-dataset beta values for ablation rows assumed same as Table 11 (paper says 'each modification was disabled while keeping all the others').",Table 35 vs main Table 2
2305.09836|ReBRAC|batch_size=256 (w/o large batch)|walker2d-medium,2305.09836|ReBRAC|batch_size=256 (w/o large batch),2305.09836,d4rl,ReBRAC,ReBRAC,batch_size=256 (w/o large batch),walker2d-medium,82.5,84.8,2.3,"variant: batch_size=256 (w/o large batch); conditions: {""batch_size"": ""256"", ""layernorm"": ""true (critic)"", ""num_hidden_layers"": ""3"", ""beta1_actor_penalty"": ""0.05"", ""beta2_critic_penalty"": ""0.1""}; notes: Appendix G ablation row 'ReBRAC w/o large batch'; averaged over 4 unseen training seeds (not 10); table header gives only dataset suffix, environment from caption. Per-dataset beta values for ablation rows assumed same as Table 11 (paper says 'each modification was disabled while keeping all the others').",Table 35 vs main Table 2
2305.09836|ReBRAC|batch_size=256 (w/o large batch)|walker2d-expert,2305.09836|ReBRAC|batch_size=256 (w/o large batch),2305.09836,d4rl,ReBRAC,ReBRAC,batch_size=256 (w/o large batch),walker2d-expert,112.3,112.2,-0.1,"variant: batch_size=256 (w/o large batch); conditions: {""batch_size"": ""256"", ""layernorm"": ""true (critic)"", ""num_hidden_layers"": ""3"", ""beta1_actor_penalty"": ""0.01"", ""beta2_critic_penalty"": ""0.5""}; notes: Appendix G ablation row 'ReBRAC w/o large batch'; averaged over 4 unseen training seeds (not 10); table header gives only dataset suffix, environment from caption. Per-dataset beta values for ablation rows assumed same as Table 11 (paper says 'each modification was disabled while keeping all the others').",Table 35 vs main Table 2
2305.09836|ReBRAC|batch_size=256 (w/o large batch)|walker2d-medium-expert,2305.09836|ReBRAC|batch_size=256 (w/o large batch),2305.09836,d4rl,ReBRAC,ReBRAC,batch_size=256 (w/o large batch),walker2d-medium-expert,111.6,110.9,-0.7,"variant: batch_size=256 (w/o large batch); conditions: {""batch_size"": ""256"", ""layernorm"": ""true (critic)"", ""num_hidden_layers"": ""3"", ""beta1_actor_penalty"": ""0.01"", ""beta2_critic_penalty"": ""0.01""}; notes: Appendix G ablation row 'ReBRAC w/o large batch'; averaged over 4 unseen training seeds (not 10); table header gives only dataset suffix, environment from caption. Per-dataset beta values for ablation rows assumed same as Table 11 (paper says 'each modification was disabled while keeping all the others').",Table 35 vs main Table 2
2305.09836|ReBRAC|batch_size=256 (w/o large batch)|walker2d-medium-replay,2305.09836|ReBRAC|batch_size=256 (w/o large batch),2305.09836,d4rl,ReBRAC,ReBRAC,batch_size=256 (w/o large batch),walker2d-medium-replay,77.3,71.7,-5.6,"variant: batch_size=256 (w/o large batch); conditions: {""batch_size"": ""256"", ""layernorm"": ""true (critic)"", ""num_hidden_layers"": ""3"", ""beta1_actor_penalty"": ""0.05"", ""beta2_critic_penalty"": ""0.01""}; notes: Appendix G ablation row 'ReBRAC w/o large batch'; averaged over 4 unseen training seeds (not 10); table header gives only dataset suffix, environment from caption. Per-dataset beta values for ablation rows assumed same as Table 11 (paper says 'each modification was disabled while keeping all the others').",Table 35 vs main Table 2
2305.09836|ReBRAC|batch_size=256 (w/o large batch)|walker2d-full-replay,2305.09836|ReBRAC|batch_size=256 (w/o large batch),2305.09836,d4rl,ReBRAC,ReBRAC,batch_size=256 (w/o large batch),walker2d-full-replay,102.2,97.7,-4.5,"variant: batch_size=256 (w/o large batch); conditions: {""batch_size"": ""256"", ""layernorm"": ""true (critic)"", ""num_hidden_layers"": ""3"", ""beta1_actor_penalty"": ""0.01"", ""beta2_critic_penalty"": ""0.01""}; notes: Appendix G ablation row 'ReBRAC w/o large batch'; averaged over 4 unseen training seeds (not 10); table header gives only dataset suffix, environment from caption. Per-dataset beta values for ablation rows assumed same as Table 11 (paper says 'each modification was disabled while keeping all the others').",Table 35 vs main Table 2
2310.03022|DC|embedding_dim=128|hopper-medium,2310.03022|DC|embedding_dim=128,2310.03022,d4rl,DC,DC,embedding_dim=128,hopper-medium,92.5,69.7,-22.8,"variant: embedding_dim=128; conditions: {""embedding_dim"": ""128"", ""context_length_K"": ""8""}; notes: Columns: DT-128, DT-256, DC-128, DC-256. DC-256 (92.5) equals Table 1 main.",Table 5 vs main Table 1
2310.03022|DC|embedding_dim=128|hopper-medium-replay,2310.03022|DC|embedding_dim=128,2310.03022,d4rl,DC,DC,embedding_dim=128,hopper-medium-replay,94.2,88.2,-6.0,"variant: embedding_dim=128; conditions: {""embedding_dim"": ""128"", ""context_length_K"": ""8""}; notes: Columns: DT-128, DT-256, DC-128, DC-256. DC-256 (94.2) equals Table 1 main.",Table 5 vs main Table 1
2310.03022|DC|action information included (action O)|hopper-medium-replay,2310.03022|DC|action information included (action O),2310.03022,d4rl,DC,DC,action information included (action O),hopper-medium-replay,94.2,88.7,-5.5,"variant: action information included (action O); conditions: {""action_tokens_included"": ""yes"", ""context_length_K"": ""8""}; notes: Column pairs DT(O,X) DC(O,X) ODT(O,X) ODC(O,X). 'X' (action excluded) = 94.2 matches Table 1 main, implying main DC hopper-medium-replay excludes action information.",Table 12 vs main Table 1
2310.03022|DC|1-filter DC|hopper-medium,2310.03022|DC|1-filter DC,2310.03022,d4rl,DC,DC,1-filter DC,hopper-medium,92.5,88.3,-4.2,"variant: 1-filter DC; conditions: {""num_filters"": ""1"", ""context_length_K"": ""8"", ""filter_length_L"": ""6""}; notes: Single unified filter instead of separate RTG/state/action filters. Note Table 17 3-filter DC hopper-medium-replay = 94.1 whereas Table 1 = 94.2 (minor inconsistency in paper).",Table 17 vs main Table 1
2310.03022|DC|1-filter DC|walker2d-medium,2310.03022|DC|1-filter DC,2310.03022,d4rl,DC,DC,1-filter DC,walker2d-medium,79.2,77.6,-1.6,"variant: 1-filter DC; conditions: {""num_filters"": ""1"", ""context_length_K"": ""8"", ""filter_length_L"": ""6""}; notes: Single unified filter instead of separate RTG/state/action filters. Note Table 17 3-filter DC hopper-medium-replay = 94.1 whereas Table 1 = 94.2 (minor inconsistency in paper).",Table 17 vs main Table 1
2310.03022|DC|1-filter DC|hopper-medium-replay,2310.03022|DC|1-filter DC,2310.03022,d4rl,DC,DC,1-filter DC,hopper-medium-replay,94.2,89.6,-4.6,"variant: 1-filter DC; conditions: {""num_filters"": ""1"", ""context_length_K"": ""8"", ""filter_length_L"": ""6""}; notes: Single unified filter instead of separate RTG/state/action filters. Note Table 17 3-filter DC hopper-medium-replay = 94.1 whereas Table 1 = 94.2 (minor inconsistency in paper).",Table 17 vs main Table 1
2310.03022|DC|1-filter DC|walker2d-medium-replay,2310.03022|DC|1-filter DC,2310.03022,d4rl,DC,DC,1-filter DC,walker2d-medium-replay,76.6,78.0,1.4,"variant: 1-filter DC; conditions: {""num_filters"": ""1"", ""context_length_K"": ""8"", ""filter_length_L"": ""6""}; notes: Single unified filter instead of separate RTG/state/action filters. Note Table 17 3-filter DC hopper-medium-replay = 94.1 whereas Table 1 = 94.2 (minor inconsistency in paper).",Table 17 vs main Table 1
"2310.03022|DC|K=8, L=3|hopper-medium","2310.03022|DC|K=8, L=3",2310.03022,d4rl,DC,DC,"K=8, L=3",hopper-medium,92.5,83.5,-9.0,"variant: K=8, L=3; conditions: {""context_length_K"": ""8"", ""filter_length_L"": ""3""}; notes: Grid: rows K in {8,20}, columns L in {3,6,30}. K=8,L=6 = 92.5 = main (not duplicated). K=8,L=30 is '-' (not run).",Table 18 vs main Table 1
"2310.03022|DC|K=20, L=3|hopper-medium","2310.03022|DC|K=20, L=3",2310.03022,d4rl,DC,DC,"K=20, L=3",hopper-medium,92.5,90.1,-2.4,"variant: K=20, L=3; conditions: {""context_length_K"": ""20"", ""filter_length_L"": ""3""}; notes: Grid: rows K in {8,20}, columns L in {3,6,30}. K=8,L=6 = 92.5 = main (not duplicated). K=8,L=30 is '-' (not run).",Table 18 vs main Table 1
"2310.03022|DC|K=20, L=6|hopper-medium","2310.03022|DC|K=20, L=6",2310.03022,d4rl,DC,DC,"K=20, L=6",hopper-medium,92.5,94.2,1.7,"variant: K=20, L=6; conditions: {""context_length_K"": ""20"", ""filter_length_L"": ""6""}; notes: Grid: rows K in {8,20}, columns L in {3,6,30}. K=8,L=6 = 92.5 = main (not duplicated). K=8,L=30 is '-' (not run).",Table 18 vs main Table 1
"2310.03022|DC|K=20, L=30|hopper-medium","2310.03022|DC|K=20, L=30",2310.03022,d4rl,DC,DC,"K=20, L=30",hopper-medium,92.5,93.5,1.0,"variant: K=20, L=30; conditions: {""context_length_K"": ""20"", ""filter_length_L"": ""30""}; notes: Grid: rows K in {8,20}, columns L in {3,6,30}. K=8,L=6 = 92.5 = main (not duplicated). K=8,L=30 is '-' (not run).",Table 18 vs main Table 1
2310.03022|ODC|action information included (action O)|hopper-medium-replay,2310.03022|ODC|action information included (action O),2310.03022,d4rl,ODC,ODC,action information included (action O),hopper-medium-replay,94.1,90.1,-4.0,"variant: action information included (action O); conditions: {""action_tokens_included"": ""yes"", ""context_length_K"": ""8""}; notes: ODC action O = 90.1; ODC action X = 94.1 matches Table 1 main.",Table 12 vs main Table 1
2401.02644|HD-DA|K=1|halfcheetah-medium-expert,2401.02644|HD-DA|K=1,2401.02644,d4rl,HD-DA,HD-DA,K=1,halfcheetah-medium-expert,92.5,88.9,-3.6,"variant: K=1; conditions: {""K"": ""1"", ""H_high_level"": ""32"", ""low_level_sequence_length"": ""n/a (K=1 reduces to flat Diffuser)"", ""guidance_scale"": ""selected from {0.1, 0.01, 0.001, 0.0001}""}; notes: column header 'K1 (Diffuser default)'; values identical to Diffuser column in Table 2 — this is the flat Diffuser baseline reproduced by the authors, listed here only because Table 8 frames it as the K ablation. std = standard error over 5 seeds.",Table 8 vs main Table 2
2401.02644|HD-DA|K=8|halfcheetah-medium-expert,2401.02644|HD-DA|K=8,2401.02644,d4rl,HD-DA,HD-DA,K=8,halfcheetah-medium-expert,92.5,91.5,-1.0,"variant: K=8; conditions: {""K"": ""8"", ""H_high_level"": ""32"", ""low_level_sequence_length"": ""K+1 = 9"", ""guidance_scale"": ""selected from {0.1, 0.01, 0.001, 0.0001}""}; notes: column header 'HD-K8'; std = standard error over 5 seeds. HD-K4 (default) column duplicates Table 2 main rows and is not re-emitted.",Table 8 vs main Table 2
2401.02644|HD-DA|K=1|hopper-medium-expert,2401.02644|HD-DA|K=1,2401.02644,d4rl,HD-DA,HD-DA,K=1,hopper-medium-expert,115.3,103.3,-12.0,"variant: K=1; conditions: {""K"": ""1"", ""H_high_level"": ""32"", ""low_level_sequence_length"": ""n/a (K=1 reduces to flat Diffuser)"", ""guidance_scale"": ""selected from {0.1, 0.01, 0.001, 0.0001}""}; notes: column header 'K1 (Diffuser default)'; values identical to Diffuser column in Table 2 — this is the flat Diffuser baseline reproduced by the authors, listed here only because Table 8 frames it as the K ablation. std = standard error over 5 seeds.",Table 8 vs main Table 2
2401.02644|HD-DA|K=8|hopper-medium-expert,2401.02644|HD-DA|K=8,2401.02644,d4rl,HD-DA,HD-DA,K=8,hopper-medium-expert,115.3,113.0,-2.3,"variant: K=8; conditions: {""K"": ""8"", ""H_high_level"": ""32"", ""low_level_sequence_length"": ""K+1 = 9"", ""guidance_scale"": ""selected from {0.1, 0.01, 0.001, 0.0001}""}; notes: column header 'HD-K8'; std = standard error over 5 seeds. HD-K4 (default) column duplicates Table 2 main rows and is not re-emitted.",Table 8 vs main Table 2
2401.02644|HD-DA|K=1|walker2d-medium-expert,2401.02644|HD-DA|K=1,2401.02644,d4rl,HD-DA,HD-DA,K=1,walker2d-medium-expert,107.1,106.9,-0.2,"variant: K=1; conditions: {""K"": ""1"", ""H_high_level"": ""32"", ""low_level_sequence_length"": ""n/a (K=1 reduces to flat Diffuser)"", ""guidance_scale"": ""selected from {0.1, 0.01, 0.001, 0.0001}""}; notes: column header 'K1 (Diffuser default)'; values identical to Diffuser column in Table 2 — this is the flat Diffuser baseline reproduced by the authors, listed here only because Table 8 frames it as the K ablation. std = standard error over 5 seeds.",Table 8 vs main Table 2
2401.02644|HD-DA|K=8|walker2d-medium-expert,2401.02644|HD-DA|K=8,2401.02644,d4rl,HD-DA,HD-DA,K=8,walker2d-medium-expert,107.1,107.6,0.5,"variant: K=8; conditions: {""K"": ""8"", ""H_high_level"": ""32"", ""low_level_sequence_length"": ""K+1 = 9"", ""guidance_scale"": ""selected from {0.1, 0.01, 0.001, 0.0001}""}; notes: column header 'HD-K8'; std = standard error over 5 seeds. HD-K4 (default) column duplicates Table 2 main rows and is not re-emitted.",Table 8 vs main Table 2
2401.02644|HD-DA|K=1|halfcheetah-medium,2401.02644|HD-DA|K=1,2401.02644,d4rl,HD-DA,HD-DA,K=1,halfcheetah-medium,46.7,42.8,-3.9,"variant: K=1; conditions: {""K"": ""1"", ""H_high_level"": ""32"", ""low_level_sequence_length"": ""n/a (K=1 reduces to flat Diffuser)"", ""guidance_scale"": ""selected from {0.1, 0.01, 0.001, 0.0001}""}; notes: column header 'K1 (Diffuser default)'; values identical to Diffuser column in Table 2 — this is the flat Diffuser baseline reproduced by the authors, listed here only because Table 8 frames it as the K ablation. std = standard error over 5 seeds.",Table 8 vs main Table 2
2401.02644|HD-DA|K=8|halfcheetah-medium,2401.02644|HD-DA|K=8,2401.02644,d4rl,HD-DA,HD-DA,K=8,halfcheetah-medium,46.7,45.9,-0.8,"variant: K=8; conditions: {""K"": ""8"", ""H_high_level"": ""32"", ""low_level_sequence_length"": ""K+1 = 9"", ""guidance_scale"": ""selected from {0.1, 0.01, 0.001, 0.0001}""}; notes: column header 'HD-K8'; std = standard error over 5 seeds. HD-K4 (default) column duplicates Table 2 main rows and is not re-emitted.",Table 8 vs main Table 2
2401.02644|HD-DA|K=1|hopper-medium,2401.02644|HD-DA|K=1,2401.02644,d4rl,HD-DA,HD-DA,K=1,hopper-medium,99.3,74.3,-25.0,"variant: K=1; conditions: {""K"": ""1"", ""H_high_level"": ""32"", ""low_level_sequence_length"": ""n/a (K=1 reduces to flat Diffuser)"", ""guidance_scale"": ""selected from {0.1, 0.01, 0.001, 0.0001}""}; notes: column header 'K1 (Diffuser default)'; values identical to Diffuser column in Table 2 — this is the flat Diffuser baseline reproduced by the authors, listed here only because Table 8 frames it as the K ablation. std = standard error over 5 seeds.",Table 8 vs main Table 2
2401.02644|HD-DA|K=8|hopper-medium,2401.02644|HD-DA|K=8,2401.02644,d4rl,HD-DA,HD-DA,K=8,hopper-medium,99.3,86.7,-12.6,"variant: K=8; conditions: {""K"": ""8"", ""H_high_level"": ""32"", ""low_level_sequence_length"": ""K+1 = 9"", ""guidance_scale"": ""selected from {0.1, 0.01, 0.001, 0.0001}""}; notes: column header 'HD-K8'; std = standard error over 5 seeds. HD-K4 (default) column duplicates Table 2 main rows and is not re-emitted.",Table 8 vs main Table 2
2401.02644|HD-DA|K=1|walker2d-medium,2401.02644|HD-DA|K=1,2401.02644,d4rl,HD-DA,HD-DA,K=1,walker2d-medium,84.0,79.6,-4.4,"variant: K=1; conditions: {""K"": ""1"", ""H_high_level"": ""32"", ""low_level_sequence_length"": ""n/a (K=1 reduces to flat Diffuser)"", ""guidance_scale"": ""selected from {0.1, 0.01, 0.001, 0.0001}""}; notes: column header 'K1 (Diffuser default)'; values identical to Diffuser column in Table 2 — this is the flat Diffuser baseline reproduced by the authors, listed here only because Table 8 frames it as the K ablation. std = standard error over 5 seeds.",Table 8 vs main Table 2
2401.02644|HD-DA|K=8|walker2d-medium,2401.02644|HD-DA|K=8,2401.02644,d4rl,HD-DA,HD-DA,K=8,walker2d-medium,84.0,84.2,0.2,"variant: K=8; conditions: {""K"": ""8"", ""H_high_level"": ""32"", ""low_level_sequence_length"": ""K+1 = 9"", ""guidance_scale"": ""selected from {0.1, 0.01, 0.001, 0.0001}""}; notes: column header 'HD-K8'; std = standard error over 5 seeds. HD-K4 (default) column duplicates Table 2 main rows and is not re-emitted.",Table 8 vs main Table 2
2401.02644|HD-DA|K=1|halfcheetah-medium-replay,2401.02644|HD-DA|K=1,2401.02644,d4rl,HD-DA,HD-DA,K=1,halfcheetah-medium-replay,38.1,37.7,-0.4,"variant: K=1; conditions: {""K"": ""1"", ""H_high_level"": ""32"", ""low_level_sequence_length"": ""n/a (K=1 reduces to flat Diffuser)"", ""guidance_scale"": ""selected from {0.1, 0.01, 0.001, 0.0001}""}; notes: column header 'K1 (Diffuser default)'; values identical to Diffuser column in Table 2 — this is the flat Diffuser baseline reproduced by the authors, listed here only because Table 8 frames it as the K ablation. std = standard error over 5 seeds.",Table 8 vs main Table 2
2401.02644|HD-DA|K=8|halfcheetah-medium-replay,2401.02644|HD-DA|K=8,2401.02644,d4rl,HD-DA,HD-DA,K=8,halfcheetah-medium-replay,38.1,39.5,1.4,"variant: K=8; conditions: {""K"": ""8"", ""H_high_level"": ""32"", ""low_level_sequence_length"": ""K+1 = 9"", ""guidance_scale"": ""selected from {0.1, 0.01, 0.001, 0.0001}""}; notes: column header 'HD-K8'; std = standard error over 5 seeds. HD-K4 (default) column duplicates Table 2 main rows and is not re-emitted.",Table 8 vs main Table 2
2401.02644|HD-DA|K=1|hopper-medium-replay,2401.02644|HD-DA|K=1,2401.02644,d4rl,HD-DA,HD-DA,K=1,hopper-medium-replay,94.7,93.6,-1.1,"variant: K=1; conditions: {""K"": ""1"", ""H_high_level"": ""32"", ""low_level_sequence_length"": ""n/a (K=1 reduces to flat Diffuser)"", ""guidance_scale"": ""selected from {0.1, 0.01, 0.001, 0.0001}""}; notes: column header 'K1 (Diffuser default)'; values identical to Diffuser column in Table 2 — this is the flat Diffuser baseline reproduced by the authors, listed here only because Table 8 frames it as the K ablation. std = standard error over 5 seeds.",Table 8 vs main Table 2
2401.02644|HD-DA|K=8|hopper-medium-replay,2401.02644|HD-DA|K=8,2401.02644,d4rl,HD-DA,HD-DA,K=8,hopper-medium-replay,94.7,91.3,-3.4,"variant: K=8; conditions: {""K"": ""8"", ""H_high_level"": ""32"", ""low_level_sequence_length"": ""K+1 = 9"", ""guidance_scale"": ""selected from {0.1, 0.01, 0.001, 0.0001}""}; notes: column header 'HD-K8'; std = standard error over 5 seeds. HD-K4 (default) column duplicates Table 2 main rows and is not re-emitted.",Table 8 vs main Table 2
2401.02644|HD-DA|K=1|walker2d-medium-replay,2401.02644|HD-DA|K=1,2401.02644,d4rl,HD-DA,HD-DA,K=1,walker2d-medium-replay,84.1,70.6,-13.5,"variant: K=1; conditions: {""K"": ""1"", ""H_high_level"": ""32"", ""low_level_sequence_length"": ""n/a (K=1 reduces to flat Diffuser)"", ""guidance_scale"": ""selected from {0.1, 0.01, 0.001, 0.0001}""}; notes: column header 'K1 (Diffuser default)'; values identical to Diffuser column in Table 2 — this is the flat Diffuser baseline reproduced by the authors, listed here only because Table 8 frames it as the K ablation. std = standard error over 5 seeds.",Table 8 vs main Table 2
2401.02644|HD-DA|K=8|walker2d-medium-replay,2401.02644|HD-DA|K=8,2401.02644,d4rl,HD-DA,HD-DA,K=8,walker2d-medium-replay,84.1,76.4,-7.7,"variant: K=8; conditions: {""K"": ""8"", ""H_high_level"": ""32"", ""low_level_sequence_length"": ""K+1 = 9"", ""guidance_scale"": ""selected from {0.1, 0.01, 0.001, 0.0001}""}; notes: column header 'HD-K8'; std = standard error over 5 seeds. HD-K4 (default) column duplicates Table 2 main rows and is not re-emitted.",Table 8 vs main Table 2
2401.02644|HD|main|hopper-medium-replay,2401.02644|HD|main,2401.02644,d4rl,HD-DA,HD,main,hopper-medium-replay,94.7,93.4,-1.3,"variant: main; conditions: {""K"": ""4"", ""H_high_level"": ""32"", ""low_level_sequence_length"": ""K+1 = 5"", ""guidance_scale"": ""selected from {0.1, 0.01, 0.001, 0.0001}""}; notes: Table 4 'RL Performance / HD' column (high-level planner without dense actions); dataset is Medium-Replay per text: 'We conduct the experiment on the Medium-Replay dataset'. Columns 101.7/88.8 are guidance-function validation loss (Jϕ), not scores. Number of seeds for Table 4 not stated; assumed same protocol as Table 2.; variant method description: Hierarchical Diffuser: same two-level planner but the high-level Sparse Diffuser models only the subsampled states (every K-th state, actions removed) with a guidance function that predicts the full-trajectory return; low-level Diffuser refines each subgoal-to-subgoal segment.; variant settings: K_jump_length=4 (Gym-MuJoCo); 15 (long-horizon tasks); H_high_level_planning_horizon=32 (MuJoCo locomotion); low_level_sequence_length=K + 1; guidance_scale_omega=chosen from {0.1, 0.01, 0.001, 0.0001}; per-task choice not reported; guidance_type=classifier-guidance with learned return predictor J_phi (gradient guidance); high-level guidance J_phi^SD-DA predicts return of the full trajectory; K_ablation_sweep={1, 4, 8} (Table 8); codebase=official Diffuser code, other settings inherited; diffusion_steps=not stated (Diffuser defaults implied); subgoal_conditioning_at_low_level=endpoints fixed to subgoals at each denoising step; replanning=per-step replanning where required: sample x(0), execute a0, replan",Table 4 vs main Table 2
2401.02644|HD|main|walker2d-medium-replay,2401.02644|HD|main,2401.02644,d4rl,HD-DA,HD,main,walker2d-medium-replay,84.1,77.2,-6.9,"variant: main; conditions: {""K"": ""4"", ""H_high_level"": ""32"", ""low_level_sequence_length"": ""K+1 = 5"", ""guidance_scale"": ""selected from {0.1, 0.01, 0.001, 0.0001}""}; notes: Table 4 'RL Performance / HD' column (high-level planner without dense actions); dataset is Medium-Replay per text: 'We conduct the experiment on the Medium-Replay dataset'. Columns 101.7/88.8 are guidance-function validation loss (Jϕ), not scores. Number of seeds for Table 4 not stated; assumed same protocol as Table 2.; variant method description: Hierarchical Diffuser: same two-level planner but the high-level Sparse Diffuser models only the subsampled states (every K-th state, actions removed) with a guidance function that predicts the full-trajectory return; low-level Diffuser refines each subgoal-to-subgoal segment.; variant settings: K_jump_length=4 (Gym-MuJoCo); 15 (long-horizon tasks); H_high_level_planning_horizon=32 (MuJoCo locomotion); low_level_sequence_length=K + 1; guidance_scale_omega=chosen from {0.1, 0.01, 0.001, 0.0001}; per-task choice not reported; guidance_type=classifier-guidance with learned return predictor J_phi (gradient guidance); high-level guidance J_phi^SD-DA predicts return of the full trajectory; K_ablation_sweep={1, 4, 8} (Table 8); codebase=official Diffuser code, other settings inherited; diffusion_steps=not stated (Diffuser defaults implied); subgoal_conditioning_at_low_level=endpoints fixed to subgoals at each denoising step; replanning=per-step replanning where required: sample x(0), execute a0, replan",Table 4 vs main Table 2
2401.02644|HD|main|halfcheetah-medium-replay,2401.02644|HD|main,2401.02644,d4rl,HD-DA,HD,main,halfcheetah-medium-replay,38.1,37.5,-0.6,"variant: main; conditions: {""K"": ""4"", ""H_high_level"": ""32"", ""low_level_sequence_length"": ""K+1 = 5"", ""guidance_scale"": ""selected from {0.1, 0.01, 0.001, 0.0001}""}; notes: Table 4 'RL Performance / HD' column (high-level planner without dense actions); dataset is Medium-Replay per text: 'We conduct the experiment on the Medium-Replay dataset'. Columns 101.7/88.8 are guidance-function validation loss (Jϕ), not scores. Number of seeds for Table 4 not stated; assumed same protocol as Table 2.; variant method description: Hierarchical Diffuser: same two-level planner but the high-level Sparse Diffuser models only the subsampled states (every K-th state, actions removed) with a guidance function that predicts the full-trajectory return; low-level Diffuser refines each subgoal-to-subgoal segment.; variant settings: K_jump_length=4 (Gym-MuJoCo); 15 (long-horizon tasks); H_high_level_planning_horizon=32 (MuJoCo locomotion); low_level_sequence_length=K + 1; guidance_scale_omega=chosen from {0.1, 0.01, 0.001, 0.0001}; per-task choice not reported; guidance_type=classifier-guidance with learned return predictor J_phi (gradient guidance); high-level guidance J_phi^SD-DA predicts return of the full trajectory; K_ablation_sweep={1, 4, 8} (Table 8); codebase=official Diffuser code, other settings inherited; diffusion_steps=not stated (Diffuser defaults implied); subgoal_conditioning_at_low_level=endpoints fixed to subgoals at each denoising step; replanning=per-step replanning where required: sample x(0), execute a0, replan",Table 4 vs main Table 2
"1903.00374|SimPLe|Ours, deterministic|alien","1903.00374|SimPLe|Ours, deterministic",1903.00374,atari,SimPLe,SimPLe,"Ours, deterministic",alien,6.223,2.787,-3.436,"variant: Ours, deterministic; conditions: {""world_model"": ""deterministic"", ""world_model_training"": ""short"", ""gamma"": ""0.99"", ""rollout_length_N"": ""50""}; notes: raw score; mean (std) over 5 training runs; Table 3 'SimPLe' column repeats the 'Ours, SD long' numbers",Table 2 vs main Table 2
"1903.00374|SimPLe|Ours, det. recurrent|alien","1903.00374|SimPLe|Ours, det. recurrent",1903.00374,atari,SimPLe,SimPLe,"Ours, det. recurrent",alien,6.223,1.972,-4.252,"variant: Ours, det. recurrent; conditions: {""world_model"": ""deterministic recurrent"", ""world_model_training"": ""short"", ""gamma"": ""0.99"", ""rollout_length_N"": ""50""}; notes: raw score; mean (std) over 5 training runs; Table 3 'SimPLe' column repeats the 'Ours, SD long' numbers",Table 2 vs main Table 2
"1903.00374|SimPLe|Ours, SD|alien","1903.00374|SimPLe|Ours, SD",1903.00374,atari,SimPLe,SimPLe,"Ours, SD",alien,6.223,3.174,-3.049,"variant: Ours, SD; conditions: {""world_model"": ""stochastic discrete"", ""world_model_training"": ""short"", ""gamma"": ""0.99"", ""rollout_length_N"": ""50""}; notes: raw score; mean (std) over 5 training runs; Table 3 'SimPLe' column repeats the 'Ours, SD long' numbers",Table 2 vs main Table 2
"1903.00374|SimPLe|Ours, SD γ = 0.90|alien","1903.00374|SimPLe|Ours, SD γ = 0.90",1903.00374,atari,SimPLe,SimPLe,"Ours, SD γ = 0.90",alien,6.223,3.287,-2.937,"variant: Ours, SD γ = 0.90; conditions: {""world_model"": ""stochastic discrete"", ""world_model_training"": ""short"", ""gamma"": ""0.90"", ""rollout_length_N"": ""50""}; notes: raw score; mean (std) over 5 training runs; Table 3 'SimPLe' column repeats the 'Ours, SD long' numbers",Table 2 vs main Table 2
"1903.00374|SimPLe|Ours, SD γ = 0.95|alien","1903.00374|SimPLe|Ours, SD γ = 0.95",1903.00374,atari,SimPLe,SimPLe,"Ours, SD γ = 0.95",alien,6.223,5.839,-0.385,"variant: Ours, SD γ = 0.95; conditions: {""world_model"": ""stochastic discrete"", ""world_model_training"": ""short"", ""gamma"": ""0.95"", ""rollout_length_N"": ""50""}; notes: raw score; mean (std) over 5 training runs; Table 3 'SimPLe' column repeats the 'Ours, SD long' numbers",Table 2 vs main Table 2
"1903.00374|SimPLe|Ours, SD 100 steps|alien","1903.00374|SimPLe|Ours, SD 100 steps",1903.00374,atari,SimPLe,SimPLe,"Ours, SD 100 steps",alien,6.223,3.612,-2.611,"variant: Ours, SD 100 steps; conditions: {""world_model"": ""stochastic discrete"", ""world_model_training"": ""short"", ""gamma"": ""0.99"", ""rollout_length_N"": ""100""}; notes: raw score; mean (std) over 5 training runs; Table 3 'SimPLe' column repeats the 'Ours, SD long' numbers",Table 2 vs main Table 2
"1903.00374|SimPLe|Ours, SD 25 steps|alien","1903.00374|SimPLe|Ours, SD 25 steps",1903.00374,atari,SimPLe,SimPLe,"Ours, SD 25 steps",alien,6.223,5.041,-1.182,"variant: Ours, SD 25 steps; conditions: {""world_model"": ""stochastic discrete"", ""world_model_training"": ""short"", ""gamma"": ""0.99"", ""rollout_length_N"": ""25""}; notes: raw score; mean (std) over 5 training runs; Table 3 'SimPLe' column repeats the 'Ours, SD long' numbers",Table 2 vs main Table 2
"1903.00374|SimPLe|Ours, deterministic|amidar","1903.00374|SimPLe|Ours, deterministic",1903.00374,atari,SimPLe,SimPLe,"Ours, deterministic",amidar,3.659,2.962,-0.697,"variant: Ours, deterministic; conditions: {""world_model"": ""deterministic"", ""world_model_training"": ""short"", ""gamma"": ""0.99"", ""rollout_length_N"": ""50""}; notes: raw score; mean (std) over 5 training runs; Table 3 'SimPLe' column repeats the 'Ours, SD long' numbers",Table 2 vs main Table 2
"1903.00374|SimPLe|Ours, det. recurrent|amidar","1903.00374|SimPLe|Ours, det. recurrent",1903.00374,atari,SimPLe,SimPLe,"Ours, det. recurrent",amidar,3.659,4.385,0.726,"variant: Ours, det. recurrent; conditions: {""world_model"": ""deterministic recurrent"", ""world_model_training"": ""short"", ""gamma"": ""0.99"", ""rollout_length_N"": ""50""}; notes: raw score; mean (std) over 5 training runs; Table 3 'SimPLe' column repeats the 'Ours, SD long' numbers",Table 2 vs main Table 2
"1903.00374|SimPLe|Ours, SD|amidar","1903.00374|SimPLe|Ours, SD",1903.00374,atari,SimPLe,SimPLe,"Ours, SD",amidar,3.659,4.461,0.802,"variant: Ours, SD; conditions: {""world_model"": ""stochastic discrete"", ""world_model_training"": ""short"", ""gamma"": ""0.99"", ""rollout_length_N"": ""50""}; notes: raw score; mean (std) over 5 training runs; Table 3 'SimPLe' column repeats the 'Ours, SD long' numbers",Table 2 vs main Table 2
"1903.00374|SimPLe|Ours, SD γ = 0.90|amidar","1903.00374|SimPLe|Ours, SD γ = 0.90",1903.00374,atari,SimPLe,SimPLe,"Ours, SD γ = 0.90",amidar,3.659,2.254,-1.405,"variant: Ours, SD γ = 0.90; conditions: {""world_model"": ""stochastic discrete"", ""world_model_training"": ""short"", ""gamma"": ""0.90"", ""rollout_length_N"": ""50""}; notes: raw score; mean (std) over 5 training runs; Table 3 'SimPLe' column repeats the 'Ours, SD long' numbers",Table 2 vs main Table 2
"1903.00374|SimPLe|Ours, SD γ = 0.95|amidar","1903.00374|SimPLe|Ours, SD γ = 0.95",1903.00374,atari,SimPLe,SimPLe,"Ours, SD γ = 0.95",amidar,3.659,3.893,0.234,"variant: Ours, SD γ = 0.95; conditions: {""world_model"": ""stochastic discrete"", ""world_model_training"": ""short"", ""gamma"": ""0.95"", ""rollout_length_N"": ""50""}; notes: raw score; mean (std) over 5 training runs; Table 3 'SimPLe' column repeats the 'Ours, SD long' numbers",Table 2 vs main Table 2
"1903.00374|SimPLe|Ours, SD 100 steps|amidar","1903.00374|SimPLe|Ours, SD 100 steps",1903.00374,atari,SimPLe,SimPLe,"Ours, SD 100 steps",amidar,3.659,1.516,-2.143,"variant: Ours, SD 100 steps; conditions: {""world_model"": ""stochastic discrete"", ""world_model_training"": ""short"", ""gamma"": ""0.99"", ""rollout_length_N"": ""100""}; notes: raw score; mean (std) over 5 training runs; Table 3 'SimPLe' column repeats the 'Ours, SD long' numbers",Table 2 vs main Table 2
"1903.00374|SimPLe|Ours, SD 25 steps|amidar","1903.00374|SimPLe|Ours, SD 25 steps",1903.00374,atari,SimPLe,SimPLe,"Ours, SD 25 steps",amidar,3.659,4.121,0.462,"variant: Ours, SD 25 steps; conditions: {""world_model"": ""stochastic discrete"", ""world_model_training"": ""short"", ""gamma"": ""0.99"", ""rollout_length_N"": ""25""}; notes: raw score; mean (std) over 5 training runs; Table 3 'SimPLe' column repeats the 'Ours, SD long' numbers",Table 2 vs main Table 2
"1903.00374|SimPLe|Ours, deterministic|assault","1903.00374|SimPLe|Ours, deterministic",1903.00374,atari,SimPLe,SimPLe,"Ours, deterministic",assault,57.741,25.123,-32.619,"variant: Ours, deterministic; conditions: {""world_model"": ""deterministic"", ""world_model_training"": ""short"", ""gamma"": ""0.99"", ""rollout_length_N"": ""50""}; notes: raw score; mean (std) over 5 training runs; Table 3 'SimPLe' column repeats the 'Ours, SD long' numbers",Table 2 vs main Table 2
"1903.00374|SimPLe|Ours, det. recurrent|assault","1903.00374|SimPLe|Ours, det. recurrent",1903.00374,atari,SimPLe,SimPLe,"Ours, det. recurrent",assault,57.741,50.521,-7.22,"variant: Ours, det. recurrent; conditions: {""world_model"": ""deterministic recurrent"", ""world_model_training"": ""short"", ""gamma"": ""0.99"", ""rollout_length_N"": ""50""}; notes: raw score; mean (std) over 5 training runs; Table 3 'SimPLe' column repeats the 'Ours, SD long' numbers",Table 2 vs main Table 2
"1903.00374|SimPLe|Ours, SD|assault","1903.00374|SimPLe|Ours, SD",1903.00374,atari,SimPLe,SimPLe,"Ours, SD",assault,57.741,26.677,-31.064,"variant: Ours, SD; conditions: {""world_model"": ""stochastic discrete"", ""world_model_training"": ""short"", ""gamma"": ""0.99"", ""rollout_length_N"": ""50""}; notes: raw score; mean (std) over 5 training runs; Table 3 'SimPLe' column repeats the 'Ours, SD long' numbers",Table 2 vs main Table 2
"1903.00374|SimPLe|Ours, SD γ = 0.90|assault","1903.00374|SimPLe|Ours, SD γ = 0.90",1903.00374,atari,SimPLe,SimPLe,"Ours, SD γ = 0.90",assault,57.741,34.035,-23.706,"variant: Ours, SD γ = 0.90; conditions: {""world_model"": ""stochastic discrete"", ""world_model_training"": ""short"", ""gamma"": ""0.90"", ""rollout_length_N"": ""50""}; notes: raw score; mean (std) over 5 training runs; Table 3 'SimPLe' column repeats the 'Ours, SD long' numbers",Table 2 vs main Table 2
"1903.00374|SimPLe|Ours, SD γ = 0.95|assault","1903.00374|SimPLe|Ours, SD γ = 0.95",1903.00374,atari,SimPLe,SimPLe,"Ours, SD γ = 0.95",assault,57.741,62.03,4.289,"variant: Ours, SD γ = 0.95; conditions: {""world_model"": ""stochastic discrete"", ""world_model_training"": ""short"", ""gamma"": ""0.95"", ""rollout_length_N"": ""50""}; notes: raw score; mean (std) over 5 training runs; Table 3 'SimPLe' column repeats the 'Ours, SD long' numbers",Table 2 vs main Table 2
"1903.00374|SimPLe|Ours, SD 100 steps|assault","1903.00374|SimPLe|Ours, SD 100 steps",1903.00374,atari,SimPLe,SimPLe,"Ours, SD 100 steps",assault,57.741,15.345,-42.396,"variant: Ours, SD 100 steps; conditions: {""world_model"": ""stochastic discrete"", ""world_model_training"": ""short"", ""gamma"": ""0.99"", ""rollout_length_N"": ""100""}; notes: raw score; mean (std) over 5 training runs; Table 3 'SimPLe' column repeats the 'Ours, SD long' numbers",Table 2 vs main Table 2
"1903.00374|SimPLe|Ours, SD 25 steps|assault","1903.00374|SimPLe|Ours, SD 25 steps",1903.00374,atari,SimPLe,SimPLe,"Ours, SD 25 steps",assault,57.741,84.753,27.012,"variant: Ours, SD 25 steps; conditions: {""world_model"": ""stochastic discrete"", ""world_model_training"": ""short"", ""gamma"": ""0.99"", ""rollout_length_N"": ""25""}; notes: raw score; mean (std) over 5 training runs; Table 3 'SimPLe' column repeats the 'Ours, SD long' numbers",Table 2 vs main Table 2
"1903.00374|SimPLe|Ours, deterministic|asterix","1903.00374|SimPLe|Ours, deterministic",1903.00374,atari,SimPLe,SimPLe,"Ours, deterministic",asterix,10.655,5.079,-5.577,"variant: Ours, deterministic; conditions: {""world_model"": ""deterministic"", ""world_model_training"": ""short"", ""gamma"": ""0.99"", ""rollout_length_N"": ""50""}; notes: raw score; mean (std) over 5 training runs; Table 3 'SimPLe' column repeats the 'Ours, SD long' numbers",Table 2 vs main Table 2
"1903.00374|SimPLe|Ours, det. recurrent|asterix","1903.00374|SimPLe|Ours, det. recurrent",1903.00374,atari,SimPLe,SimPLe,"Ours, det. recurrent",asterix,10.655,19.435,8.78,"variant: Ours, det. recurrent; conditions: {""world_model"": ""deterministic recurrent"", ""world_model_training"": ""short"", ""gamma"": ""0.99"", ""rollout_length_N"": ""50""}; notes: raw score; mean (std) over 5 training runs; Table 3 'SimPLe' column repeats the 'Ours, SD long' numbers",Table 2 vs main Table 2
"1903.00374|SimPLe|Ours, SD|asterix","1903.00374|SimPLe|Ours, SD",1903.00374,atari,SimPLe,SimPLe,"Ours, SD",asterix,10.655,10.185,-0.47,"variant: Ours, SD; conditions: {""world_model"": ""stochastic discrete"", ""world_model_training"": ""short"", ""gamma"": ""0.99"", ""rollout_length_N"": ""50""}; notes: raw score; mean (std) over 5 training runs; Table 3 'SimPLe' column repeats the 'Ours, SD long' numbers",Table 2 vs main Table 2
"1903.00374|SimPLe|Ours, SD γ = 0.90|asterix","1903.00374|SimPLe|Ours, SD γ = 0.90",1903.00374,atari,SimPLe,SimPLe,"Ours, SD γ = 0.90",asterix,10.655,7.344,-3.311,"variant: Ours, SD γ = 0.90; conditions: {""world_model"": ""stochastic discrete"", ""world_model_training"": ""short"", ""gamma"": ""0.90"", ""rollout_length_N"": ""50""}; notes: raw score; mean (std) over 5 training runs; Table 3 'SimPLe' column repeats the 'Ours, SD long' numbers",Table 2 vs main Table 2
"1903.00374|SimPLe|Ours, SD γ = 0.95|asterix","1903.00374|SimPLe|Ours, SD γ = 0.95",1903.00374,atari,SimPLe,SimPLe,"Ours, SD γ = 0.95",asterix,10.655,8.151,-2.504,"variant: Ours, SD γ = 0.95; conditions: {""world_model"": ""stochastic discrete"", ""world_model_training"": ""short"", ""gamma"": ""0.95"", ""rollout_length_N"": ""50""}; notes: raw score; mean (std) over 5 training runs; Table 3 'SimPLe' column repeats the 'Ours, SD long' numbers",Table 2 vs main Table 2
"1903.00374|SimPLe|Ours, SD 100 steps|asterix","1903.00374|SimPLe|Ours, SD 100 steps",1903.00374,atari,SimPLe,SimPLe,"Ours, SD 100 steps",asterix,10.655,6.399,-4.256,"variant: Ours, SD 100 steps; conditions: {""world_model"": ""stochastic discrete"", ""world_model_training"": ""short"", ""gamma"": ""0.99"", ""rollout_length_N"": ""100""}; notes: raw score; mean (std) over 5 training runs; Table 3 'SimPLe' column repeats the 'Ours, SD long' numbers",Table 2 vs main Table 2
"1903.00374|SimPLe|Ours, SD 25 steps|asterix","1903.00374|SimPLe|Ours, SD 25 steps",1903.00374,atari,SimPLe,SimPLe,"Ours, SD 25 steps",asterix,10.655,13.227,2.572,"variant: Ours, SD 25 steps; conditions: {""world_model"": ""stochastic discrete"", ""world_model_training"": ""short"", ""gamma"": ""0.99"", ""rollout_length_N"": ""25""}; notes: raw score; mean (std) over 5 training runs; Table 3 'SimPLe' column repeats the 'Ours, SD long' numbers",Table 2 vs main Table 2
"1903.00374|SimPLe|Ours, deterministic|bankheist","1903.00374|SimPLe|Ours, deterministic",1903.00374,atari,SimPLe,SimPLe,"Ours, deterministic",bankheist,2.602,-0.163,-2.764,"variant: Ours, deterministic; conditions: {""world_model"": ""deterministic"", ""world_model_training"": ""short"", ""gamma"": ""0.99"", ""rollout_length_N"": ""50""}; notes: raw score; mean (std) over 5 training runs; Table 3 'SimPLe' column repeats the 'Ours, SD long' numbers",Table 2 vs main Table 2
"1903.00374|SimPLe|Ours, det. recurrent|bankheist","1903.00374|SimPLe|Ours, det. recurrent",1903.00374,atari,SimPLe,SimPLe,"Ours, det. recurrent",bankheist,2.602,0.014,-2.588,"variant: Ours, det. recurrent; conditions: {""world_model"": ""deterministic recurrent"", ""world_model_training"": ""short"", ""gamma"": ""0.99"", ""rollout_length_N"": ""50""}; notes: raw score; mean (std) over 5 training runs; Table 3 'SimPLe' column repeats the 'Ours, SD long' numbers",Table 2 vs main Table 2
"1903.00374|SimPLe|Ours, SD|bankheist","1903.00374|SimPLe|Ours, SD",1903.00374,atari,SimPLe,SimPLe,"Ours, SD",bankheist,2.602,-0.921,-3.523,"variant: Ours, SD; conditions: {""world_model"": ""stochastic discrete"", ""world_model_training"": ""short"", ""gamma"": ""0.99"", ""rollout_length_N"": ""50""}; notes: raw score; mean (std) over 5 training runs; Table 3 'SimPLe' column repeats the 'Ours, SD long' numbers",Table 2 vs main Table 2
"1903.00374|SimPLe|Ours, SD γ = 0.90|bankheist","1903.00374|SimPLe|Ours, SD γ = 0.90",1903.00374,atari,SimPLe,SimPLe,"Ours, SD γ = 0.90",bankheist,2.602,-0.42,-3.022,"variant: Ours, SD γ = 0.90; conditions: {""world_model"": ""stochastic discrete"", ""world_model_training"": ""short"", ""gamma"": ""0.90"", ""rollout_length_N"": ""50""}; notes: raw score; mean (std) over 5 training runs; Table 3 'SimPLe' column repeats the 'Ours, SD long' numbers",Table 2 vs main Table 2
"1903.00374|SimPLe|Ours, SD γ = 0.95|bankheist","1903.00374|SimPLe|Ours, SD γ = 0.95",1903.00374,atari,SimPLe,SimPLe,"Ours, SD γ = 0.95",bankheist,2.602,-0.407,-3.008,"variant: Ours, SD γ = 0.95; conditions: {""world_model"": ""stochastic discrete"", ""world_model_training"": ""short"", ""gamma"": ""0.95"", ""rollout_length_N"": ""50""}; notes: raw score; mean (std) over 5 training runs; Table 3 'SimPLe' column repeats the 'Ours, SD long' numbers",Table 2 vs main Table 2
"1903.00374|SimPLe|Ours, SD 100 steps|bankheist","1903.00374|SimPLe|Ours, SD 100 steps",1903.00374,atari,SimPLe,SimPLe,"Ours, SD 100 steps",bankheist,2.602,-0.257,-2.859,"variant: Ours, SD 100 steps; conditions: {""world_model"": ""stochastic discrete"", ""world_model_training"": ""short"", ""gamma"": ""0.99"", ""rollout_length_N"": ""100""}; notes: raw score; mean (std) over 5 training runs; Table 3 'SimPLe' column repeats the 'Ours, SD long' numbers",Table 2 vs main Table 2
"1903.00374|SimPLe|Ours, SD 25 steps|bankheist","1903.00374|SimPLe|Ours, SD 25 steps",1903.00374,atari,SimPLe,SimPLe,"Ours, SD 25 steps",bankheist,2.602,-0.312,-2.913,"variant: Ours, SD 25 steps; conditions: {""world_model"": ""stochastic discrete"", ""world_model_training"": ""short"", ""gamma"": ""0.99"", ""rollout_length_N"": ""25""}; notes: raw score; mean (std) over 5 training runs; Table 3 'SimPLe' column repeats the 'Ours, SD long' numbers",Table 2 vs main Table 2
"1903.00374|SimPLe|Ours, deterministic|battlezone","1903.00374|SimPLe|Ours, deterministic",1903.00374,atari,SimPLe,SimPLe,"Ours, deterministic",battlezone,3.313,1.199,-2.114,"variant: Ours, deterministic; conditions: {""world_model"": ""deterministic"", ""world_model_training"": ""short"", ""gamma"": ""0.99"", ""rollout_length_N"": ""50""}; notes: raw score; mean (std) over 5 training runs; Table 3 'SimPLe' column repeats the 'Ours, SD long' numbers",Table 2 vs main Table 2
"1903.00374|SimPLe|Ours, det. recurrent|battlezone","1903.00374|SimPLe|Ours, det. recurrent",1903.00374,atari,SimPLe,SimPLe,"Ours, det. recurrent",battlezone,3.313,5.163,1.85,"variant: Ours, det. recurrent; conditions: {""world_model"": ""deterministic recurrent"", ""world_model_training"": ""short"", ""gamma"": ""0.99"", ""rollout_length_N"": ""50""}; notes: raw score; mean (std) over 5 training runs; Table 3 'SimPLe' column repeats the 'Ours, SD long' numbers",Table 2 vs main Table 2
"1903.00374|SimPLe|Ours, SD|battlezone","1903.00374|SimPLe|Ours, SD",1903.00374,atari,SimPLe,SimPLe,"Ours, SD",battlezone,3.313,6.676,3.363,"variant: Ours, SD; conditions: {""world_model"": ""stochastic discrete"", ""world_model_training"": ""short"", ""gamma"": ""0.99"", ""rollout_length_N"": ""50""}; notes: raw score; mean (std) over 5 training runs; Table 3 'SimPLe' column repeats the 'Ours, SD long' numbers",Table 2 vs main Table 2
"1903.00374|SimPLe|Ours, SD γ = 0.90|battlezone","1903.00374|SimPLe|Ours, SD γ = 0.90",1903.00374,atari,SimPLe,SimPLe,"Ours, SD γ = 0.90",battlezone,3.313,-0.332,-3.645,"variant: Ours, SD γ = 0.90; conditions: {""world_model"": ""stochastic discrete"", ""world_model_training"": ""short"", ""gamma"": ""0.90"", ""rollout_length_N"": ""50""}; notes: raw score; mean (std) over 5 training runs; Table 3 'SimPLe' column repeats the 'Ours, SD long' numbers",Table 2 vs main Table 2
"1903.00374|SimPLe|Ours, SD γ = 0.95|battlezone","1903.00374|SimPLe|Ours, SD γ = 0.95",1903.00374,atari,SimPLe,SimPLe,"Ours, SD γ = 0.95",battlezone,3.313,3.222,-0.091,"variant: Ours, SD γ = 0.95; conditions: {""world_model"": ""stochastic discrete"", ""world_model_training"": ""short"", ""gamma"": ""0.95"", ""rollout_length_N"": ""50""}; notes: raw score; mean (std) over 5 training runs; Table 3 'SimPLe' column repeats the 'Ours, SD long' numbers",Table 2 vs main Table 2
"1903.00374|SimPLe|Ours, SD 100 steps|battlezone","1903.00374|SimPLe|Ours, SD 100 steps",1903.00374,atari,SimPLe,SimPLe,"Ours, SD 100 steps",battlezone,3.313,3.423,0.11,"variant: Ours, SD 100 steps; conditions: {""world_model"": ""stochastic discrete"", ""world_model_training"": ""short"", ""gamma"": ""0.99"", ""rollout_length_N"": ""100""}; notes: raw score; mean (std) over 5 training runs; Table 3 'SimPLe' column repeats the 'Ours, SD long' numbers",Table 2 vs main Table 2
"1903.00374|SimPLe|Ours, SD 25 steps|battlezone","1903.00374|SimPLe|Ours, SD 25 steps",1903.00374,atari,SimPLe,SimPLe,"Ours, SD 25 steps",battlezone,3.313,2.484,-0.829,"variant: Ours, SD 25 steps; conditions: {""world_model"": ""stochastic discrete"", ""world_model_training"": ""short"", ""gamma"": ""0.99"", ""rollout_length_N"": ""25""}; notes: raw score; mean (std) over 5 training runs; Table 3 'SimPLe' column repeats the 'Ours, SD long' numbers",Table 2 vs main Table 2
"1903.00374|SimPLe|Ours, deterministic|boxing","1903.00374|SimPLe|Ours, deterministic",1903.00374,atari,SimPLe,SimPLe,"Ours, deterministic",boxing,64.103,-82.051,-146.154,"variant: Ours, deterministic; conditions: {""world_model"": ""deterministic"", ""world_model_training"": ""short"", ""gamma"": ""0.99"", ""rollout_length_N"": ""50""}; notes: raw score; mean (std) over 5 training runs; Table 3 'SimPLe' column repeats the 'Ours, SD long' numbers",Table 2 vs main Table 2
"1903.00374|SimPLe|Ours, det. recurrent|boxing","1903.00374|SimPLe|Ours, det. recurrent",1903.00374,atari,SimPLe,SimPLe,"Ours, det. recurrent",boxing,64.103,-29.06,-93.162,"variant: Ours, det. recurrent; conditions: {""world_model"": ""deterministic recurrent"", ""world_model_training"": ""short"", ""gamma"": ""0.99"", ""rollout_length_N"": ""50""}; notes: raw score; mean (std) over 5 training runs; Table 3 'SimPLe' column repeats the 'Ours, SD long' numbers",Table 2 vs main Table 2
"1903.00374|SimPLe|Ours, SD|boxing","1903.00374|SimPLe|Ours, SD",1903.00374,atari,SimPLe,SimPLe,"Ours, SD",boxing,64.103,75.214,11.111,"variant: Ours, SD; conditions: {""world_model"": ""stochastic discrete"", ""world_model_training"": ""short"", ""gamma"": ""0.99"", ""rollout_length_N"": ""50""}; notes: raw score; mean (std) over 5 training runs; Table 3 'SimPLe' column repeats the 'Ours, SD long' numbers",Table 2 vs main Table 2
"1903.00374|SimPLe|Ours, SD γ = 0.90|boxing","1903.00374|SimPLe|Ours, SD γ = 0.90",1903.00374,atari,SimPLe,SimPLe,"Ours, SD γ = 0.90",boxing,64.103,96.581,32.479,"variant: Ours, SD γ = 0.90; conditions: {""world_model"": ""stochastic discrete"", ""world_model_training"": ""short"", ""gamma"": ""0.90"", ""rollout_length_N"": ""50""}; notes: raw score; mean (std) over 5 training runs; Table 3 'SimPLe' column repeats the 'Ours, SD long' numbers",Table 2 vs main Table 2
"1903.00374|SimPLe|Ours, SD γ = 0.95|boxing","1903.00374|SimPLe|Ours, SD γ = 0.95",1903.00374,atari,SimPLe,SimPLe,"Ours, SD γ = 0.95",boxing,64.103,41.026,-23.077,"variant: Ours, SD γ = 0.95; conditions: {""world_model"": ""stochastic discrete"", ""world_model_training"": ""short"", ""gamma"": ""0.95"", ""rollout_length_N"": ""50""}; notes: raw score; mean (std) over 5 training runs; Table 3 'SimPLe' column repeats the 'Ours, SD long' numbers",Table 2 vs main Table 2
"1903.00374|SimPLe|Ours, SD 100 steps|boxing","1903.00374|SimPLe|Ours, SD 100 steps",1903.00374,atari,SimPLe,SimPLe,"Ours, SD 100 steps",boxing,64.103,-20.513,-84.615,"variant: Ours, SD 100 steps; conditions: {""world_model"": ""stochastic discrete"", ""world_model_training"": ""short"", ""gamma"": ""0.99"", ""rollout_length_N"": ""100""}; notes: raw score; mean (std) over 5 training runs; Table 3 'SimPLe' column repeats the 'Ours, SD long' numbers",Table 2 vs main Table 2
"1903.00374|SimPLe|Ours, SD 25 steps|boxing","1903.00374|SimPLe|Ours, SD 25 steps",1903.00374,atari,SimPLe,SimPLe,"Ours, SD 25 steps",boxing,64.103,11.111,-52.991,"variant: Ours, SD 25 steps; conditions: {""world_model"": ""stochastic discrete"", ""world_model_training"": ""short"", ""gamma"": ""0.99"", ""rollout_length_N"": ""25""}; notes: raw score; mean (std) over 5 training runs; Table 3 'SimPLe' column repeats the 'Ours, SD long' numbers",Table 2 vs main Table 2
"1903.00374|SimPLe|Ours, deterministic|breakout","1903.00374|SimPLe|Ours, deterministic",1903.00374,atari,SimPLe,SimPLe,"Ours, deterministic",breakout,53.265,17.869,-35.395,"variant: Ours, deterministic; conditions: {""world_model"": ""deterministic"", ""world_model_training"": ""short"", ""gamma"": ""0.99"", ""rollout_length_N"": ""50""}; notes: raw score; mean (std) over 5 training runs; Table 3 'SimPLe' column repeats the 'Ours, SD long' numbers",Table 2 vs main Table 2
"1903.00374|SimPLe|Ours, det. recurrent|breakout","1903.00374|SimPLe|Ours, det. recurrent",1903.00374,atari,SimPLe,SimPLe,"Ours, det. recurrent",breakout,53.265,31.959,-21.306,"variant: Ours, det. recurrent; conditions: {""world_model"": ""deterministic recurrent"", ""world_model_training"": ""short"", ""gamma"": ""0.99"", ""rollout_length_N"": ""50""}; notes: raw score; mean (std) over 5 training runs; Table 3 'SimPLe' column repeats the 'Ours, SD long' numbers",Table 2 vs main Table 2
"1903.00374|SimPLe|Ours, SD|breakout","1903.00374|SimPLe|Ours, SD",1903.00374,atari,SimPLe,SimPLe,"Ours, SD",breakout,53.265,40.55,-12.715,"variant: Ours, SD; conditions: {""world_model"": ""stochastic discrete"", ""world_model_training"": ""short"", ""gamma"": ""0.99"", ""rollout_length_N"": ""50""}; notes: raw score; mean (std) over 5 training runs; Table 3 'SimPLe' column repeats the 'Ours, SD long' numbers",Table 2 vs main Table 2
"1903.00374|SimPLe|Ours, SD γ = 0.90|breakout","1903.00374|SimPLe|Ours, SD γ = 0.90",1903.00374,atari,SimPLe,SimPLe,"Ours, SD γ = 0.90",breakout,53.265,21.993,-31.271,"variant: Ours, SD γ = 0.90; conditions: {""world_model"": ""stochastic discrete"", ""world_model_training"": ""short"", ""gamma"": ""0.90"", ""rollout_length_N"": ""50""}; notes: raw score; mean (std) over 5 training runs; Table 3 'SimPLe' column repeats the 'Ours, SD long' numbers",Table 2 vs main Table 2
"1903.00374|SimPLe|Ours, SD γ = 0.95|breakout","1903.00374|SimPLe|Ours, SD γ = 0.95",1903.00374,atari,SimPLe,SimPLe,"Ours, SD γ = 0.95",breakout,53.265,27.148,-26.117,"variant: Ours, SD γ = 0.95; conditions: {""world_model"": ""stochastic discrete"", ""world_model_training"": ""short"", ""gamma"": ""0.95"", ""rollout_length_N"": ""50""}; notes: raw score; mean (std) over 5 training runs; Table 3 'SimPLe' column repeats the 'Ours, SD long' numbers",Table 2 vs main Table 2
"1903.00374|SimPLe|Ours, SD 100 steps|breakout","1903.00374|SimPLe|Ours, SD 100 steps",1903.00374,atari,SimPLe,SimPLe,"Ours, SD 100 steps",breakout,53.265,36.082,-17.182,"variant: Ours, SD 100 steps; conditions: {""world_model"": ""stochastic discrete"", ""world_model_training"": ""short"", ""gamma"": ""0.99"", ""rollout_length_N"": ""100""}; notes: raw score; mean (std) over 5 training runs; Table 3 'SimPLe' column repeats the 'Ours, SD long' numbers",Table 2 vs main Table 2
"1903.00374|SimPLe|Ours, SD 25 steps|breakout","1903.00374|SimPLe|Ours, SD 25 steps",1903.00374,atari,SimPLe,SimPLe,"Ours, SD 25 steps",breakout,53.265,23.711,-29.553,"variant: Ours, SD 25 steps; conditions: {""world_model"": ""stochastic discrete"", ""world_model_training"": ""short"", ""gamma"": ""0.99"", ""rollout_length_N"": ""25""}; notes: raw score; mean (std) over 5 training runs; Table 3 'SimPLe' column repeats the 'Ours, SD long' numbers",Table 2 vs main Table 2
"1903.00374|SimPLe|Ours, deterministic|choppercommand","1903.00374|SimPLe|Ours, deterministic",1903.00374,atari,SimPLe,SimPLe,"Ours, deterministic",choppercommand,4.591,3.512,-1.079,"variant: Ours, deterministic; conditions: {""world_model"": ""deterministic"", ""world_model_training"": ""short"", ""gamma"": ""0.99"", ""rollout_length_N"": ""50""}; notes: raw score; mean (std) over 5 training runs; Table 3 'SimPLe' column repeats the 'Ours, SD long' numbers",Table 2 vs main Table 2
"1903.00374|SimPLe|Ours, det. recurrent|choppercommand","1903.00374|SimPLe|Ours, det. recurrent",1903.00374,atari,SimPLe,SimPLe,"Ours, det. recurrent",choppercommand,4.591,0.567,-4.024,"variant: Ours, det. recurrent; conditions: {""world_model"": ""deterministic recurrent"", ""world_model_training"": ""short"", ""gamma"": ""0.99"", ""rollout_length_N"": ""50""}; notes: raw score; mean (std) over 5 training runs; Table 3 'SimPLe' column repeats the 'Ours, SD long' numbers",Table 2 vs main Table 2
"1903.00374|SimPLe|Ours, SD|choppercommand","1903.00374|SimPLe|Ours, SD",1903.00374,atari,SimPLe,SimPLe,"Ours, SD",choppercommand,4.591,8.574,3.982,"variant: Ours, SD; conditions: {""world_model"": ""stochastic discrete"", ""world_model_training"": ""short"", ""gamma"": ""0.99"", ""rollout_length_N"": ""50""}; notes: raw score; mean (std) over 5 training runs; Table 3 'SimPLe' column repeats the 'Ours, SD long' numbers",Table 2 vs main Table 2
"1903.00374|SimPLe|Ours, SD γ = 0.90|choppercommand","1903.00374|SimPLe|Ours, SD γ = 0.90",1903.00374,atari,SimPLe,SimPLe,"Ours, SD γ = 0.90",choppercommand,4.591,0.813,-3.778,"variant: Ours, SD γ = 0.90; conditions: {""world_model"": ""stochastic discrete"", ""world_model_training"": ""short"", ""gamma"": ""0.90"", ""rollout_length_N"": ""50""}; notes: raw score; mean (std) over 5 training runs; Table 3 'SimPLe' column repeats the 'Ours, SD long' numbers",Table 2 vs main Table 2
"1903.00374|SimPLe|Ours, SD γ = 0.95|choppercommand","1903.00374|SimPLe|Ours, SD γ = 0.95",1903.00374,atari,SimPLe,SimPLe,"Ours, SD γ = 0.95",choppercommand,4.591,4.103,-0.488,"variant: Ours, SD γ = 0.95; conditions: {""world_model"": ""stochastic discrete"", ""world_model_training"": ""short"", ""gamma"": ""0.95"", ""rollout_length_N"": ""50""}; notes: raw score; mean (std) over 5 training runs; Table 3 'SimPLe' column repeats the 'Ours, SD long' numbers",Table 2 vs main Table 2
"1903.00374|SimPLe|Ours, SD 100 steps|choppercommand","1903.00374|SimPLe|Ours, SD 100 steps",1903.00374,atari,SimPLe,SimPLe,"Ours, SD 100 steps",choppercommand,4.591,0.865,-3.726,"variant: Ours, SD 100 steps; conditions: {""world_model"": ""stochastic discrete"", ""world_model_training"": ""short"", ""gamma"": ""0.99"", ""rollout_length_N"": ""100""}; notes: raw score; mean (std) over 5 training runs; Table 3 'SimPLe' column repeats the 'Ours, SD long' numbers",Table 2 vs main Table 2
"1903.00374|SimPLe|Ours, SD 25 steps|choppercommand","1903.00374|SimPLe|Ours, SD 25 steps",1903.00374,atari,SimPLe,SimPLe,"Ours, SD 25 steps",choppercommand,4.591,5.601,1.009,"variant: Ours, SD 25 steps; conditions: {""world_model"": ""stochastic discrete"", ""world_model_training"": ""short"", ""gamma"": ""0.99"", ""rollout_length_N"": ""25""}; notes: raw score; mean (std) over 5 training runs; Table 3 'SimPLe' column repeats the 'Ours, SD long' numbers",Table 2 vs main Table 2
"1903.00374|SimPLe|Ours, deterministic|crazyclimber","1903.00374|SimPLe|Ours, deterministic",1903.00374,atari,SimPLe,SimPLe,"Ours, deterministic",crazyclimber,193.91,42.263,-151.647,"variant: Ours, deterministic; conditions: {""world_model"": ""deterministic"", ""world_model_training"": ""short"", ""gamma"": ""0.99"", ""rollout_length_N"": ""50""}; notes: raw score; mean (std) over 5 training runs; Table 3 'SimPLe' column repeats the 'Ours, SD long' numbers",Table 2 vs main Table 2
"1903.00374|SimPLe|Ours, det. recurrent|crazyclimber","1903.00374|SimPLe|Ours, det. recurrent",1903.00374,atari,SimPLe,SimPLe,"Ours, det. recurrent",crazyclimber,193.91,166.239,-27.671,"variant: Ours, det. recurrent; conditions: {""world_model"": ""deterministic recurrent"", ""world_model_training"": ""short"", ""gamma"": ""0.99"", ""rollout_length_N"": ""50""}; notes: raw score; mean (std) over 5 training runs; Table 3 'SimPLe' column repeats the 'Ours, SD long' numbers",Table 2 vs main Table 2
"1903.00374|SimPLe|Ours, SD|crazyclimber","1903.00374|SimPLe|Ours, SD",1903.00374,atari,SimPLe,SimPLe,"Ours, SD",crazyclimber,193.91,114.036,-79.874,"variant: Ours, SD; conditions: {""world_model"": ""stochastic discrete"", ""world_model_training"": ""short"", ""gamma"": ""0.99"", ""rollout_length_N"": ""50""}; notes: raw score; mean (std) over 5 training runs; Table 3 'SimPLe' column repeats the 'Ours, SD long' numbers",Table 2 vs main Table 2
"1903.00374|SimPLe|Ours, SD γ = 0.90|crazyclimber","1903.00374|SimPLe|Ours, SD γ = 0.90",1903.00374,atari,SimPLe,SimPLe,"Ours, SD γ = 0.90",crazyclimber,193.91,149.183,-44.728,"variant: Ours, SD γ = 0.90; conditions: {""world_model"": ""stochastic discrete"", ""world_model_training"": ""short"", ""gamma"": ""0.90"", ""rollout_length_N"": ""50""}; notes: raw score; mean (std) over 5 training runs; Table 3 'SimPLe' column repeats the 'Ours, SD long' numbers",Table 2 vs main Table 2
"1903.00374|SimPLe|Ours, SD γ = 0.95|crazyclimber","1903.00374|SimPLe|Ours, SD γ = 0.95",1903.00374,atari,SimPLe,SimPLe,"Ours, SD γ = 0.95",crazyclimber,193.91,94.819,-99.091,"variant: Ours, SD γ = 0.95; conditions: {""world_model"": ""stochastic discrete"", ""world_model_training"": ""short"", ""gamma"": ""0.95"", ""rollout_length_N"": ""50""}; notes: raw score; mean (std) over 5 training runs; Table 3 'SimPLe' column repeats the 'Ours, SD long' numbers",Table 2 vs main Table 2
"1903.00374|SimPLe|Ours, SD 100 steps|crazyclimber","1903.00374|SimPLe|Ours, SD 100 steps",1903.00374,atari,SimPLe,SimPLe,"Ours, SD 100 steps",crazyclimber,193.91,145.007,-48.904,"variant: Ours, SD 100 steps; conditions: {""world_model"": ""stochastic discrete"", ""world_model_training"": ""short"", ""gamma"": ""0.99"", ""rollout_length_N"": ""100""}; notes: raw score; mean (std) over 5 training runs; Table 3 'SimPLe' column repeats the 'Ours, SD long' numbers",Table 2 vs main Table 2
"1903.00374|SimPLe|Ours, SD 25 steps|crazyclimber","1903.00374|SimPLe|Ours, SD 25 steps",1903.00374,atari,SimPLe,SimPLe,"Ours, SD 25 steps",crazyclimber,193.91,64.138,-129.772,"variant: Ours, SD 25 steps; conditions: {""world_model"": ""stochastic discrete"", ""world_model_training"": ""short"", ""gamma"": ""0.99"", ""rollout_length_N"": ""25""}; notes: raw score; mean (std) over 5 training runs; Table 3 'SimPLe' column repeats the 'Ours, SD long' numbers",Table 2 vs main Table 2
"1903.00374|SimPLe|Ours, deterministic|demonattack","1903.00374|SimPLe|Ours, deterministic",1903.00374,atari,SimPLe,SimPLe,"Ours, deterministic",demonattack,3.719,2.835,-0.885,"variant: Ours, deterministic; conditions: {""world_model"": ""deterministic"", ""world_model_training"": ""short"", ""gamma"": ""0.99"", ""rollout_length_N"": ""50""}; notes: raw score; mean (std) over 5 training runs; Table 3 'SimPLe' column repeats the 'Ours, SD long' numbers",Table 2 vs main Table 2
"1903.00374|SimPLe|Ours, det. recurrent|demonattack","1903.00374|SimPLe|Ours, det. recurrent",1903.00374,atari,SimPLe,SimPLe,"Ours, det. recurrent",demonattack,3.719,-1.076,-4.795,"variant: Ours, det. recurrent; conditions: {""world_model"": ""deterministic recurrent"", ""world_model_training"": ""short"", ""gamma"": ""0.99"", ""rollout_length_N"": ""50""}; notes: raw score; mean (std) over 5 training runs; Table 3 'SimPLe' column repeats the 'Ours, SD long' numbers",Table 2 vs main Table 2
"1903.00374|SimPLe|Ours, SD|demonattack","1903.00374|SimPLe|Ours, SD",1903.00374,atari,SimPLe,SimPLe,"Ours, SD",demonattack,3.719,1.611,-2.108,"variant: Ours, SD; conditions: {""world_model"": ""stochastic discrete"", ""world_model_training"": ""short"", ""gamma"": ""0.99"", ""rollout_length_N"": ""50""}; notes: raw score; mean (std) over 5 training runs; Table 3 'SimPLe' column repeats the 'Ours, SD long' numbers",Table 2 vs main Table 2
"1903.00374|SimPLe|Ours, SD γ = 0.90|demonattack","1903.00374|SimPLe|Ours, SD γ = 0.90",1903.00374,atari,SimPLe,SimPLe,"Ours, SD γ = 0.90",demonattack,3.719,2.594,-1.125,"variant: Ours, SD γ = 0.90; conditions: {""world_model"": ""stochastic discrete"", ""world_model_training"": ""short"", ""gamma"": ""0.90"", ""rollout_length_N"": ""50""}; notes: raw score; mean (std) over 5 training runs; Table 3 'SimPLe' column repeats the 'Ours, SD long' numbers",Table 2 vs main Table 2
"1903.00374|SimPLe|Ours, SD γ = 0.95|demonattack","1903.00374|SimPLe|Ours, SD γ = 0.95",1903.00374,atari,SimPLe,SimPLe,"Ours, SD γ = 0.95",demonattack,3.719,2.998,-0.721,"variant: Ours, SD γ = 0.95; conditions: {""world_model"": ""stochastic discrete"", ""world_model_training"": ""short"", ""gamma"": ""0.95"", ""rollout_length_N"": ""50""}; notes: raw score; mean (std) over 5 training runs; Table 3 'SimPLe' column repeats the 'Ours, SD long' numbers",Table 2 vs main Table 2
"1903.00374|SimPLe|Ours, SD 100 steps|demonattack","1903.00374|SimPLe|Ours, SD 100 steps",1903.00374,atari,SimPLe,SimPLe,"Ours, SD 100 steps",demonattack,3.719,1.644,-2.075,"variant: Ours, SD 100 steps; conditions: {""world_model"": ""stochastic discrete"", ""world_model_training"": ""short"", ""gamma"": ""0.99"", ""rollout_length_N"": ""100""}; notes: raw score; mean (std) over 5 training runs; Table 3 'SimPLe' column repeats the 'Ours, SD long' numbers",Table 2 vs main Table 2
"1903.00374|SimPLe|Ours, SD 25 steps|demonattack","1903.00374|SimPLe|Ours, SD 25 steps",1903.00374,atari,SimPLe,SimPLe,"Ours, SD 25 steps",demonattack,3.719,3.397,-0.322,"variant: Ours, SD 25 steps; conditions: {""world_model"": ""stochastic discrete"", ""world_model_training"": ""short"", ""gamma"": ""0.99"", ""rollout_length_N"": ""25""}; notes: raw score; mean (std) over 5 training runs; Table 3 'SimPLe' column repeats the 'Ours, SD long' numbers",Table 2 vs main Table 2
"1903.00374|SimPLe|Ours, deterministic|freeway","1903.00374|SimPLe|Ours, deterministic",1903.00374,atari,SimPLe,SimPLe,"Ours, deterministic",freeway,55.667,19.667,-36.0,"variant: Ours, deterministic; conditions: {""world_model"": ""deterministic"", ""world_model_training"": ""short"", ""gamma"": ""0.99"", ""rollout_length_N"": ""50""}; notes: raw score; mean (std) over 5 training runs; Table 3 'SimPLe' column repeats the 'Ours, SD long' numbers",Table 2 vs main Table 2
"1903.00374|SimPLe|Ours, det. recurrent|freeway","1903.00374|SimPLe|Ours, det. recurrent",1903.00374,atari,SimPLe,SimPLe,"Ours, det. recurrent",freeway,55.667,79.0,23.333,"variant: Ours, det. recurrent; conditions: {""world_model"": ""deterministic recurrent"", ""world_model_training"": ""short"", ""gamma"": ""0.99"", ""rollout_length_N"": ""50""}; notes: raw score; mean (std) over 5 training runs; Table 3 'SimPLe' column repeats the 'Ours, SD long' numbers",Table 2 vs main Table 2
"1903.00374|SimPLe|Ours, SD|freeway","1903.00374|SimPLe|Ours, SD",1903.00374,atari,SimPLe,SimPLe,"Ours, SD",freeway,55.667,67.667,12.0,"variant: Ours, SD; conditions: {""world_model"": ""stochastic discrete"", ""world_model_training"": ""short"", ""gamma"": ""0.99"", ""rollout_length_N"": ""50""}; notes: raw score; mean (std) over 5 training runs; Table 3 'SimPLe' column repeats the 'Ours, SD long' numbers",Table 2 vs main Table 2
"1903.00374|SimPLe|Ours, SD γ = 0.90|freeway","1903.00374|SimPLe|Ours, SD γ = 0.90",1903.00374,atari,SimPLe,SimPLe,"Ours, SD γ = 0.90",freeway,55.667,63.0,7.333,"variant: Ours, SD γ = 0.90; conditions: {""world_model"": ""stochastic discrete"", ""world_model_training"": ""short"", ""gamma"": ""0.90"", ""rollout_length_N"": ""50""}; notes: raw score; mean (std) over 5 training runs; Table 3 'SimPLe' column repeats the 'Ours, SD long' numbers",Table 2 vs main Table 2
"1903.00374|SimPLe|Ours, SD γ = 0.95|freeway","1903.00374|SimPLe|Ours, SD γ = 0.95",1903.00374,atari,SimPLe,SimPLe,"Ours, SD γ = 0.95",freeway,55.667,92.333,36.667,"variant: Ours, SD γ = 0.95; conditions: {""world_model"": ""stochastic discrete"", ""world_model_training"": ""short"", ""gamma"": ""0.95"", ""rollout_length_N"": ""50""}; notes: raw score; mean (std) over 5 training runs; Table 3 'SimPLe' column repeats the 'Ours, SD long' numbers",Table 2 vs main Table 2
"1903.00374|SimPLe|Ours, SD 100 steps|freeway","1903.00374|SimPLe|Ours, SD 100 steps",1903.00374,atari,SimPLe,SimPLe,"Ours, SD 100 steps",freeway,55.667,63.667,8.0,"variant: Ours, SD 100 steps; conditions: {""world_model"": ""stochastic discrete"", ""world_model_training"": ""short"", ""gamma"": ""0.99"", ""rollout_length_N"": ""100""}; notes: raw score; mean (std) over 5 training runs; Table 3 'SimPLe' column repeats the 'Ours, SD long' numbers",Table 2 vs main Table 2
"1903.00374|SimPLe|Ours, SD 25 steps|freeway","1903.00374|SimPLe|Ours, SD 25 steps",1903.00374,atari,SimPLe,SimPLe,"Ours, SD 25 steps",freeway,55.667,91.0,35.333,"variant: Ours, SD 25 steps; conditions: {""world_model"": ""stochastic discrete"", ""world_model_training"": ""short"", ""gamma"": ""0.99"", ""rollout_length_N"": ""25""}; notes: raw score; mean (std) over 5 training runs; Table 3 'SimPLe' column repeats the 'Ours, SD long' numbers",Table 2 vs main Table 2
"1903.00374|SimPLe|Ours, deterministic|gopher","1903.00374|SimPLe|Ours, deterministic",1903.00374,atari,SimPLe,SimPLe,"Ours, deterministic",gopher,16.2,12.202,-3.998,"variant: Ours, deterministic; conditions: {""world_model"": ""deterministic"", ""world_model_training"": ""short"", ""gamma"": ""0.99"", ""rollout_length_N"": ""50""}; notes: raw score; mean (std) over 5 training runs; Table 3 'SimPLe' column repeats the 'Ours, SD long' numbers",Table 2 vs main Table 2
"1903.00374|SimPLe|Ours, det. recurrent|gopher","1903.00374|SimPLe|Ours, det. recurrent",1903.00374,atari,SimPLe,SimPLe,"Ours, det. recurrent",gopher,16.2,-0.956,-17.155,"variant: Ours, det. recurrent; conditions: {""world_model"": ""deterministic recurrent"", ""world_model_training"": ""short"", ""gamma"": ""0.99"", ""rollout_length_N"": ""50""}; notes: raw score; mean (std) over 5 training runs; Table 3 'SimPLe' column repeats the 'Ours, SD long' numbers",Table 2 vs main Table 2
"1903.00374|SimPLe|Ours, SD|gopher","1903.00374|SimPLe|Ours, SD",1903.00374,atari,SimPLe,SimPLe,"Ours, SD",gopher,16.2,24.242,8.042,"variant: Ours, SD; conditions: {""world_model"": ""stochastic discrete"", ""world_model_training"": ""short"", ""gamma"": ""0.99"", ""rollout_length_N"": ""50""}; notes: raw score; mean (std) over 5 training runs; Table 3 'SimPLe' column repeats the 'Ours, SD long' numbers",Table 2 vs main Table 2
"1903.00374|SimPLe|Ours, SD γ = 0.90|gopher","1903.00374|SimPLe|Ours, SD γ = 0.90",1903.00374,atari,SimPLe,SimPLe,"Ours, SD γ = 0.90",gopher,16.2,27.686,11.486,"variant: Ours, SD γ = 0.90; conditions: {""world_model"": ""stochastic discrete"", ""world_model_training"": ""short"", ""gamma"": ""0.90"", ""rollout_length_N"": ""50""}; notes: raw score; mean (std) over 5 training runs; Table 3 'SimPLe' column repeats the 'Ours, SD long' numbers",Table 2 vs main Table 2
"1903.00374|SimPLe|Ours, SD γ = 0.95|gopher","1903.00374|SimPLe|Ours, SD γ = 0.95",1903.00374,atari,SimPLe,SimPLe,"Ours, SD γ = 0.95",gopher,16.2,16.929,0.729,"variant: Ours, SD γ = 0.95; conditions: {""world_model"": ""stochastic discrete"", ""world_model_training"": ""short"", ""gamma"": ""0.95"", ""rollout_length_N"": ""50""}; notes: raw score; mean (std) over 5 training runs; Table 3 'SimPLe' column repeats the 'Ours, SD long' numbers",Table 2 vs main Table 2
"1903.00374|SimPLe|Ours, SD 100 steps|gopher","1903.00374|SimPLe|Ours, SD 100 steps",1903.00374,atari,SimPLe,SimPLe,"Ours, SD 100 steps",gopher,16.2,20.89,4.69,"variant: Ours, SD 100 steps; conditions: {""world_model"": ""stochastic discrete"", ""world_model_training"": ""short"", ""gamma"": ""0.99"", ""rollout_length_N"": ""100""}; notes: raw score; mean (std) over 5 training runs; Table 3 'SimPLe' column repeats the 'Ours, SD long' numbers",Table 2 vs main Table 2
"1903.00374|SimPLe|Ours, SD 25 steps|gopher","1903.00374|SimPLe|Ours, SD 25 steps",1903.00374,atari,SimPLe,SimPLe,"Ours, SD 25 steps",gopher,16.2,12.179,-4.021,"variant: Ours, SD 25 steps; conditions: {""world_model"": ""stochastic discrete"", ""world_model_training"": ""short"", ""gamma"": ""0.99"", ""rollout_length_N"": ""25""}; notes: raw score; mean (std) over 5 training runs; Table 3 'SimPLe' column repeats the 'Ours, SD long' numbers",Table 2 vs main Table 2
"1903.00374|SimPLe|Ours, deterministic|hero","1903.00374|SimPLe|Ours, deterministic",1903.00374,atari,SimPLe,SimPLe,"Ours, deterministic",hero,7.947,1.297,-6.65,"variant: Ours, deterministic; conditions: {""world_model"": ""deterministic"", ""world_model_training"": ""short"", ""gamma"": ""0.99"", ""rollout_length_N"": ""50""}; notes: raw score; mean (std) over 5 training runs; Table 3 'SimPLe' column repeats the 'Ours, SD long' numbers",Table 2 vs main Table 2
"1903.00374|SimPLe|Ours, det. recurrent|hero","1903.00374|SimPLe|Ours, det. recurrent",1903.00374,atari,SimPLe,SimPLe,"Ours, det. recurrent",hero,7.947,1.09,-6.857,"variant: Ours, det. recurrent; conditions: {""world_model"": ""deterministic recurrent"", ""world_model_training"": ""short"", ""gamma"": ""0.99"", ""rollout_length_N"": ""50""}; notes: raw score; mean (std) over 5 training runs; Table 3 'SimPLe' column repeats the 'Ours, SD long' numbers",Table 2 vs main Table 2
"1903.00374|SimPLe|Ours, SD|hero","1903.00374|SimPLe|Ours, SD",1903.00374,atari,SimPLe,SimPLe,"Ours, SD",hero,7.947,3.498,-4.449,"variant: Ours, SD; conditions: {""world_model"": ""stochastic discrete"", ""world_model_training"": ""short"", ""gamma"": ""0.99"", ""rollout_length_N"": ""50""}; notes: raw score; mean (std) over 5 training runs; Table 3 'SimPLe' column repeats the 'Ours, SD long' numbers",Table 2 vs main Table 2
"1903.00374|SimPLe|Ours, SD γ = 0.90|hero","1903.00374|SimPLe|Ours, SD γ = 0.90",1903.00374,atari,SimPLe,SimPLe,"Ours, SD γ = 0.90",hero,7.947,8.592,0.645,"variant: Ours, SD γ = 0.90; conditions: {""world_model"": ""stochastic discrete"", ""world_model_training"": ""short"", ""gamma"": ""0.90"", ""rollout_length_N"": ""50""}; notes: raw score; mean (std) over 5 training runs; Table 3 'SimPLe' column repeats the 'Ours, SD long' numbers",Table 2 vs main Table 2
"1903.00374|SimPLe|Ours, SD γ = 0.95|hero","1903.00374|SimPLe|Ours, SD γ = 0.95",1903.00374,atari,SimPLe,SimPLe,"Ours, SD γ = 0.95",hero,7.947,10.715,2.768,"variant: Ours, SD γ = 0.95; conditions: {""world_model"": ""stochastic discrete"", ""world_model_training"": ""short"", ""gamma"": ""0.95"", ""rollout_length_N"": ""50""}; notes: raw score; mean (std) over 5 training runs; Table 3 'SimPLe' column repeats the 'Ours, SD long' numbers",Table 2 vs main Table 2
"1903.00374|SimPLe|Ours, SD 100 steps|hero","1903.00374|SimPLe|Ours, SD 100 steps",1903.00374,atari,SimPLe,SimPLe,"Ours, SD 100 steps",hero,7.947,9.242,1.294,"variant: Ours, SD 100 steps; conditions: {""world_model"": ""stochastic discrete"", ""world_model_training"": ""short"", ""gamma"": ""0.99"", ""rollout_length_N"": ""100""}; notes: raw score; mean (std) over 5 training runs; Table 3 'SimPLe' column repeats the 'Ours, SD long' numbers",Table 2 vs main Table 2
"1903.00374|SimPLe|Ours, SD 25 steps|hero","1903.00374|SimPLe|Ours, SD 25 steps",1903.00374,atari,SimPLe,SimPLe,"Ours, SD 25 steps",hero,7.947,4.118,-3.829,"variant: Ours, SD 25 steps; conditions: {""world_model"": ""stochastic discrete"", ""world_model_training"": ""short"", ""gamma"": ""0.99"", ""rollout_length_N"": ""25""}; notes: raw score; mean (std) over 5 training runs; Table 3 'SimPLe' column repeats the 'Ours, SD long' numbers",Table 2 vs main Table 2
"1903.00374|SimPLe|Ours, deterministic|jamesbond","1903.00374|SimPLe|Ours, deterministic",1903.00374,atari,SimPLe,SimPLe,"Ours, deterministic",jamesbond,26.041,14.463,-11.578,"variant: Ours, deterministic; conditions: {""world_model"": ""deterministic"", ""world_model_training"": ""short"", ""gamma"": ""0.99"", ""rollout_length_N"": ""50""}; notes: raw score; mean (std) over 5 training runs; Table 3 'SimPLe' column repeats the 'Ours, SD long' numbers",Table 2 vs main Table 2
"1903.00374|SimPLe|Ours, det. recurrent|jamesbond","1903.00374|SimPLe|Ours, det. recurrent",1903.00374,atari,SimPLe,SimPLe,"Ours, det. recurrent",jamesbond,26.041,26.041,0.0,"variant: Ours, det. recurrent; conditions: {""world_model"": ""deterministic recurrent"", ""world_model_training"": ""short"", ""gamma"": ""0.99"", ""rollout_length_N"": ""50""}; notes: raw score; mean (std) over 5 training runs; Table 3 'SimPLe' column repeats the 'Ours, SD long' numbers",Table 2 vs main Table 2
"1903.00374|SimPLe|Ours, SD|jamesbond","1903.00374|SimPLe|Ours, SD",1903.00374,atari,SimPLe,SimPLe,"Ours, SD",jamesbond,26.041,35.099,9.058,"variant: Ours, SD; conditions: {""world_model"": ""stochastic discrete"", ""world_model_training"": ""short"", ""gamma"": ""0.99"", ""rollout_length_N"": ""50""}; notes: raw score; mean (std) over 5 training runs; Table 3 'SimPLe' column repeats the 'Ours, SD long' numbers",Table 2 vs main Table 2
"1903.00374|SimPLe|Ours, SD γ = 0.90|jamesbond","1903.00374|SimPLe|Ours, SD γ = 0.90",1903.00374,atari,SimPLe,SimPLe,"Ours, SD γ = 0.90",jamesbond,26.041,-0.11,-26.15,"variant: Ours, SD γ = 0.90; conditions: {""world_model"": ""stochastic discrete"", ""world_model_training"": ""short"", ""gamma"": ""0.90"", ""rollout_length_N"": ""50""}; notes: raw score; mean (std) over 5 training runs; Table 3 'SimPLe' column repeats the 'Ours, SD long' numbers",Table 2 vs main Table 2
"1903.00374|SimPLe|Ours, SD γ = 0.95|jamesbond","1903.00374|SimPLe|Ours, SD γ = 0.95",1903.00374,atari,SimPLe,SimPLe,"Ours, SD γ = 0.95",jamesbond,26.041,7.779,-18.262,"variant: Ours, SD γ = 0.95; conditions: {""world_model"": ""stochastic discrete"", ""world_model_training"": ""short"", ""gamma"": ""0.95"", ""rollout_length_N"": ""50""}; notes: raw score; mean (std) over 5 training runs; Table 3 'SimPLe' column repeats the 'Ours, SD long' numbers",Table 2 vs main Table 2
"1903.00374|SimPLe|Ours, SD 100 steps|jamesbond","1903.00374|SimPLe|Ours, SD 100 steps",1903.00374,atari,SimPLe,SimPLe,"Ours, SD 100 steps",jamesbond,26.041,14.5,-11.541,"variant: Ours, SD 100 steps; conditions: {""world_model"": ""stochastic discrete"", ""world_model_training"": ""short"", ""gamma"": ""0.99"", ""rollout_length_N"": ""100""}; notes: raw score; mean (std) over 5 training runs; Table 3 'SimPLe' column repeats the 'Ours, SD long' numbers",Table 2 vs main Table 2
"1903.00374|SimPLe|Ours, SD 25 steps|jamesbond","1903.00374|SimPLe|Ours, SD 25 steps",1903.00374,atari,SimPLe,SimPLe,"Ours, SD 25 steps",jamesbond,26.041,49.014,22.973,"variant: Ours, SD 25 steps; conditions: {""world_model"": ""stochastic discrete"", ""world_model_training"": ""short"", ""gamma"": ""0.99"", ""rollout_length_N"": ""25""}; notes: raw score; mean (std) over 5 training runs; Table 3 'SimPLe' column repeats the 'Ours, SD long' numbers",Table 2 vs main Table 2
"1903.00374|SimPLe|Ours, deterministic|kangaroo","1903.00374|SimPLe|Ours, deterministic",1903.00374,atari,SimPLe,SimPLe,"Ours, deterministic",kangaroo,0.307,14.698,14.39,"variant: Ours, deterministic; conditions: {""world_model"": ""deterministic"", ""world_model_training"": ""short"", ""gamma"": ""0.99"", ""rollout_length_N"": ""50""}; notes: raw score; mean (std) over 5 training runs; Table 3 'SimPLe' column repeats the 'Ours, SD long' numbers",Table 2 vs main Table 2
"1903.00374|SimPLe|Ours, det. recurrent|kangaroo","1903.00374|SimPLe|Ours, det. recurrent",1903.00374,atari,SimPLe,SimPLe,"Ours, det. recurrent",kangaroo,0.307,5.008,4.701,"variant: Ours, det. recurrent; conditions: {""world_model"": ""deterministic recurrent"", ""world_model_training"": ""short"", ""gamma"": ""0.99"", ""rollout_length_N"": ""50""}; notes: raw score; mean (std) over 5 training runs; Table 3 'SimPLe' column repeats the 'Ours, SD long' numbers",Table 2 vs main Table 2
"1903.00374|SimPLe|Ours, SD|kangaroo","1903.00374|SimPLe|Ours, SD",1903.00374,atari,SimPLe,SimPLe,"Ours, SD",kangaroo,0.307,9.392,9.085,"variant: Ours, SD; conditions: {""world_model"": ""stochastic discrete"", ""world_model_training"": ""short"", ""gamma"": ""0.99"", ""rollout_length_N"": ""50""}; notes: raw score; mean (std) over 5 training runs; Table 3 'SimPLe' column repeats the 'Ours, SD long' numbers",Table 2 vs main Table 2
"1903.00374|SimPLe|Ours, SD γ = 0.90|kangaroo","1903.00374|SimPLe|Ours, SD γ = 0.90",1903.00374,atari,SimPLe,SimPLe,"Ours, SD γ = 0.90",kangaroo,0.307,3.545,3.238,"variant: Ours, SD γ = 0.90; conditions: {""world_model"": ""stochastic discrete"", ""world_model_training"": ""short"", ""gamma"": ""0.90"", ""rollout_length_N"": ""50""}; notes: raw score; mean (std) over 5 training runs; Table 3 'SimPLe' column repeats the 'Ours, SD long' numbers",Table 2 vs main Table 2
"1903.00374|SimPLe|Ours, SD γ = 0.95|kangaroo","1903.00374|SimPLe|Ours, SD γ = 0.95",1903.00374,atari,SimPLe,SimPLe,"Ours, SD γ = 0.95",kangaroo,0.307,-0.15,-0.458,"variant: Ours, SD γ = 0.95; conditions: {""world_model"": ""stochastic discrete"", ""world_model_training"": ""short"", ""gamma"": ""0.95"", ""rollout_length_N"": ""50""}; notes: raw score; mean (std) over 5 training runs; Table 3 'SimPLe' column repeats the 'Ours, SD long' numbers",Table 2 vs main Table 2
"1903.00374|SimPLe|Ours, SD 100 steps|kangaroo","1903.00374|SimPLe|Ours, SD 100 steps",1903.00374,atari,SimPLe,SimPLe,"Ours, SD 100 steps",kangaroo,0.307,8.66,8.353,"variant: Ours, SD 100 steps; conditions: {""world_model"": ""stochastic discrete"", ""world_model_training"": ""short"", ""gamma"": ""0.99"", ""rollout_length_N"": ""100""}; notes: raw score; mean (std) over 5 training runs; Table 3 'SimPLe' column repeats the 'Ours, SD long' numbers",Table 2 vs main Table 2
"1903.00374|SimPLe|Ours, SD 25 steps|kangaroo","1903.00374|SimPLe|Ours, SD 25 steps",1903.00374,atari,SimPLe,SimPLe,"Ours, SD 25 steps",kangaroo,0.307,9.957,9.649,"variant: Ours, SD 25 steps; conditions: {""world_model"": ""stochastic discrete"", ""world_model_training"": ""short"", ""gamma"": ""0.99"", ""rollout_length_N"": ""25""}; notes: raw score; mean (std) over 5 training runs; Table 3 'SimPLe' column repeats the 'Ours, SD long' numbers",Table 2 vs main Table 2
"1903.00374|SimPLe|Ours, deterministic|krull","1903.00374|SimPLe|Ours, deterministic",1903.00374,atari,SimPLe,SimPLe,"Ours, deterministic",krull,58.92,-63.098,-122.018,"variant: Ours, deterministic; conditions: {""world_model"": ""deterministic"", ""world_model_training"": ""short"", ""gamma"": ""0.99"", ""rollout_length_N"": ""50""}; notes: raw score; mean (std) over 5 training runs; Table 3 'SimPLe' column repeats the 'Ours, SD long' numbers",Table 2 vs main Table 2
"1903.00374|SimPLe|Ours, det. recurrent|krull","1903.00374|SimPLe|Ours, det. recurrent",1903.00374,atari,SimPLe,SimPLe,"Ours, det. recurrent",krull,58.92,20.949,-37.971,"variant: Ours, det. recurrent; conditions: {""world_model"": ""deterministic recurrent"", ""world_model_training"": ""short"", ""gamma"": ""0.99"", ""rollout_length_N"": ""50""}; notes: raw score; mean (std) over 5 training runs; Table 3 'SimPLe' column repeats the 'Ours, SD long' numbers",Table 2 vs main Table 2
"1903.00374|SimPLe|Ours, SD|krull","1903.00374|SimPLe|Ours, SD",1903.00374,atari,SimPLe,SimPLe,"Ours, SD",krull,58.92,266.91,207.99,"variant: Ours, SD; conditions: {""world_model"": ""stochastic discrete"", ""world_model_training"": ""short"", ""gamma"": ""0.99"", ""rollout_length_N"": ""50""}; notes: raw score; mean (std) over 5 training runs; Table 3 'SimPLe' column repeats the 'Ours, SD long' numbers",Table 2 vs main Table 2
"1903.00374|SimPLe|Ours, SD γ = 0.90|krull","1903.00374|SimPLe|Ours, SD γ = 0.90",1903.00374,atari,SimPLe,SimPLe,"Ours, SD γ = 0.90",krull,58.92,75.995,17.075,"variant: Ours, SD γ = 0.90; conditions: {""world_model"": ""stochastic discrete"", ""world_model_training"": ""short"", ""gamma"": ""0.90"", ""rollout_length_N"": ""50""}; notes: raw score; mean (std) over 5 training runs; Table 3 'SimPLe' column repeats the 'Ours, SD long' numbers",Table 2 vs main Table 2
"1903.00374|SimPLe|Ours, SD γ = 0.95|krull","1903.00374|SimPLe|Ours, SD γ = 0.95",1903.00374,atari,SimPLe,SimPLe,"Ours, SD γ = 0.95",krull,58.92,95.983,37.062,"variant: Ours, SD γ = 0.95; conditions: {""world_model"": ""stochastic discrete"", ""world_model_training"": ""short"", ""gamma"": ""0.95"", ""rollout_length_N"": ""50""}; notes: raw score; mean (std) over 5 training runs; Table 3 'SimPLe' column repeats the 'Ours, SD long' numbers",Table 2 vs main Table 2
"1903.00374|SimPLe|Ours, SD 100 steps|krull","1903.00374|SimPLe|Ours, SD 100 steps",1903.00374,atari,SimPLe,SimPLe,"Ours, SD 100 steps",krull,58.92,179.54,120.62,"variant: Ours, SD 100 steps; conditions: {""world_model"": ""stochastic discrete"", ""world_model_training"": ""short"", ""gamma"": ""0.99"", ""rollout_length_N"": ""100""}; notes: raw score; mean (std) over 5 training runs; Table 3 'SimPLe' column repeats the 'Ours, SD long' numbers",Table 2 vs main Table 2
"1903.00374|SimPLe|Ours, SD 25 steps|krull","1903.00374|SimPLe|Ours, SD 25 steps",1903.00374,atari,SimPLe,SimPLe,"Ours, SD 25 steps",krull,58.92,158.306,99.385,"variant: Ours, SD 25 steps; conditions: {""world_model"": ""stochastic discrete"", ""world_model_training"": ""short"", ""gamma"": ""0.99"", ""rollout_length_N"": ""25""}; notes: raw score; mean (std) over 5 training runs; Table 3 'SimPLe' column repeats the 'Ours, SD long' numbers",Table 2 vs main Table 2
"1903.00374|SimPLe|Ours, deterministic|kungfumaster","1903.00374|SimPLe|Ours, deterministic",1903.00374,atari,SimPLe,SimPLe,"Ours, deterministic",kungfumaster,64.405,43.963,-20.442,"variant: Ours, deterministic; conditions: {""world_model"": ""deterministic"", ""world_model_training"": ""short"", ""gamma"": ""0.99"", ""rollout_length_N"": ""50""}; notes: raw score; mean (std) over 5 training runs; Table 3 'SimPLe' column repeats the 'Ours, SD long' numbers",Table 2 vs main Table 2
"1903.00374|SimPLe|Ours, det. recurrent|kungfumaster","1903.00374|SimPLe|Ours, det. recurrent",1903.00374,atari,SimPLe,SimPLe,"Ours, det. recurrent",kungfumaster,64.405,15.688,-48.717,"variant: Ours, det. recurrent; conditions: {""world_model"": ""deterministic recurrent"", ""world_model_training"": ""short"", ""gamma"": ""0.99"", ""rollout_length_N"": ""50""}; notes: raw score; mean (std) over 5 training runs; Table 3 'SimPLe' column repeats the 'Ours, SD long' numbers",Table 2 vs main Table 2
"1903.00374|SimPLe|Ours, SD|kungfumaster","1903.00374|SimPLe|Ours, SD",1903.00374,atari,SimPLe,SimPLe,"Ours, SD",kungfumaster,64.405,75.231,10.826,"variant: Ours, SD; conditions: {""world_model"": ""stochastic discrete"", ""world_model_training"": ""short"", ""gamma"": ""0.99"", ""rollout_length_N"": ""50""}; notes: raw score; mean (std) over 5 training runs; Table 3 'SimPLe' column repeats the 'Ours, SD long' numbers",Table 2 vs main Table 2
"1903.00374|SimPLe|Ours, SD γ = 0.90|kungfumaster","1903.00374|SimPLe|Ours, SD γ = 0.90",1903.00374,atari,SimPLe,SimPLe,"Ours, SD γ = 0.90",kungfumaster,64.405,54.121,-10.284,"variant: Ours, SD γ = 0.90; conditions: {""world_model"": ""stochastic discrete"", ""world_model_training"": ""short"", ""gamma"": ""0.90"", ""rollout_length_N"": ""50""}; notes: raw score; mean (std) over 5 training runs; Table 3 'SimPLe' column repeats the 'Ours, SD long' numbers",Table 2 vs main Table 2
"1903.00374|SimPLe|Ours, SD γ = 0.95|kungfumaster","1903.00374|SimPLe|Ours, SD γ = 0.95",1903.00374,atari,SimPLe,SimPLe,"Ours, SD γ = 0.95",kungfumaster,64.405,73.736,9.332,"variant: Ours, SD γ = 0.95; conditions: {""world_model"": ""stochastic discrete"", ""world_model_training"": ""short"", ""gamma"": ""0.95"", ""rollout_length_N"": ""50""}; notes: raw score; mean (std) over 5 training runs; Table 3 'SimPLe' column repeats the 'Ours, SD long' numbers",Table 2 vs main Table 2
"1903.00374|SimPLe|Ours, SD 100 steps|kungfumaster","1903.00374|SimPLe|Ours, SD 100 steps",1903.00374,atari,SimPLe,SimPLe,"Ours, SD 100 steps",kungfumaster,64.405,74.616,10.211,"variant: Ours, SD 100 steps; conditions: {""world_model"": ""stochastic discrete"", ""world_model_training"": ""short"", ""gamma"": ""0.99"", ""rollout_length_N"": ""100""}; notes: raw score; mean (std) over 5 training runs; Table 3 'SimPLe' column repeats the 'Ours, SD long' numbers",Table 2 vs main Table 2
"1903.00374|SimPLe|Ours, SD 25 steps|kungfumaster","1903.00374|SimPLe|Ours, SD 25 steps",1903.00374,atari,SimPLe,SimPLe,"Ours, SD 25 steps",kungfumaster,64.405,67.473,3.068,"variant: Ours, SD 25 steps; conditions: {""world_model"": ""stochastic discrete"", ""world_model_training"": ""short"", ""gamma"": ""0.99"", ""rollout_length_N"": ""25""}; notes: raw score; mean (std) over 5 training runs; Table 3 'SimPLe' column repeats the 'Ours, SD long' numbers",Table 2 vs main Table 2
"1903.00374|SimPLe|Ours, deterministic|mspacman","1903.00374|SimPLe|Ours, deterministic",1903.00374,atari,SimPLe,SimPLe,"Ours, deterministic",mspacman,18.533,4.845,-13.688,"variant: Ours, deterministic; conditions: {""world_model"": ""deterministic"", ""world_model_training"": ""short"", ""gamma"": ""0.99"", ""rollout_length_N"": ""50""}; notes: raw score; mean (std) over 5 training runs; Table 3 'SimPLe' column repeats the 'Ours, SD long' numbers",Table 2 vs main Table 2
"1903.00374|SimPLe|Ours, det. recurrent|mspacman","1903.00374|SimPLe|Ours, det. recurrent",1903.00374,atari,SimPLe,SimPLe,"Ours, det. recurrent",mspacman,18.533,12.847,-5.686,"variant: Ours, det. recurrent; conditions: {""world_model"": ""deterministic recurrent"", ""world_model_training"": ""short"", ""gamma"": ""0.99"", ""rollout_length_N"": ""50""}; notes: raw score; mean (std) over 5 training runs; Table 3 'SimPLe' column repeats the 'Ours, SD long' numbers",Table 2 vs main Table 2
"1903.00374|SimPLe|Ours, SD|mspacman","1903.00374|SimPLe|Ours, SD",1903.00374,atari,SimPLe,SimPLe,"Ours, SD",mspacman,18.533,7.855,-10.678,"variant: Ours, SD; conditions: {""world_model"": ""stochastic discrete"", ""world_model_training"": ""short"", ""gamma"": ""0.99"", ""rollout_length_N"": ""50""}; notes: raw score; mean (std) over 5 training runs; Table 3 'SimPLe' column repeats the 'Ours, SD long' numbers",Table 2 vs main Table 2
"1903.00374|SimPLe|Ours, SD γ = 0.90|mspacman","1903.00374|SimPLe|Ours, SD γ = 0.90",1903.00374,atari,SimPLe,SimPLe,"Ours, SD γ = 0.90",mspacman,18.533,14.321,-4.212,"variant: Ours, SD γ = 0.90; conditions: {""world_model"": ""stochastic discrete"", ""world_model_training"": ""short"", ""gamma"": ""0.90"", ""rollout_length_N"": ""50""}; notes: raw score; mean (std) over 5 training runs; Table 3 'SimPLe' column repeats the 'Ours, SD long' numbers",Table 2 vs main Table 2
"1903.00374|SimPLe|Ours, SD γ = 0.95|mspacman","1903.00374|SimPLe|Ours, SD γ = 0.95",1903.00374,atari,SimPLe,SimPLe,"Ours, SD γ = 0.95",mspacman,18.533,15.455,-3.077,"variant: Ours, SD γ = 0.95; conditions: {""world_model"": ""stochastic discrete"", ""world_model_training"": ""short"", ""gamma"": ""0.95"", ""rollout_length_N"": ""50""}; notes: raw score; mean (std) over 5 training runs; Table 3 'SimPLe' column repeats the 'Ours, SD long' numbers",Table 2 vs main Table 2
"1903.00374|SimPLe|Ours, SD 100 steps|mspacman","1903.00374|SimPLe|Ours, SD 100 steps",1903.00374,atari,SimPLe,SimPLe,"Ours, SD 100 steps",mspacman,18.533,10.21,-8.322,"variant: Ours, SD 100 steps; conditions: {""world_model"": ""stochastic discrete"", ""world_model_training"": ""short"", ""gamma"": ""0.99"", ""rollout_length_N"": ""100""}; notes: raw score; mean (std) over 5 training runs; Table 3 'SimPLe' column repeats the 'Ours, SD long' numbers",Table 2 vs main Table 2
"1903.00374|SimPLe|Ours, SD 25 steps|mspacman","1903.00374|SimPLe|Ours, SD 25 steps",1903.00374,atari,SimPLe,SimPLe,"Ours, SD 25 steps",mspacman,18.533,8.495,-10.038,"variant: Ours, SD 25 steps; conditions: {""world_model"": ""stochastic discrete"", ""world_model_training"": ""short"", ""gamma"": ""0.99"", ""rollout_length_N"": ""25""}; notes: raw score; mean (std) over 5 training runs; Table 3 'SimPLe' column repeats the 'Ours, SD long' numbers",Table 2 vs main Table 2
"1903.00374|SimPLe|Ours, deterministic|pong","1903.00374|SimPLe|Ours, deterministic",1903.00374,atari,SimPLe,SimPLe,"Ours, deterministic",pong,93.785,8.475,-85.311,"variant: Ours, deterministic; conditions: {""world_model"": ""deterministic"", ""world_model_training"": ""short"", ""gamma"": ""0.99"", ""rollout_length_N"": ""50""}; notes: raw score; mean (std) over 5 training runs; Table 3 'SimPLe' column repeats the 'Ours, SD long' numbers",Table 2 vs main Table 2
"1903.00374|SimPLe|Ours, det. recurrent|pong","1903.00374|SimPLe|Ours, det. recurrent",1903.00374,atari,SimPLe,SimPLe,"Ours, det. recurrent",pong,93.785,24.859,-68.927,"variant: Ours, det. recurrent; conditions: {""world_model"": ""deterministic recurrent"", ""world_model_training"": ""short"", ""gamma"": ""0.99"", ""rollout_length_N"": ""50""}; notes: raw score; mean (std) over 5 training runs; Table 3 'SimPLe' column repeats the 'Ours, SD long' numbers",Table 2 vs main Table 2
"1903.00374|SimPLe|Ours, SD|pong","1903.00374|SimPLe|Ours, SD",1903.00374,atari,SimPLe,SimPLe,"Ours, SD",pong,93.785,72.316,-21.469,"variant: Ours, SD; conditions: {""world_model"": ""stochastic discrete"", ""world_model_training"": ""short"", ""gamma"": ""0.99"", ""rollout_length_N"": ""50""}; notes: raw score; mean (std) over 5 training runs; Table 3 'SimPLe' column repeats the 'Ours, SD long' numbers",Table 2 vs main Table 2
"1903.00374|SimPLe|Ours, SD γ = 0.90|pong","1903.00374|SimPLe|Ours, SD γ = 0.90",1903.00374,atari,SimPLe,SimPLe,"Ours, SD γ = 0.90",pong,93.785,49.435,-44.35,"variant: Ours, SD γ = 0.90; conditions: {""world_model"": ""stochastic discrete"", ""world_model_training"": ""short"", ""gamma"": ""0.90"", ""rollout_length_N"": ""50""}; notes: raw score; mean (std) over 5 training runs; Table 3 'SimPLe' column repeats the 'Ours, SD long' numbers",Table 2 vs main Table 2
"1903.00374|SimPLe|Ours, SD γ = 0.95|pong","1903.00374|SimPLe|Ours, SD γ = 0.95",1903.00374,atari,SimPLe,SimPLe,"Ours, SD γ = 0.95",pong,93.785,50.565,-43.22,"variant: Ours, SD γ = 0.95; conditions: {""world_model"": ""stochastic discrete"", ""world_model_training"": ""short"", ""gamma"": ""0.95"", ""rollout_length_N"": ""50""}; notes: raw score; mean (std) over 5 training runs; Table 3 'SimPLe' column repeats the 'Ours, SD long' numbers",Table 2 vs main Table 2
"1903.00374|SimPLe|Ours, SD 100 steps|pong","1903.00374|SimPLe|Ours, SD 100 steps",1903.00374,atari,SimPLe,SimPLe,"Ours, SD 100 steps",pong,93.785,18.362,-75.424,"variant: Ours, SD 100 steps; conditions: {""world_model"": ""stochastic discrete"", ""world_model_training"": ""short"", ""gamma"": ""0.99"", ""rollout_length_N"": ""100""}; notes: raw score; mean (std) over 5 training runs; Table 3 'SimPLe' column repeats the 'Ours, SD long' numbers",Table 2 vs main Table 2
"1903.00374|SimPLe|Ours, SD 25 steps|pong","1903.00374|SimPLe|Ours, SD 25 steps",1903.00374,atari,SimPLe,SimPLe,"Ours, SD 25 steps",pong,93.785,54.802,-38.983,"variant: Ours, SD 25 steps; conditions: {""world_model"": ""stochastic discrete"", ""world_model_training"": ""short"", ""gamma"": ""0.99"", ""rollout_length_N"": ""25""}; notes: raw score; mean (std) over 5 training runs; Table 3 'SimPLe' column repeats the 'Ours, SD long' numbers",Table 2 vs main Table 2
"1903.00374|SimPLe|Ours, deterministic|privateeye","1903.00374|SimPLe|Ours, deterministic",1903.00374,atari,SimPLe,SimPLe,"Ours, deterministic",privateeye,0.012,-0.015,-0.027,"variant: Ours, deterministic; conditions: {""world_model"": ""deterministic"", ""world_model_training"": ""short"", ""gamma"": ""0.99"", ""rollout_length_N"": ""50""}; notes: raw score; mean (std) over 5 training runs; Table 3 'SimPLe' column repeats the 'Ours, SD long' numbers",Table 2 vs main Table 2
"1903.00374|SimPLe|Ours, det. recurrent|privateeye","1903.00374|SimPLe|Ours, det. recurrent",1903.00374,atari,SimPLe,SimPLe,"Ours, det. recurrent",privateeye,0.012,0.035,0.023,"variant: Ours, det. recurrent; conditions: {""world_model"": ""deterministic recurrent"", ""world_model_training"": ""short"", ""gamma"": ""0.99"", ""rollout_length_N"": ""50""}; notes: raw score; mean (std) over 5 training runs; Table 3 'SimPLe' column repeats the 'Ours, SD long' numbers",Table 2 vs main Table 2
"1903.00374|SimPLe|Ours, SD|privateeye","1903.00374|SimPLe|Ours, SD",1903.00374,atari,SimPLe,SimPLe,"Ours, SD",privateeye,0.012,0.046,0.034,"variant: Ours, SD; conditions: {""world_model"": ""stochastic discrete"", ""world_model_training"": ""short"", ""gamma"": ""0.99"", ""rollout_length_N"": ""50""}; notes: raw score; mean (std) over 5 training runs; Table 3 'SimPLe' column repeats the 'Ours, SD long' numbers",Table 2 vs main Table 2
"1903.00374|SimPLe|Ours, SD γ = 0.90|privateeye","1903.00374|SimPLe|Ours, SD γ = 0.90",1903.00374,atari,SimPLe,SimPLe,"Ours, SD γ = 0.90",privateeye,0.012,0.04,0.028,"variant: Ours, SD γ = 0.90; conditions: {""world_model"": ""stochastic discrete"", ""world_model_training"": ""short"", ""gamma"": ""0.90"", ""rollout_length_N"": ""50""}; notes: raw score; mean (std) over 5 training runs; Table 3 'SimPLe' column repeats the 'Ours, SD long' numbers",Table 2 vs main Table 2
"1903.00374|SimPLe|Ours, SD γ = 0.95|privateeye","1903.00374|SimPLe|Ours, SD γ = 0.95",1903.00374,atari,SimPLe,SimPLe,"Ours, SD γ = 0.95",privateeye,0.012,0.059,0.047,"variant: Ours, SD γ = 0.95; conditions: {""world_model"": ""stochastic discrete"", ""world_model_training"": ""short"", ""gamma"": ""0.95"", ""rollout_length_N"": ""50""}; notes: raw score; mean (std) over 5 training runs; Table 3 'SimPLe' column repeats the 'Ours, SD long' numbers",Table 2 vs main Table 2
"1903.00374|SimPLe|Ours, SD 100 steps|privateeye","1903.00374|SimPLe|Ours, SD 100 steps",1903.00374,atari,SimPLe,SimPLe,"Ours, SD 100 steps",privateeye,0.012,0.089,0.077,"variant: Ours, SD 100 steps; conditions: {""world_model"": ""stochastic discrete"", ""world_model_training"": ""short"", ""gamma"": ""0.99"", ""rollout_length_N"": ""100""}; notes: raw score; mean (std) over 5 training runs; Table 3 'SimPLe' column repeats the 'Ours, SD long' numbers",Table 2 vs main Table 2
"1903.00374|SimPLe|Ours, SD 25 steps|privateeye","1903.00374|SimPLe|Ours, SD 25 steps",1903.00374,atari,SimPLe,SimPLe,"Ours, SD 25 steps",privateeye,0.012,1.88,1.868,"variant: Ours, SD 25 steps; conditions: {""world_model"": ""stochastic discrete"", ""world_model_training"": ""short"", ""gamma"": ""0.99"", ""rollout_length_N"": ""25""}; notes: raw score; mean (std) over 5 training runs; Table 3 'SimPLe' column repeats the 'Ours, SD long' numbers",Table 2 vs main Table 2
"1903.00374|SimPLe|Ours, deterministic|qbert","1903.00374|SimPLe|Ours, deterministic",1903.00374,atari,SimPLe,SimPLe,"Ours, deterministic",qbert,8.448,2.365,-6.083,"variant: Ours, deterministic; conditions: {""world_model"": ""deterministic"", ""world_model_training"": ""short"", ""gamma"": ""0.99"", ""rollout_length_N"": ""50""}; notes: raw score; mean (std) over 5 training runs; Table 3 'SimPLe' column repeats the 'Ours, SD long' numbers",Table 2 vs main Table 2
"1903.00374|SimPLe|Ours, det. recurrent|qbert","1903.00374|SimPLe|Ours, det. recurrent",1903.00374,atari,SimPLe,SimPLe,"Ours, det. recurrent",qbert,8.448,3.293,-5.155,"variant: Ours, det. recurrent; conditions: {""world_model"": ""deterministic recurrent"", ""world_model_training"": ""short"", ""gamma"": ""0.99"", ""rollout_length_N"": ""50""}; notes: raw score; mean (std) over 5 training runs; Table 3 'SimPLe' column repeats the 'Ours, SD long' numbers",Table 2 vs main Table 2
"1903.00374|SimPLe|Ours, SD|qbert","1903.00374|SimPLe|Ours, SD",1903.00374,atari,SimPLe,SimPLe,"Ours, SD",qbert,8.448,2.963,-5.486,"variant: Ours, SD; conditions: {""world_model"": ""stochastic discrete"", ""world_model_training"": ""short"", ""gamma"": ""0.99"", ""rollout_length_N"": ""50""}; notes: raw score; mean (std) over 5 training runs; Table 3 'SimPLe' column repeats the 'Ours, SD long' numbers",Table 2 vs main Table 2
"1903.00374|SimPLe|Ours, SD γ = 0.90|qbert","1903.00374|SimPLe|Ours, SD γ = 0.90",1903.00374,atari,SimPLe,SimPLe,"Ours, SD γ = 0.90",qbert,8.448,5.517,-2.931,"variant: Ours, SD γ = 0.90; conditions: {""world_model"": ""stochastic discrete"", ""world_model_training"": ""short"", ""gamma"": ""0.90"", ""rollout_length_N"": ""50""}; notes: raw score; mean (std) over 5 training runs; Table 3 'SimPLe' column repeats the 'Ours, SD long' numbers",Table 2 vs main Table 2
"1903.00374|SimPLe|Ours, SD γ = 0.95|qbert","1903.00374|SimPLe|Ours, SD γ = 0.95",1903.00374,atari,SimPLe,SimPLe,"Ours, SD γ = 0.95",qbert,8.448,7.18,-1.269,"variant: Ours, SD γ = 0.95; conditions: {""world_model"": ""stochastic discrete"", ""world_model_training"": ""short"", ""gamma"": ""0.95"", ""rollout_length_N"": ""50""}; notes: raw score; mean (std) over 5 training runs; Table 3 'SimPLe' column repeats the 'Ours, SD long' numbers",Table 2 vs main Table 2
"1903.00374|SimPLe|Ours, SD 100 steps|qbert","1903.00374|SimPLe|Ours, SD 100 steps",1903.00374,atari,SimPLe,SimPLe,"Ours, SD 100 steps",qbert,8.448,2.771,-5.677,"variant: Ours, SD 100 steps; conditions: {""world_model"": ""stochastic discrete"", ""world_model_training"": ""short"", ""gamma"": ""0.99"", ""rollout_length_N"": ""100""}; notes: raw score; mean (std) over 5 training runs; Table 3 'SimPLe' column repeats the 'Ours, SD long' numbers",Table 2 vs main Table 2
"1903.00374|SimPLe|Ours, SD 25 steps|qbert","1903.00374|SimPLe|Ours, SD 25 steps",1903.00374,atari,SimPLe,SimPLe,"Ours, SD 25 steps",qbert,8.448,3.291,-5.158,"variant: Ours, SD 25 steps; conditions: {""world_model"": ""stochastic discrete"", ""world_model_training"": ""short"", ""gamma"": ""0.99"", ""rollout_length_N"": ""25""}; notes: raw score; mean (std) over 5 training runs; Table 3 'SimPLe' column repeats the 'Ours, SD long' numbers",Table 2 vs main Table 2
"1903.00374|SimPLe|Ours, deterministic|roadrunner","1903.00374|SimPLe|Ours, deterministic",1903.00374,atari,SimPLe,SimPLe,"Ours, deterministic",roadrunner,71.901,72.969,1.068,"variant: Ours, deterministic; conditions: {""world_model"": ""deterministic"", ""world_model_training"": ""short"", ""gamma"": ""0.99"", ""rollout_length_N"": ""50""}; notes: raw score; mean (std) over 5 training runs; Table 3 'SimPLe' column repeats the 'Ours, SD long' numbers",Table 2 vs main Table 2
"1903.00374|SimPLe|Ours, det. recurrent|roadrunner","1903.00374|SimPLe|Ours, det. recurrent",1903.00374,atari,SimPLe,SimPLe,"Ours, det. recurrent",roadrunner,71.901,15.663,-56.237,"variant: Ours, det. recurrent; conditions: {""world_model"": ""deterministic recurrent"", ""world_model_training"": ""short"", ""gamma"": ""0.99"", ""rollout_length_N"": ""50""}; notes: raw score; mean (std) over 5 training runs; Table 3 'SimPLe' column repeats the 'Ours, SD long' numbers",Table 2 vs main Table 2
"1903.00374|SimPLe|Ours, SD|roadrunner","1903.00374|SimPLe|Ours, SD",1903.00374,atari,SimPLe,SimPLe,"Ours, SD",roadrunner,71.901,65.894,-6.006,"variant: Ours, SD; conditions: {""world_model"": ""stochastic discrete"", ""world_model_training"": ""short"", ""gamma"": ""0.99"", ""rollout_length_N"": ""50""}; notes: raw score; mean (std) over 5 training runs; Table 3 'SimPLe' column repeats the 'Ours, SD long' numbers",Table 2 vs main Table 2
"1903.00374|SimPLe|Ours, SD γ = 0.90|roadrunner","1903.00374|SimPLe|Ours, SD γ = 0.90",1903.00374,atari,SimPLe,SimPLe,"Ours, SD γ = 0.90",roadrunner,71.901,20.219,-51.681,"variant: Ours, SD γ = 0.90; conditions: {""world_model"": ""stochastic discrete"", ""world_model_training"": ""short"", ""gamma"": ""0.90"", ""rollout_length_N"": ""50""}; notes: raw score; mean (std) over 5 training runs; Table 3 'SimPLe' column repeats the 'Ours, SD long' numbers",Table 2 vs main Table 2
"1903.00374|SimPLe|Ours, SD γ = 0.95|roadrunner","1903.00374|SimPLe|Ours, SD γ = 0.95",1903.00374,atari,SimPLe,SimPLe,"Ours, SD γ = 0.95",roadrunner,71.901,107.254,35.354,"variant: Ours, SD γ = 0.95; conditions: {""world_model"": ""stochastic discrete"", ""world_model_training"": ""short"", ""gamma"": ""0.95"", ""rollout_length_N"": ""50""}; notes: raw score; mean (std) over 5 training runs; Table 3 'SimPLe' column repeats the 'Ours, SD long' numbers",Table 2 vs main Table 2
"1903.00374|SimPLe|Ours, SD 100 steps|roadrunner","1903.00374|SimPLe|Ours, SD 100 steps",1903.00374,atari,SimPLe,SimPLe,"Ours, SD 100 steps",roadrunner,71.901,9.206,-62.695,"variant: Ours, SD 100 steps; conditions: {""world_model"": ""stochastic discrete"", ""world_model_training"": ""short"", ""gamma"": ""0.99"", ""rollout_length_N"": ""100""}; notes: raw score; mean (std) over 5 training runs; Table 3 'SimPLe' column repeats the 'Ours, SD long' numbers",Table 2 vs main Table 2
"1903.00374|SimPLe|Ours, SD 25 steps|roadrunner","1903.00374|SimPLe|Ours, SD 25 steps",1903.00374,atari,SimPLe,SimPLe,"Ours, SD 25 steps",roadrunner,71.901,55.656,-16.245,"variant: Ours, SD 25 steps; conditions: {""world_model"": ""stochastic discrete"", ""world_model_training"": ""short"", ""gamma"": ""0.99"", ""rollout_length_N"": ""25""}; notes: raw score; mean (std) over 5 training runs; Table 3 'SimPLe' column repeats the 'Ours, SD long' numbers",Table 2 vs main Table 2
"1903.00374|SimPLe|Ours, deterministic|seaquest","1903.00374|SimPLe|Ours, deterministic",1903.00374,atari,SimPLe,SimPLe,"Ours, deterministic",seaquest,1.482,0.853,-0.628,"variant: Ours, deterministic; conditions: {""world_model"": ""deterministic"", ""world_model_training"": ""short"", ""gamma"": ""0.99"", ""rollout_length_N"": ""50""}; notes: raw score; mean (std) over 5 training runs; Table 3 'SimPLe' column repeats the 'Ours, SD long' numbers",Table 2 vs main Table 2
"1903.00374|SimPLe|Ours, det. recurrent|seaquest","1903.00374|SimPLe|Ours, det. recurrent",1903.00374,atari,SimPLe,SimPLe,"Ours, det. recurrent",seaquest,1.482,0.544,-0.938,"variant: Ours, det. recurrent; conditions: {""world_model"": ""deterministic recurrent"", ""world_model_training"": ""short"", ""gamma"": ""0.99"", ""rollout_length_N"": ""50""}; notes: raw score; mean (std) over 5 training runs; Table 3 'SimPLe' column repeats the 'Ours, SD long' numbers",Table 2 vs main Table 2
"1903.00374|SimPLe|Ours, SD|seaquest","1903.00374|SimPLe|Ours, SD",1903.00374,atari,SimPLe,SimPLe,"Ours, SD",seaquest,1.482,0.738,-0.744,"variant: Ours, SD; conditions: {""world_model"": ""stochastic discrete"", ""world_model_training"": ""short"", ""gamma"": ""0.99"", ""rollout_length_N"": ""50""}; notes: raw score; mean (std) over 5 training runs; Table 3 'SimPLe' column repeats the 'Ours, SD long' numbers",Table 2 vs main Table 2
"1903.00374|SimPLe|Ours, SD γ = 0.90|seaquest","1903.00374|SimPLe|Ours, SD γ = 0.90",1903.00374,atari,SimPLe,SimPLe,"Ours, SD γ = 0.90",seaquest,1.482,0.723,-0.759,"variant: Ours, SD γ = 0.90; conditions: {""world_model"": ""stochastic discrete"", ""world_model_training"": ""short"", ""gamma"": ""0.90"", ""rollout_length_N"": ""50""}; notes: raw score; mean (std) over 5 training runs; Table 3 'SimPLe' column repeats the 'Ours, SD long' numbers",Table 2 vs main Table 2
"1903.00374|SimPLe|Ours, SD γ = 0.95|seaquest","1903.00374|SimPLe|Ours, SD γ = 0.95",1903.00374,atari,SimPLe,SimPLe,"Ours, SD γ = 0.95",seaquest,1.482,0.659,-0.823,"variant: Ours, SD γ = 0.95; conditions: {""world_model"": ""stochastic discrete"", ""world_model_training"": ""short"", ""gamma"": ""0.95"", ""rollout_length_N"": ""50""}; notes: raw score; mean (std) over 5 training runs; Table 3 'SimPLe' column repeats the 'Ours, SD long' numbers",Table 2 vs main Table 2
"1903.00374|SimPLe|Ours, SD 100 steps|seaquest","1903.00374|SimPLe|Ours, SD 100 steps",1903.00374,atari,SimPLe,SimPLe,"Ours, SD 100 steps",seaquest,1.482,0.445,-1.037,"variant: Ours, SD 100 steps; conditions: {""world_model"": ""stochastic discrete"", ""world_model_training"": ""short"", ""gamma"": ""0.99"", ""rollout_length_N"": ""100""}; notes: raw score; mean (std) over 5 training runs; Table 3 'SimPLe' column repeats the 'Ours, SD long' numbers",Table 2 vs main Table 2
"1903.00374|SimPLe|Ours, SD 25 steps|seaquest","1903.00374|SimPLe|Ours, SD 25 steps",1903.00374,atari,SimPLe,SimPLe,"Ours, SD 25 steps",seaquest,1.482,0.688,-0.794,"variant: Ours, SD 25 steps; conditions: {""world_model"": ""stochastic discrete"", ""world_model_training"": ""short"", ""gamma"": ""0.99"", ""rollout_length_N"": ""25""}; notes: raw score; mean (std) over 5 training runs; Table 3 'SimPLe' column repeats the 'Ours, SD long' numbers",Table 2 vs main Table 2
"1903.00374|SimPLe|Ours, deterministic|upndown","1903.00374|SimPLe|Ours, deterministic",1903.00374,atari,SimPLe,SimPLe,"Ours, deterministic",upndown,25.542,7.505,-18.037,"variant: Ours, deterministic; conditions: {""world_model"": ""deterministic"", ""world_model_training"": ""short"", ""gamma"": ""0.99"", ""rollout_length_N"": ""50""}; notes: raw score; mean (std) over 5 training runs; Table 3 'SimPLe' column repeats the 'Ours, SD long' numbers",Table 2 vs main Table 2
"1903.00374|SimPLe|Ours, det. recurrent|upndown","1903.00374|SimPLe|Ours, det. recurrent",1903.00374,atari,SimPLe,SimPLe,"Ours, det. recurrent",upndown,25.542,3.912,-21.63,"variant: Ours, det. recurrent; conditions: {""world_model"": ""deterministic recurrent"", ""world_model_training"": ""short"", ""gamma"": ""0.99"", ""rollout_length_N"": ""50""}; notes: raw score; mean (std) over 5 training runs; Table 3 'SimPLe' column repeats the 'Ours, SD long' numbers",Table 2 vs main Table 2
"1903.00374|SimPLe|Ours, SD|upndown","1903.00374|SimPLe|Ours, SD",1903.00374,atari,SimPLe,SimPLe,"Ours, SD",upndown,25.542,14.853,-10.689,"variant: Ours, SD; conditions: {""world_model"": ""stochastic discrete"", ""world_model_training"": ""short"", ""gamma"": ""0.99"", ""rollout_length_N"": ""50""}; notes: raw score; mean (std) over 5 training runs; Table 3 'SimPLe' column repeats the 'Ours, SD long' numbers",Table 2 vs main Table 2
"1903.00374|SimPLe|Ours, SD γ = 0.90|upndown","1903.00374|SimPLe|Ours, SD γ = 0.90",1903.00374,atari,SimPLe,SimPLe,"Ours, SD γ = 0.90",upndown,25.542,7.165,-18.377,"variant: Ours, SD γ = 0.90; conditions: {""world_model"": ""stochastic discrete"", ""world_model_training"": ""short"", ""gamma"": ""0.90"", ""rollout_length_N"": ""50""}; notes: raw score; mean (std) over 5 training runs; Table 3 'SimPLe' column repeats the 'Ours, SD long' numbers",Table 2 vs main Table 2
"1903.00374|SimPLe|Ours, SD γ = 0.95|upndown","1903.00374|SimPLe|Ours, SD γ = 0.95",1903.00374,atari,SimPLe,SimPLe,"Ours, SD γ = 0.95",upndown,25.542,6.803,-18.74,"variant: Ours, SD γ = 0.95; conditions: {""world_model"": ""stochastic discrete"", ""world_model_training"": ""short"", ""gamma"": ""0.95"", ""rollout_length_N"": ""50""}; notes: raw score; mean (std) over 5 training runs; Table 3 'SimPLe' column repeats the 'Ours, SD long' numbers",Table 2 vs main Table 2
"1903.00374|SimPLe|Ours, SD 100 steps|upndown","1903.00374|SimPLe|Ours, SD 100 steps",1903.00374,atari,SimPLe,SimPLe,"Ours, SD 100 steps",upndown,25.542,11.959,-13.583,"variant: Ours, SD 100 steps; conditions: {""world_model"": ""stochastic discrete"", ""world_model_training"": ""short"", ""gamma"": ""0.99"", ""rollout_length_N"": ""100""}; notes: raw score; mean (std) over 5 training runs; Table 3 'SimPLe' column repeats the 'Ours, SD long' numbers",Table 2 vs main Table 2
"1903.00374|SimPLe|Ours, SD 25 steps|upndown","1903.00374|SimPLe|Ours, SD 25 steps",1903.00374,atari,SimPLe,SimPLe,"Ours, SD 25 steps",upndown,25.542,14.709,-10.833,"variant: Ours, SD 25 steps; conditions: {""world_model"": ""stochastic discrete"", ""world_model_training"": ""short"", ""gamma"": ""0.99"", ""rollout_length_N"": ""25""}; notes: raw score; mean (std) over 5 training runs; Table 3 'SimPLe' column repeats the 'Ours, SD long' numbers",Table 2 vs main Table 2
2007.05929|SPR|no_aug|alien,2007.05929|SPR|no_aug,2007.05929,atari,SPR,SPR,no_aug,alien,8.315,8.977,0.662,"variant: no_aug; conditions: {""data_augmentation"": ""None"", ""dropout"": ""0.5"", ""tau_ema"": ""0.99""}; notes: raw mean episodic return; column 'SPR (no Aug)'; no per-game std reported",Table 4 vs main Table 4
2007.05929|SPR|no_aug|amidar,2007.05929|SPR|no_aug,2007.05929,atari,SPR,SPR,no_aug,amidar,9.949,7.989,-1.961,"variant: no_aug; conditions: {""data_augmentation"": ""None"", ""dropout"": ""0.5"", ""tau_ema"": ""0.99""}; notes: raw mean episodic return; column 'SPR (no Aug)'; no per-game std reported",Table 4 vs main Table 4
2007.05929|SPR|no_aug|assault,2007.05929|SPR|no_aug,2007.05929,atari,SPR,SPR,no_aug,assault,67.09,85.181,18.091,"variant: no_aug; conditions: {""data_augmentation"": ""None"", ""dropout"": ""0.5"", ""tau_ema"": ""0.99""}; notes: raw mean episodic return; column 'SPR (no Aug)'; no per-game std reported",Table 4 vs main Table 4
2007.05929|SPR|no_aug|asterix,2007.05929|SPR|no_aug,2007.05929,atari,SPR,SPR,no_aug,asterix,9.258,7.358,-1.9,"variant: no_aug; conditions: {""data_augmentation"": ""None"", ""dropout"": ""0.5"", ""tau_ema"": ""0.99""}; notes: raw mean episodic return; column 'SPR (no Aug)'; no per-game std reported",Table 4 vs main Table 4
2007.05929|SPR|no_aug|bankheist,2007.05929|SPR|no_aug,2007.05929,atari,SPR,SPR,no_aug,bankheist,49.628,55.677,6.05,"variant: no_aug; conditions: {""data_augmentation"": ""None"", ""dropout"": ""0.5"", ""tau_ema"": ""0.99""}; notes: raw mean episodic return; column 'SPR (no Aug)'; no per-game std reported",Table 4 vs main Table 4
2007.05929|SPR|no_aug|battlezone,2007.05929|SPR|no_aug,2007.05929,atari,SPR,SPR,no_aug,battlezone,41.034,24.056,-16.978,"variant: no_aug; conditions: {""data_augmentation"": ""None"", ""dropout"": ""0.5"", ""tau_ema"": ""0.99""}; notes: raw mean episodic return; column 'SPR (no Aug)'; no per-game std reported",Table 4 vs main Table 4
2007.05929|SPR|no_aug|boxing,2007.05929|SPR|no_aug,2007.05929,atari,SPR,SPR,no_aug,boxing,297.5,105.0,-192.5,"variant: no_aug; conditions: {""data_augmentation"": ""None"", ""dropout"": ""0.5"", ""tau_ema"": ""0.99""}; notes: raw mean episodic return; column 'SPR (no Aug)'; no per-game std reported",Table 4 vs main Table 4
2007.05929|SPR|no_aug|breakout,2007.05929|SPR|no_aug,2007.05929,atari,SPR,SPR,no_aug,breakout,53.472,38.889,-14.583,"variant: no_aug; conditions: {""data_augmentation"": ""None"", ""dropout"": ""0.5"", ""tau_ema"": ""0.99""}; notes: raw mean episodic return; column 'SPR (no Aug)'; no per-game std reported",Table 4 vs main Table 4
2007.05929|SPR|no_aug|choppercommand,2007.05929|SPR|no_aug,2007.05929,atari,SPR,SPR,no_aug,choppercommand,2.491,-2.185,-4.676,"variant: no_aug; conditions: {""data_augmentation"": ""None"", ""dropout"": ""0.5"", ""tau_ema"": ""0.99""}; notes: raw mean episodic return; column 'SPR (no Aug)'; no per-game std reported",Table 4 vs main Table 4
2007.05929|SPR|no_aug|crazyclimber,2007.05929|SPR|no_aug,2007.05929,atari,SPR,SPR,no_aug,crazyclimber,128.321,130.187,1.866,"variant: no_aug; conditions: {""data_augmentation"": ""None"", ""dropout"": ""0.5"", ""tau_ema"": ""0.99""}; notes: raw mean episodic return; column 'SPR (no Aug)'; no per-game std reported",Table 4 vs main Table 4
2007.05929|SPR|no_aug|demonattack,2007.05929|SPR|no_aug,2007.05929,atari,SPR,SPR,no_aug,demonattack,21.612,11.985,-9.627,"variant: no_aug; conditions: {""data_augmentation"": ""None"", ""dropout"": ""0.5"", ""tau_ema"": ""0.99""}; notes: raw mean episodic return; column 'SPR (no Aug)'; no per-game std reported",Table 4 vs main Table 4
2007.05929|SPR|no_aug|freeway,2007.05929|SPR|no_aug,2007.05929,atari,SPR,SPR,no_aug,freeway,82.432,54.392,-28.041,"variant: no_aug; conditions: {""data_augmentation"": ""None"", ""dropout"": ""0.5"", ""tau_ema"": ""0.99""}; notes: raw mean episodic return; column 'SPR (no Aug)'; no per-game std reported",Table 4 vs main Table 4
2007.05929|SPR|no_aug|frostbite,2007.05929|SPR|no_aug,2007.05929,atari,SPR,SPR,no_aug,frostbite,41.136,37.292,-3.844,"variant: no_aug; conditions: {""data_augmentation"": ""None"", ""dropout"": ""0.5"", ""tau_ema"": ""0.99""}; notes: raw mean episodic return; column 'SPR (no Aug)'; no per-game std reported",Table 4 vs main Table 4
2007.05929|SPR|no_aug|gopher,2007.05929|SPR|no_aug,2007.05929,atari,SPR,SPR,no_aug,gopher,21.235,23.987,2.752,"variant: no_aug; conditions: {""data_augmentation"": ""None"", ""dropout"": ""0.5"", ""tau_ema"": ""0.99""}; notes: raw mean episodic return; column 'SPR (no Aug)'; no per-game std reported",Table 4 vs main Table 4
2007.05929|SPR|no_aug|hero,2007.05929|SPR|no_aug,2007.05929,atari,SPR,SPR,no_aug,hero,20.108,15.706,-4.402,"variant: no_aug; conditions: {""data_augmentation"": ""None"", ""dropout"": ""0.5"", ""tau_ema"": ""0.99""}; notes: raw mean episodic return; column 'SPR (no Aug)'; no per-game std reported",Table 4 vs main Table 4
2007.05929|SPR|no_aug|jamesbond,2007.05929|SPR|no_aug,2007.05929,atari,SPR,SPR,no_aug,jamesbond,122.863,123.521,0.657,"variant: no_aug; conditions: {""data_augmentation"": ""None"", ""dropout"": ""0.5"", ""tau_ema"": ""0.99""}; notes: raw mean episodic return; column 'SPR (no Aug)'; no per-game std reported",Table 4 vs main Table 4
2007.05929|SPR|no_aug|kangaroo,2007.05929|SPR|no_aug,2007.05929,atari,SPR,SPR,no_aug,kangaroo,108.093,43.832,-64.261,"variant: no_aug; conditions: {""data_augmentation"": ""None"", ""dropout"": ""0.5"", ""tau_ema"": ""0.99""}; notes: raw mean episodic return; column 'SPR (no Aug)'; no per-game std reported",Table 4 vs main Table 4
2007.05929|SPR|no_aug|krull,2007.05929|SPR|no_aug,2007.05929,atari,SPR,SPR,no_aug,krull,195.869,142.867,-53.002,"variant: no_aug; conditions: {""data_augmentation"": ""None"", ""dropout"": ""0.5"", ""tau_ema"": ""0.99""}; notes: raw mean episodic return; column 'SPR (no Aug)'; no per-game std reported",Table 4 vs main Table 4
2007.05929|SPR|no_aug|kungfumaster,2007.05929|SPR|no_aug,2007.05929,atari,SPR,SPR,no_aug,kungfumaster,57.542,67.672,10.13,"variant: no_aug; conditions: {""data_augmentation"": ""None"", ""dropout"": ""0.5"", ""tau_ema"": ""0.99""}; notes: raw mean episodic return; column 'SPR (no Aug)'; no per-game std reported",Table 4 vs main Table 4
2007.05929|SPR|no_aug|mspacman,2007.05929|SPR|no_aug,2007.05929,atari,SPR,SPR,no_aug,mspacman,15.139,14.153,-0.986,"variant: no_aug; conditions: {""data_augmentation"": ""None"", ""dropout"": ""0.5"", ""tau_ema"": ""0.99""}; notes: raw mean episodic return; column 'SPR (no Aug)'; no per-game std reported",Table 4 vs main Table 4
2007.05929|SPR|no_aug|pong,2007.05929|SPR|no_aug,2007.05929,atari,SPR,SPR,no_aug,pong,41.926,13.314,-28.612,"variant: no_aug; conditions: {""data_augmentation"": ""None"", ""dropout"": ""0.5"", ""tau_ema"": ""0.99""}; notes: raw mean episodic return; column 'SPR (no Aug)'; no per-game std reported",Table 4 vs main Table 4
2007.05929|SPR|no_aug|privateeye,2007.05929|SPR|no_aug,2007.05929,atari,SPR,SPR,no_aug,privateeye,0.142,0.04,-0.103,"variant: no_aug; conditions: {""data_augmentation"": ""None"", ""dropout"": ""0.5"", ""tau_ema"": ""0.99""}; notes: raw mean episodic return; column 'SPR (no Aug)'; no per-game std reported",Table 4 vs main Table 4
2007.05929|SPR|no_aug|qbert,2007.05929|SPR|no_aug,2007.05929,atari,SPR,SPR,no_aug,qbert,3.801,3.331,-0.47,"variant: no_aug; conditions: {""data_augmentation"": ""None"", ""dropout"": ""0.5"", ""tau_ema"": ""0.99""}; notes: raw mean episodic return; column 'SPR (no Aug)'; no per-game std reported",Table 4 vs main Table 4
2007.05929|SPR|no_aug|roadrunner,2007.05929|SPR|no_aug,2007.05929,atari,SPR,SPR,no_aug,roadrunner,181.388,134.033,-47.354,"variant: no_aug; conditions: {""data_augmentation"": ""None"", ""dropout"": ""0.5"", ""tau_ema"": ""0.99""}; notes: raw mean episodic return; column 'SPR (no Aug)'; no per-game std reported",Table 4 vs main Table 4
2007.05929|SPR|no_aug|seaquest,2007.05929|SPR|no_aug,2007.05929,atari,SPR,SPR,no_aug,seaquest,1.226,1.22,-0.005,"variant: no_aug; conditions: {""data_augmentation"": ""None"", ""dropout"": ""0.5"", ""tau_ema"": ""0.99""}; notes: raw mean episodic return; column 'SPR (no Aug)'; no per-game std reported",Table 4 vs main Table 4
2007.05929|SPR|no_aug|upndown,2007.05929|SPR|no_aug,2007.05929,atari,SPR,SPR,no_aug,upndown,247.362,54.402,-192.96,"variant: no_aug; conditions: {""data_augmentation"": ""None"", ""dropout"": ""0.5"", ""tau_ema"": ""0.99""}; notes: raw mean episodic return; column 'SPR (no Aug)'; no per-game std reported",Table 4 vs main Table 4
2111.00210|EfficientZero|w.o. consistency|alien,2111.00210|EfficientZero|w.o. consistency,2111.00210,atari,EfficientZero,EfficientZero,w.o. consistency,alien,8.416,10.631,2.215,"variant: w.o. consistency; conditions: {""self_supervised_consistency"": ""removed""}; notes: raw score; one component removed; 'Full' column equals Table 1; seeds not stated for Table 7",Table 7 vs main Table 1
2111.00210|EfficientZero|w.o. value prefix|alien,2111.00210|EfficientZero|w.o. value prefix,2111.00210,atari,EfficientZero,EfficientZero,w.o. value prefix,alien,8.416,4.786,-3.63,"variant: w.o. value prefix; conditions: {""end_to_end_value_prefix"": ""removed""}; notes: raw score; one component removed; 'Full' column equals Table 1; seeds not stated for Table 7",Table 7 vs main Table 1
2111.00210|EfficientZero|w.o. off-policy correction|alien,2111.00210|EfficientZero|w.o. off-policy correction,2111.00210,atari,EfficientZero,EfficientZero,w.o. off-policy correction,alien,8.416,5.675,-2.741,"variant: w.o. off-policy correction; conditions: {""model_based_off_policy_correction"": ""removed""}; notes: raw score; one component removed; 'Full' column equals Table 1; seeds not stated for Table 7",Table 7 vs main Table 1
2111.00210|EfficientZero|w.o. consistency|amidar,2111.00210|EfficientZero|w.o. consistency,2111.00210,atari,EfficientZero,EfficientZero,w.o. consistency,amidar,8.333,1.541,-6.792,"variant: w.o. consistency; conditions: {""self_supervised_consistency"": ""removed""}; notes: raw score; one component removed; 'Full' column equals Table 1; seeds not stated for Table 7",Table 7 vs main Table 1
2111.00210|EfficientZero|w.o. value prefix|amidar,2111.00210|EfficientZero|w.o. value prefix,2111.00210,atari,EfficientZero,EfficientZero,w.o. value prefix,amidar,8.333,1.471,-6.862,"variant: w.o. value prefix; conditions: {""end_to_end_value_prefix"": ""removed""}; notes: raw score; one component removed; 'Full' column equals Table 1; seeds not stated for Table 7",Table 7 vs main Table 1
2111.00210|EfficientZero|w.o. off-policy correction|amidar,2111.00210|EfficientZero|w.o. off-policy correction,2111.00210,atari,EfficientZero,EfficientZero,w.o. off-policy correction,amidar,8.333,14.617,6.285,"variant: w.o. off-policy correction; conditions: {""model_based_off_policy_correction"": ""removed""}; notes: raw score; one component removed; 'Full' column equals Table 1; seeds not stated for Table 7",Table 7 vs main Table 1
2111.00210|EfficientZero|w.o. consistency|assault,2111.00210|EfficientZero|w.o. consistency,2111.00210,atari,EfficientZero,EfficientZero,w.o. consistency,assault,200.289,67.456,-132.833,"variant: w.o. consistency; conditions: {""self_supervised_consistency"": ""removed""}; notes: raw score; one component removed; 'Full' column equals Table 1; seeds not stated for Table 7",Table 7 vs main Table 1
2111.00210|EfficientZero|w.o. value prefix|assault,2111.00210|EfficientZero|w.o. value prefix,2111.00210,atari,EfficientZero,EfficientZero,w.o. value prefix,assault,200.289,140.993,-59.296,"variant: w.o. value prefix; conditions: {""end_to_end_value_prefix"": ""removed""}; notes: raw score; one component removed; 'Full' column equals Table 1; seeds not stated for Table 7",Table 7 vs main Table 1
2111.00210|EfficientZero|w.o. off-policy correction|assault,2111.00210|EfficientZero|w.o. off-policy correction,2111.00210,atari,EfficientZero,EfficientZero,w.o. off-policy correction,assault,200.289,186.297,-13.992,"variant: w.o. off-policy correction; conditions: {""model_based_off_policy_correction"": ""removed""}; notes: raw score; one component removed; 'Full' column equals Table 1; seeds not stated for Table 7",Table 7 vs main Table 1
2111.00210|EfficientZero|w.o. consistency|asterix,2111.00210|EfficientZero|w.o. consistency,2111.00210,atari,EfficientZero,EfficientZero,w.o. consistency,asterix,305.642,22.375,-283.267,"variant: w.o. consistency; conditions: {""self_supervised_consistency"": ""removed""}; notes: raw score; one component removed; 'Full' column equals Table 1; seeds not stated for Table 7",Table 7 vs main Table 1
2111.00210|EfficientZero|w.o. value prefix|asterix,2111.00210|EfficientZero|w.o. value prefix,2111.00210,atari,EfficientZero,EfficientZero,w.o. value prefix,asterix,305.642,85.852,-219.789,"variant: w.o. value prefix; conditions: {""end_to_end_value_prefix"": ""removed""}; notes: raw score; one component removed; 'Full' column equals Table 1; seeds not stated for Table 7",Table 7 vs main Table 1
2111.00210|EfficientZero|w.o. off-policy correction|asterix,2111.00210|EfficientZero|w.o. off-policy correction,2111.00210,atari,EfficientZero,EfficientZero,w.o. off-policy correction,asterix,305.642,160.551,-145.091,"variant: w.o. off-policy correction; conditions: {""model_based_off_policy_correction"": ""removed""}; notes: raw score; one component removed; 'Full' column equals Table 1; seeds not stated for Table 7",Table 7 vs main Table 1
2111.00210|EfficientZero|w.o. consistency|bankheist,2111.00210|EfficientZero|w.o. consistency,2111.00210,atari,EfficientZero,EfficientZero,w.o. consistency,bankheist,45.581,20.49,-25.091,"variant: w.o. consistency; conditions: {""self_supervised_consistency"": ""removed""}; notes: raw score; one component removed; 'Full' column equals Table 1; seeds not stated for Table 7",Table 7 vs main Table 1
2111.00210|EfficientZero|w.o. value prefix|bankheist,2111.00210|EfficientZero|w.o. value prefix,2111.00210,atari,EfficientZero,EfficientZero,w.o. value prefix,bankheist,45.581,35.025,-10.556,"variant: w.o. value prefix; conditions: {""end_to_end_value_prefix"": ""removed""}; notes: raw score; one component removed; 'Full' column equals Table 1; seeds not stated for Table 7",Table 7 vs main Table 1
2111.00210|EfficientZero|w.o. off-policy correction|bankheist,2111.00210|EfficientZero|w.o. off-policy correction,2111.00210,atari,EfficientZero,EfficientZero,w.o. off-policy correction,bankheist,45.581,38.341,-7.24,"variant: w.o. off-policy correction; conditions: {""model_based_off_policy_correction"": ""removed""}; notes: raw score; one component removed; 'Full' column equals Table 1; seeds not stated for Table 7",Table 7 vs main Table 1
2111.00210|EfficientZero|w.o. consistency|battlezone,2111.00210|EfficientZero|w.o. consistency,2111.00210,atari,EfficientZero,EfficientZero,w.o. consistency,battlezone,33.052,33.603,0.551,"variant: w.o. consistency; conditions: {""self_supervised_consistency"": ""removed""}; notes: raw score; one component removed; 'Full' column equals Table 1; seeds not stated for Table 7",Table 7 vs main Table 1
2111.00210|EfficientZero|w.o. value prefix|battlezone,2111.00210|EfficientZero|w.o. value prefix,2111.00210,atari,EfficientZero,EfficientZero,w.o. value prefix,battlezone,33.052,21.65,-11.402,"variant: w.o. value prefix; conditions: {""end_to_end_value_prefix"": ""removed""}; notes: raw score; one component removed; 'Full' column equals Table 1; seeds not stated for Table 7",Table 7 vs main Table 1
2111.00210|EfficientZero|w.o. off-policy correction|battlezone,2111.00210|EfficientZero|w.o. off-policy correction,2111.00210,atari,EfficientZero,EfficientZero,w.o. off-policy correction,battlezone,33.052,39.523,6.471,"variant: w.o. off-policy correction; conditions: {""model_based_off_policy_correction"": ""removed""}; notes: raw score; one component removed; 'Full' column equals Table 1; seeds not stated for Table 7",Table 7 vs main Table 1
2111.00210|EfficientZero|w.o. consistency|boxing,2111.00210|EfficientZero|w.o. consistency,2111.00210,atari,EfficientZero,EfficientZero,w.o. consistency,boxing,438.333,50.0,-388.333,"variant: w.o. consistency; conditions: {""self_supervised_consistency"": ""removed""}; notes: raw score; one component removed; 'Full' column equals Table 1; seeds not stated for Table 7",Table 7 vs main Table 1
2111.00210|EfficientZero|w.o. value prefix|boxing,2111.00210|EfficientZero|w.o. value prefix,2111.00210,atari,EfficientZero,EfficientZero,w.o. value prefix,boxing,438.333,500.833,62.5,"variant: w.o. value prefix; conditions: {""end_to_end_value_prefix"": ""removed""}; notes: raw score; one component removed; 'Full' column equals Table 1; seeds not stated for Table 7",Table 7 vs main Table 1
2111.00210|EfficientZero|w.o. off-policy correction|boxing,2111.00210|EfficientZero|w.o. off-policy correction,2111.00210,atari,EfficientZero,EfficientZero,w.o. off-policy correction,boxing,438.333,253.333,-185.0,"variant: w.o. off-policy correction; conditions: {""model_based_off_policy_correction"": ""removed""}; notes: raw score; one component removed; 'Full' column equals Table 1; seeds not stated for Table 7",Table 7 vs main Table 1
2111.00210|EfficientZero|w.o. consistency|breakout,2111.00210|EfficientZero|w.o. consistency,2111.00210,atari,EfficientZero,EfficientZero,w.o. consistency,breakout,1431.944,818.403,-613.542,"variant: w.o. consistency; conditions: {""self_supervised_consistency"": ""removed""}; notes: raw score; one component removed; 'Full' column equals Table 1; seeds not stated for Table 7",Table 7 vs main Table 1
2111.00210|EfficientZero|w.o. value prefix|breakout,2111.00210|EfficientZero|w.o. value prefix,2111.00210,atari,EfficientZero,EfficientZero,w.o. value prefix,breakout,1431.944,1310.764,-121.181,"variant: w.o. value prefix; conditions: {""end_to_end_value_prefix"": ""removed""}; notes: raw score; one component removed; 'Full' column equals Table 1; seeds not stated for Table 7",Table 7 vs main Table 1
2111.00210|EfficientZero|w.o. off-policy correction|breakout,2111.00210|EfficientZero|w.o. off-policy correction,2111.00210,atari,EfficientZero,EfficientZero,w.o. off-policy correction,breakout,1431.944,1384.028,-47.917,"variant: w.o. off-policy correction; conditions: {""model_based_off_policy_correction"": ""removed""}; notes: raw score; one component removed; 'Full' column equals Table 1; seeds not stated for Table 7",Table 7 vs main Table 1
2111.00210|EfficientZero|w.o. consistency|choppercommand,2111.00210|EfficientZero|w.o. consistency,2111.00210,atari,EfficientZero,EfficientZero,w.o. consistency,choppercommand,4.657,4.972,0.315,"variant: w.o. consistency; conditions: {""self_supervised_consistency"": ""removed""}; notes: raw score; one component removed; 'Full' column equals Table 1; seeds not stated for Table 7",Table 7 vs main Table 1
2111.00210|EfficientZero|w.o. value prefix|choppercommand,2111.00210|EfficientZero|w.o. value prefix,2111.00210,atari,EfficientZero,EfficientZero,w.o. value prefix,choppercommand,4.657,7.131,2.474,"variant: w.o. value prefix; conditions: {""end_to_end_value_prefix"": ""removed""}; notes: raw score; one component removed; 'Full' column equals Table 1; seeds not stated for Table 7",Table 7 vs main Table 1
2111.00210|EfficientZero|w.o. off-policy correction|choppercommand,2111.00210|EfficientZero|w.o. off-policy correction,2111.00210,atari,EfficientZero,EfficientZero,w.o. off-policy correction,choppercommand,4.657,10.286,5.629,"variant: w.o. off-policy correction; conditions: {""model_based_off_policy_correction"": ""removed""}; notes: raw score; one component removed; 'Full' column equals Table 1; seeds not stated for Table 7",Table 7 vs main Table 1
2111.00210|EfficientZero|w.o. consistency|crazyclimber,2111.00210|EfficientZero|w.o. consistency,2111.00210,atari,EfficientZero,EfficientZero,w.o. consistency,crazyclimber,292.068,258.572,-33.495,"variant: w.o. consistency; conditions: {""self_supervised_consistency"": ""removed""}; notes: raw score; one component removed; 'Full' column equals Table 1; seeds not stated for Table 7",Table 7 vs main Table 1
2111.00210|EfficientZero|w.o. value prefix|crazyclimber,2111.00210|EfficientZero|w.o. value prefix,2111.00210,atari,EfficientZero,EfficientZero,w.o. value prefix,crazyclimber,292.068,380.494,88.426,"variant: w.o. value prefix; conditions: {""end_to_end_value_prefix"": ""removed""}; notes: raw score; one component removed; 'Full' column equals Table 1; seeds not stated for Table 7",Table 7 vs main Table 1
2111.00210|EfficientZero|w.o. off-policy correction|crazyclimber,2111.00210|EfficientZero|w.o. off-policy correction,2111.00210,atari,EfficientZero,EfficientZero,w.o. off-policy correction,crazyclimber,292.068,239.134,-52.933,"variant: w.o. off-policy correction; conditions: {""model_based_off_policy_correction"": ""removed""}; notes: raw score; one component removed; 'Full' column equals Table 1; seeds not stated for Table 7",Table 7 vs main Table 1
2111.00210|EfficientZero|w.o. consistency|demonattack,2111.00210|EfficientZero|w.o. consistency,2111.00210,atari,EfficientZero,EfficientZero,w.o. consistency,demonattack,706.57,320.067,-386.503,"variant: w.o. consistency; conditions: {""self_supervised_consistency"": ""removed""}; notes: raw score; one component removed; 'Full' column equals Table 1; seeds not stated for Table 7",Table 7 vs main Table 1
2111.00210|EfficientZero|w.o. value prefix|demonattack,2111.00210|EfficientZero|w.o. value prefix,2111.00210,atari,EfficientZero,EfficientZero,w.o. value prefix,demonattack,706.57,366.507,-340.063,"variant: w.o. value prefix; conditions: {""end_to_end_value_prefix"": ""removed""}; notes: raw score; one component removed; 'Full' column equals Table 1; seeds not stated for Table 7",Table 7 vs main Table 1
2111.00210|EfficientZero|w.o. off-policy correction|demonattack,2111.00210|EfficientZero|w.o. off-policy correction,2111.00210,atari,EfficientZero,EfficientZero,w.o. off-policy correction,demonattack,706.57,466.683,-239.887,"variant: w.o. off-policy correction; conditions: {""model_based_off_policy_correction"": ""removed""}; notes: raw score; one component removed; 'Full' column equals Table 1; seeds not stated for Table 7",Table 7 vs main Table 1
2111.00210|EfficientZero|w.o. consistency|freeway,2111.00210|EfficientZero|w.o. consistency,2111.00210,atari,EfficientZero,EfficientZero,w.o. consistency,freeway,73.649,73.649,0.0,"variant: w.o. consistency; conditions: {""self_supervised_consistency"": ""removed""}; notes: raw score; one component removed; 'Full' column equals Table 1; seeds not stated for Table 7",Table 7 vs main Table 1
2111.00210|EfficientZero|w.o. value prefix|freeway,2111.00210|EfficientZero|w.o. value prefix,2111.00210,atari,EfficientZero,EfficientZero,w.o. value prefix,freeway,73.649,73.649,0.0,"variant: w.o. value prefix; conditions: {""end_to_end_value_prefix"": ""removed""}; notes: raw score; one component removed; 'Full' column equals Table 1; seeds not stated for Table 7",Table 7 vs main Table 1
2111.00210|EfficientZero|w.o. off-policy correction|freeway,2111.00210|EfficientZero|w.o. off-policy correction,2111.00210,atari,EfficientZero,EfficientZero,w.o. off-policy correction,freeway,73.649,73.649,0.0,"variant: w.o. off-policy correction; conditions: {""model_based_off_policy_correction"": ""removed""}; notes: raw score; one component removed; 'Full' column equals Table 1; seeds not stated for Table 7",Table 7 vs main Table 1
2111.00210|EfficientZero|w.o. consistency|frostbite,2111.00210|EfficientZero|w.o. consistency,2111.00210,atari,EfficientZero,EfficientZero,w.o. consistency,frostbite,5.413,4.3,-1.113,"variant: w.o. consistency; conditions: {""self_supervised_consistency"": ""removed""}; notes: raw score; one component removed; 'Full' column equals Table 1; seeds not stated for Table 7",Table 7 vs main Table 1
2111.00210|EfficientZero|w.o. value prefix|frostbite,2111.00210|EfficientZero|w.o. value prefix,2111.00210,atari,EfficientZero,EfficientZero,w.o. value prefix,frostbite,5.413,3.982,-1.431,"variant: w.o. value prefix; conditions: {""end_to_end_value_prefix"": ""removed""}; notes: raw score; one component removed; 'Full' column equals Table 1; seeds not stated for Table 7",Table 7 vs main Table 1
2111.00210|EfficientZero|w.o. off-policy correction|frostbite,2111.00210|EfficientZero|w.o. off-policy correction,2111.00210,atari,EfficientZero,EfficientZero,w.o. off-policy correction,frostbite,5.413,3.801,-1.611,"variant: w.o. off-policy correction; conditions: {""model_based_off_policy_correction"": ""removed""}; notes: raw score; one component removed; 'Full' column equals Table 1; seeds not stated for Table 7",Table 7 vs main Table 1
2111.00210|EfficientZero|w.o. consistency|gopher,2111.00210|EfficientZero|w.o. consistency,2111.00210,atari,EfficientZero,EfficientZero,w.o. consistency,gopher,139.343,41.645,-97.698,"variant: w.o. consistency; conditions: {""self_supervised_consistency"": ""removed""}; notes: raw score; one component removed; 'Full' column equals Table 1; seeds not stated for Table 7",Table 7 vs main Table 1
2111.00210|EfficientZero|w.o. value prefix|gopher,2111.00210|EfficientZero|w.o. value prefix,2111.00210,atari,EfficientZero,EfficientZero,w.o. value prefix,gopher,139.343,117.611,-21.732,"variant: w.o. value prefix; conditions: {""end_to_end_value_prefix"": ""removed""}; notes: raw score; one component removed; 'Full' column equals Table 1; seeds not stated for Table 7",Table 7 vs main Table 1
2111.00210|EfficientZero|w.o. off-policy correction|gopher,2111.00210|EfficientZero|w.o. off-policy correction,2111.00210,atari,EfficientZero,EfficientZero,w.o. off-policy correction,gopher,139.343,93.619,-45.724,"variant: w.o. off-policy correction; conditions: {""model_based_off_policy_correction"": ""removed""}; notes: raw score; one component removed; 'Full' column equals Table 1; seeds not stated for Table 7",Table 7 vs main Table 1
2111.00210|EfficientZero|w.o. consistency|hero,2111.00210|EfficientZero|w.o. consistency,2111.00210,atari,EfficientZero,EfficientZero,w.o. consistency,hero,27.816,16.099,-11.717,"variant: w.o. consistency; conditions: {""self_supervised_consistency"": ""removed""}; notes: raw score; one component removed; 'Full' column equals Table 1; seeds not stated for Table 7",Table 7 vs main Table 1
2111.00210|EfficientZero|w.o. value prefix|hero,2111.00210|EfficientZero|w.o. value prefix,2111.00210,atari,EfficientZero,EfficientZero,w.o. value prefix,hero,27.816,7.183,-20.633,"variant: w.o. value prefix; conditions: {""end_to_end_value_prefix"": ""removed""}; notes: raw score; one component removed; 'Full' column equals Table 1; seeds not stated for Table 7",Table 7 vs main Table 1
2111.00210|EfficientZero|w.o. off-policy correction|hero,2111.00210|EfficientZero|w.o. off-policy correction,2111.00210,atari,EfficientZero,EfficientZero,w.o. off-policy correction,hero,27.816,26.933,-0.882,"variant: w.o. off-policy correction; conditions: {""model_based_off_policy_correction"": ""removed""}; notes: raw score; one component removed; 'Full' column equals Table 1; seeds not stated for Table 7",Table 7 vs main Table 1
2111.00210|EfficientZero|w.o. consistency|jamesbond,2111.00210|EfficientZero|w.o. consistency,2111.00210,atari,EfficientZero,EfficientZero,w.o. consistency,jamesbond,178.232,45.909,-132.323,"variant: w.o. consistency; conditions: {""self_supervised_consistency"": ""removed""}; notes: raw score; one component removed; 'Full' column equals Table 1; seeds not stated for Table 7",Table 7 vs main Table 1
2111.00210|EfficientZero|w.o. value prefix|jamesbond,2111.00210|EfficientZero|w.o. value prefix,2111.00210,atari,EfficientZero,EfficientZero,w.o. value prefix,jamesbond,178.232,128.196,-50.037,"variant: w.o. value prefix; conditions: {""end_to_end_value_prefix"": ""removed""}; notes: raw score; one component removed; 'Full' column equals Table 1; seeds not stated for Table 7",Table 7 vs main Table 1
2111.00210|EfficientZero|w.o. off-policy correction|jamesbond,2111.00210|EfficientZero|w.o. off-policy correction,2111.00210,atari,EfficientZero,EfficientZero,w.o. off-policy correction,jamesbond,178.232,119.54,-58.692,"variant: w.o. off-policy correction; conditions: {""model_based_off_policy_correction"": ""removed""}; notes: raw score; one component removed; 'Full' column equals Table 1; seeds not stated for Table 7",Table 7 vs main Table 1
2111.00210|EfficientZero|w.o. consistency|kangaroo,2111.00210|EfficientZero|w.o. consistency,2111.00210,atari,EfficientZero,EfficientZero,w.o. consistency,kangaroo,22.531,10.828,-11.703,"variant: w.o. consistency; conditions: {""self_supervised_consistency"": ""removed""}; notes: raw score; one component removed; 'Full' column equals Table 1; seeds not stated for Table 7",Table 7 vs main Table 1
2111.00210|EfficientZero|w.o. value prefix|kangaroo,2111.00210|EfficientZero|w.o. value prefix,2111.00210,atari,EfficientZero,EfficientZero,w.o. value prefix,kangaroo,22.531,4.961,-17.57,"variant: w.o. value prefix; conditions: {""end_to_end_value_prefix"": ""removed""}; notes: raw score; one component removed; 'Full' column equals Table 1; seeds not stated for Table 7",Table 7 vs main Table 1
2111.00210|EfficientZero|w.o. off-policy correction|kangaroo,2111.00210|EfficientZero|w.o. off-policy correction,2111.00210,atari,EfficientZero,EfficientZero,w.o. off-policy correction,kangaroo,22.531,21.304,-1.227,"variant: w.o. off-policy correction; conditions: {""model_based_off_policy_correction"": ""removed""}; notes: raw score; one component removed; 'Full' column equals Table 1; seeds not stated for Table 7",Table 7 vs main Table 1
2111.00210|EfficientZero|w.o. consistency|krull,2111.00210|EfficientZero|w.o. consistency,2111.00210,atari,EfficientZero,EfficientZero,w.o. consistency,krull,380.824,241.745,-139.08,"variant: w.o. consistency; conditions: {""self_supervised_consistency"": ""removed""}; notes: raw score; one component removed; 'Full' column equals Table 1; seeds not stated for Table 7",Table 7 vs main Table 1
2111.00210|EfficientZero|w.o. value prefix|krull,2111.00210|EfficientZero|w.o. value prefix,2111.00210,atari,EfficientZero,EfficientZero,w.o. value prefix,krull,380.824,274.436,-106.389,"variant: w.o. value prefix; conditions: {""end_to_end_value_prefix"": ""removed""}; notes: raw score; one component removed; 'Full' column equals Table 1; seeds not stated for Table 7",Table 7 vs main Table 1
2111.00210|EfficientZero|w.o. off-policy correction|krull,2111.00210|EfficientZero|w.o. off-policy correction,2111.00210,atari,EfficientZero,EfficientZero,w.o. off-policy correction,krull,380.824,190.876,-189.948,"variant: w.o. off-policy correction; conditions: {""model_based_off_policy_correction"": ""removed""}; notes: raw score; one component removed; 'Full' column equals Table 1; seeds not stated for Table 7",Table 7 vs main Table 1
2111.00210|EfficientZero|w.o. consistency|kungfumaster,2111.00210|EfficientZero|w.o. consistency,2111.00210,atari,EfficientZero,EfficientZero,w.o. consistency,kungfumaster,136.518,84.768,-51.75,"variant: w.o. consistency; conditions: {""self_supervised_consistency"": ""removed""}; notes: raw score; one component removed; 'Full' column equals Table 1; seeds not stated for Table 7",Table 7 vs main Table 1
2111.00210|EfficientZero|w.o. value prefix|kungfumaster,2111.00210|EfficientZero|w.o. value prefix,2111.00210,atari,EfficientZero,EfficientZero,w.o. value prefix,kungfumaster,136.518,114.431,-22.088,"variant: w.o. value prefix; conditions: {""end_to_end_value_prefix"": ""removed""}; notes: raw score; one component removed; 'Full' column equals Table 1; seeds not stated for Table 7",Table 7 vs main Table 1
2111.00210|EfficientZero|w.o. off-policy correction|kungfumaster,2111.00210|EfficientZero|w.o. off-policy correction,2111.00210,atari,EfficientZero,EfficientZero,w.o. off-policy correction,kungfumaster,136.518,110.182,-26.336,"variant: w.o. off-policy correction; conditions: {""model_based_off_policy_correction"": ""removed""}; notes: raw score; one component removed; 'Full' column equals Table 1; seeds not stated for Table 7",Table 7 vs main Table 1
2111.00210|EfficientZero|w.o. consistency|mspacman,2111.00210|EfficientZero|w.o. consistency,2111.00210,atari,EfficientZero,EfficientZero,w.o. consistency,mspacman,14.658,11.78,-2.878,"variant: w.o. consistency; conditions: {""self_supervised_consistency"": ""removed""}; notes: raw score; one component removed; 'Full' column equals Table 1; seeds not stated for Table 7",Table 7 vs main Table 1
2111.00210|EfficientZero|w.o. value prefix|mspacman,2111.00210|EfficientZero|w.o. value prefix,2111.00210,atari,EfficientZero,EfficientZero,w.o. value prefix,mspacman,14.658,17.574,2.917,"variant: w.o. value prefix; conditions: {""end_to_end_value_prefix"": ""removed""}; notes: raw score; one component removed; 'Full' column equals Table 1; seeds not stated for Table 7",Table 7 vs main Table 1
2111.00210|EfficientZero|w.o. off-policy correction|mspacman,2111.00210|EfficientZero|w.o. off-policy correction,2111.00210,atari,EfficientZero,EfficientZero,w.o. off-policy correction,mspacman,14.658,14.898,0.241,"variant: w.o. off-policy correction; conditions: {""model_based_off_policy_correction"": ""removed""}; notes: raw score; one component removed; 'Full' column equals Table 1; seeds not stated for Table 7",Table 7 vs main Table 1
2111.00210|EfficientZero|w.o. consistency|pong,2111.00210|EfficientZero|w.o. consistency,2111.00210,atari,EfficientZero,EfficientZero,w.o. consistency,pong,115.581,54.391,-61.19,"variant: w.o. consistency; conditions: {""self_supervised_consistency"": ""removed""}; notes: raw score; one component removed; 'Full' column equals Table 1; seeds not stated for Table 7",Table 7 vs main Table 1
2111.00210|EfficientZero|w.o. value prefix|pong,2111.00210|EfficientZero|w.o. value prefix,2111.00210,atari,EfficientZero,EfficientZero,w.o. value prefix,pong,115.581,106.232,-9.348,"variant: w.o. value prefix; conditions: {""end_to_end_value_prefix"": ""removed""}; notes: raw score; one component removed; 'Full' column equals Table 1; seeds not stated for Table 7",Table 7 vs main Table 1
2111.00210|EfficientZero|w.o. off-policy correction|pong,2111.00210|EfficientZero|w.o. off-policy correction,2111.00210,atari,EfficientZero,EfficientZero,w.o. off-policy correction,pong,115.581,113.881,-1.7,"variant: w.o. off-policy correction; conditions: {""model_based_off_policy_correction"": ""removed""}; notes: raw score; one component removed; 'Full' column equals Table 1; seeds not stated for Table 7",Table 7 vs main Table 1
2111.00210|EfficientZero|w.o. consistency|privateeye,2111.00210|EfficientZero|w.o. consistency,2111.00210,atari,EfficientZero,EfficientZero,w.o. consistency,privateeye,0.103,0.108,0.005,"variant: w.o. consistency; conditions: {""self_supervised_consistency"": ""removed""}; notes: raw score; one component removed; 'Full' column equals Table 1; seeds not stated for Table 7",Table 7 vs main Table 1
2111.00210|EfficientZero|w.o. value prefix|privateeye,2111.00210|EfficientZero|w.o. value prefix,2111.00210,atari,EfficientZero,EfficientZero,w.o. value prefix,privateeye,0.103,0.108,0.005,"variant: w.o. value prefix; conditions: {""end_to_end_value_prefix"": ""removed""}; notes: raw score; one component removed; 'Full' column equals Table 1; seeds not stated for Table 7",Table 7 vs main Table 1
2111.00210|EfficientZero|w.o. off-policy correction|privateeye,2111.00210|EfficientZero|w.o. off-policy correction,2111.00210,atari,EfficientZero,EfficientZero,w.o. off-policy correction,privateeye,0.103,0.108,0.005,"variant: w.o. off-policy correction; conditions: {""model_based_off_policy_correction"": ""removed""}; notes: raw score; one component removed; 'Full' column equals Table 1; seeds not stated for Table 7",Table 7 vs main Table 1
2111.00210|EfficientZero|w.o. consistency|qbert,2111.00210|EfficientZero|w.o. consistency,2111.00210,atari,EfficientZero,EfficientZero,w.o. consistency,qbert,102.46,38.949,-63.51,"variant: w.o. consistency; conditions: {""self_supervised_consistency"": ""removed""}; notes: raw score; one component removed; 'Full' column equals Table 1; seeds not stated for Table 7",Table 7 vs main Table 1
2111.00210|EfficientZero|w.o. value prefix|qbert,2111.00210|EfficientZero|w.o. value prefix,2111.00210,atari,EfficientZero,EfficientZero,w.o. value prefix,qbert,102.46,46.618,-55.841,"variant: w.o. value prefix; conditions: {""end_to_end_value_prefix"": ""removed""}; notes: raw score; one component removed; 'Full' column equals Table 1; seeds not stated for Table 7",Table 7 vs main Table 1
2111.00210|EfficientZero|w.o. off-policy correction|qbert,2111.00210|EfficientZero|w.o. off-policy correction,2111.00210,atari,EfficientZero,EfficientZero,w.o. off-policy correction,qbert,102.46,101.373,-1.086,"variant: w.o. off-policy correction; conditions: {""model_based_off_policy_correction"": ""removed""}; notes: raw score; one component removed; 'Full' column equals Table 1; seeds not stated for Table 7",Table 7 vs main Table 1
2111.00210|EfficientZero|w.o. consistency|roadrunner,2111.00210|EfficientZero|w.o. consistency,2111.00210,atari,EfficientZero,EfficientZero,w.o. consistency,roadrunner,226.461,34.321,-192.14,"variant: w.o. consistency; conditions: {""self_supervised_consistency"": ""removed""}; notes: raw score; one component removed; 'Full' column equals Table 1; seeds not stated for Table 7",Table 7 vs main Table 1
2111.00210|EfficientZero|w.o. value prefix|roadrunner,2111.00210|EfficientZero|w.o. value prefix,2111.00210,atari,EfficientZero,EfficientZero,w.o. value prefix,roadrunner,226.461,38.278,-188.183,"variant: w.o. value prefix; conditions: {""end_to_end_value_prefix"": ""removed""}; notes: raw score; one component removed; 'Full' column equals Table 1; seeds not stated for Table 7",Table 7 vs main Table 1
2111.00210|EfficientZero|w.o. off-policy correction|roadrunner,2111.00210|EfficientZero|w.o. off-policy correction,2111.00210,atari,EfficientZero,EfficientZero,w.o. off-policy correction,roadrunner,226.461,125.672,-100.789,"variant: w.o. off-policy correction; conditions: {""model_based_off_policy_correction"": ""removed""}; notes: raw score; one component removed; 'Full' column equals Table 1; seeds not stated for Table 7",Table 7 vs main Table 1
2111.00210|EfficientZero|w.o. consistency|seaquest,2111.00210|EfficientZero|w.o. consistency,2111.00210,atari,EfficientZero,EfficientZero,w.o. consistency,seaquest,2.457,0.933,-1.525,"variant: w.o. consistency; conditions: {""self_supervised_consistency"": ""removed""}; notes: raw score; one component removed; 'Full' column equals Table 1; seeds not stated for Table 7",Table 7 vs main Table 1
2111.00210|EfficientZero|w.o. value prefix|seaquest,2111.00210|EfficientZero|w.o. value prefix,2111.00210,atari,EfficientZero,EfficientZero,w.o. value prefix,seaquest,2.457,0.952,-1.506,"variant: w.o. value prefix; conditions: {""end_to_end_value_prefix"": ""removed""}; notes: raw score; one component removed; 'Full' column equals Table 1; seeds not stated for Table 7",Table 7 vs main Table 1
2111.00210|EfficientZero|w.o. off-policy correction|seaquest,2111.00210|EfficientZero|w.o. off-policy correction,2111.00210,atari,EfficientZero,EfficientZero,w.o. off-policy correction,seaquest,2.457,1.847,-0.611,"variant: w.o. off-policy correction; conditions: {""model_based_off_policy_correction"": ""removed""}; notes: raw score; one component removed; 'Full' column equals Table 1; seeds not stated for Table 7",Table 7 vs main Table 1
2111.00210|EfficientZero|w.o. consistency|upndown,2111.00210|EfficientZero|w.o. consistency,2111.00210,atari,EfficientZero,EfficientZero,w.o. consistency,upndown,149.92,22.461,-127.459,"variant: w.o. consistency; conditions: {""self_supervised_consistency"": ""removed""}; notes: raw score; one component removed; 'Full' column equals Table 1; seeds not stated for Table 7",Table 7 vs main Table 1
2111.00210|EfficientZero|w.o. value prefix|upndown,2111.00210|EfficientZero|w.o. value prefix,2111.00210,atari,EfficientZero,EfficientZero,w.o. value prefix,upndown,149.92,63.824,-86.097,"variant: w.o. value prefix; conditions: {""end_to_end_value_prefix"": ""removed""}; notes: raw score; one component removed; 'Full' column equals Table 1; seeds not stated for Table 7",Table 7 vs main Table 1
2111.00210|EfficientZero|w.o. off-policy correction|upndown,2111.00210|EfficientZero|w.o. off-policy correction,2111.00210,atari,EfficientZero,EfficientZero,w.o. off-policy correction,upndown,149.92,39.103,-110.817,"variant: w.o. off-policy correction; conditions: {""model_based_off_policy_correction"": ""removed""}; notes: raw score; one component removed; 'Full' column equals Table 1; seeds not stated for Table 7",Table 7 vs main Table 1
2111.00210|EfficientZero|Table 8 w.o. consistency|asterix,2111.00210|EfficientZero|Table 8 w.o. consistency,2111.00210,atari,EfficientZero,EfficientZero,Table 8 w.o. consistency,asterix,305.642,13.746,-291.896,"variant: Table 8 w.o. consistency; conditions: {""self_supervised_consistency"": ""removed""}; notes: raw score; differs from Table 7 'w.o. consistency' for same game -> separate run; seeds not stated",Table 8 vs main Table 1
2111.00210|EfficientZero|w.o. data augmentation|asterix,2111.00210|EfficientZero|w.o. data augmentation,2111.00210,atari,EfficientZero,EfficientZero,w.o. data augmentation,asterix,305.642,164.88,-140.762,"variant: w.o. data augmentation; conditions: {""data_augmentation"": ""removed""}; notes: raw score; seeds not stated",Table 8 vs main Table 1
2111.00210|EfficientZero|Table 8 w.o. consistency|breakout,2111.00210|EfficientZero|Table 8 w.o. consistency,2111.00210,atari,EfficientZero,EfficientZero,Table 8 w.o. consistency,breakout,1431.944,35.764,-1396.181,"variant: Table 8 w.o. consistency; conditions: {""self_supervised_consistency"": ""removed""}; notes: raw score; differs from Table 7 'w.o. consistency' for same game -> separate run; seeds not stated",Table 8 vs main Table 1
2111.00210|EfficientZero|w.o. data augmentation|breakout,2111.00210|EfficientZero|w.o. data augmentation,2111.00210,atari,EfficientZero,EfficientZero,w.o. data augmentation,breakout,1431.944,1262.153,-169.792,"variant: w.o. data augmentation; conditions: {""data_augmentation"": ""removed""}; notes: raw score; seeds not stated",Table 8 vs main Table 1
2111.00210|EfficientZero|Table 8 w.o. consistency|demonattack,2111.00210|EfficientZero|Table 8 w.o. consistency,2111.00210,atari,EfficientZero,EfficientZero,Table 8 w.o. consistency,demonattack,706.57,320.067,-386.503,"variant: Table 8 w.o. consistency; conditions: {""self_supervised_consistency"": ""removed""}; notes: raw score; differs from Table 7 'w.o. consistency' for same game -> separate run; seeds not stated",Table 8 vs main Table 1
2111.00210|EfficientZero|w.o. data augmentation|demonattack,2111.00210|EfficientZero|w.o. data augmentation,2111.00210,atari,EfficientZero,EfficientZero,w.o. data augmentation,demonattack,706.57,471.598,-234.972,"variant: w.o. data augmentation; conditions: {""data_augmentation"": ""removed""}; notes: raw score; seeds not stated",Table 8 vs main Table 1
2111.00210|EfficientZero|Table 8 w.o. consistency|gopher,2111.00210|EfficientZero|Table 8 w.o. consistency,2111.00210,atari,EfficientZero,EfficientZero,Table 8 w.o. consistency,gopher,139.343,41.645,-97.698,"variant: Table 8 w.o. consistency; conditions: {""self_supervised_consistency"": ""removed""}; notes: raw score; differs from Table 7 'w.o. consistency' for same game -> separate run; seeds not stated",Table 8 vs main Table 1
2111.00210|EfficientZero|w.o. data augmentation|gopher,2111.00210|EfficientZero|w.o. data augmentation,2111.00210,atari,EfficientZero,EfficientZero,w.o. data augmentation,gopher,139.343,72.679,-66.664,"variant: w.o. data augmentation; conditions: {""data_augmentation"": ""removed""}; notes: raw score; seeds not stated",Table 8 vs main Table 1
2111.00210|EfficientZero|Table 8 w.o. consistency|pong,2111.00210|EfficientZero|Table 8 w.o. consistency,2111.00210,atari,EfficientZero,EfficientZero,Table 8 w.o. consistency,pong,115.581,34.561,-81.02,"variant: Table 8 w.o. consistency; conditions: {""self_supervised_consistency"": ""removed""}; notes: raw score; differs from Table 7 'w.o. consistency' for same game -> separate run; seeds not stated",Table 8 vs main Table 1
2111.00210|EfficientZero|w.o. data augmentation|pong,2111.00210|EfficientZero|w.o. data augmentation,2111.00210,atari,EfficientZero,EfficientZero,w.o. data augmentation,pong,115.581,98.017,-17.564,"variant: w.o. data augmentation; conditions: {""data_augmentation"": ""removed""}; notes: raw score; seeds not stated",Table 8 vs main Table 1
2111.00210|EfficientZero|Table 8 w.o. consistency|qbert,2111.00210|EfficientZero|Table 8 w.o. consistency,2111.00210,atari,EfficientZero,EfficientZero,Table 8 w.o. consistency,qbert,102.46,16.107,-86.353,"variant: Table 8 w.o. consistency; conditions: {""self_supervised_consistency"": ""removed""}; notes: raw score; differs from Table 7 'w.o. consistency' for same game -> separate run; seeds not stated",Table 8 vs main Table 1
2111.00210|EfficientZero|w.o. data augmentation|qbert,2111.00210|EfficientZero|w.o. data augmentation,2111.00210,atari,EfficientZero,EfficientZero,w.o. data augmentation,qbert,102.46,106.252,3.793,"variant: w.o. data augmentation; conditions: {""data_augmentation"": ""removed""}; notes: raw score; seeds not stated",Table 8 vs main Table 1
2111.00210|EfficientZero|Table 8 w.o. consistency|seaquest,2111.00210|EfficientZero|Table 8 w.o. consistency,2111.00210,atari,EfficientZero,EfficientZero,Table 8 w.o. consistency,seaquest,2.457,0.933,-1.525,"variant: Table 8 w.o. consistency; conditions: {""self_supervised_consistency"": ""removed""}; notes: raw score; differs from Table 7 'w.o. consistency' for same game -> separate run; seeds not stated",Table 8 vs main Table 1
2111.00210|EfficientZero|w.o. data augmentation|seaquest,2111.00210|EfficientZero|w.o. data augmentation,2111.00210,atari,EfficientZero,EfficientZero,w.o. data augmentation,seaquest,2.457,2.517,0.059,"variant: w.o. data augmentation; conditions: {""data_augmentation"": ""removed""}; notes: raw score; seeds not stated",Table 8 vs main Table 1
2111.00210|EfficientZero|Table 8 w.o. consistency|upndown,2111.00210|EfficientZero|Table 8 w.o. consistency,2111.00210,atari,EfficientZero,EfficientZero,Table 8 w.o. consistency,upndown,149.92,22.461,-127.459,"variant: Table 8 w.o. consistency; conditions: {""self_supervised_consistency"": ""removed""}; notes: raw score; differs from Table 7 'w.o. consistency' for same game -> separate run; seeds not stated",Table 8 vs main Table 1
2111.00210|EfficientZero|w.o. data augmentation|upndown,2111.00210|EfficientZero|w.o. data augmentation,2111.00210,atari,EfficientZero,EfficientZero,w.o. data augmentation,upndown,149.92,141.997,-7.923,"variant: w.o. data augmentation; conditions: {""data_augmentation"": ""removed""}; notes: raw score; seeds not stated",Table 8 vs main Table 1
2111.00210|EfficientZero|Table 9 w.o. off-policy correction|asterix,2111.00210|EfficientZero|Table 9 w.o. off-policy correction,2111.00210,atari,EfficientZero,EfficientZero,Table 9 w.o. off-policy correction,asterix,305.642,30.1,-275.542,"variant: Table 9 w.o. off-policy correction; conditions: {""model_based_off_policy_correction"": ""removed""}; notes: raw score; differs from Table 7 'w.o. off-policy correction' for same game -> separate run; seeds not stated",Table 9 vs main Table 1
2111.00210|EfficientZero|w.o. dynamic horizon|asterix,2111.00210|EfficientZero|w.o. dynamic horizon,2111.00210,atari,EfficientZero,EfficientZero,w.o. dynamic horizon,asterix,305.642,36.813,-268.829,"variant: w.o. dynamic horizon; conditions: {""dynamic_horizon"": ""removed""}; notes: raw score; seeds not stated",Table 9 vs main Table 1
2111.00210|EfficientZero|w.o. MCTS root value|asterix,2111.00210|EfficientZero|w.o. MCTS root value,2111.00210,atari,EfficientZero,EfficientZero,w.o. MCTS root value,asterix,305.642,73.288,-232.354,"variant: w.o. MCTS root value; conditions: {""mcts_root_value"": ""removed""}; notes: raw score; seeds not stated",Table 9 vs main Table 1
2111.00210|EfficientZero|Table 9 w.o. off-policy correction|breakout,2111.00210|EfficientZero|Table 9 w.o. off-policy correction,2111.00210,atari,EfficientZero,EfficientZero,Table 9 w.o. off-policy correction,breakout,1431.944,1621.181,189.236,"variant: Table 9 w.o. off-policy correction; conditions: {""model_based_off_policy_correction"": ""removed""}; notes: raw score; differs from Table 7 'w.o. off-policy correction' for same game -> separate run; seeds not stated",Table 9 vs main Table 1
2111.00210|EfficientZero|w.o. dynamic horizon|breakout,2111.00210|EfficientZero|w.o. dynamic horizon,2111.00210,atari,EfficientZero,EfficientZero,w.o. dynamic horizon,breakout,1431.944,1476.736,44.792,"variant: w.o. dynamic horizon; conditions: {""dynamic_horizon"": ""removed""}; notes: raw score; seeds not stated",Table 9 vs main Table 1
2111.00210|EfficientZero|w.o. MCTS root value|breakout,2111.00210|EfficientZero|w.o. MCTS root value,2111.00210,atari,EfficientZero,EfficientZero,w.o. MCTS root value,breakout,1431.944,1340.625,-91.319,"variant: w.o. MCTS root value; conditions: {""mcts_root_value"": ""removed""}; notes: raw score; seeds not stated",Table 9 vs main Table 1
2111.00210|EfficientZero|Table 9 w.o. off-policy correction|demonattack,2111.00210|EfficientZero|Table 9 w.o. off-policy correction,2111.00210,atari,EfficientZero,EfficientZero,Table 9 w.o. off-policy correction,demonattack,706.57,466.683,-239.887,"variant: Table 9 w.o. off-policy correction; conditions: {""model_based_off_policy_correction"": ""removed""}; notes: raw score; differs from Table 7 'w.o. off-policy correction' for same game -> separate run; seeds not stated",Table 9 vs main Table 1
2111.00210|EfficientZero|w.o. dynamic horizon|demonattack,2111.00210|EfficientZero|w.o. dynamic horizon,2111.00210,atari,EfficientZero,EfficientZero,w.o. dynamic horizon,demonattack,706.57,498.048,-208.522,"variant: w.o. dynamic horizon; conditions: {""dynamic_horizon"": ""removed""}; notes: raw score; seeds not stated",Table 9 vs main Table 1
2111.00210|EfficientZero|w.o. MCTS root value|demonattack,2111.00210|EfficientZero|w.o. MCTS root value,2111.00210,atari,EfficientZero,EfficientZero,w.o. MCTS root value,demonattack,706.57,544.884,-161.686,"variant: w.o. MCTS root value; conditions: {""mcts_root_value"": ""removed""}; notes: raw score; seeds not stated",Table 9 vs main Table 1
2111.00210|EfficientZero|Table 9 w.o. off-policy correction|gopher,2111.00210|EfficientZero|Table 9 w.o. off-policy correction,2111.00210,atari,EfficientZero,EfficientZero,Table 9 w.o. off-policy correction,gopher,139.343,93.619,-45.724,"variant: Table 9 w.o. off-policy correction; conditions: {""model_based_off_policy_correction"": ""removed""}; notes: raw score; differs from Table 7 'w.o. off-policy correction' for same game -> separate run; seeds not stated",Table 9 vs main Table 1
2111.00210|EfficientZero|w.o. dynamic horizon|gopher,2111.00210|EfficientZero|w.o. dynamic horizon,2111.00210,atari,EfficientZero,EfficientZero,w.o. dynamic horizon,gopher,139.343,102.167,-37.176,"variant: w.o. dynamic horizon; conditions: {""dynamic_horizon"": ""removed""}; notes: raw score; seeds not stated",Table 9 vs main Table 1
2111.00210|EfficientZero|w.o. MCTS root value|gopher,2111.00210|EfficientZero|w.o. MCTS root value,2111.00210,atari,EfficientZero,EfficientZero,w.o. MCTS root value,gopher,139.343,111.068,-28.275,"variant: w.o. MCTS root value; conditions: {""mcts_root_value"": ""removed""}; notes: raw score; seeds not stated",Table 9 vs main Table 1
2111.00210|EfficientZero|Table 9 w.o. off-policy correction|pong,2111.00210|EfficientZero|Table 9 w.o. off-policy correction,2111.00210,atari,EfficientZero,EfficientZero,Table 9 w.o. off-policy correction,pong,115.581,113.881,-1.7,"variant: Table 9 w.o. off-policy correction; conditions: {""model_based_off_policy_correction"": ""removed""}; notes: raw score; differs from Table 7 'w.o. off-policy correction' for same game -> separate run; seeds not stated",Table 9 vs main Table 1
2111.00210|EfficientZero|w.o. dynamic horizon|pong,2111.00210|EfficientZero|w.o. dynamic horizon,2111.00210,atari,EfficientZero,EfficientZero,w.o. dynamic horizon,pong,115.581,113.031,-2.55,"variant: w.o. dynamic horizon; conditions: {""dynamic_horizon"": ""removed""}; notes: raw score; seeds not stated",Table 9 vs main Table 1
2111.00210|EfficientZero|w.o. MCTS root value|pong,2111.00210|EfficientZero|w.o. MCTS root value,2111.00210,atari,EfficientZero,EfficientZero,w.o. MCTS root value,pong,115.581,99.717,-15.864,"variant: w.o. MCTS root value; conditions: {""mcts_root_value"": ""removed""}; notes: raw score; seeds not stated",Table 9 vs main Table 1
2111.00210|EfficientZero|Table 9 w.o. off-policy correction|qbert,2111.00210|EfficientZero|Table 9 w.o. off-policy correction,2111.00210,atari,EfficientZero,EfficientZero,Table 9 w.o. off-policy correction,qbert,102.46,28.474,-73.986,"variant: Table 9 w.o. off-policy correction; conditions: {""model_based_off_policy_correction"": ""removed""}; notes: raw score; differs from Table 7 'w.o. off-policy correction' for same game -> separate run; seeds not stated",Table 9 vs main Table 1
2111.00210|EfficientZero|w.o. dynamic horizon|qbert,2111.00210|EfficientZero|w.o. dynamic horizon,2111.00210,atari,EfficientZero,EfficientZero,w.o. dynamic horizon,qbert,102.46,58.544,-43.916,"variant: w.o. dynamic horizon; conditions: {""dynamic_horizon"": ""removed""}; notes: raw score; seeds not stated",Table 9 vs main Table 1
2111.00210|EfficientZero|w.o. MCTS root value|qbert,2111.00210|EfficientZero|w.o. MCTS root value,2111.00210,atari,EfficientZero,EfficientZero,w.o. MCTS root value,qbert,102.46,109.653,7.194,"variant: w.o. MCTS root value; conditions: {""mcts_root_value"": ""removed""}; notes: raw score; seeds not stated",Table 9 vs main Table 1
2111.00210|EfficientZero|Table 9 w.o. off-policy correction|seaquest,2111.00210|EfficientZero|Table 9 w.o. off-policy correction,2111.00210,atari,EfficientZero,EfficientZero,Table 9 w.o. off-policy correction,seaquest,2.457,2.809,0.352,"variant: Table 9 w.o. off-policy correction; conditions: {""model_based_off_policy_correction"": ""removed""}; notes: raw score; differs from Table 7 'w.o. off-policy correction' for same game -> separate run; seeds not stated",Table 9 vs main Table 1
2111.00210|EfficientZero|w.o. dynamic horizon|seaquest,2111.00210|EfficientZero|w.o. dynamic horizon,2111.00210,atari,EfficientZero,EfficientZero,w.o. dynamic horizon,seaquest,2.457,2.914,0.457,"variant: w.o. dynamic horizon; conditions: {""dynamic_horizon"": ""removed""}; notes: raw score; seeds not stated",Table 9 vs main Table 1
2111.00210|EfficientZero|w.o. MCTS root value|seaquest,2111.00210|EfficientZero|w.o. MCTS root value,2111.00210,atari,EfficientZero,EfficientZero,w.o. MCTS root value,seaquest,2.457,1.923,-0.534,"variant: w.o. MCTS root value; conditions: {""mcts_root_value"": ""removed""}; notes: raw score; seeds not stated",Table 9 vs main Table 1
2111.00210|EfficientZero|Table 9 w.o. off-policy correction|upndown,2111.00210|EfficientZero|Table 9 w.o. off-policy correction,2111.00210,atari,EfficientZero,EfficientZero,Table 9 w.o. off-policy correction,upndown,149.92,24.253,-125.667,"variant: Table 9 w.o. off-policy correction; conditions: {""model_based_off_policy_correction"": ""removed""}; notes: raw score; differs from Table 7 'w.o. off-policy correction' for same game -> separate run; seeds not stated",Table 9 vs main Table 1
2111.00210|EfficientZero|w.o. dynamic horizon|upndown,2111.00210|EfficientZero|w.o. dynamic horizon,2111.00210,atari,EfficientZero,EfficientZero,w.o. dynamic horizon,upndown,149.92,37.981,-111.939,"variant: w.o. dynamic horizon; conditions: {""dynamic_horizon"": ""removed""}; notes: raw score; seeds not stated",Table 9 vs main Table 1
2111.00210|EfficientZero|w.o. MCTS root value|upndown,2111.00210|EfficientZero|w.o. MCTS root value,2111.00210,atari,EfficientZero,EfficientZero,w.o. MCTS root value,upndown,149.92,84.161,-65.759,"variant: w.o. MCTS root value; conditions: {""mcts_root_value"": ""removed""}; notes: raw score; seeds not stated",Table 9 vs main Table 1
2310.09615|STORM|w/o demonstration trajectory|freeway,2310.09615|STORM|w/o demonstration trajectory,2310.09615,atari,STORM,STORM,w/o demonstration trajectory,freeway,113.333,0.0,-113.333,"variant: w/o demonstration trajectory; conditions: {""demonstration_trajectory"": ""none""}; notes: Printed as row 'Freeway w/o traj'; main Freeway row includes a single DQN demonstration trajectory in the replay buffer",Table 2 vs main Table 2
2403.00564|EZ-V2|value_target=multi-step TD|asterix,2403.00564|EZ-V2|value_target=multi-step TD,2403.00564,atari,EZ-V2,EZ-V2,value_target=multi-step TD,asterix,742.768,311.252,-431.516,"variant: value_target=multi-step TD; conditions: {""value_target"": ""multi-step TD target (instead of mixed value target)""}; notes: ablation row printed as 'W/ Multi-step TD Target'; game name as printed in Table 6 header ('Asterix'), Table 1 prints it as 'Asterix'",Table 6 vs main Table 1
2403.00564|EZ-V2|value_target=multi-step TD|upndown,2403.00564|EZ-V2|value_target=multi-step TD,2403.00564,atari,EZ-V2,EZ-V2,value_target=multi-step TD,upndown,131.641,118.213,-13.429,"variant: value_target=multi-step TD; conditions: {""value_target"": ""multi-step TD target (instead of mixed value target)""}; notes: ablation row printed as 'W/ Multi-step TD Target'; game name as printed in Table 6 header ('UpNDown'), Table 1 prints it as 'Up N Down'",Table 6 vs main Table 1
2403.00564|EZ-V2|value_target=multi-step TD|qbert,2403.00564|EZ-V2|value_target=multi-step TD,2403.00564,atari,EZ-V2,EZ-V2,value_target=multi-step TD,qbert,119.587,69.967,-49.62,"variant: value_target=multi-step TD; conditions: {""value_target"": ""multi-step TD target (instead of mixed value target)""}; notes: ablation row printed as 'W/ Multi-step TD Target'; game name as printed in Table 6 header ('Qbert'), Table 1 prints it as 'Qbert'",Table 6 vs main Table 1
2403.00564|EZ-V2|value_target=GAE|asterix,2403.00564|EZ-V2|value_target=GAE,2403.00564,atari,EZ-V2,EZ-V2,value_target=GAE,asterix,742.768,272.59,-470.178,"variant: value_target=GAE; conditions: {""value_target"": ""GAE (instead of mixed value target)""}; notes: ablation row printed as 'W/ GAE'; game name as printed in Table 6 header ('Asterix'), Table 1 prints it as 'Asterix'",Table 6 vs main Table 1
2403.00564|EZ-V2|value_target=GAE|upndown,2403.00564|EZ-V2|value_target=GAE,2403.00564,atari,EZ-V2,EZ-V2,value_target=GAE,upndown,131.641,140.88,9.239,"variant: value_target=GAE; conditions: {""value_target"": ""GAE (instead of mixed value target)""}; notes: ablation row printed as 'W/ GAE'; game name as printed in Table 6 header ('UpNDown'), Table 1 prints it as 'Up N Down'",Table 6 vs main Table 1
2403.00564|EZ-V2|value_target=GAE|qbert,2403.00564|EZ-V2|value_target=GAE,2403.00564,atari,EZ-V2,EZ-V2,value_target=GAE,qbert,119.587,57.508,-62.079,"variant: value_target=GAE; conditions: {""value_target"": ""GAE (instead of mixed value target)""}; notes: ablation row printed as 'W/ GAE'; game name as printed in Table 6 header ('Qbert'), Table 1 prints it as 'Qbert'",Table 6 vs main Table 1
2405.12399|DIAMOND|denoising_steps=1|amidar,2405.12399|DIAMOND|denoising_steps=1,2405.12399,atari,DIAMOND,DIAMOND,denoising_steps=1,amidar,12.838,10.854,-1.984,"variant: denoising_steps=1; conditions: {""denoising_steps"": ""1""}; notes: single seed only ('Note that the 1-step results correspond to a single seed only'); n=3 column in Table 7 duplicates Table 1 main rows",Table 7 vs main Table 1
2405.12399|DIAMOND|denoising_steps=1|assault,2405.12399|DIAMOND|denoising_steps=1,2405.12399,atari,DIAMOND,DIAMOND,denoising_steps=1,assault,250.962,107.794,-143.168,"variant: denoising_steps=1; conditions: {""denoising_steps"": ""1""}; notes: single seed only ('Note that the 1-step results correspond to a single seed only'); n=3 column in Table 7 duplicates Table 1 main rows",Table 7 vs main Table 1
2405.12399|DIAMOND|denoising_steps=1|asterix,2405.12399|DIAMOND|denoising_steps=1,2405.12399,atari,DIAMOND,DIAMOND,denoising_steps=1,asterix,42.064,78.099,36.035,"variant: denoising_steps=1; conditions: {""denoising_steps"": ""1""}; notes: single seed only ('Note that the 1-step results correspond to a single seed only'); n=3 column in Table 7 duplicates Table 1 main rows",Table 7 vs main Table 1
2405.12399|DIAMOND|denoising_steps=1|boxing,2405.12399|DIAMOND|denoising_steps=1,2405.12399,atari,DIAMOND,DIAMOND,denoising_steps=1,boxing,723.333,348.333,-375.0,"variant: denoising_steps=1; conditions: {""denoising_steps"": ""1""}; notes: single seed only ('Note that the 1-step results correspond to a single seed only'); n=3 column in Table 7 duplicates Table 1 main rows",Table 7 vs main Table 1
2405.12399|DIAMOND|denoising_steps=1|breakout,2405.12399|DIAMOND|denoising_steps=1,2405.12399,atari,DIAMOND,DIAMOND,denoising_steps=1,breakout,454.167,170.486,-283.681,"variant: denoising_steps=1; conditions: {""denoising_steps"": ""1""}; notes: single seed only ('Note that the 1-step results correspond to a single seed only'); n=3 column in Table 7 duplicates Table 1 main rows",Table 7 vs main Table 1
2405.12399|DIAMOND|denoising_steps=1|crazyclimber,2405.12399|DIAMOND|denoising_steps=1,2405.12399,atari,DIAMOND,DIAMOND,denoising_steps=1,crazyclimber,352.859,305.213,-47.646,"variant: denoising_steps=1; conditions: {""denoising_steps"": ""1""}; notes: single seed only ('Note that the 1-step results correspond to a single seed only'); n=3 column in Table 7 duplicates Table 1 main rows",Table 7 vs main Table 1
2405.12399|DIAMOND|denoising_steps=1|kangaroo,2405.12399|DIAMOND|denoising_steps=1,2405.12399,atari,DIAMOND,DIAMOND,denoising_steps=1,kangaroo,178.686,55.582,-123.104,"variant: denoising_steps=1; conditions: {""denoising_steps"": ""1""}; notes: single seed only ('Note that the 1-step results correspond to a single seed only'); n=3 column in Table 7 duplicates Table 1 main rows",Table 7 vs main Table 1
2405.12399|DIAMOND|denoising_steps=1|krull,2405.12399|DIAMOND|denoising_steps=1,2405.12399,atari,DIAMOND,DIAMOND,denoising_steps=1,krull,656.871,703.241,46.37,"variant: denoising_steps=1; conditions: {""denoising_steps"": ""1""}; notes: single seed only ('Note that the 1-step results correspond to a single seed only'); n=3 column in Table 7 duplicates Table 1 main rows",Table 7 vs main Table 1
2405.12399|DIAMOND|denoising_steps=1|pong,2405.12399|DIAMOND|denoising_steps=1,2405.12399,atari,DIAMOND,DIAMOND,denoising_steps=1,pong,116.431,117.847,1.416,"variant: denoising_steps=1; conditions: {""denoising_steps"": ""1""}; notes: single seed only ('Note that the 1-step results correspond to a single seed only'); n=3 column in Table 7 duplicates Table 1 main rows",Table 7 vs main Table 1
2405.12399|DIAMOND|denoising_steps=1|roadrunner,2405.12399|DIAMOND|denoising_steps=1,2405.12399,atari,DIAMOND,DIAMOND,denoising_steps=1,roadrunner,263.761,64.754,-199.007,"variant: denoising_steps=1; conditions: {""denoising_steps"": ""1""}; notes: single seed only ('Note that the 1-step results correspond to a single seed only'); n=3 column in Table 7 duplicates Table 1 main rows",Table 7 vs main Table 1
phase23|Diffuser|ddim-10|halfcheetah-medium,phase23|Diffuser|ddim-10,2205.09991,d4rl,Diffuser,Diffuser,ddim-10,halfcheetah-medium,43.15,42.32,-0.83,"variant: replace the stochastic DDPM reverse-process sampler (20 steps) with the deterministic DDIM sampler (eta=0) using 10 strided denoising steps; everything else unchanged (pretrained model, guidance, horizon)",phase23/results_collected.csv seed mean
phase23|Diffuser|ddim-20|halfcheetah-medium,phase23|Diffuser|ddim-20,2205.09991,d4rl,Diffuser,Diffuser,ddim-20,halfcheetah-medium,43.15,42.43,-0.72,"variant: replace the stochastic DDPM reverse-process sampler (20 steps) with the deterministic DDIM sampler (eta=0) using 20 strided denoising steps; everything else unchanged (pretrained model, guidance, horizon)",phase23/results_collected.csv seed mean
phase23|Diffuser|ddim-2|halfcheetah-medium,phase23|Diffuser|ddim-2,2205.09991,d4rl,Diffuser,Diffuser,ddim-2,halfcheetah-medium,43.15,38.95,-4.21,"variant: replace the stochastic DDPM reverse-process sampler (20 steps) with the deterministic DDIM sampler (eta=0) using 2 strided denoising steps; everything else unchanged (pretrained model, guidance, horizon)",phase23/results_collected.csv seed mean
phase23|Diffuser|ddim-5|halfcheetah-medium,phase23|Diffuser|ddim-5,2205.09991,d4rl,Diffuser,Diffuser,ddim-5,halfcheetah-medium,43.15,40.93,-2.22,"variant: replace the stochastic DDPM reverse-process sampler (20 steps) with the deterministic DDIM sampler (eta=0) using 5 strided denoising steps; everything else unchanged (pretrained model, guidance, horizon)",phase23/results_collected.csv seed mean
phase23|Diffuser|ddim-10|hopper-medium,phase23|Diffuser|ddim-10,2205.09991,d4rl,Diffuser,Diffuser,ddim-10,hopper-medium,47.53,83.47,35.94,"variant: replace the stochastic DDPM reverse-process sampler (20 steps) with the deterministic DDIM sampler (eta=0) using 10 strided denoising steps; everything else unchanged (pretrained model, guidance, horizon)",phase23/results_collected.csv seed mean
phase23|Diffuser|ddim-20|hopper-medium,phase23|Diffuser|ddim-20,2205.09991,d4rl,Diffuser,Diffuser,ddim-20,hopper-medium,47.53,50.51,2.98,"variant: replace the stochastic DDPM reverse-process sampler (20 steps) with the deterministic DDIM sampler (eta=0) using 20 strided denoising steps; everything else unchanged (pretrained model, guidance, horizon)",phase23/results_collected.csv seed mean
phase23|Diffuser|ddim-2|hopper-medium,phase23|Diffuser|ddim-2,2205.09991,d4rl,Diffuser,Diffuser,ddim-2,hopper-medium,47.53,53.82,6.29,"variant: replace the stochastic DDPM reverse-process sampler (20 steps) with the deterministic DDIM sampler (eta=0) using 2 strided denoising steps; everything else unchanged (pretrained model, guidance, horizon)",phase23/results_collected.csv seed mean
phase23|Diffuser|ddim-5|hopper-medium,phase23|Diffuser|ddim-5,2205.09991,d4rl,Diffuser,Diffuser,ddim-5,hopper-medium,47.53,62.08,14.55,"variant: replace the stochastic DDPM reverse-process sampler (20 steps) with the deterministic DDIM sampler (eta=0) using 5 strided denoising steps; everything else unchanged (pretrained model, guidance, horizon)",phase23/results_collected.csv seed mean
phase23|Diffuser|ddim-10|walker2d-medium,phase23|Diffuser|ddim-10,2205.09991,d4rl,Diffuser,Diffuser,ddim-10,walker2d-medium,71.49,75.54,4.05,"variant: replace the stochastic DDPM reverse-process sampler (20 steps) with the deterministic DDIM sampler (eta=0) using 10 strided denoising steps; everything else unchanged (pretrained model, guidance, horizon)",phase23/results_collected.csv seed mean
phase23|Diffuser|ddim-20|walker2d-medium,phase23|Diffuser|ddim-20,2205.09991,d4rl,Diffuser,Diffuser,ddim-20,walker2d-medium,71.49,57.82,-13.67,"variant: replace the stochastic DDPM reverse-process sampler (20 steps) with the deterministic DDIM sampler (eta=0) using 20 strided denoising steps; everything else unchanged (pretrained model, guidance, horizon)",phase23/results_collected.csv seed mean
phase23|Diffuser|ddim-2|walker2d-medium,phase23|Diffuser|ddim-2,2205.09991,d4rl,Diffuser,Diffuser,ddim-2,walker2d-medium,71.49,55.36,-16.13,"variant: replace the stochastic DDPM reverse-process sampler (20 steps) with the deterministic DDIM sampler (eta=0) using 2 strided denoising steps; everything else unchanged (pretrained model, guidance, horizon)",phase23/results_collected.csv seed mean
phase23|Diffuser|ddim-5|walker2d-medium,phase23|Diffuser|ddim-5,2205.09991,d4rl,Diffuser,Diffuser,ddim-5,walker2d-medium,71.49,77.35,5.86,"variant: replace the stochastic DDPM reverse-process sampler (20 steps) with the deterministic DDIM sampler (eta=0) using 5 strided denoising steps; everything else unchanged (pretrained model, guidance, horizon)",phase23/results_collected.csv seed mean
