paper_id,method_id,method_structure,lineage,dataset,dataset_version,config_label,outcome,outcome_std,batch_size,learning_rate,training_steps,hidden_dim,num_layers,discount,planning_horizon,context_length,denoising_steps,guidance_scale,num_candidates,num_q_networks,model_rollout_length,expectile_tau,n_seeds,sampler,checkpoint_selection,critic_layernorm,policy_extraction,base_learner,discretization,source,value_type,notes
2205.09991,Diffuser,"[""predict@trajectory"", ""reconstruct@trajectory"", ""sample@trajectory""]",diffusion_planning,halfcheetah-medium-expert,unknown,main,88.9,0.3,32,4e-05,500000,missing,missing,0.997,32,not_applicable,20,0.1,missing,not_applicable,not_applicable,not_applicable,150,ddpm,missing,missing,missing,missing,missing,arXiv:2205.09991 Table 2 [Diffuser] dataset as printed: halfcheetah-medium-expert,reported_mean_over_seeds,std column is standard error over 150 planning seeds (Table 2 caption). Dataset names printed as 'Medium-Expert / HalfCheetah' etc.; no D4RL version suffix printed.
2205.09991,Diffuser,"[""predict@trajectory"", ""reconstruct@trajectory"", ""sample@trajectory""]",diffusion_planning,hopper-medium-expert,unknown,main,103.3,1.3,32,4e-05,500000,missing,missing,0.997,32,not_applicable,20,0.0001,missing,not_applicable,not_applicable,not_applicable,150,ddpm,missing,missing,missing,missing,missing,arXiv:2205.09991 Table 2 [Diffuser] dataset as printed: hopper-medium-expert,reported_mean_over_seeds,std column is standard error over 150 planning seeds (Table 2 caption). Dataset names printed as 'Medium-Expert / HalfCheetah' etc.; no D4RL version suffix printed.
2205.09991,Diffuser,"[""predict@trajectory"", ""reconstruct@trajectory"", ""sample@trajectory""]",diffusion_planning,walker2d-medium-expert,unknown,main,106.9,0.2,32,4e-05,500000,missing,missing,0.997,32,not_applicable,20,0.1,missing,not_applicable,not_applicable,not_applicable,150,ddpm,missing,missing,missing,missing,missing,arXiv:2205.09991 Table 2 [Diffuser] dataset as printed: walker2d-medium-expert,reported_mean_over_seeds,std column is standard error over 150 planning seeds (Table 2 caption). Dataset names printed as 'Medium-Expert / HalfCheetah' etc.; no D4RL version suffix printed.
2205.09991,Diffuser,"[""predict@trajectory"", ""reconstruct@trajectory"", ""sample@trajectory""]",diffusion_planning,halfcheetah-medium,unknown,main,42.8,0.3,32,4e-05,500000,missing,missing,0.997,32,not_applicable,20,0.1,missing,not_applicable,not_applicable,not_applicable,150,ddpm,missing,missing,missing,missing,missing,arXiv:2205.09991 Table 2 [Diffuser] dataset as printed: halfcheetah-medium,reported_mean_over_seeds,std column is standard error over 150 planning seeds (Table 2 caption). Dataset names printed as 'Medium-Expert / HalfCheetah' etc.; no D4RL version suffix printed.
2205.09991,Diffuser,"[""predict@trajectory"", ""reconstruct@trajectory"", ""sample@trajectory""]",diffusion_planning,hopper-medium,unknown,main,74.3,1.4,32,4e-05,500000,missing,missing,0.997,32,not_applicable,20,0.1,missing,not_applicable,not_applicable,not_applicable,150,ddpm,missing,missing,missing,missing,missing,arXiv:2205.09991 Table 2 [Diffuser] dataset as printed: hopper-medium,reported_mean_over_seeds,std column is standard error over 150 planning seeds (Table 2 caption). Dataset names printed as 'Medium-Expert / HalfCheetah' etc.; no D4RL version suffix printed.
2205.09991,Diffuser,"[""predict@trajectory"", ""reconstruct@trajectory"", ""sample@trajectory""]",diffusion_planning,walker2d-medium,unknown,main,79.6,0.55,32,4e-05,500000,missing,missing,0.997,32,not_applicable,20,0.1,missing,not_applicable,not_applicable,not_applicable,150,ddpm,missing,missing,missing,missing,missing,arXiv:2205.09991 Table 2 [Diffuser] dataset as printed: walker2d-medium,reported_mean_over_seeds,std column is standard error over 150 planning seeds (Table 2 caption). Dataset names printed as 'Medium-Expert / HalfCheetah' etc.; no D4RL version suffix printed.
2205.09991,Diffuser,"[""predict@trajectory"", ""reconstruct@trajectory"", ""sample@trajectory""]",diffusion_planning,halfcheetah-medium-replay,unknown,main,37.7,0.5,32,4e-05,500000,missing,missing,0.997,32,not_applicable,20,0.1,missing,not_applicable,not_applicable,not_applicable,150,ddpm,missing,missing,missing,missing,missing,arXiv:2205.09991 Table 2 [Diffuser] dataset as printed: halfcheetah-medium-replay,reported_mean_over_seeds,std column is standard error over 150 planning seeds (Table 2 caption). Dataset names printed as 'Medium-Expert / HalfCheetah' etc.; no D4RL version suffix printed.
2205.09991,Diffuser,"[""predict@trajectory"", ""reconstruct@trajectory"", ""sample@trajectory""]",diffusion_planning,hopper-medium-replay,unknown,main,93.6,0.4,32,4e-05,500000,missing,missing,0.997,32,not_applicable,20,0.1,missing,not_applicable,not_applicable,not_applicable,150,ddpm,missing,missing,missing,missing,missing,arXiv:2205.09991 Table 2 [Diffuser] dataset as printed: hopper-medium-replay,reported_mean_over_seeds,std column is standard error over 150 planning seeds (Table 2 caption). Dataset names printed as 'Medium-Expert / HalfCheetah' etc.; no D4RL version suffix printed.
2205.09991,Diffuser,"[""predict@trajectory"", ""reconstruct@trajectory"", ""sample@trajectory""]",diffusion_planning,walker2d-medium-replay,unknown,main,70.6,1.6,32,4e-05,500000,missing,missing,0.997,32,not_applicable,20,0.1,missing,not_applicable,not_applicable,not_applicable,150,ddpm,missing,missing,missing,missing,missing,arXiv:2205.09991 Table 2 [Diffuser] dataset as printed: walker2d-medium-replay,reported_mean_over_seeds,std column is standard error over 150 planning seeds (Table 2 caption). Dataset names printed as 'Medium-Expert / HalfCheetah' etc.; no D4RL version suffix printed.
2211.15657,DecisionDiffuser,"[""diffuse@state"", ""inverse dynamics@action"", ""predict@distribution"", ""sample@state""]",diffusion_planning,halfcheetah-medium-expert,unknown,main,90.6,1.3,32,0.0002,2000000,missing,missing,missing,100,20,100,missing,missing,not_applicable,not_applicable,not_applicable,5,ddpm,missing,missing,missing,missing,missing,arXiv:2211.15657 Table 1 [Decision Diffuser (DD)] dataset as printed: halfcheetah-medium-expert,reported_mean_over_seeds,std column is standard error over 5 random seeds (Table 1 caption). Dataset printed as 'Med-Expert / HalfCheetah' etc.
2211.15657,DecisionDiffuser,"[""diffuse@state"", ""inverse dynamics@action"", ""predict@distribution"", ""sample@state""]",diffusion_planning,hopper-medium-expert,unknown,main,111.8,1.8,32,0.0002,2000000,missing,missing,missing,100,20,100,missing,missing,not_applicable,not_applicable,not_applicable,5,ddpm,missing,missing,missing,missing,missing,arXiv:2211.15657 Table 1 [Decision Diffuser (DD)] dataset as printed: hopper-medium-expert,reported_mean_over_seeds,std column is standard error over 5 random seeds (Table 1 caption). Dataset printed as 'Med-Expert / HalfCheetah' etc.
2211.15657,DecisionDiffuser,"[""diffuse@state"", ""inverse dynamics@action"", ""predict@distribution"", ""sample@state""]",diffusion_planning,walker2d-medium-expert,unknown,main,108.8,1.7,32,0.0002,2000000,missing,missing,missing,100,20,100,missing,missing,not_applicable,not_applicable,not_applicable,5,ddpm,missing,missing,missing,missing,missing,arXiv:2211.15657 Table 1 [Decision Diffuser (DD)] dataset as printed: walker2d-medium-expert,reported_mean_over_seeds,std column is standard error over 5 random seeds (Table 1 caption). Dataset printed as 'Med-Expert / HalfCheetah' etc.
2211.15657,DecisionDiffuser,"[""diffuse@state"", ""inverse dynamics@action"", ""predict@distribution"", ""sample@state""]",diffusion_planning,halfcheetah-medium,unknown,main,49.1,1.0,32,0.0002,2000000,missing,missing,missing,100,20,100,missing,missing,not_applicable,not_applicable,not_applicable,5,ddpm,missing,missing,missing,missing,missing,arXiv:2211.15657 Table 1 [Decision Diffuser (DD)] dataset as printed: halfcheetah-medium,reported_mean_over_seeds,std column is standard error over 5 random seeds (Table 1 caption). Dataset printed as 'Med-Expert / HalfCheetah' etc.
2211.15657,DecisionDiffuser,"[""diffuse@state"", ""inverse dynamics@action"", ""predict@distribution"", ""sample@state""]",diffusion_planning,hopper-medium,unknown,main,79.3,3.6,32,0.0002,2000000,missing,missing,missing,100,20,100,missing,missing,not_applicable,not_applicable,not_applicable,5,ddpm,missing,missing,missing,missing,missing,arXiv:2211.15657 Table 1 [Decision Diffuser (DD)] dataset as printed: hopper-medium,reported_mean_over_seeds,std column is standard error over 5 random seeds (Table 1 caption). Dataset printed as 'Med-Expert / HalfCheetah' etc.
2211.15657,DecisionDiffuser,"[""diffuse@state"", ""inverse dynamics@action"", ""predict@distribution"", ""sample@state""]",diffusion_planning,walker2d-medium,unknown,main,82.5,1.4,32,0.0002,2000000,missing,missing,missing,100,20,100,missing,missing,not_applicable,not_applicable,not_applicable,5,ddpm,missing,missing,missing,missing,missing,arXiv:2211.15657 Table 1 [Decision Diffuser (DD)] dataset as printed: walker2d-medium,reported_mean_over_seeds,std column is standard error over 5 random seeds (Table 1 caption). Dataset printed as 'Med-Expert / HalfCheetah' etc.
2211.15657,DecisionDiffuser,"[""diffuse@state"", ""inverse dynamics@action"", ""predict@distribution"", ""sample@state""]",diffusion_planning,halfcheetah-medium-replay,unknown,main,39.3,4.1,32,0.0002,2000000,missing,missing,missing,100,20,100,missing,missing,not_applicable,not_applicable,not_applicable,5,ddpm,missing,missing,missing,missing,missing,arXiv:2211.15657 Table 1 [Decision Diffuser (DD)] dataset as printed: halfcheetah-medium-replay,reported_mean_over_seeds,std column is standard error over 5 random seeds (Table 1 caption). Dataset printed as 'Med-Expert / HalfCheetah' etc.
2211.15657,DecisionDiffuser,"[""diffuse@state"", ""inverse dynamics@action"", ""predict@distribution"", ""sample@state""]",diffusion_planning,hopper-medium-replay,unknown,main,100.0,0.7,32,0.0002,2000000,missing,missing,missing,100,20,100,missing,missing,not_applicable,not_applicable,not_applicable,5,ddpm,missing,missing,missing,missing,missing,arXiv:2211.15657 Table 1 [Decision Diffuser (DD)] dataset as printed: hopper-medium-replay,reported_mean_over_seeds,std column is standard error over 5 random seeds (Table 1 caption). Dataset printed as 'Med-Expert / HalfCheetah' etc.
2211.15657,DecisionDiffuser,"[""diffuse@state"", ""inverse dynamics@action"", ""predict@distribution"", ""sample@state""]",diffusion_planning,walker2d-medium-replay,unknown,main,75.0,4.3,32,0.0002,2000000,missing,missing,missing,100,20,100,missing,missing,not_applicable,not_applicable,not_applicable,5,ddpm,missing,missing,missing,missing,missing,arXiv:2211.15657 Table 1 [Decision Diffuser (DD)] dataset as printed: walker2d-medium-replay,reported_mean_over_seeds,std column is standard error over 5 random seeds (Table 1 caption). Dataset printed as 'Med-Expert / HalfCheetah' etc.
2302.01877,AdaptDiffuser,"[""filter trajectories@trajectory"", ""fine-tune model@other:AdaptDiffuser"", ""predict@trajectory"", ""reconstruct@trajectory""]",diffusion_planning,halfcheetah-medium-expert,unknown,main,89.6,0.8,32,0.0002,1000000,missing,missing,missing,32,not_applicable,100,missing,missing,not_applicable,not_applicable,not_applicable,3,ddpm,missing,missing,missing,missing,missing,arXiv:2302.01877 Table 2 [AdaptDiffuser] dataset as printed: halfcheetah-medium-expert,reported_mean_over_seeds,std is standard error over 3 random seeds (Table 2 caption). Same values repeated in Table 4 '2nd Phase' (6 datasets) and Table 12; not re-emitted. Dataset printed as 'Med-Expert / HalfCheetah' etc.
2302.01877,AdaptDiffuser,"[""filter trajectories@trajectory"", ""fine-tune model@other:AdaptDiffuser"", ""predict@trajectory"", ""reconstruct@trajectory""]",diffusion_planning,hopper-medium-expert,unknown,main,111.6,2.0,32,0.0002,1000000,missing,missing,missing,32,not_applicable,100,missing,missing,not_applicable,not_applicable,not_applicable,3,ddpm,missing,missing,missing,missing,missing,arXiv:2302.01877 Table 2 [AdaptDiffuser] dataset as printed: hopper-medium-expert,reported_mean_over_seeds,std is standard error over 3 random seeds (Table 2 caption). Same values repeated in Table 4 '2nd Phase' (6 datasets) and Table 12; not re-emitted. Dataset printed as 'Med-Expert / HalfCheetah' etc.
2302.01877,AdaptDiffuser,"[""filter trajectories@trajectory"", ""fine-tune model@other:AdaptDiffuser"", ""predict@trajectory"", ""reconstruct@trajectory""]",diffusion_planning,walker2d-medium-expert,unknown,main,108.2,0.8,32,0.0002,1000000,missing,missing,missing,32,not_applicable,100,missing,missing,not_applicable,not_applicable,not_applicable,3,ddpm,missing,missing,missing,missing,missing,arXiv:2302.01877 Table 2 [AdaptDiffuser] dataset as printed: walker2d-medium-expert,reported_mean_over_seeds,std is standard error over 3 random seeds (Table 2 caption). Same values repeated in Table 4 '2nd Phase' (6 datasets) and Table 12; not re-emitted. Dataset printed as 'Med-Expert / HalfCheetah' etc.
2302.01877,AdaptDiffuser,"[""filter trajectories@trajectory"", ""fine-tune model@other:AdaptDiffuser"", ""predict@trajectory"", ""reconstruct@trajectory""]",diffusion_planning,halfcheetah-medium,unknown,main,44.2,0.6,32,0.0002,1000000,missing,missing,missing,32,not_applicable,100,missing,missing,not_applicable,not_applicable,not_applicable,3,ddpm,missing,missing,missing,missing,missing,arXiv:2302.01877 Table 2 [AdaptDiffuser] dataset as printed: halfcheetah-medium,reported_mean_over_seeds,std is standard error over 3 random seeds (Table 2 caption). Same values repeated in Table 4 '2nd Phase' (6 datasets) and Table 12; not re-emitted. Dataset printed as 'Med-Expert / HalfCheetah' etc.
2302.01877,AdaptDiffuser,"[""filter trajectories@trajectory"", ""fine-tune model@other:AdaptDiffuser"", ""predict@trajectory"", ""reconstruct@trajectory""]",diffusion_planning,hopper-medium,unknown,main,96.6,2.7,32,0.0002,1000000,missing,missing,missing,32,not_applicable,100,missing,missing,not_applicable,not_applicable,not_applicable,3,ddpm,missing,missing,missing,missing,missing,arXiv:2302.01877 Table 2 [AdaptDiffuser] dataset as printed: hopper-medium,reported_mean_over_seeds,std is standard error over 3 random seeds (Table 2 caption). Same values repeated in Table 4 '2nd Phase' (6 datasets) and Table 12; not re-emitted. Dataset printed as 'Med-Expert / HalfCheetah' etc.
2302.01877,AdaptDiffuser,"[""filter trajectories@trajectory"", ""fine-tune model@other:AdaptDiffuser"", ""predict@trajectory"", ""reconstruct@trajectory""]",diffusion_planning,walker2d-medium,unknown,main,84.4,2.6,32,0.0002,1000000,missing,missing,missing,32,not_applicable,100,missing,missing,not_applicable,not_applicable,not_applicable,3,ddpm,missing,missing,missing,missing,missing,arXiv:2302.01877 Table 2 [AdaptDiffuser] dataset as printed: walker2d-medium,reported_mean_over_seeds,std is standard error over 3 random seeds (Table 2 caption). Same values repeated in Table 4 '2nd Phase' (6 datasets) and Table 12; not re-emitted. Dataset printed as 'Med-Expert / HalfCheetah' etc.
2302.01877,AdaptDiffuser,"[""filter trajectories@trajectory"", ""fine-tune model@other:AdaptDiffuser"", ""predict@trajectory"", ""reconstruct@trajectory""]",diffusion_planning,halfcheetah-medium-replay,unknown,main,38.3,0.9,32,0.0002,1000000,missing,missing,missing,32,not_applicable,100,missing,missing,not_applicable,not_applicable,not_applicable,3,ddpm,missing,missing,missing,missing,missing,arXiv:2302.01877 Table 2 [AdaptDiffuser] dataset as printed: halfcheetah-medium-replay,reported_mean_over_seeds,std is standard error over 3 random seeds (Table 2 caption). Same values repeated in Table 4 '2nd Phase' (6 datasets) and Table 12; not re-emitted. Dataset printed as 'Med-Expert / HalfCheetah' etc.
2302.01877,AdaptDiffuser,"[""filter trajectories@trajectory"", ""fine-tune model@other:AdaptDiffuser"", ""predict@trajectory"", ""reconstruct@trajectory""]",diffusion_planning,hopper-medium-replay,unknown,main,92.2,1.5,32,0.0002,1000000,missing,missing,missing,32,not_applicable,100,missing,missing,not_applicable,not_applicable,not_applicable,3,ddpm,missing,missing,missing,missing,missing,arXiv:2302.01877 Table 2 [AdaptDiffuser] dataset as printed: hopper-medium-replay,reported_mean_over_seeds,std is standard error over 3 random seeds (Table 2 caption). Same values repeated in Table 4 '2nd Phase' (6 datasets) and Table 12; not re-emitted. Dataset printed as 'Med-Expert / HalfCheetah' etc.
2302.01877,AdaptDiffuser,"[""filter trajectories@trajectory"", ""fine-tune model@other:AdaptDiffuser"", ""predict@trajectory"", ""reconstruct@trajectory""]",diffusion_planning,walker2d-medium-replay,unknown,main,84.7,3.1,32,0.0002,1000000,missing,missing,missing,32,not_applicable,100,missing,missing,not_applicable,not_applicable,not_applicable,3,ddpm,missing,missing,missing,missing,missing,arXiv:2302.01877 Table 2 [AdaptDiffuser] dataset as printed: walker2d-medium-replay,reported_mean_over_seeds,std is standard error over 3 random seeds (Table 2 caption). Same values repeated in Table 4 '2nd Phase' (6 datasets) and Table 12; not re-emitted. Dataset printed as 'Med-Expert / HalfCheetah' etc.
2401.02644,HierarchicalDiffuser,"[""correct@trajectory"", ""predict@trajectory"", ""reconstruct@state"", ""train@distribution"", ""train@trajectory""]",diffusion_planning,halfcheetah-medium-expert,unknown,main,92.5,0.3,missing,missing,missing,missing,missing,missing,32,not_applicable,missing,missing,missing,not_applicable,not_applicable,not_applicable,5,ddpm,missing,missing,missing,missing,missing,arXiv:2401.02644 Table 2 [HD-DA] dataset as printed: halfcheetah-medium-expert,reported_mean_over_seeds,"HD-DA (Ours) is the last column; ± is standard error per Table 8 (same values), averaged over 5 planning seeds"
2401.02644,HierarchicalDiffuser,"[""correct@trajectory"", ""predict@trajectory"", ""reconstruct@state"", ""train@distribution"", ""train@trajectory""]",diffusion_planning,hopper-medium-expert,unknown,main,115.3,1.1,missing,missing,missing,missing,missing,missing,32,not_applicable,missing,missing,missing,not_applicable,not_applicable,not_applicable,5,ddpm,missing,missing,missing,missing,missing,arXiv:2401.02644 Table 2 [HD-DA] dataset as printed: hopper-medium-expert,reported_mean_over_seeds,"HD-DA (Ours) is the last column; ± is standard error per Table 8 (same values), averaged over 5 planning seeds"
2401.02644,HierarchicalDiffuser,"[""correct@trajectory"", ""predict@trajectory"", ""reconstruct@state"", ""train@distribution"", ""train@trajectory""]",diffusion_planning,walker2d-medium-expert,unknown,main,107.1,0.1,missing,missing,missing,missing,missing,missing,32,not_applicable,missing,missing,missing,not_applicable,not_applicable,not_applicable,5,ddpm,missing,missing,missing,missing,missing,arXiv:2401.02644 Table 2 [HD-DA] dataset as printed: walker2d-medium-expert,reported_mean_over_seeds,"HD-DA (Ours) is the last column; ± is standard error per Table 8 (same values), averaged over 5 planning seeds"
2401.02644,HierarchicalDiffuser,"[""correct@trajectory"", ""predict@trajectory"", ""reconstruct@state"", ""train@distribution"", ""train@trajectory""]",diffusion_planning,halfcheetah-medium,unknown,main,46.7,0.2,missing,missing,missing,missing,missing,missing,32,not_applicable,missing,missing,missing,not_applicable,not_applicable,not_applicable,5,ddpm,missing,missing,missing,missing,missing,arXiv:2401.02644 Table 2 [HD-DA] dataset as printed: halfcheetah-medium,reported_mean_over_seeds,"HD-DA (Ours) is the last column; ± is standard error per Table 8 (same values), averaged over 5 planning seeds"
2401.02644,HierarchicalDiffuser,"[""correct@trajectory"", ""predict@trajectory"", ""reconstruct@state"", ""train@distribution"", ""train@trajectory""]",diffusion_planning,hopper-medium,unknown,main,99.3,0.3,missing,missing,missing,missing,missing,missing,32,not_applicable,missing,missing,missing,not_applicable,not_applicable,not_applicable,5,ddpm,missing,missing,missing,missing,missing,arXiv:2401.02644 Table 2 [HD-DA] dataset as printed: hopper-medium,reported_mean_over_seeds,"HD-DA (Ours) is the last column; ± is standard error per Table 8 (same values), averaged over 5 planning seeds"
2401.02644,HierarchicalDiffuser,"[""correct@trajectory"", ""predict@trajectory"", ""reconstruct@state"", ""train@distribution"", ""train@trajectory""]",diffusion_planning,walker2d-medium,unknown,main,84.0,0.6,missing,missing,missing,missing,missing,missing,32,not_applicable,missing,missing,missing,not_applicable,not_applicable,not_applicable,5,ddpm,missing,missing,missing,missing,missing,arXiv:2401.02644 Table 2 [HD-DA] dataset as printed: walker2d-medium,reported_mean_over_seeds,"HD-DA (Ours) is the last column; ± is standard error per Table 8 (same values), averaged over 5 planning seeds"
2401.02644,HierarchicalDiffuser,"[""correct@trajectory"", ""predict@trajectory"", ""reconstruct@state"", ""train@distribution"", ""train@trajectory""]",diffusion_planning,halfcheetah-medium-replay,unknown,main,38.1,0.7,missing,missing,missing,missing,missing,missing,32,not_applicable,missing,missing,missing,not_applicable,not_applicable,not_applicable,5,ddpm,missing,missing,missing,missing,missing,arXiv:2401.02644 Table 2 [HD-DA] dataset as printed: halfcheetah-medium-replay,reported_mean_over_seeds,"HD-DA (Ours) is the last column; ± is standard error per Table 8 (same values), averaged over 5 planning seeds"
2401.02644,HierarchicalDiffuser,"[""correct@trajectory"", ""predict@trajectory"", ""reconstruct@state"", ""train@distribution"", ""train@trajectory""]",diffusion_planning,hopper-medium-replay,unknown,main,94.7,0.7,missing,missing,missing,missing,missing,missing,32,not_applicable,missing,missing,missing,not_applicable,not_applicable,not_applicable,5,ddpm,missing,missing,missing,missing,missing,arXiv:2401.02644 Table 2 [HD-DA] dataset as printed: hopper-medium-replay,reported_mean_over_seeds,"HD-DA (Ours) is the last column; ± is standard error per Table 8 (same values), averaged over 5 planning seeds"
2401.02644,HierarchicalDiffuser,"[""correct@trajectory"", ""predict@trajectory"", ""reconstruct@state"", ""train@distribution"", ""train@trajectory""]",diffusion_planning,walker2d-medium-replay,unknown,main,84.1,2.2,missing,missing,missing,missing,missing,missing,32,not_applicable,missing,missing,missing,not_applicable,not_applicable,not_applicable,5,ddpm,missing,missing,missing,missing,missing,arXiv:2401.02644 Table 2 [HD-DA] dataset as printed: walker2d-medium-replay,reported_mean_over_seeds,"HD-DA (Ours) is the last column; ± is standard error per Table 8 (same values), averaged over 5 planning seeds"
2208.06193,DiffusionQL,"[""improve@parameter"", ""reconstruct@sample"", ""sample@sample""]",diffusion_policy,halfcheetah-medium,v2,main,51.1,0.5,256,0.0003,2000000,256,3,missing,not_applicable,not_applicable,5,not_applicable,1,2,not_applicable,not_applicable,5,ddpm,offline_criterion,missing,missing,missing,missing,arXiv:2208.06193 Table 1 [Diffusion-QL] dataset as printed: halfcheetah-medium-v2,reported_mean_over_seeds,std is standard error over 50 random rollouts (5 models x 10 trajectories) per Table 1 caption; Appendix C says 6 models x 10 trajectories (conflict).
2208.06193,DiffusionQL,"[""improve@parameter"", ""reconstruct@sample"", ""sample@sample""]",diffusion_policy,hopper-medium,v2,main,90.5,4.6,256,0.0003,2000000,256,3,missing,not_applicable,not_applicable,5,not_applicable,1,2,not_applicable,not_applicable,5,ddpm,offline_criterion,missing,missing,missing,missing,arXiv:2208.06193 Table 1 [Diffusion-QL] dataset as printed: hopper-medium-v2,reported_mean_over_seeds,std is standard error over 50 random rollouts (5 models x 10 trajectories) per Table 1 caption; Appendix C says 6 models x 10 trajectories (conflict).
2208.06193,DiffusionQL,"[""improve@parameter"", ""reconstruct@sample"", ""sample@sample""]",diffusion_policy,walker2d-medium,v2,main,87.0,0.9,256,0.0003,2000000,256,3,missing,not_applicable,not_applicable,5,not_applicable,1,2,not_applicable,not_applicable,5,ddpm,offline_criterion,missing,missing,missing,missing,arXiv:2208.06193 Table 1 [Diffusion-QL] dataset as printed: walker2d-medium-v2,reported_mean_over_seeds,std is standard error over 50 random rollouts (5 models x 10 trajectories) per Table 1 caption; Appendix C says 6 models x 10 trajectories (conflict).
2208.06193,DiffusionQL,"[""improve@parameter"", ""reconstruct@sample"", ""sample@sample""]",diffusion_policy,halfcheetah-medium-replay,v2,main,47.8,0.3,256,0.0003,2000000,256,3,missing,not_applicable,not_applicable,5,not_applicable,1,2,not_applicable,not_applicable,5,ddpm,offline_criterion,missing,missing,missing,missing,arXiv:2208.06193 Table 1 [Diffusion-QL] dataset as printed: halfcheetah-medium-replay-v2,reported_mean_over_seeds,std is standard error over 50 random rollouts (5 models x 10 trajectories) per Table 1 caption; Appendix C says 6 models x 10 trajectories (conflict).
2208.06193,DiffusionQL,"[""improve@parameter"", ""reconstruct@sample"", ""sample@sample""]",diffusion_policy,hopper-medium-replay,v2,main,101.3,0.6,256,0.0003,2000000,256,3,missing,not_applicable,not_applicable,5,not_applicable,1,2,not_applicable,not_applicable,5,ddpm,offline_criterion,missing,missing,missing,missing,arXiv:2208.06193 Table 1 [Diffusion-QL] dataset as printed: hopper-medium-replay-v2,reported_mean_over_seeds,std is standard error over 50 random rollouts (5 models x 10 trajectories) per Table 1 caption; Appendix C says 6 models x 10 trajectories (conflict).
2208.06193,DiffusionQL,"[""improve@parameter"", ""reconstruct@sample"", ""sample@sample""]",diffusion_policy,walker2d-medium-replay,v2,main,95.5,1.5,256,0.0003,2000000,256,3,missing,not_applicable,not_applicable,5,not_applicable,1,2,not_applicable,not_applicable,5,ddpm,offline_criterion,missing,missing,missing,missing,arXiv:2208.06193 Table 1 [Diffusion-QL] dataset as printed: walker2d-medium-replay-v2,reported_mean_over_seeds,std is standard error over 50 random rollouts (5 models x 10 trajectories) per Table 1 caption; Appendix C says 6 models x 10 trajectories (conflict).
2208.06193,DiffusionQL,"[""improve@parameter"", ""reconstruct@sample"", ""sample@sample""]",diffusion_policy,halfcheetah-medium-expert,v2,main,96.8,0.3,256,0.0003,2000000,256,3,missing,not_applicable,not_applicable,5,not_applicable,1,2,not_applicable,not_applicable,5,ddpm,offline_criterion,missing,missing,missing,missing,arXiv:2208.06193 Table 1 [Diffusion-QL] dataset as printed: halfcheetah-medium-expert-v2,reported_mean_over_seeds,std is standard error over 50 random rollouts (5 models x 10 trajectories) per Table 1 caption; Appendix C says 6 models x 10 trajectories (conflict).
2208.06193,DiffusionQL,"[""improve@parameter"", ""reconstruct@sample"", ""sample@sample""]",diffusion_policy,hopper-medium-expert,v2,main,111.1,1.3,256,0.0003,2000000,256,3,missing,not_applicable,not_applicable,5,not_applicable,1,2,not_applicable,not_applicable,5,ddpm,offline_criterion,missing,missing,missing,missing,arXiv:2208.06193 Table 1 [Diffusion-QL] dataset as printed: hopper-medium-expert-v2,reported_mean_over_seeds,std is standard error over 50 random rollouts (5 models x 10 trajectories) per Table 1 caption; Appendix C says 6 models x 10 trajectories (conflict).
2208.06193,DiffusionQL,"[""improve@parameter"", ""reconstruct@sample"", ""sample@sample""]",diffusion_policy,walker2d-medium-expert,v2,main,110.1,0.3,256,0.0003,2000000,256,3,missing,not_applicable,not_applicable,5,not_applicable,1,2,not_applicable,not_applicable,5,ddpm,offline_criterion,missing,missing,missing,missing,arXiv:2208.06193 Table 1 [Diffusion-QL] dataset as printed: walker2d-medium-expert-v2,reported_mean_over_seeds,std is standard error over 50 random rollouts (5 models x 10 trajectories) per Table 1 caption; Appendix C says 6 models x 10 trajectories (conflict).
2208.06193,DiffusionQL,"[""improve@parameter"", ""reconstruct@sample"", ""sample@sample""]",diffusion_policy,halfcheetah-medium,v2,online_selection,51.5,0.3,256,0.0003,2000000,256,3,missing,not_applicable,not_applicable,5,not_applicable,1,2,not_applicable,not_applicable,5,ddpm,best_online,missing,missing,missing,missing,arXiv:2208.06193 Table 4 [Diffusion-QL] dataset as printed: halfcheetah-medium-v2,reported_mean_over_seeds,uses online evaluation for checkpoint selection; not comparable to purely offline protocol. Table 4 'Diffusion-QL (Offline)' column duplicates Table 1 and is not re-emitted.
2208.06193,DiffusionQL,"[""improve@parameter"", ""reconstruct@sample"", ""sample@sample""]",diffusion_policy,hopper-medium,v2,online_selection,96.6,3.4,256,0.0003,2000000,256,3,missing,not_applicable,not_applicable,5,not_applicable,1,2,not_applicable,not_applicable,5,ddpm,best_online,missing,missing,missing,missing,arXiv:2208.06193 Table 4 [Diffusion-QL] dataset as printed: hopper-medium-v2,reported_mean_over_seeds,uses online evaluation for checkpoint selection; not comparable to purely offline protocol. Table 4 'Diffusion-QL (Offline)' column duplicates Table 1 and is not re-emitted.
2208.06193,DiffusionQL,"[""improve@parameter"", ""reconstruct@sample"", ""sample@sample""]",diffusion_policy,walker2d-medium,v2,online_selection,87.3,0.5,256,0.0003,2000000,256,3,missing,not_applicable,not_applicable,5,not_applicable,1,2,not_applicable,not_applicable,5,ddpm,best_online,missing,missing,missing,missing,arXiv:2208.06193 Table 4 [Diffusion-QL] dataset as printed: walker2d-medium-v2,reported_mean_over_seeds,uses online evaluation for checkpoint selection; not comparable to purely offline protocol. Table 4 'Diffusion-QL (Offline)' column duplicates Table 1 and is not re-emitted.
2208.06193,DiffusionQL,"[""improve@parameter"", ""reconstruct@sample"", ""sample@sample""]",diffusion_policy,halfcheetah-medium-replay,v2,online_selection,48.3,0.2,256,0.0003,2000000,256,3,missing,not_applicable,not_applicable,5,not_applicable,1,2,not_applicable,not_applicable,5,ddpm,best_online,missing,missing,missing,missing,arXiv:2208.06193 Table 4 [Diffusion-QL] dataset as printed: halfcheetah-medium-replay-v2,reported_mean_over_seeds,uses online evaluation for checkpoint selection; not comparable to purely offline protocol. Table 4 'Diffusion-QL (Offline)' column duplicates Table 1 and is not re-emitted.
2208.06193,DiffusionQL,"[""improve@parameter"", ""reconstruct@sample"", ""sample@sample""]",diffusion_policy,hopper-medium-replay,v2,online_selection,102.0,0.4,256,0.0003,2000000,256,3,missing,not_applicable,not_applicable,5,not_applicable,1,2,not_applicable,not_applicable,5,ddpm,best_online,missing,missing,missing,missing,arXiv:2208.06193 Table 4 [Diffusion-QL] dataset as printed: hopper-medium-replay-v2,reported_mean_over_seeds,uses online evaluation for checkpoint selection; not comparable to purely offline protocol. Table 4 'Diffusion-QL (Offline)' column duplicates Table 1 and is not re-emitted.
2208.06193,DiffusionQL,"[""improve@parameter"", ""reconstruct@sample"", ""sample@sample""]",diffusion_policy,walker2d-medium-replay,v2,online_selection,98.0,0.5,256,0.0003,2000000,256,3,missing,not_applicable,not_applicable,5,not_applicable,1,2,not_applicable,not_applicable,5,ddpm,best_online,missing,missing,missing,missing,arXiv:2208.06193 Table 4 [Diffusion-QL] dataset as printed: walker2d-medium-replay-v2,reported_mean_over_seeds,uses online evaluation for checkpoint selection; not comparable to purely offline protocol. Table 4 'Diffusion-QL (Offline)' column duplicates Table 1 and is not re-emitted.
2208.06193,DiffusionQL,"[""improve@parameter"", ""reconstruct@sample"", ""sample@sample""]",diffusion_policy,halfcheetah-medium-expert,v2,online_selection,97.2,0.4,256,0.0003,2000000,256,3,missing,not_applicable,not_applicable,5,not_applicable,1,2,not_applicable,not_applicable,5,ddpm,best_online,missing,missing,missing,missing,arXiv:2208.06193 Table 4 [Diffusion-QL] dataset as printed: halfcheetah-medium-expert-v2,reported_mean_over_seeds,uses online evaluation for checkpoint selection; not comparable to purely offline protocol. Table 4 'Diffusion-QL (Offline)' column duplicates Table 1 and is not re-emitted.
2208.06193,DiffusionQL,"[""improve@parameter"", ""reconstruct@sample"", ""sample@sample""]",diffusion_policy,hopper-medium-expert,v2,online_selection,112.3,0.8,256,0.0003,2000000,256,3,missing,not_applicable,not_applicable,5,not_applicable,1,2,not_applicable,not_applicable,5,ddpm,best_online,missing,missing,missing,missing,arXiv:2208.06193 Table 4 [Diffusion-QL] dataset as printed: hopper-medium-expert-v2,reported_mean_over_seeds,uses online evaluation for checkpoint selection; not comparable to purely offline protocol. Table 4 'Diffusion-QL (Offline)' column duplicates Table 1 and is not re-emitted.
2208.06193,DiffusionQL,"[""improve@parameter"", ""reconstruct@sample"", ""sample@sample""]",diffusion_policy,walker2d-medium-expert,v2,online_selection,111.2,0.9,256,0.0003,2000000,256,3,missing,not_applicable,not_applicable,5,not_applicable,1,2,not_applicable,not_applicable,5,ddpm,best_online,missing,missing,missing,missing,arXiv:2208.06193 Table 4 [Diffusion-QL] dataset as printed: walker2d-medium-expert-v2,reported_mean_over_seeds,uses online evaluation for checkpoint selection; not comparable to purely offline protocol. Table 4 'Diffusion-QL (Offline)' column duplicates Table 1 and is not re-emitted.
2304.10573,IDQL,"[""define@value"", ""generalize@other:IDQL"", ""recover@value""]",diffusion_policy,halfcheetah-medium,v2,IDQL-A,51.0,,1024,0.0003,3000000,256,3,missing,not_applicable,not_applicable,5,not_applicable,128,missing,not_applicable,0.7,10,ddpm,missing,missing,missing,missing,missing,arXiv:2304.10573 Table 1 [IDQL-A] dataset as printed: halfcheetah-med,reported_mean_over_seeds,printed as 'halfcheetah-med' = halfcheetah-medium. Header: 'Dataset        CQL-A       IQL-A     DQL-A         IDQL-A     CQL-1    IQL-1    DQL-1    IDQL-1'. No std reported. Same IDQL-A values repeated in Table 4 (Appendix F) column 'IDQL'.
2304.10573,IDQL,"[""define@value"", ""generalize@other:IDQL"", ""recover@value""]",diffusion_policy,hopper-medium,v2,IDQL-A,65.4,,1024,0.0003,3000000,256,3,missing,not_applicable,not_applicable,5,not_applicable,128,missing,not_applicable,0.7,10,ddpm,missing,missing,missing,missing,missing,arXiv:2304.10573 Table 1 [IDQL-A] dataset as printed: hopper-med,reported_mean_over_seeds,printed as 'hopper-med' = hopper-medium. Header: 'Dataset        CQL-A       IQL-A     DQL-A         IDQL-A     CQL-1    IQL-1    DQL-1    IDQL-1'. No std reported. Same IDQL-A values repeated in Table 4 (Appendix F) column 'IDQL'.
2304.10573,IDQL,"[""define@value"", ""generalize@other:IDQL"", ""recover@value""]",diffusion_policy,walker2d-medium,v2,IDQL-A,82.5,,1024,0.0003,3000000,256,3,missing,not_applicable,not_applicable,5,not_applicable,128,missing,not_applicable,0.7,10,ddpm,missing,missing,missing,missing,missing,arXiv:2304.10573 Table 1 [IDQL-A] dataset as printed: walker2d-med,reported_mean_over_seeds,printed as 'walker2d-med' = walker2d-medium. Header: 'Dataset        CQL-A       IQL-A     DQL-A         IDQL-A     CQL-1    IQL-1    DQL-1    IDQL-1'. No std reported. Same IDQL-A values repeated in Table 4 (Appendix F) column 'IDQL'.
2304.10573,IDQL,"[""define@value"", ""generalize@other:IDQL"", ""recover@value""]",diffusion_policy,halfcheetah-medium-replay,v2,IDQL-A,45.9,,1024,0.0003,3000000,256,3,missing,not_applicable,not_applicable,5,not_applicable,128,missing,not_applicable,0.7,10,ddpm,missing,missing,missing,missing,missing,arXiv:2304.10573 Table 1 [IDQL-A] dataset as printed: halfcheetah-med-rep,reported_mean_over_seeds,printed as 'halfcheetah-med-rep' = halfcheetah-medium-replay. Header: 'Dataset        CQL-A       IQL-A     DQL-A         IDQL-A     CQL-1    IQL-1    DQL-1    IDQL-1'. No std reported. Same IDQL-A values repeated in Table 4 (Appendix F) column 'IDQL'.
2304.10573,IDQL,"[""define@value"", ""generalize@other:IDQL"", ""recover@value""]",diffusion_policy,hopper-medium-replay,v2,IDQL-A,92.1,,1024,0.0003,3000000,256,3,missing,not_applicable,not_applicable,5,not_applicable,128,missing,not_applicable,0.7,10,ddpm,missing,missing,missing,missing,missing,arXiv:2304.10573 Table 1 [IDQL-A] dataset as printed: hopper-med-rep,reported_mean_over_seeds,printed as 'hopper-med-rep' = hopper-medium-replay. Header: 'Dataset        CQL-A       IQL-A     DQL-A         IDQL-A     CQL-1    IQL-1    DQL-1    IDQL-1'. No std reported. Same IDQL-A values repeated in Table 4 (Appendix F) column 'IDQL'.
2304.10573,IDQL,"[""define@value"", ""generalize@other:IDQL"", ""recover@value""]",diffusion_policy,walker2d-medium-replay,v2,IDQL-A,85.1,,1024,0.0003,3000000,256,3,missing,not_applicable,not_applicable,5,not_applicable,128,missing,not_applicable,0.7,10,ddpm,missing,missing,missing,missing,missing,arXiv:2304.10573 Table 1 [IDQL-A] dataset as printed: walker2d-med-rep,reported_mean_over_seeds,printed as 'walker2d-med-rep' = walker2d-medium-replay. Header: 'Dataset        CQL-A       IQL-A     DQL-A         IDQL-A     CQL-1    IQL-1    DQL-1    IDQL-1'. No std reported. Same IDQL-A values repeated in Table 4 (Appendix F) column 'IDQL'.
2304.10573,IDQL,"[""define@value"", ""generalize@other:IDQL"", ""recover@value""]",diffusion_policy,halfcheetah-medium-expert,v2,IDQL-A,95.9,,1024,0.0003,3000000,256,3,missing,not_applicable,not_applicable,5,not_applicable,128,missing,not_applicable,0.7,10,ddpm,missing,missing,missing,missing,missing,arXiv:2304.10573 Table 1 [IDQL-A] dataset as printed: halfcheetah-med-exp,reported_mean_over_seeds,printed as 'halfcheetah-med-exp' = halfcheetah-medium-expert. Header: 'Dataset        CQL-A       IQL-A     DQL-A         IDQL-A     CQL-1    IQL-1    DQL-1    IDQL-1'. No std reported. Same IDQL-A values repeated in Table 4 (Appendix F) column 'IDQL'.
2304.10573,IDQL,"[""define@value"", ""generalize@other:IDQL"", ""recover@value""]",diffusion_policy,hopper-medium-expert,v2,IDQL-A,108.6,,1024,0.0003,3000000,256,3,missing,not_applicable,not_applicable,5,not_applicable,128,missing,not_applicable,0.7,10,ddpm,missing,missing,missing,missing,missing,arXiv:2304.10573 Table 1 [IDQL-A] dataset as printed: hopper-med-exp,reported_mean_over_seeds,printed as 'hopper-med-exp' = hopper-medium-expert. Header: 'Dataset        CQL-A       IQL-A     DQL-A         IDQL-A     CQL-1    IQL-1    DQL-1    IDQL-1'. No std reported. Same IDQL-A values repeated in Table 4 (Appendix F) column 'IDQL'.
2304.10573,IDQL,"[""define@value"", ""generalize@other:IDQL"", ""recover@value""]",diffusion_policy,walker2d-medium-expert,v2,IDQL-A,112.7,,1024,0.0003,3000000,256,3,missing,not_applicable,not_applicable,5,not_applicable,128,missing,not_applicable,0.7,10,ddpm,missing,missing,missing,missing,missing,arXiv:2304.10573 Table 1 [IDQL-A] dataset as printed: walker2d-med-exp,reported_mean_over_seeds,printed as 'walker2d-med-exp' = walker2d-medium-expert. Header: 'Dataset        CQL-A       IQL-A     DQL-A         IDQL-A     CQL-1    IQL-1    DQL-1    IDQL-1'. No std reported. Same IDQL-A values repeated in Table 4 (Appendix F) column 'IDQL'.
2304.10573,IDQL,"[""define@value"", ""generalize@other:IDQL"", ""recover@value""]",diffusion_policy,halfcheetah-medium,v2,IDQL-1,49.7,,1024,0.0003,2000000,256,3,missing,not_applicable,not_applicable,5,not_applicable,64,missing,not_applicable,0.7,10,ddpm,missing,missing,missing,missing,missing,arXiv:2304.10573 Table 1 [IDQL-1] dataset as printed: halfcheetah-med,reported_mean_over_seeds,printed as 'halfcheetah-med' = halfcheetah-medium. No std reported.
2304.10573,IDQL,"[""define@value"", ""generalize@other:IDQL"", ""recover@value""]",diffusion_policy,hopper-medium,v2,IDQL-1,63.1,,1024,0.0003,2000000,256,3,missing,not_applicable,not_applicable,5,not_applicable,64,missing,not_applicable,0.7,10,ddpm,missing,missing,missing,missing,missing,arXiv:2304.10573 Table 1 [IDQL-1] dataset as printed: hopper-med,reported_mean_over_seeds,printed as 'hopper-med' = hopper-medium. No std reported.
2304.10573,IDQL,"[""define@value"", ""generalize@other:IDQL"", ""recover@value""]",diffusion_policy,walker2d-medium,v2,IDQL-1,80.2,,1024,0.0003,2000000,256,3,missing,not_applicable,not_applicable,5,not_applicable,64,missing,not_applicable,0.7,10,ddpm,missing,missing,missing,missing,missing,arXiv:2304.10573 Table 1 [IDQL-1] dataset as printed: walker2d-med,reported_mean_over_seeds,printed as 'walker2d-med' = walker2d-medium. No std reported.
2304.10573,IDQL,"[""define@value"", ""generalize@other:IDQL"", ""recover@value""]",diffusion_policy,halfcheetah-medium-replay,v2,IDQL-1,45.1,,1024,0.0003,2000000,256,3,missing,not_applicable,not_applicable,5,not_applicable,64,missing,not_applicable,0.7,10,ddpm,missing,missing,missing,missing,missing,arXiv:2304.10573 Table 1 [IDQL-1] dataset as printed: halfcheetah-med-rep,reported_mean_over_seeds,printed as 'halfcheetah-med-rep' = halfcheetah-medium-replay. No std reported.
2304.10573,IDQL,"[""define@value"", ""generalize@other:IDQL"", ""recover@value""]",diffusion_policy,hopper-medium-replay,v2,IDQL-1,82.4,,1024,0.0003,2000000,256,3,missing,not_applicable,not_applicable,5,not_applicable,64,missing,not_applicable,0.7,10,ddpm,missing,missing,missing,missing,missing,arXiv:2304.10573 Table 1 [IDQL-1] dataset as printed: hopper-med-rep,reported_mean_over_seeds,printed as 'hopper-med-rep' = hopper-medium-replay. No std reported.
2304.10573,IDQL,"[""define@value"", ""generalize@other:IDQL"", ""recover@value""]",diffusion_policy,walker2d-medium-replay,v2,IDQL-1,79.8,,1024,0.0003,2000000,256,3,missing,not_applicable,not_applicable,5,not_applicable,64,missing,not_applicable,0.7,10,ddpm,missing,missing,missing,missing,missing,arXiv:2304.10573 Table 1 [IDQL-1] dataset as printed: walker2d-med-rep,reported_mean_over_seeds,printed as 'walker2d-med-rep' = walker2d-medium-replay. No std reported.
2304.10573,IDQL,"[""define@value"", ""generalize@other:IDQL"", ""recover@value""]",diffusion_policy,halfcheetah-medium-expert,v2,IDQL-1,94.4,,1024,0.0003,2000000,256,3,missing,not_applicable,not_applicable,5,not_applicable,64,missing,not_applicable,0.7,10,ddpm,missing,missing,missing,missing,missing,arXiv:2304.10573 Table 1 [IDQL-1] dataset as printed: halfcheetah-med-exp,reported_mean_over_seeds,printed as 'halfcheetah-med-exp' = halfcheetah-medium-expert. No std reported.
2304.10573,IDQL,"[""define@value"", ""generalize@other:IDQL"", ""recover@value""]",diffusion_policy,hopper-medium-expert,v2,IDQL-1,105.3,,1024,0.0003,2000000,256,3,missing,not_applicable,not_applicable,5,not_applicable,64,missing,not_applicable,0.7,10,ddpm,missing,missing,missing,missing,missing,arXiv:2304.10573 Table 1 [IDQL-1] dataset as printed: hopper-med-exp,reported_mean_over_seeds,printed as 'hopper-med-exp' = hopper-medium-expert. No std reported.
2304.10573,IDQL,"[""define@value"", ""generalize@other:IDQL"", ""recover@value""]",diffusion_policy,walker2d-medium-expert,v2,IDQL-1,111.6,,1024,0.0003,2000000,256,3,missing,not_applicable,not_applicable,5,not_applicable,64,missing,not_applicable,0.7,10,ddpm,missing,missing,missing,missing,missing,arXiv:2304.10573 Table 1 [IDQL-1] dataset as printed: walker2d-med-exp,reported_mean_over_seeds,printed as 'walker2d-med-exp' = walker2d-medium-expert. No std reported.
2209.14548,SfBC,"[""evaluate@action"", ""improve@policy"", ""sample@action""]",diffusion_policy,halfcheetah-medium-expert,v2,main,92.6,0.5,4096,0.0001,missing,missing,missing,missing,not_applicable,not_applicable,15,not_applicable,32,missing,not_applicable,not_applicable,4,dpm_solver,missing,missing,missing,missing,missing,arXiv:2209.14548 Table 1 [SfBC] dataset as printed: halfcheetah-medium-expert,reported_mean_over_seeds,printed as 'Medium-Expert HalfCheetah'; 'Walker' = walker2d. Same values repeated in Table 4 column 'SfBC'.
2209.14548,SfBC,"[""evaluate@action"", ""improve@policy"", ""sample@action""]",diffusion_policy,hopper-medium-expert,v2,main,108.6,2.1,4096,0.0001,missing,missing,missing,missing,not_applicable,not_applicable,15,not_applicable,32,missing,not_applicable,not_applicable,4,dpm_solver,missing,missing,missing,missing,missing,arXiv:2209.14548 Table 1 [SfBC] dataset as printed: hopper-medium-expert,reported_mean_over_seeds,printed as 'Medium-Expert Hopper'; 'Walker' = walker2d. Same values repeated in Table 4 column 'SfBC'.
2209.14548,SfBC,"[""evaluate@action"", ""improve@policy"", ""sample@action""]",diffusion_policy,walker2d-medium-expert,v2,main,109.8,0.2,4096,0.0001,missing,missing,missing,missing,not_applicable,not_applicable,15,not_applicable,32,missing,not_applicable,not_applicable,4,dpm_solver,missing,missing,missing,missing,missing,arXiv:2209.14548 Table 1 [SfBC] dataset as printed: walker2d-medium-expert,reported_mean_over_seeds,printed as 'Medium-Expert Walker'; 'Walker' = walker2d. Same values repeated in Table 4 column 'SfBC'.
2209.14548,SfBC,"[""evaluate@action"", ""improve@policy"", ""sample@action""]",diffusion_policy,halfcheetah-medium,v2,main,45.9,2.2,4096,0.0001,missing,missing,missing,missing,not_applicable,not_applicable,15,not_applicable,32,missing,not_applicable,not_applicable,4,dpm_solver,missing,missing,missing,missing,missing,arXiv:2209.14548 Table 1 [SfBC] dataset as printed: halfcheetah-medium,reported_mean_over_seeds,printed as 'Medium HalfCheetah'; 'Walker' = walker2d. Same values repeated in Table 4 column 'SfBC'.
2209.14548,SfBC,"[""evaluate@action"", ""improve@policy"", ""sample@action""]",diffusion_policy,hopper-medium,v2,main,57.1,4.1,4096,0.0001,missing,missing,missing,missing,not_applicable,not_applicable,15,not_applicable,32,missing,not_applicable,not_applicable,4,dpm_solver,missing,missing,missing,missing,missing,arXiv:2209.14548 Table 1 [SfBC] dataset as printed: hopper-medium,reported_mean_over_seeds,printed as 'Medium Hopper'; 'Walker' = walker2d. Same values repeated in Table 4 column 'SfBC'.
2209.14548,SfBC,"[""evaluate@action"", ""improve@policy"", ""sample@action""]",diffusion_policy,walker2d-medium,v2,main,77.9,2.5,4096,0.0001,missing,missing,missing,missing,not_applicable,not_applicable,15,not_applicable,32,missing,not_applicable,not_applicable,4,dpm_solver,missing,missing,missing,missing,missing,arXiv:2209.14548 Table 1 [SfBC] dataset as printed: walker2d-medium,reported_mean_over_seeds,printed as 'Medium Walker'; 'Walker' = walker2d. Same values repeated in Table 4 column 'SfBC'.
2209.14548,SfBC,"[""evaluate@action"", ""improve@policy"", ""sample@action""]",diffusion_policy,halfcheetah-medium-replay,v2,main,37.1,1.7,4096,0.0001,missing,missing,missing,missing,not_applicable,not_applicable,15,not_applicable,32,missing,not_applicable,not_applicable,4,dpm_solver,missing,missing,missing,missing,missing,arXiv:2209.14548 Table 1 [SfBC] dataset as printed: halfcheetah-medium-replay,reported_mean_over_seeds,printed as 'Medium-Replay HalfCheetah'; 'Walker' = walker2d. Same values repeated in Table 4 column 'SfBC'.
2209.14548,SfBC,"[""evaluate@action"", ""improve@policy"", ""sample@action""]",diffusion_policy,hopper-medium-replay,v2,main,86.2,9.1,4096,0.0001,missing,missing,missing,missing,not_applicable,not_applicable,15,not_applicable,32,missing,not_applicable,not_applicable,4,dpm_solver,missing,missing,missing,missing,missing,arXiv:2209.14548 Table 1 [SfBC] dataset as printed: hopper-medium-replay,reported_mean_over_seeds,printed as 'Medium-Replay Hopper'; 'Walker' = walker2d. Same values repeated in Table 4 column 'SfBC'.
2209.14548,SfBC,"[""evaluate@action"", ""improve@policy"", ""sample@action""]",diffusion_policy,walker2d-medium-replay,v2,main,65.1,5.6,4096,0.0001,missing,missing,missing,missing,not_applicable,not_applicable,15,not_applicable,32,missing,not_applicable,not_applicable,4,dpm_solver,missing,missing,missing,missing,missing,arXiv:2209.14548 Table 1 [SfBC] dataset as printed: walker2d-medium-replay,reported_mean_over_seeds,printed as 'Medium-Replay Walker'; 'Walker' = walker2d. Same values repeated in Table 4 column 'SfBC'.
2304.12824,QGPO,"[""diffuse@distribution"", ""predict@parameter"", ""sample@action""]",diffusion_policy,halfcheetah-medium-expert,unknown,main,93.5,0.3,4096,0.0001,600000,missing,missing,missing,not_applicable,not_applicable,15,3,1,2,not_applicable,not_applicable,5,dpm_solver,last,missing,missing,missing,missing,arXiv:2304.12824 Table 2 [QGPO] dataset as printed: halfcheetah-medium-expert,reported_mean_over_seeds,"printed as 'Medium-Expert HalfCheetah' (QGPO column is last, 'mean ± std')"
2304.12824,QGPO,"[""diffuse@distribution"", ""predict@parameter"", ""sample@action""]",diffusion_policy,hopper-medium-expert,unknown,main,108.0,2.5,4096,0.0001,600000,missing,missing,missing,not_applicable,not_applicable,15,2,1,2,not_applicable,not_applicable,5,dpm_solver,last,missing,missing,missing,missing,arXiv:2304.12824 Table 2 [QGPO] dataset as printed: hopper-medium-expert,reported_mean_over_seeds,"printed as 'Medium-Expert Hopper' (QGPO column is last, 'mean ± std')"
2304.12824,QGPO,"[""diffuse@distribution"", ""predict@parameter"", ""sample@action""]",diffusion_policy,walker2d-medium-expert,unknown,main,110.7,0.6,4096,0.0001,600000,missing,missing,missing,not_applicable,not_applicable,15,5,1,2,not_applicable,not_applicable,5,dpm_solver,last,missing,missing,missing,missing,arXiv:2304.12824 Table 2 [QGPO] dataset as printed: walker2d-medium-expert,reported_mean_over_seeds,"printed as 'Medium-Expert Walker2d' (QGPO column is last, 'mean ± std')"
2304.12824,QGPO,"[""diffuse@distribution"", ""predict@parameter"", ""sample@action""]",diffusion_policy,halfcheetah-medium,unknown,main,54.1,0.4,4096,0.0001,600000,missing,missing,missing,not_applicable,not_applicable,15,10,1,2,not_applicable,not_applicable,5,dpm_solver,last,missing,missing,missing,missing,arXiv:2304.12824 Table 2 [QGPO] dataset as printed: halfcheetah-medium,reported_mean_over_seeds,"printed as 'Medium HalfCheetah' (QGPO column is last, 'mean ± std')"
2304.12824,QGPO,"[""diffuse@distribution"", ""predict@parameter"", ""sample@action""]",diffusion_policy,hopper-medium,unknown,main,98.0,2.6,4096,0.0001,600000,missing,missing,missing,not_applicable,not_applicable,15,8,1,2,not_applicable,not_applicable,5,dpm_solver,last,missing,missing,missing,missing,arXiv:2304.12824 Table 2 [QGPO] dataset as printed: hopper-medium,reported_mean_over_seeds,"printed as 'Medium Hopper' (QGPO column is last, 'mean ± std')"
2304.12824,QGPO,"[""diffuse@distribution"", ""predict@parameter"", ""sample@action""]",diffusion_policy,walker2d-medium,unknown,main,86.0,0.7,4096,0.0001,600000,missing,missing,missing,not_applicable,not_applicable,15,10,1,2,not_applicable,not_applicable,5,dpm_solver,last,missing,missing,missing,missing,arXiv:2304.12824 Table 2 [QGPO] dataset as printed: walker2d-medium,reported_mean_over_seeds,"printed as 'Medium Walker2' (QGPO column is last, 'mean ± std'); row printed with typo 'Walker2'"
2304.12824,QGPO,"[""diffuse@distribution"", ""predict@parameter"", ""sample@action""]",diffusion_policy,halfcheetah-medium-replay,unknown,main,47.6,1.4,4096,0.0001,600000,missing,missing,missing,not_applicable,not_applicable,15,8,1,2,not_applicable,not_applicable,5,dpm_solver,last,missing,missing,missing,missing,arXiv:2304.12824 Table 2 [QGPO] dataset as printed: halfcheetah-medium-replay,reported_mean_over_seeds,"printed as 'Medium-Replay HalfCheetah' (QGPO column is last, 'mean ± std')"
2304.12824,QGPO,"[""diffuse@distribution"", ""predict@parameter"", ""sample@action""]",diffusion_policy,hopper-medium-replay,unknown,main,96.9,2.6,4096,0.0001,600000,missing,missing,missing,not_applicable,not_applicable,15,3,1,2,not_applicable,not_applicable,5,dpm_solver,last,missing,missing,missing,missing,arXiv:2304.12824 Table 2 [QGPO] dataset as printed: hopper-medium-replay,reported_mean_over_seeds,"printed as 'Medium-Replay Hopper' (QGPO column is last, 'mean ± std')"
2304.12824,QGPO,"[""diffuse@distribution"", ""predict@parameter"", ""sample@action""]",diffusion_policy,walker2d-medium-replay,unknown,main,84.4,4.1,4096,0.0001,600000,missing,missing,missing,not_applicable,not_applicable,15,5,1,2,not_applicable,not_applicable,5,dpm_solver,last,missing,missing,missing,missing,arXiv:2304.12824 Table 2 [QGPO] dataset as printed: walker2d-medium-replay,reported_mean_over_seeds,"printed as 'Medium-Replay Walker2d' (QGPO column is last, 'mean ± std')"
2305.20081,EDP,"[""formulate@policy"", ""generalize@policy"", ""sample@action"", ""train@policy""]",diffusion_policy,halfcheetah-medium,v2,dql_OMS,52.8,,256,0.0003,2000000,256,3,missing,not_applicable,not_applicable,15,not_applicable,10,2,not_applicable,not_applicable,5,dpm_solver,best_online,missing,missing,dql,missing,arXiv:2305.20081 Table 4 [EDP (Diffusion-QL + EDP)] dataset as printed: halfcheetah-medium-v2,reported_mean_over_seeds,Table 4 columns: Diffusion-QL | DQL (JAX) | EDP; this is the 'EDP' column (Diffusion-QL objective with efficient diffusion policy). OMS metric = best checkpoint over training. No std reported.
2305.20081,EDP,"[""formulate@policy"", ""generalize@policy"", ""sample@action"", ""train@policy""]",diffusion_policy,hopper-medium,v2,dql_OMS,98.6,,256,0.0003,2000000,256,3,missing,not_applicable,not_applicable,15,not_applicable,10,2,not_applicable,not_applicable,5,dpm_solver,best_online,missing,missing,dql,missing,arXiv:2305.20081 Table 4 [EDP (Diffusion-QL + EDP)] dataset as printed: hopper-medium-v2,reported_mean_over_seeds,Table 4 columns: Diffusion-QL | DQL (JAX) | EDP; this is the 'EDP' column (Diffusion-QL objective with efficient diffusion policy). OMS metric = best checkpoint over training. No std reported.
2305.20081,EDP,"[""formulate@policy"", ""generalize@policy"", ""sample@action"", ""train@policy""]",diffusion_policy,walker2d-medium,v2,dql_OMS,89.6,,256,0.0003,2000000,256,3,missing,not_applicable,not_applicable,15,not_applicable,10,2,not_applicable,not_applicable,5,dpm_solver,best_online,missing,missing,dql,missing,arXiv:2305.20081 Table 4 [EDP (Diffusion-QL + EDP)] dataset as printed: walker2d-medium-v2,reported_mean_over_seeds,Table 4 columns: Diffusion-QL | DQL (JAX) | EDP; this is the 'EDP' column (Diffusion-QL objective with efficient diffusion policy). OMS metric = best checkpoint over training. No std reported.
2305.20081,EDP,"[""formulate@policy"", ""generalize@policy"", ""sample@action"", ""train@policy""]",diffusion_policy,halfcheetah-medium-replay,v2,dql_OMS,50.4,,256,0.0003,2000000,256,3,missing,not_applicable,not_applicable,15,not_applicable,10,2,not_applicable,not_applicable,5,dpm_solver,best_online,missing,missing,dql,missing,arXiv:2305.20081 Table 4 [EDP (Diffusion-QL + EDP)] dataset as printed: halfcheetah-medium-replay-v2,reported_mean_over_seeds,Table 4 columns: Diffusion-QL | DQL (JAX) | EDP; this is the 'EDP' column (Diffusion-QL objective with efficient diffusion policy). OMS metric = best checkpoint over training. No std reported.
2305.20081,EDP,"[""formulate@policy"", ""generalize@policy"", ""sample@action"", ""train@policy""]",diffusion_policy,hopper-medium-replay,v2,dql_OMS,102.7,,256,0.0003,2000000,256,3,missing,not_applicable,not_applicable,15,not_applicable,10,2,not_applicable,not_applicable,5,dpm_solver,best_online,missing,missing,dql,missing,arXiv:2305.20081 Table 4 [EDP (Diffusion-QL + EDP)] dataset as printed: hopper-medium-replay-v2,reported_mean_over_seeds,Table 4 columns: Diffusion-QL | DQL (JAX) | EDP; this is the 'EDP' column (Diffusion-QL objective with efficient diffusion policy). OMS metric = best checkpoint over training. No std reported.
2305.20081,EDP,"[""formulate@policy"", ""generalize@policy"", ""sample@action"", ""train@policy""]",diffusion_policy,walker2d-medium-replay,v2,dql_OMS,97.7,,256,0.0003,2000000,256,3,missing,not_applicable,not_applicable,15,not_applicable,10,2,not_applicable,not_applicable,5,dpm_solver,best_online,missing,missing,dql,missing,arXiv:2305.20081 Table 4 [EDP (Diffusion-QL + EDP)] dataset as printed: walker2d-medium-replay-v2,reported_mean_over_seeds,Table 4 columns: Diffusion-QL | DQL (JAX) | EDP; this is the 'EDP' column (Diffusion-QL objective with efficient diffusion policy). OMS metric = best checkpoint over training. No std reported.
2305.20081,EDP,"[""formulate@policy"", ""generalize@policy"", ""sample@action"", ""train@policy""]",diffusion_policy,halfcheetah-medium-expert,v2,dql_OMS,97.1,,256,0.0003,2000000,256,3,missing,not_applicable,not_applicable,15,not_applicable,10,2,not_applicable,not_applicable,5,dpm_solver,best_online,missing,missing,dql,missing,arXiv:2305.20081 Table 4 [EDP (Diffusion-QL + EDP)] dataset as printed: halfcheetah-medium-expert-v2,reported_mean_over_seeds,Table 4 columns: Diffusion-QL | DQL (JAX) | EDP; this is the 'EDP' column (Diffusion-QL objective with efficient diffusion policy). OMS metric = best checkpoint over training. No std reported.
2305.20081,EDP,"[""formulate@policy"", ""generalize@policy"", ""sample@action"", ""train@policy""]",diffusion_policy,hopper-medium-expert,v2,dql_OMS,112.0,,256,0.0003,2000000,256,3,missing,not_applicable,not_applicable,15,not_applicable,10,2,not_applicable,not_applicable,5,dpm_solver,best_online,missing,missing,dql,missing,arXiv:2305.20081 Table 4 [EDP (Diffusion-QL + EDP)] dataset as printed: hopper-medium-expert-v2,reported_mean_over_seeds,Table 4 columns: Diffusion-QL | DQL (JAX) | EDP; this is the 'EDP' column (Diffusion-QL objective with efficient diffusion policy). OMS metric = best checkpoint over training. No std reported.
2305.20081,EDP,"[""formulate@policy"", ""generalize@policy"", ""sample@action"", ""train@policy""]",diffusion_policy,walker2d-medium-expert,v2,dql_OMS,112.0,,256,0.0003,2000000,256,3,missing,not_applicable,not_applicable,15,not_applicable,10,2,not_applicable,not_applicable,5,dpm_solver,best_online,missing,missing,dql,missing,arXiv:2305.20081 Table 4 [EDP (Diffusion-QL + EDP)] dataset as printed: walker2d-medium-expert-v2,reported_mean_over_seeds,Table 4 columns: Diffusion-QL | DQL (JAX) | EDP; this is the 'EDP' column (Diffusion-QL objective with efficient diffusion policy). OMS metric = best checkpoint over training. No std reported.
2305.20081,EDP,"[""formulate@policy"", ""generalize@policy"", ""sample@action"", ""train@policy""]",diffusion_policy,halfcheetah-medium,v2,td3_RAT,52.1,,256,0.0003,2000000,256,3,missing,not_applicable,not_applicable,15,not_applicable,10,missing,not_applicable,not_applicable,5,dpm_solver,last,missing,missing,td3,missing,arXiv:2305.20081 Table 2 [EDP + TD3] dataset as printed: halfcheetah-medium-v2,reported_mean_over_seeds,"12 numeric columns: Dataset             BC     10%BC    DT     AWAC OneStep CQL | TD3+BC FF, TD3+BC EDP, CRR FF, CRR EDP, IQL FF, IQL EDP; this value is the 'TD3+BC EDP' column. RAT metric (running average over ten consecutive checkpoints, last value). Same values appear in Table 5 'Average' column. No std reported."
2305.20081,EDP,"[""formulate@policy"", ""generalize@policy"", ""sample@action"", ""train@policy""]",diffusion_policy,hopper-medium,v2,td3_RAT,81.9,,256,0.0003,2000000,256,3,missing,not_applicable,not_applicable,15,not_applicable,10,missing,not_applicable,not_applicable,5,dpm_solver,last,missing,missing,td3,missing,arXiv:2305.20081 Table 2 [EDP + TD3] dataset as printed: hopper-medium-v2,reported_mean_over_seeds,"12 numeric columns: Dataset             BC     10%BC    DT     AWAC OneStep CQL | TD3+BC FF, TD3+BC EDP, CRR FF, CRR EDP, IQL FF, IQL EDP; this value is the 'TD3+BC EDP' column. RAT metric (running average over ten consecutive checkpoints, last value). Same values appear in Table 5 'Average' column. No std reported."
2305.20081,EDP,"[""formulate@policy"", ""generalize@policy"", ""sample@action"", ""train@policy""]",diffusion_policy,walker2d-medium,v2,td3_RAT,86.9,,256,0.0003,2000000,256,3,missing,not_applicable,not_applicable,15,not_applicable,10,missing,not_applicable,not_applicable,5,dpm_solver,last,missing,missing,td3,missing,arXiv:2305.20081 Table 2 [EDP + TD3] dataset as printed: walker2d-medium-v2,reported_mean_over_seeds,"12 numeric columns: Dataset             BC     10%BC    DT     AWAC OneStep CQL | TD3+BC FF, TD3+BC EDP, CRR FF, CRR EDP, IQL FF, IQL EDP; this value is the 'TD3+BC EDP' column. RAT metric (running average over ten consecutive checkpoints, last value). Same values appear in Table 5 'Average' column. No std reported."
2305.20081,EDP,"[""formulate@policy"", ""generalize@policy"", ""sample@action"", ""train@policy""]",diffusion_policy,halfcheetah-medium-replay,v2,td3_RAT,49.4,,256,0.0003,2000000,256,3,missing,not_applicable,not_applicable,15,not_applicable,10,missing,not_applicable,not_applicable,5,dpm_solver,last,missing,missing,td3,missing,arXiv:2305.20081 Table 2 [EDP + TD3] dataset as printed: halfcheetah-medium-replay-v2,reported_mean_over_seeds,"12 numeric columns: Dataset             BC     10%BC    DT     AWAC OneStep CQL | TD3+BC FF, TD3+BC EDP, CRR FF, CRR EDP, IQL FF, IQL EDP; this value is the 'TD3+BC EDP' column. RAT metric (running average over ten consecutive checkpoints, last value). Same values appear in Table 5 'Average' column. No std reported."
2305.20081,EDP,"[""formulate@policy"", ""generalize@policy"", ""sample@action"", ""train@policy""]",diffusion_policy,hopper-medium-replay,v2,td3_RAT,101.0,,256,0.0003,2000000,256,3,missing,not_applicable,not_applicable,15,not_applicable,10,missing,not_applicable,not_applicable,5,dpm_solver,last,missing,missing,td3,missing,arXiv:2305.20081 Table 2 [EDP + TD3] dataset as printed: hopper-medium-replay-v2,reported_mean_over_seeds,"12 numeric columns: Dataset             BC     10%BC    DT     AWAC OneStep CQL | TD3+BC FF, TD3+BC EDP, CRR FF, CRR EDP, IQL FF, IQL EDP; this value is the 'TD3+BC EDP' column. RAT metric (running average over ten consecutive checkpoints, last value). Same values appear in Table 5 'Average' column. No std reported."
2305.20081,EDP,"[""formulate@policy"", ""generalize@policy"", ""sample@action"", ""train@policy""]",diffusion_policy,walker2d-medium-replay,v2,td3_RAT,94.9,,256,0.0003,2000000,256,3,missing,not_applicable,not_applicable,15,not_applicable,10,missing,not_applicable,not_applicable,5,dpm_solver,last,missing,missing,td3,missing,arXiv:2305.20081 Table 2 [EDP + TD3] dataset as printed: walker2d-medium-replay-v2,reported_mean_over_seeds,"12 numeric columns: Dataset             BC     10%BC    DT     AWAC OneStep CQL | TD3+BC FF, TD3+BC EDP, CRR FF, CRR EDP, IQL FF, IQL EDP; this value is the 'TD3+BC EDP' column. RAT metric (running average over ten consecutive checkpoints, last value). Same values appear in Table 5 'Average' column. No std reported."
2305.20081,EDP,"[""formulate@policy"", ""generalize@policy"", ""sample@action"", ""train@policy""]",diffusion_policy,halfcheetah-medium-expert,v2,td3_RAT,95.5,,256,0.0003,2000000,256,3,missing,not_applicable,not_applicable,15,not_applicable,10,missing,not_applicable,not_applicable,5,dpm_solver,last,missing,missing,td3,missing,arXiv:2305.20081 Table 2 [EDP + TD3] dataset as printed: halfcheetah-medium-expert-v2,reported_mean_over_seeds,"12 numeric columns: Dataset             BC     10%BC    DT     AWAC OneStep CQL | TD3+BC FF, TD3+BC EDP, CRR FF, CRR EDP, IQL FF, IQL EDP; this value is the 'TD3+BC EDP' column. RAT metric (running average over ten consecutive checkpoints, last value). Same values appear in Table 5 'Average' column. No std reported."
2305.20081,EDP,"[""formulate@policy"", ""generalize@policy"", ""sample@action"", ""train@policy""]",diffusion_policy,hopper-medium-expert,v2,td3_RAT,97.4,,256,0.0003,2000000,256,3,missing,not_applicable,not_applicable,15,not_applicable,10,missing,not_applicable,not_applicable,5,dpm_solver,last,missing,missing,td3,missing,arXiv:2305.20081 Table 2 [EDP + TD3] dataset as printed: hopper-medium-expert-v2,reported_mean_over_seeds,"12 numeric columns: Dataset             BC     10%BC    DT     AWAC OneStep CQL | TD3+BC FF, TD3+BC EDP, CRR FF, CRR EDP, IQL FF, IQL EDP; this value is the 'TD3+BC EDP' column. RAT metric (running average over ten consecutive checkpoints, last value). Same values appear in Table 5 'Average' column. No std reported."
2305.20081,EDP,"[""formulate@policy"", ""generalize@policy"", ""sample@action"", ""train@policy""]",diffusion_policy,walker2d-medium-expert,v2,td3_RAT,110.2,,256,0.0003,2000000,256,3,missing,not_applicable,not_applicable,15,not_applicable,10,missing,not_applicable,not_applicable,5,dpm_solver,last,missing,missing,td3,missing,arXiv:2305.20081 Table 2 [EDP + TD3] dataset as printed: walker2d-medium-expert-v2,reported_mean_over_seeds,"12 numeric columns: Dataset             BC     10%BC    DT     AWAC OneStep CQL | TD3+BC FF, TD3+BC EDP, CRR FF, CRR EDP, IQL FF, IQL EDP; this value is the 'TD3+BC EDP' column. RAT metric (running average over ten consecutive checkpoints, last value). Same values appear in Table 5 'Average' column. No std reported."
2305.20081,EDP,"[""formulate@policy"", ""generalize@policy"", ""sample@action"", ""train@policy""]",diffusion_policy,halfcheetah-medium,v2,td3_OMS,52.8,,256,0.0003,2000000,256,3,missing,not_applicable,not_applicable,15,not_applicable,10,missing,not_applicable,not_applicable,5,dpm_solver,best_online,missing,missing,td3,missing,arXiv:2305.20081 Table 5 [EDP + TD3] dataset as printed: halfcheetah-medium-v2,reported_mean_over_seeds,"Table 5 columns: EDP + TD3 (Average, Best), EDP + CRR (Average, Best), EDP + IQL (Average, Best); this value is 'EDP + TD3 Best' = OMS (online model selection, best checkpoint over training). No std reported."
2305.20081,EDP,"[""formulate@policy"", ""generalize@policy"", ""sample@action"", ""train@policy""]",diffusion_policy,hopper-medium,v2,td3_OMS,98.6,,256,0.0003,2000000,256,3,missing,not_applicable,not_applicable,15,not_applicable,10,missing,not_applicable,not_applicable,5,dpm_solver,best_online,missing,missing,td3,missing,arXiv:2305.20081 Table 5 [EDP + TD3] dataset as printed: hopper-medium-v2,reported_mean_over_seeds,"Table 5 columns: EDP + TD3 (Average, Best), EDP + CRR (Average, Best), EDP + IQL (Average, Best); this value is 'EDP + TD3 Best' = OMS (online model selection, best checkpoint over training). No std reported."
2305.20081,EDP,"[""formulate@policy"", ""generalize@policy"", ""sample@action"", ""train@policy""]",diffusion_policy,walker2d-medium,v2,td3_OMS,89.6,,256,0.0003,2000000,256,3,missing,not_applicable,not_applicable,15,not_applicable,10,missing,not_applicable,not_applicable,5,dpm_solver,best_online,missing,missing,td3,missing,arXiv:2305.20081 Table 5 [EDP + TD3] dataset as printed: walker2d-medium-v2,reported_mean_over_seeds,"Table 5 columns: EDP + TD3 (Average, Best), EDP + CRR (Average, Best), EDP + IQL (Average, Best); this value is 'EDP + TD3 Best' = OMS (online model selection, best checkpoint over training). No std reported."
2305.20081,EDP,"[""formulate@policy"", ""generalize@policy"", ""sample@action"", ""train@policy""]",diffusion_policy,halfcheetah-medium-replay,v2,td3_OMS,50.4,,256,0.0003,2000000,256,3,missing,not_applicable,not_applicable,15,not_applicable,10,missing,not_applicable,not_applicable,5,dpm_solver,best_online,missing,missing,td3,missing,arXiv:2305.20081 Table 5 [EDP + TD3] dataset as printed: halfcheetah-medium-replay-v2,reported_mean_over_seeds,"Table 5 columns: EDP + TD3 (Average, Best), EDP + CRR (Average, Best), EDP + IQL (Average, Best); this value is 'EDP + TD3 Best' = OMS (online model selection, best checkpoint over training). No std reported."
2305.20081,EDP,"[""formulate@policy"", ""generalize@policy"", ""sample@action"", ""train@policy""]",diffusion_policy,hopper-medium-replay,v2,td3_OMS,102.7,,256,0.0003,2000000,256,3,missing,not_applicable,not_applicable,15,not_applicable,10,missing,not_applicable,not_applicable,5,dpm_solver,best_online,missing,missing,td3,missing,arXiv:2305.20081 Table 5 [EDP + TD3] dataset as printed: hopper-medium-replay-v2,reported_mean_over_seeds,"Table 5 columns: EDP + TD3 (Average, Best), EDP + CRR (Average, Best), EDP + IQL (Average, Best); this value is 'EDP + TD3 Best' = OMS (online model selection, best checkpoint over training). No std reported."
2305.20081,EDP,"[""formulate@policy"", ""generalize@policy"", ""sample@action"", ""train@policy""]",diffusion_policy,walker2d-medium-replay,v2,td3_OMS,97.7,,256,0.0003,2000000,256,3,missing,not_applicable,not_applicable,15,not_applicable,10,missing,not_applicable,not_applicable,5,dpm_solver,best_online,missing,missing,td3,missing,arXiv:2305.20081 Table 5 [EDP + TD3] dataset as printed: walker2d-medium-replay-v2,reported_mean_over_seeds,"Table 5 columns: EDP + TD3 (Average, Best), EDP + CRR (Average, Best), EDP + IQL (Average, Best); this value is 'EDP + TD3 Best' = OMS (online model selection, best checkpoint over training). No std reported."
2305.20081,EDP,"[""formulate@policy"", ""generalize@policy"", ""sample@action"", ""train@policy""]",diffusion_policy,halfcheetah-medium-expert,v2,td3_OMS,97.1,,256,0.0003,2000000,256,3,missing,not_applicable,not_applicable,15,not_applicable,10,missing,not_applicable,not_applicable,5,dpm_solver,best_online,missing,missing,td3,missing,arXiv:2305.20081 Table 5 [EDP + TD3] dataset as printed: halfcheetah-medium-expert-v2,reported_mean_over_seeds,"Table 5 columns: EDP + TD3 (Average, Best), EDP + CRR (Average, Best), EDP + IQL (Average, Best); this value is 'EDP + TD3 Best' = OMS (online model selection, best checkpoint over training). No std reported."
2305.20081,EDP,"[""formulate@policy"", ""generalize@policy"", ""sample@action"", ""train@policy""]",diffusion_policy,hopper-medium-expert,v2,td3_OMS,112.0,,256,0.0003,2000000,256,3,missing,not_applicable,not_applicable,15,not_applicable,10,missing,not_applicable,not_applicable,5,dpm_solver,best_online,missing,missing,td3,missing,arXiv:2305.20081 Table 5 [EDP + TD3] dataset as printed: hopper-medium-expert-v2,reported_mean_over_seeds,"Table 5 columns: EDP + TD3 (Average, Best), EDP + CRR (Average, Best), EDP + IQL (Average, Best); this value is 'EDP + TD3 Best' = OMS (online model selection, best checkpoint over training). No std reported."
2305.20081,EDP,"[""formulate@policy"", ""generalize@policy"", ""sample@action"", ""train@policy""]",diffusion_policy,walker2d-medium-expert,v2,td3_OMS,112.0,,256,0.0003,2000000,256,3,missing,not_applicable,not_applicable,15,not_applicable,10,missing,not_applicable,not_applicable,5,dpm_solver,best_online,missing,missing,td3,missing,arXiv:2305.20081 Table 5 [EDP + TD3] dataset as printed: walker2d-medium-expert-v2,reported_mean_over_seeds,"Table 5 columns: EDP + TD3 (Average, Best), EDP + CRR (Average, Best), EDP + IQL (Average, Best); this value is 'EDP + TD3 Best' = OMS (online model selection, best checkpoint over training). No std reported."
2305.20081,EDP,"[""formulate@policy"", ""generalize@policy"", ""sample@action"", ""train@policy""]",diffusion_policy,halfcheetah-medium,v2,crr_RAT,49.2,,256,0.0003,2000000,256,3,missing,not_applicable,not_applicable,15,not_applicable,10,missing,not_applicable,not_applicable,5,dpm_solver,last,missing,missing,crr,missing,arXiv:2305.20081 Table 2 [EDP + CRR] dataset as printed: halfcheetah-medium-v2,reported_mean_over_seeds,"12 numeric columns: Dataset             BC     10%BC    DT     AWAC OneStep CQL | TD3+BC FF, TD3+BC EDP, CRR FF, CRR EDP, IQL FF, IQL EDP; this value is the 'CRR EDP' column. RAT metric (running average over ten consecutive checkpoints, last value). Same values appear in Table 5 'Average' column. No std reported."
2305.20081,EDP,"[""formulate@policy"", ""generalize@policy"", ""sample@action"", ""train@policy""]",diffusion_policy,hopper-medium,v2,crr_RAT,78.7,,256,0.0003,2000000,256,3,missing,not_applicable,not_applicable,15,not_applicable,10,missing,not_applicable,not_applicable,5,dpm_solver,last,missing,missing,crr,missing,arXiv:2305.20081 Table 2 [EDP + CRR] dataset as printed: hopper-medium-v2,reported_mean_over_seeds,"12 numeric columns: Dataset             BC     10%BC    DT     AWAC OneStep CQL | TD3+BC FF, TD3+BC EDP, CRR FF, CRR EDP, IQL FF, IQL EDP; this value is the 'CRR EDP' column. RAT metric (running average over ten consecutive checkpoints, last value). Same values appear in Table 5 'Average' column. No std reported."
2305.20081,EDP,"[""formulate@policy"", ""generalize@policy"", ""sample@action"", ""train@policy""]",diffusion_policy,walker2d-medium,v2,crr_RAT,82.5,,256,0.0003,2000000,256,3,missing,not_applicable,not_applicable,15,not_applicable,10,missing,not_applicable,not_applicable,5,dpm_solver,last,missing,missing,crr,missing,arXiv:2305.20081 Table 2 [EDP + CRR] dataset as printed: walker2d-medium-v2,reported_mean_over_seeds,"12 numeric columns: Dataset             BC     10%BC    DT     AWAC OneStep CQL | TD3+BC FF, TD3+BC EDP, CRR FF, CRR EDP, IQL FF, IQL EDP; this value is the 'CRR EDP' column. RAT metric (running average over ten consecutive checkpoints, last value). Same values appear in Table 5 'Average' column. No std reported."
2305.20081,EDP,"[""formulate@policy"", ""generalize@policy"", ""sample@action"", ""train@policy""]",diffusion_policy,halfcheetah-medium-replay,v2,crr_RAT,43.5,,256,0.0003,2000000,256,3,missing,not_applicable,not_applicable,15,not_applicable,10,missing,not_applicable,not_applicable,5,dpm_solver,last,missing,missing,crr,missing,arXiv:2305.20081 Table 2 [EDP + CRR] dataset as printed: halfcheetah-medium-replay-v2,reported_mean_over_seeds,"12 numeric columns: Dataset             BC     10%BC    DT     AWAC OneStep CQL | TD3+BC FF, TD3+BC EDP, CRR FF, CRR EDP, IQL FF, IQL EDP; this value is the 'CRR EDP' column. RAT metric (running average over ten consecutive checkpoints, last value). Same values appear in Table 5 'Average' column. No std reported."
2305.20081,EDP,"[""formulate@policy"", ""generalize@policy"", ""sample@action"", ""train@policy""]",diffusion_policy,hopper-medium-replay,v2,crr_RAT,99.0,,256,0.0003,2000000,256,3,missing,not_applicable,not_applicable,15,not_applicable,10,missing,not_applicable,not_applicable,5,dpm_solver,last,missing,missing,crr,missing,arXiv:2305.20081 Table 2 [EDP + CRR] dataset as printed: hopper-medium-replay-v2,reported_mean_over_seeds,"12 numeric columns: Dataset             BC     10%BC    DT     AWAC OneStep CQL | TD3+BC FF, TD3+BC EDP, CRR FF, CRR EDP, IQL FF, IQL EDP; this value is the 'CRR EDP' column. RAT metric (running average over ten consecutive checkpoints, last value). Same values appear in Table 5 'Average' column. No std reported."
2305.20081,EDP,"[""formulate@policy"", ""generalize@policy"", ""sample@action"", ""train@policy""]",diffusion_policy,walker2d-medium-replay,v2,crr_RAT,63.3,,256,0.0003,2000000,256,3,missing,not_applicable,not_applicable,15,not_applicable,10,missing,not_applicable,not_applicable,5,dpm_solver,last,missing,missing,crr,missing,arXiv:2305.20081 Table 2 [EDP + CRR] dataset as printed: walker2d-medium-replay-v2,reported_mean_over_seeds,"12 numeric columns: Dataset             BC     10%BC    DT     AWAC OneStep CQL | TD3+BC FF, TD3+BC EDP, CRR FF, CRR EDP, IQL FF, IQL EDP; this value is the 'CRR EDP' column. RAT metric (running average over ten consecutive checkpoints, last value). Same values appear in Table 5 'Average' column. No std reported."
2305.20081,EDP,"[""formulate@policy"", ""generalize@policy"", ""sample@action"", ""train@policy""]",diffusion_policy,halfcheetah-medium-expert,v2,crr_RAT,85.6,,256,0.0003,2000000,256,3,missing,not_applicable,not_applicable,15,not_applicable,10,missing,not_applicable,not_applicable,5,dpm_solver,last,missing,missing,crr,missing,arXiv:2305.20081 Table 2 [EDP + CRR] dataset as printed: halfcheetah-medium-expert-v2,reported_mean_over_seeds,"12 numeric columns: Dataset             BC     10%BC    DT     AWAC OneStep CQL | TD3+BC FF, TD3+BC EDP, CRR FF, CRR EDP, IQL FF, IQL EDP; this value is the 'CRR EDP' column. RAT metric (running average over ten consecutive checkpoints, last value). Same values appear in Table 5 'Average' column. No std reported."
2305.20081,EDP,"[""formulate@policy"", ""generalize@policy"", ""sample@action"", ""train@policy""]",diffusion_policy,hopper-medium-expert,v2,crr_RAT,92.9,,256,0.0003,2000000,256,3,missing,not_applicable,not_applicable,15,not_applicable,10,missing,not_applicable,not_applicable,5,dpm_solver,last,missing,missing,crr,missing,arXiv:2305.20081 Table 2 [EDP + CRR] dataset as printed: hopper-medium-expert-v2,reported_mean_over_seeds,"12 numeric columns: Dataset             BC     10%BC    DT     AWAC OneStep CQL | TD3+BC FF, TD3+BC EDP, CRR FF, CRR EDP, IQL FF, IQL EDP; this value is the 'CRR EDP' column. RAT metric (running average over ten consecutive checkpoints, last value). Same values appear in Table 5 'Average' column. No std reported."
2305.20081,EDP,"[""formulate@policy"", ""generalize@policy"", ""sample@action"", ""train@policy""]",diffusion_policy,walker2d-medium-expert,v2,crr_RAT,110.1,,256,0.0003,2000000,256,3,missing,not_applicable,not_applicable,15,not_applicable,10,missing,not_applicable,not_applicable,5,dpm_solver,last,missing,missing,crr,missing,arXiv:2305.20081 Table 2 [EDP + CRR] dataset as printed: walker2d-medium-expert-v2,reported_mean_over_seeds,"12 numeric columns: Dataset             BC     10%BC    DT     AWAC OneStep CQL | TD3+BC FF, TD3+BC EDP, CRR FF, CRR EDP, IQL FF, IQL EDP; this value is the 'CRR EDP' column. RAT metric (running average over ten consecutive checkpoints, last value). Same values appear in Table 5 'Average' column. No std reported."
2305.20081,EDP,"[""formulate@policy"", ""generalize@policy"", ""sample@action"", ""train@policy""]",diffusion_policy,halfcheetah-medium,v2,crr_OMS,50.2,,256,0.0003,2000000,256,3,missing,not_applicable,not_applicable,15,not_applicable,10,missing,not_applicable,not_applicable,5,dpm_solver,best_online,missing,missing,crr,missing,arXiv:2305.20081 Table 5 [EDP + CRR] dataset as printed: halfcheetah-medium-v2,reported_mean_over_seeds,"Table 5 columns: EDP + TD3 (Average, Best), EDP + CRR (Average, Best), EDP + IQL (Average, Best); this value is 'EDP + CRR Best' = OMS (online model selection, best checkpoint over training). No std reported."
2305.20081,EDP,"[""formulate@policy"", ""generalize@policy"", ""sample@action"", ""train@policy""]",diffusion_policy,hopper-medium,v2,crr_OMS,95.0,,256,0.0003,2000000,256,3,missing,not_applicable,not_applicable,15,not_applicable,10,missing,not_applicable,not_applicable,5,dpm_solver,best_online,missing,missing,crr,missing,arXiv:2305.20081 Table 5 [EDP + CRR] dataset as printed: hopper-medium-v2,reported_mean_over_seeds,"Table 5 columns: EDP + TD3 (Average, Best), EDP + CRR (Average, Best), EDP + IQL (Average, Best); this value is 'EDP + CRR Best' = OMS (online model selection, best checkpoint over training). No std reported."
2305.20081,EDP,"[""formulate@policy"", ""generalize@policy"", ""sample@action"", ""train@policy""]",diffusion_policy,walker2d-medium,v2,crr_OMS,85.8,,256,0.0003,2000000,256,3,missing,not_applicable,not_applicable,15,not_applicable,10,missing,not_applicable,not_applicable,5,dpm_solver,best_online,missing,missing,crr,missing,arXiv:2305.20081 Table 5 [EDP + CRR] dataset as printed: walker2d-medium-v2,reported_mean_over_seeds,"Table 5 columns: EDP + TD3 (Average, Best), EDP + CRR (Average, Best), EDP + IQL (Average, Best); this value is 'EDP + CRR Best' = OMS (online model selection, best checkpoint over training). No std reported."
2305.20081,EDP,"[""formulate@policy"", ""generalize@policy"", ""sample@action"", ""train@policy""]",diffusion_policy,halfcheetah-medium-replay,v2,crr_OMS,47.8,,256,0.0003,2000000,256,3,missing,not_applicable,not_applicable,15,not_applicable,10,missing,not_applicable,not_applicable,5,dpm_solver,best_online,missing,missing,crr,missing,arXiv:2305.20081 Table 5 [EDP + CRR] dataset as printed: halfcheetah-medium-replay-v2,reported_mean_over_seeds,"Table 5 columns: EDP + TD3 (Average, Best), EDP + CRR (Average, Best), EDP + IQL (Average, Best); this value is 'EDP + CRR Best' = OMS (online model selection, best checkpoint over training). No std reported."
2305.20081,EDP,"[""formulate@policy"", ""generalize@policy"", ""sample@action"", ""train@policy""]",diffusion_policy,hopper-medium-replay,v2,crr_OMS,101.7,,256,0.0003,2000000,256,3,missing,not_applicable,not_applicable,15,not_applicable,10,missing,not_applicable,not_applicable,5,dpm_solver,best_online,missing,missing,crr,missing,arXiv:2305.20081 Table 5 [EDP + CRR] dataset as printed: hopper-medium-replay-v2,reported_mean_over_seeds,"Table 5 columns: EDP + TD3 (Average, Best), EDP + CRR (Average, Best), EDP + IQL (Average, Best); this value is 'EDP + CRR Best' = OMS (online model selection, best checkpoint over training). No std reported."
2305.20081,EDP,"[""formulate@policy"", ""generalize@policy"", ""sample@action"", ""train@policy""]",diffusion_policy,walker2d-medium-replay,v2,crr_OMS,89.8,,256,0.0003,2000000,256,3,missing,not_applicable,not_applicable,15,not_applicable,10,missing,not_applicable,not_applicable,5,dpm_solver,best_online,missing,missing,crr,missing,arXiv:2305.20081 Table 5 [EDP + CRR] dataset as printed: walker2d-medium-replay-v2,reported_mean_over_seeds,"Table 5 columns: EDP + TD3 (Average, Best), EDP + CRR (Average, Best), EDP + IQL (Average, Best); this value is 'EDP + CRR Best' = OMS (online model selection, best checkpoint over training). No std reported."
2305.20081,EDP,"[""formulate@policy"", ""generalize@policy"", ""sample@action"", ""train@policy""]",diffusion_policy,halfcheetah-medium-expert,v2,crr_OMS,93.5,,256,0.0003,2000000,256,3,missing,not_applicable,not_applicable,15,not_applicable,10,missing,not_applicable,not_applicable,5,dpm_solver,best_online,missing,missing,crr,missing,arXiv:2305.20081 Table 5 [EDP + CRR] dataset as printed: halfcheetah-medium-expert-v2,reported_mean_over_seeds,"Table 5 columns: EDP + TD3 (Average, Best), EDP + CRR (Average, Best), EDP + IQL (Average, Best); this value is 'EDP + CRR Best' = OMS (online model selection, best checkpoint over training). No std reported."
2305.20081,EDP,"[""formulate@policy"", ""generalize@policy"", ""sample@action"", ""train@policy""]",diffusion_policy,hopper-medium-expert,v2,crr_OMS,109.4,,256,0.0003,2000000,256,3,missing,not_applicable,not_applicable,15,not_applicable,10,missing,not_applicable,not_applicable,5,dpm_solver,best_online,missing,missing,crr,missing,arXiv:2305.20081 Table 5 [EDP + CRR] dataset as printed: hopper-medium-expert-v2,reported_mean_over_seeds,"Table 5 columns: EDP + TD3 (Average, Best), EDP + CRR (Average, Best), EDP + IQL (Average, Best); this value is 'EDP + CRR Best' = OMS (online model selection, best checkpoint over training). No std reported."
2305.20081,EDP,"[""formulate@policy"", ""generalize@policy"", ""sample@action"", ""train@policy""]",diffusion_policy,walker2d-medium-expert,v2,crr_OMS,112.3,,256,0.0003,2000000,256,3,missing,not_applicable,not_applicable,15,not_applicable,10,missing,not_applicable,not_applicable,5,dpm_solver,best_online,missing,missing,crr,missing,arXiv:2305.20081 Table 5 [EDP + CRR] dataset as printed: walker2d-medium-expert-v2,reported_mean_over_seeds,"Table 5 columns: EDP + TD3 (Average, Best), EDP + CRR (Average, Best), EDP + IQL (Average, Best); this value is 'EDP + CRR Best' = OMS (online model selection, best checkpoint over training). No std reported."
2305.20081,EDP,"[""formulate@policy"", ""generalize@policy"", ""sample@action"", ""train@policy""]",diffusion_policy,halfcheetah-medium,v2,iql_RAT,48.1,,256,0.0003,2000000,256,3,missing,not_applicable,not_applicable,15,not_applicable,10,2,not_applicable,0.7,5,dpm_solver,last,missing,missing,iql,missing,arXiv:2305.20081 Table 2 [EDP + IQL] dataset as printed: halfcheetah-medium-v2,reported_mean_over_seeds,"12 numeric columns: Dataset             BC     10%BC    DT     AWAC OneStep CQL | TD3+BC FF, TD3+BC EDP, CRR FF, CRR EDP, IQL FF, IQL EDP; this value is the 'IQL EDP' column. RAT metric (running average over ten consecutive checkpoints, last value). Same values appear in Table 5 'Average' column. No std reported."
2305.20081,EDP,"[""formulate@policy"", ""generalize@policy"", ""sample@action"", ""train@policy""]",diffusion_policy,hopper-medium,v2,iql_RAT,63.1,,256,0.0003,2000000,256,3,missing,not_applicable,not_applicable,15,not_applicable,10,2,not_applicable,0.7,5,dpm_solver,last,missing,missing,iql,missing,arXiv:2305.20081 Table 2 [EDP + IQL] dataset as printed: hopper-medium-v2,reported_mean_over_seeds,"12 numeric columns: Dataset             BC     10%BC    DT     AWAC OneStep CQL | TD3+BC FF, TD3+BC EDP, CRR FF, CRR EDP, IQL FF, IQL EDP; this value is the 'IQL EDP' column. RAT metric (running average over ten consecutive checkpoints, last value). Same values appear in Table 5 'Average' column. No std reported."
2305.20081,EDP,"[""formulate@policy"", ""generalize@policy"", ""sample@action"", ""train@policy""]",diffusion_policy,walker2d-medium,v2,iql_RAT,85.4,,256,0.0003,2000000,256,3,missing,not_applicable,not_applicable,15,not_applicable,10,2,not_applicable,0.7,5,dpm_solver,last,missing,missing,iql,missing,arXiv:2305.20081 Table 2 [EDP + IQL] dataset as printed: walker2d-medium-v2,reported_mean_over_seeds,"12 numeric columns: Dataset             BC     10%BC    DT     AWAC OneStep CQL | TD3+BC FF, TD3+BC EDP, CRR FF, CRR EDP, IQL FF, IQL EDP; this value is the 'IQL EDP' column. RAT metric (running average over ten consecutive checkpoints, last value). Same values appear in Table 5 'Average' column. No std reported."
2305.20081,EDP,"[""formulate@policy"", ""generalize@policy"", ""sample@action"", ""train@policy""]",diffusion_policy,halfcheetah-medium-replay,v2,iql_RAT,43.8,,256,0.0003,2000000,256,3,missing,not_applicable,not_applicable,15,not_applicable,10,2,not_applicable,0.7,5,dpm_solver,last,missing,missing,iql,missing,arXiv:2305.20081 Table 2 [EDP + IQL] dataset as printed: halfcheetah-medium-replay-v2,reported_mean_over_seeds,"12 numeric columns: Dataset             BC     10%BC    DT     AWAC OneStep CQL | TD3+BC FF, TD3+BC EDP, CRR FF, CRR EDP, IQL FF, IQL EDP; this value is the 'IQL EDP' column. RAT metric (running average over ten consecutive checkpoints, last value). Same values appear in Table 5 'Average' column. No std reported."
2305.20081,EDP,"[""formulate@policy"", ""generalize@policy"", ""sample@action"", ""train@policy""]",diffusion_policy,hopper-medium-replay,v2,iql_RAT,99.1,,256,0.0003,2000000,256,3,missing,not_applicable,not_applicable,15,not_applicable,10,2,not_applicable,0.7,5,dpm_solver,last,missing,missing,iql,missing,arXiv:2305.20081 Table 2 [EDP + IQL] dataset as printed: hopper-medium-replay-v2,reported_mean_over_seeds,"12 numeric columns: Dataset             BC     10%BC    DT     AWAC OneStep CQL | TD3+BC FF, TD3+BC EDP, CRR FF, CRR EDP, IQL FF, IQL EDP; this value is the 'IQL EDP' column. RAT metric (running average over ten consecutive checkpoints, last value). Same values appear in Table 5 'Average' column. No std reported."
2305.20081,EDP,"[""formulate@policy"", ""generalize@policy"", ""sample@action"", ""train@policy""]",diffusion_policy,walker2d-medium-replay,v2,iql_RAT,84.0,,256,0.0003,2000000,256,3,missing,not_applicable,not_applicable,15,not_applicable,10,2,not_applicable,0.7,5,dpm_solver,last,missing,missing,iql,missing,arXiv:2305.20081 Table 2 [EDP + IQL] dataset as printed: walker2d-medium-replay-v2,reported_mean_over_seeds,"12 numeric columns: Dataset             BC     10%BC    DT     AWAC OneStep CQL | TD3+BC FF, TD3+BC EDP, CRR FF, CRR EDP, IQL FF, IQL EDP; this value is the 'IQL EDP' column. RAT metric (running average over ten consecutive checkpoints, last value). Same values appear in Table 5 'Average' column. No std reported."
2305.20081,EDP,"[""formulate@policy"", ""generalize@policy"", ""sample@action"", ""train@policy""]",diffusion_policy,halfcheetah-medium-expert,v2,iql_RAT,86.7,,256,0.0003,2000000,256,3,missing,not_applicable,not_applicable,15,not_applicable,10,2,not_applicable,0.7,5,dpm_solver,last,missing,missing,iql,missing,arXiv:2305.20081 Table 2 [EDP + IQL] dataset as printed: halfcheetah-medium-expert-v2,reported_mean_over_seeds,"12 numeric columns: Dataset             BC     10%BC    DT     AWAC OneStep CQL | TD3+BC FF, TD3+BC EDP, CRR FF, CRR EDP, IQL FF, IQL EDP; this value is the 'IQL EDP' column. RAT metric (running average over ten consecutive checkpoints, last value). Same values appear in Table 5 'Average' column. No std reported."
2305.20081,EDP,"[""formulate@policy"", ""generalize@policy"", ""sample@action"", ""train@policy""]",diffusion_policy,hopper-medium-expert,v2,iql_RAT,99.6,,256,0.0003,2000000,256,3,missing,not_applicable,not_applicable,15,not_applicable,10,2,not_applicable,0.7,5,dpm_solver,last,missing,missing,iql,missing,arXiv:2305.20081 Table 2 [EDP + IQL] dataset as printed: hopper-medium-expert-v2,reported_mean_over_seeds,"12 numeric columns: Dataset             BC     10%BC    DT     AWAC OneStep CQL | TD3+BC FF, TD3+BC EDP, CRR FF, CRR EDP, IQL FF, IQL EDP; this value is the 'IQL EDP' column. RAT metric (running average over ten consecutive checkpoints, last value). Same values appear in Table 5 'Average' column. No std reported."
2305.20081,EDP,"[""formulate@policy"", ""generalize@policy"", ""sample@action"", ""train@policy""]",diffusion_policy,walker2d-medium-expert,v2,iql_RAT,109.0,,256,0.0003,2000000,256,3,missing,not_applicable,not_applicable,15,not_applicable,10,2,not_applicable,0.7,5,dpm_solver,last,missing,missing,iql,missing,arXiv:2305.20081 Table 2 [EDP + IQL] dataset as printed: walker2d-medium-expert-v2,reported_mean_over_seeds,"12 numeric columns: Dataset             BC     10%BC    DT     AWAC OneStep CQL | TD3+BC FF, TD3+BC EDP, CRR FF, CRR EDP, IQL FF, IQL EDP; this value is the 'IQL EDP' column. RAT metric (running average over ten consecutive checkpoints, last value). Same values appear in Table 5 'Average' column. No std reported."
2305.20081,EDP,"[""formulate@policy"", ""generalize@policy"", ""sample@action"", ""train@policy""]",diffusion_policy,halfcheetah-medium,v2,iql_OMS,48.7,,256,0.0003,2000000,256,3,missing,not_applicable,not_applicable,15,not_applicable,10,2,not_applicable,0.7,5,dpm_solver,best_online,missing,missing,iql,missing,arXiv:2305.20081 Table 5 [EDP + IQL] dataset as printed: halfcheetah-medium-v2,reported_mean_over_seeds,"Table 5 columns: EDP + TD3 (Average, Best), EDP + CRR (Average, Best), EDP + IQL (Average, Best); this value is 'EDP + IQL Best' = OMS (online model selection, best checkpoint over training). No std reported."
2305.20081,EDP,"[""formulate@policy"", ""generalize@policy"", ""sample@action"", ""train@policy""]",diffusion_policy,hopper-medium,v2,iql_OMS,97.3,,256,0.0003,2000000,256,3,missing,not_applicable,not_applicable,15,not_applicable,10,2,not_applicable,0.7,5,dpm_solver,best_online,missing,missing,iql,missing,arXiv:2305.20081 Table 5 [EDP + IQL] dataset as printed: hopper-medium-v2,reported_mean_over_seeds,"Table 5 columns: EDP + TD3 (Average, Best), EDP + CRR (Average, Best), EDP + IQL (Average, Best); this value is 'EDP + IQL Best' = OMS (online model selection, best checkpoint over training). No std reported."
2305.20081,EDP,"[""formulate@policy"", ""generalize@policy"", ""sample@action"", ""train@policy""]",diffusion_policy,walker2d-medium,v2,iql_OMS,88.7,,256,0.0003,2000000,256,3,missing,not_applicable,not_applicable,15,not_applicable,10,2,not_applicable,0.7,5,dpm_solver,best_online,missing,missing,iql,missing,arXiv:2305.20081 Table 5 [EDP + IQL] dataset as printed: walker2d-medium-v2,reported_mean_over_seeds,"Table 5 columns: EDP + TD3 (Average, Best), EDP + CRR (Average, Best), EDP + IQL (Average, Best); this value is 'EDP + IQL Best' = OMS (online model selection, best checkpoint over training). No std reported."
2305.20081,EDP,"[""formulate@policy"", ""generalize@policy"", ""sample@action"", ""train@policy""]",diffusion_policy,halfcheetah-medium-replay,v2,iql_OMS,45.5,,256,0.0003,2000000,256,3,missing,not_applicable,not_applicable,15,not_applicable,10,2,not_applicable,0.7,5,dpm_solver,best_online,missing,missing,iql,missing,arXiv:2305.20081 Table 5 [EDP + IQL] dataset as printed: halfcheetah-medium-replay-v2,reported_mean_over_seeds,"Table 5 columns: EDP + TD3 (Average, Best), EDP + CRR (Average, Best), EDP + IQL (Average, Best); this value is 'EDP + IQL Best' = OMS (online model selection, best checkpoint over training). No std reported."
2305.20081,EDP,"[""formulate@policy"", ""generalize@policy"", ""sample@action"", ""train@policy""]",diffusion_policy,hopper-medium-replay,v2,iql_OMS,100.9,,256,0.0003,2000000,256,3,missing,not_applicable,not_applicable,15,not_applicable,10,2,not_applicable,0.7,5,dpm_solver,best_online,missing,missing,iql,missing,arXiv:2305.20081 Table 5 [EDP + IQL] dataset as printed: hopper-medium-replay-v2,reported_mean_over_seeds,"Table 5 columns: EDP + TD3 (Average, Best), EDP + CRR (Average, Best), EDP + IQL (Average, Best); this value is 'EDP + IQL Best' = OMS (online model selection, best checkpoint over training). No std reported."
2305.20081,EDP,"[""formulate@policy"", ""generalize@policy"", ""sample@action"", ""train@policy""]",diffusion_policy,walker2d-medium-replay,v2,iql_OMS,93.4,,256,0.0003,2000000,256,3,missing,not_applicable,not_applicable,15,not_applicable,10,2,not_applicable,0.7,5,dpm_solver,best_online,missing,missing,iql,missing,arXiv:2305.20081 Table 5 [EDP + IQL] dataset as printed: walker2d-medium-replay-v2,reported_mean_over_seeds,"Table 5 columns: EDP + TD3 (Average, Best), EDP + CRR (Average, Best), EDP + IQL (Average, Best); this value is 'EDP + IQL Best' = OMS (online model selection, best checkpoint over training). No std reported."
2305.20081,EDP,"[""formulate@policy"", ""generalize@policy"", ""sample@action"", ""train@policy""]",diffusion_policy,halfcheetah-medium-expert,v2,iql_OMS,80.9,,256,0.0003,2000000,256,3,missing,not_applicable,not_applicable,15,not_applicable,10,2,not_applicable,0.7,5,dpm_solver,best_online,missing,missing,iql,missing,arXiv:2305.20081 Table 5 [EDP + IQL] dataset as printed: halfcheetah-medium-expert-v2,reported_mean_over_seeds,"Table 5 columns: EDP + TD3 (Average, Best), EDP + CRR (Average, Best), EDP + IQL (Average, Best); this value is 'EDP + IQL Best' = OMS (online model selection, best checkpoint over training). No std reported."
2305.20081,EDP,"[""formulate@policy"", ""generalize@policy"", ""sample@action"", ""train@policy""]",diffusion_policy,hopper-medium-expert,v2,iql_OMS,95.7,,256,0.0003,2000000,256,3,missing,not_applicable,not_applicable,15,not_applicable,10,2,not_applicable,0.7,5,dpm_solver,best_online,missing,missing,iql,missing,arXiv:2305.20081 Table 5 [EDP + IQL] dataset as printed: hopper-medium-expert-v2,reported_mean_over_seeds,"Table 5 columns: EDP + TD3 (Average, Best), EDP + CRR (Average, Best), EDP + IQL (Average, Best); this value is 'EDP + IQL Best' = OMS (online model selection, best checkpoint over training). No std reported."
2305.20081,EDP,"[""formulate@policy"", ""generalize@policy"", ""sample@action"", ""train@policy""]",diffusion_policy,walker2d-medium-expert,v2,iql_OMS,111.5,,256,0.0003,2000000,256,3,missing,not_applicable,not_applicable,15,not_applicable,10,2,not_applicable,0.7,5,dpm_solver,best_online,missing,missing,iql,missing,arXiv:2305.20081 Table 5 [EDP + IQL] dataset as printed: walker2d-medium-expert-v2,reported_mean_over_seeds,"Table 5 columns: EDP + TD3 (Average, Best), EDP + CRR (Average, Best), EDP + IQL (Average, Best); this value is 'EDP + IQL Best' = OMS (online model selection, best checkpoint over training). No std reported."
2310.07297,SRPO,"[""extract@policy"", ""pretrain@distribution""]",diffusion_policy,halfcheetah-medium-expert,unknown,main,92.2,3.0,256,0.0003,1000000,256,2,missing,not_applicable,not_applicable,0,not_applicable,not_applicable,missing,not_applicable,0.7,6,not_applicable,last,missing,missing,missing,missing,arXiv:2310.07297 Table 1 [SRPO] dataset as printed: halfcheetah-medium-expert,reported_mean_over_seeds,"printed as quality='Medium-Expert', env='HalfCheetah'; SRPO is the last column ('SRPO (Ours)'), mean ± std over 6 seeds at end of training"
2310.07297,SRPO,"[""extract@policy"", ""pretrain@distribution""]",diffusion_policy,hopper-medium-expert,unknown,main,100.1,13.9,256,0.0003,1000000,256,2,missing,not_applicable,not_applicable,0,not_applicable,not_applicable,missing,not_applicable,0.7,6,not_applicable,last,missing,missing,missing,missing,arXiv:2310.07297 Table 1 [SRPO] dataset as printed: hopper-medium-expert,reported_mean_over_seeds,"printed as quality='Medium-Expert', env='Hopper'; SRPO is the last column ('SRPO (Ours)'), mean ± std over 6 seeds at end of training"
2310.07297,SRPO,"[""extract@policy"", ""pretrain@distribution""]",diffusion_policy,walker2d-medium-expert,unknown,main,114.0,2.1,256,0.0003,1000000,256,2,missing,not_applicable,not_applicable,0,not_applicable,not_applicable,missing,not_applicable,0.7,6,not_applicable,last,missing,missing,missing,missing,arXiv:2310.07297 Table 1 [SRPO] dataset as printed: walker2d-medium-expert,reported_mean_over_seeds,"printed as quality='Medium-Expert', env='Walker2d'; SRPO is the last column ('SRPO (Ours)'), mean ± std over 6 seeds at end of training"
2310.07297,SRPO,"[""extract@policy"", ""pretrain@distribution""]",diffusion_policy,halfcheetah-medium,unknown,main,60.4,0.8,256,0.0003,1000000,256,2,missing,not_applicable,not_applicable,0,not_applicable,not_applicable,missing,not_applicable,0.7,6,not_applicable,last,missing,missing,missing,missing,arXiv:2310.07297 Table 1 [SRPO] dataset as printed: halfcheetah-medium,reported_mean_over_seeds,"printed as quality='Medium', env='HalfCheetah'; SRPO is the last column ('SRPO (Ours)'), mean ± std over 6 seeds at end of training"
2310.07297,SRPO,"[""extract@policy"", ""pretrain@distribution""]",diffusion_policy,hopper-medium,unknown,main,95.5,2.0,256,0.0003,1000000,256,2,missing,not_applicable,not_applicable,0,not_applicable,not_applicable,missing,not_applicable,0.7,6,not_applicable,last,missing,missing,missing,missing,arXiv:2310.07297 Table 1 [SRPO] dataset as printed: hopper-medium,reported_mean_over_seeds,"printed as quality='Medium', env='Hopper'; SRPO is the last column ('SRPO (Ours)'), mean ± std over 6 seeds at end of training"
2310.07297,SRPO,"[""extract@policy"", ""pretrain@distribution""]",diffusion_policy,walker2d-medium,unknown,main,84.4,4.4,256,0.0003,1000000,256,2,missing,not_applicable,not_applicable,0,not_applicable,not_applicable,missing,not_applicable,0.7,6,not_applicable,last,missing,missing,missing,missing,arXiv:2310.07297 Table 1 [SRPO] dataset as printed: walker2d-medium,reported_mean_over_seeds,"printed as quality='Medium', env='Walker2d'; SRPO is the last column ('SRPO (Ours)'), mean ± std over 6 seeds at end of training"
2310.07297,SRPO,"[""extract@policy"", ""pretrain@distribution""]",diffusion_policy,halfcheetah-medium-replay,unknown,main,51.4,3.4,256,0.0003,1000000,256,2,missing,not_applicable,not_applicable,0,not_applicable,not_applicable,missing,not_applicable,0.7,6,not_applicable,last,missing,missing,missing,missing,arXiv:2310.07297 Table 1 [SRPO] dataset as printed: halfcheetah-medium-replay,reported_mean_over_seeds,"printed as quality='Medium-Replay', env='HalfCheetah'; SRPO is the last column ('SRPO (Ours)'), mean ± std over 6 seeds at end of training"
2310.07297,SRPO,"[""extract@policy"", ""pretrain@distribution""]",diffusion_policy,hopper-medium-replay,unknown,main,101.2,1.0,256,0.0003,1000000,256,2,missing,not_applicable,not_applicable,0,not_applicable,not_applicable,missing,not_applicable,0.7,6,not_applicable,last,missing,missing,missing,missing,arXiv:2310.07297 Table 1 [SRPO] dataset as printed: hopper-medium-replay,reported_mean_over_seeds,"printed as quality='Medium-Replay', env='Hopper'; SRPO is the last column ('SRPO (Ours)'), mean ± std over 6 seeds at end of training"
2310.07297,SRPO,"[""extract@policy"", ""pretrain@distribution""]",diffusion_policy,walker2d-medium-replay,unknown,main,84.6,7.1,256,0.0003,1000000,256,2,missing,not_applicable,not_applicable,0,not_applicable,not_applicable,missing,not_applicable,0.7,6,not_applicable,last,missing,missing,missing,missing,arXiv:2310.07297 Table 1 [SRPO] dataset as printed: walker2d-medium-replay,reported_mean_over_seeds,"printed as quality='Medium-Replay', env='Walker2d'; SRPO is the last column ('SRPO (Ours)'), mean ± std over 6 seeds at end of training"
2006.04779,CQL,"[""correct@value"", ""evaluate@value"", ""minimize q-values@value""]",offline_q_learning,halfcheetah-random,v0,main,35.4,,missing,3e-05,1000000,missing,missing,missing,not_applicable,not_applicable,not_applicable,not_applicable,not_applicable,2,not_applicable,not_applicable,4,not_applicable,missing,missing,missing,missing,missing,arXiv:2006.04779 Table 1 [CQL(H)] dataset as printed: halfcheetah-random,reported_mean_over_seeds,normalized D4RL score; CQL(H) column. Table 1 prints no version suffix.
2006.04779,CQL,"[""correct@value"", ""evaluate@value"", ""minimize q-values@value""]",offline_q_learning,hopper-random,v0,main,10.8,,missing,3e-05,1000000,missing,missing,missing,not_applicable,not_applicable,not_applicable,not_applicable,not_applicable,2,not_applicable,not_applicable,4,not_applicable,missing,missing,missing,missing,missing,arXiv:2006.04779 Table 1 [CQL(H)] dataset as printed: hopper-random,reported_mean_over_seeds,normalized D4RL score; CQL(H) column. Table 1 prints no version suffix.
2006.04779,CQL,"[""correct@value"", ""evaluate@value"", ""minimize q-values@value""]",offline_q_learning,walker2d-random,v0,main,7.0,,missing,3e-05,1000000,missing,missing,missing,not_applicable,not_applicable,not_applicable,not_applicable,not_applicable,2,not_applicable,not_applicable,4,not_applicable,missing,missing,missing,missing,missing,arXiv:2006.04779 Table 1 [CQL(H)] dataset as printed: walker2d-random,reported_mean_over_seeds,normalized D4RL score; CQL(H) column. Table 1 prints no version suffix.
2006.04779,CQL,"[""correct@value"", ""evaluate@value"", ""minimize q-values@value""]",offline_q_learning,halfcheetah-medium,v0,main,44.4,,missing,3e-05,1000000,missing,missing,missing,not_applicable,not_applicable,not_applicable,not_applicable,not_applicable,2,not_applicable,not_applicable,4,not_applicable,missing,missing,missing,missing,missing,arXiv:2006.04779 Table 1 [CQL(H)] dataset as printed: halfcheetah-medium,reported_mean_over_seeds,normalized D4RL score; CQL(H) column. Table 1 prints no version suffix.
2006.04779,CQL,"[""correct@value"", ""evaluate@value"", ""minimize q-values@value""]",offline_q_learning,walker2d-medium,v0,main,79.2,,missing,3e-05,1000000,missing,missing,missing,not_applicable,not_applicable,not_applicable,not_applicable,not_applicable,2,not_applicable,not_applicable,4,not_applicable,missing,missing,missing,missing,missing,arXiv:2006.04779 Table 1 [CQL(H)] dataset as printed: walker2d-medium,reported_mean_over_seeds,normalized D4RL score; CQL(H) column. Table 1 prints no version suffix.
2006.04779,CQL,"[""correct@value"", ""evaluate@value"", ""minimize q-values@value""]",offline_q_learning,hopper-medium,v0,main,58.0,,missing,3e-05,1000000,missing,missing,missing,not_applicable,not_applicable,not_applicable,not_applicable,not_applicable,2,not_applicable,not_applicable,4,not_applicable,missing,missing,missing,missing,missing,arXiv:2006.04779 Table 1 [CQL(H)] dataset as printed: hopper-medium,reported_mean_over_seeds,normalized D4RL score; CQL(H) column. Table 1 prints no version suffix.
2006.04779,CQL,"[""correct@value"", ""evaluate@value"", ""minimize q-values@value""]",offline_q_learning,halfcheetah-expert,v0,main,104.8,,missing,3e-05,1000000,missing,missing,missing,not_applicable,not_applicable,not_applicable,not_applicable,not_applicable,2,not_applicable,not_applicable,4,not_applicable,missing,missing,missing,missing,missing,arXiv:2006.04779 Table 1 [CQL(H)] dataset as printed: halfcheetah-expert,reported_mean_over_seeds,normalized D4RL score; CQL(H) column. Table 1 prints no version suffix.
2006.04779,CQL,"[""correct@value"", ""evaluate@value"", ""minimize q-values@value""]",offline_q_learning,hopper-expert,v0,main,109.9,,missing,3e-05,1000000,missing,missing,missing,not_applicable,not_applicable,not_applicable,not_applicable,not_applicable,2,not_applicable,not_applicable,4,not_applicable,missing,missing,missing,missing,missing,arXiv:2006.04779 Table 1 [CQL(H)] dataset as printed: hopper-expert,reported_mean_over_seeds,normalized D4RL score; CQL(H) column. Table 1 prints no version suffix.
2006.04779,CQL,"[""correct@value"", ""evaluate@value"", ""minimize q-values@value""]",offline_q_learning,walker2d-expert,v0,main,153.9,,missing,3e-05,1000000,missing,missing,missing,not_applicable,not_applicable,not_applicable,not_applicable,not_applicable,2,not_applicable,not_applicable,4,not_applicable,missing,missing,missing,missing,missing,arXiv:2006.04779 Table 1 [CQL(H)] dataset as printed: walker2d-expert,reported_mean_over_seeds,normalized D4RL score; CQL(H) column. Table 1 prints no version suffix.
2006.04779,CQL,"[""correct@value"", ""evaluate@value"", ""minimize q-values@value""]",offline_q_learning,halfcheetah-medium-expert,v0,main,62.4,,missing,3e-05,1000000,missing,missing,missing,not_applicable,not_applicable,not_applicable,not_applicable,not_applicable,2,not_applicable,not_applicable,4,not_applicable,missing,missing,missing,missing,missing,arXiv:2006.04779 Table 1 [CQL(H)] dataset as printed: halfcheetah-medium-expert,reported_mean_over_seeds,normalized D4RL score; CQL(H) column. Table 1 prints no version suffix.
2006.04779,CQL,"[""correct@value"", ""evaluate@value"", ""minimize q-values@value""]",offline_q_learning,walker2d-medium-expert,v0,main,98.7,,missing,3e-05,1000000,missing,missing,missing,not_applicable,not_applicable,not_applicable,not_applicable,not_applicable,2,not_applicable,not_applicable,4,not_applicable,missing,missing,missing,missing,missing,arXiv:2006.04779 Table 1 [CQL(H)] dataset as printed: walker2d-medium-expert,reported_mean_over_seeds,normalized D4RL score; CQL(H) column. Table 1 prints no version suffix.
2006.04779,CQL,"[""correct@value"", ""evaluate@value"", ""minimize q-values@value""]",offline_q_learning,hopper-medium-expert,v0,main,111.0,,missing,3e-05,1000000,missing,missing,missing,not_applicable,not_applicable,not_applicable,not_applicable,not_applicable,2,not_applicable,not_applicable,4,not_applicable,missing,missing,missing,missing,missing,arXiv:2006.04779 Table 1 [CQL(H)] dataset as printed: hopper-medium-expert,reported_mean_over_seeds,normalized D4RL score; CQL(H) column. Table 1 prints no version suffix.
2006.04779,CQL,"[""correct@value"", ""evaluate@value"", ""minimize q-values@value""]",offline_q_learning,halfcheetah-medium-replay,v0,main,46.2,,missing,3e-05,1000000,missing,missing,missing,not_applicable,not_applicable,not_applicable,not_applicable,not_applicable,2,not_applicable,not_applicable,4,not_applicable,missing,missing,missing,missing,missing,arXiv:2006.04779 Table 1 [CQL(H)] dataset as printed: halfcheetah-mixed,reported_mean_over_seeds,normalized D4RL score; CQL(H) column. Table 1 prints no version suffix. '-mixed' is the v0-era name of the medium-replay dataset.
2006.04779,CQL,"[""correct@value"", ""evaluate@value"", ""minimize q-values@value""]",offline_q_learning,hopper-medium-replay,v0,main,48.6,,missing,3e-05,1000000,missing,missing,missing,not_applicable,not_applicable,not_applicable,not_applicable,not_applicable,2,not_applicable,not_applicable,4,not_applicable,missing,missing,missing,missing,missing,arXiv:2006.04779 Table 1 [CQL(H)] dataset as printed: hopper-mixed,reported_mean_over_seeds,normalized D4RL score; CQL(H) column. Table 1 prints no version suffix. '-mixed' is the v0-era name of the medium-replay dataset.
2006.04779,CQL,"[""correct@value"", ""evaluate@value"", ""minimize q-values@value""]",offline_q_learning,walker2d-medium-replay,v0,main,26.7,,missing,3e-05,1000000,missing,missing,missing,not_applicable,not_applicable,not_applicable,not_applicable,not_applicable,2,not_applicable,not_applicable,4,not_applicable,missing,missing,missing,missing,missing,arXiv:2006.04779 Table 1 [CQL(H)] dataset as printed: walker2d-mixed,reported_mean_over_seeds,normalized D4RL score; CQL(H) column. Table 1 prints no version suffix. '-mixed' is the v0-era name of the medium-replay dataset.
2110.06169,IQL,"[""correct@parameter"", ""predict@distribution"", ""predict@value""]",offline_q_learning,halfcheetah-medium,v2,main,47.4,,missing,0.0003,1000000,256,2,missing,not_applicable,not_applicable,not_applicable,not_applicable,not_applicable,2,not_applicable,0.7,10,not_applicable,missing,missing,missing,missing,missing,arXiv:2110.06169 Table 1 [IQL] dataset as printed: halfcheetah-medium-v2,reported_mean_over_seeds,normalized score; column 'IQL (Ours)'; no std reported
2110.06169,IQL,"[""correct@parameter"", ""predict@distribution"", ""predict@value""]",offline_q_learning,hopper-medium,v2,main,66.3,,missing,0.0003,1000000,256,2,missing,not_applicable,not_applicable,not_applicable,not_applicable,not_applicable,2,not_applicable,0.7,10,not_applicable,missing,missing,missing,missing,missing,arXiv:2110.06169 Table 1 [IQL] dataset as printed: hopper-medium-v2,reported_mean_over_seeds,normalized score; column 'IQL (Ours)'; no std reported
2110.06169,IQL,"[""correct@parameter"", ""predict@distribution"", ""predict@value""]",offline_q_learning,walker2d-medium,v2,main,78.3,,missing,0.0003,1000000,256,2,missing,not_applicable,not_applicable,not_applicable,not_applicable,not_applicable,2,not_applicable,0.7,10,not_applicable,missing,missing,missing,missing,missing,arXiv:2110.06169 Table 1 [IQL] dataset as printed: walker2d-medium-v2,reported_mean_over_seeds,normalized score; column 'IQL (Ours)'; no std reported
2110.06169,IQL,"[""correct@parameter"", ""predict@distribution"", ""predict@value""]",offline_q_learning,halfcheetah-medium-replay,v2,main,44.2,,missing,0.0003,1000000,256,2,missing,not_applicable,not_applicable,not_applicable,not_applicable,not_applicable,2,not_applicable,0.7,10,not_applicable,missing,missing,missing,missing,missing,arXiv:2110.06169 Table 1 [IQL] dataset as printed: halfcheetah-medium-replay-v2,reported_mean_over_seeds,normalized score; column 'IQL (Ours)'; no std reported
2110.06169,IQL,"[""correct@parameter"", ""predict@distribution"", ""predict@value""]",offline_q_learning,hopper-medium-replay,v2,main,94.7,,missing,0.0003,1000000,256,2,missing,not_applicable,not_applicable,not_applicable,not_applicable,not_applicable,2,not_applicable,0.7,10,not_applicable,missing,missing,missing,missing,missing,arXiv:2110.06169 Table 1 [IQL] dataset as printed: hopper-medium-replay-v2,reported_mean_over_seeds,normalized score; column 'IQL (Ours)'; no std reported
2110.06169,IQL,"[""correct@parameter"", ""predict@distribution"", ""predict@value""]",offline_q_learning,walker2d-medium-replay,v2,main,73.9,,missing,0.0003,1000000,256,2,missing,not_applicable,not_applicable,not_applicable,not_applicable,not_applicable,2,not_applicable,0.7,10,not_applicable,missing,missing,missing,missing,missing,arXiv:2110.06169 Table 1 [IQL] dataset as printed: walker2d-medium-replay-v2,reported_mean_over_seeds,normalized score; column 'IQL (Ours)'; no std reported
2110.06169,IQL,"[""correct@parameter"", ""predict@distribution"", ""predict@value""]",offline_q_learning,halfcheetah-medium-expert,v2,main,86.7,,missing,0.0003,1000000,256,2,missing,not_applicable,not_applicable,not_applicable,not_applicable,not_applicable,2,not_applicable,0.7,10,not_applicable,missing,missing,missing,missing,missing,arXiv:2110.06169 Table 1 [IQL] dataset as printed: halfcheetah-medium-expert-v2,reported_mean_over_seeds,normalized score; column 'IQL (Ours)'; no std reported
2110.06169,IQL,"[""correct@parameter"", ""predict@distribution"", ""predict@value""]",offline_q_learning,hopper-medium-expert,v2,main,91.5,,missing,0.0003,1000000,256,2,missing,not_applicable,not_applicable,not_applicable,not_applicable,not_applicable,2,not_applicable,0.7,10,not_applicable,missing,missing,missing,missing,missing,arXiv:2110.06169 Table 1 [IQL] dataset as printed: hopper-medium-expert-v2,reported_mean_over_seeds,normalized score; column 'IQL (Ours)'; no std reported
2110.06169,IQL,"[""correct@parameter"", ""predict@distribution"", ""predict@value""]",offline_q_learning,walker2d-medium-expert,v2,main,109.6,,missing,0.0003,1000000,256,2,missing,not_applicable,not_applicable,not_applicable,not_applicable,not_applicable,2,not_applicable,0.7,10,not_applicable,missing,missing,missing,missing,missing,arXiv:2110.06169 Table 1 [IQL] dataset as printed: walker2d-medium-expert-v2,reported_mean_over_seeds,normalized score; column 'IQL (Ours)'; no std reported
2106.06860,TD3+BC,"[""normalize@state"", ""regularize@policy"", ""scale@gradient""]",behavior_regularized_actor_critic,halfcheetah-random,v0,main_v0,10.2,1.3,256,0.0003,1000000,256,2,0.99,not_applicable,not_applicable,not_applicable,not_applicable,not_applicable,2,not_applicable,not_applicable,5,not_applicable,last,missing,missing,missing,missing,arXiv:2106.06860 Table 2 [TD3+BC] dataset as printed: halfcheetah-random,reported_mean_over_seeds,Table 2 prints environment (e.g. 'HalfCheetah') under a dataset-group row label (Random/Medium/Medium Replay/Medium Expert/Expert); dataset name here is composed from group + environment. ± is std over seeds. v0 datasets.
2106.06860,TD3+BC,"[""normalize@state"", ""regularize@policy"", ""scale@gradient""]",behavior_regularized_actor_critic,hopper-random,v0,main_v0,11.0,0.1,256,0.0003,1000000,256,2,0.99,not_applicable,not_applicable,not_applicable,not_applicable,not_applicable,2,not_applicable,not_applicable,5,not_applicable,last,missing,missing,missing,missing,arXiv:2106.06860 Table 2 [TD3+BC] dataset as printed: hopper-random,reported_mean_over_seeds,Table 2 prints environment (e.g. 'HalfCheetah') under a dataset-group row label (Random/Medium/Medium Replay/Medium Expert/Expert); dataset name here is composed from group + environment. ± is std over seeds. v0 datasets.
2106.06860,TD3+BC,"[""normalize@state"", ""regularize@policy"", ""scale@gradient""]",behavior_regularized_actor_critic,walker2d-random,v0,main_v0,1.4,1.6,256,0.0003,1000000,256,2,0.99,not_applicable,not_applicable,not_applicable,not_applicable,not_applicable,2,not_applicable,not_applicable,5,not_applicable,last,missing,missing,missing,missing,arXiv:2106.06860 Table 2 [TD3+BC] dataset as printed: walker2d-random,reported_mean_over_seeds,Table 2 prints environment (e.g. 'HalfCheetah') under a dataset-group row label (Random/Medium/Medium Replay/Medium Expert/Expert); dataset name here is composed from group + environment. ± is std over seeds. v0 datasets.
2106.06860,TD3+BC,"[""normalize@state"", ""regularize@policy"", ""scale@gradient""]",behavior_regularized_actor_critic,halfcheetah-medium,v0,main_v0,42.8,0.3,256,0.0003,1000000,256,2,0.99,not_applicable,not_applicable,not_applicable,not_applicable,not_applicable,2,not_applicable,not_applicable,5,not_applicable,last,missing,missing,missing,missing,arXiv:2106.06860 Table 2 [TD3+BC] dataset as printed: halfcheetah-medium,reported_mean_over_seeds,Table 2 prints environment (e.g. 'HalfCheetah') under a dataset-group row label (Random/Medium/Medium Replay/Medium Expert/Expert); dataset name here is composed from group + environment. ± is std over seeds. v0 datasets.
2106.06860,TD3+BC,"[""normalize@state"", ""regularize@policy"", ""scale@gradient""]",behavior_regularized_actor_critic,hopper-medium,v0,main_v0,99.5,1.0,256,0.0003,1000000,256,2,0.99,not_applicable,not_applicable,not_applicable,not_applicable,not_applicable,2,not_applicable,not_applicable,5,not_applicable,last,missing,missing,missing,missing,arXiv:2106.06860 Table 2 [TD3+BC] dataset as printed: hopper-medium,reported_mean_over_seeds,Table 2 prints environment (e.g. 'HalfCheetah') under a dataset-group row label (Random/Medium/Medium Replay/Medium Expert/Expert); dataset name here is composed from group + environment. ± is std over seeds. v0 datasets.
2106.06860,TD3+BC,"[""normalize@state"", ""regularize@policy"", ""scale@gradient""]",behavior_regularized_actor_critic,walker2d-medium,v0,main_v0,79.7,1.8,256,0.0003,1000000,256,2,0.99,not_applicable,not_applicable,not_applicable,not_applicable,not_applicable,2,not_applicable,not_applicable,5,not_applicable,last,missing,missing,missing,missing,arXiv:2106.06860 Table 2 [TD3+BC] dataset as printed: walker2d-medium,reported_mean_over_seeds,Table 2 prints environment (e.g. 'HalfCheetah') under a dataset-group row label (Random/Medium/Medium Replay/Medium Expert/Expert); dataset name here is composed from group + environment. ± is std over seeds. v0 datasets.
2106.06860,TD3+BC,"[""normalize@state"", ""regularize@policy"", ""scale@gradient""]",behavior_regularized_actor_critic,halfcheetah-medium-replay,v0,main_v0,43.3,0.5,256,0.0003,1000000,256,2,0.99,not_applicable,not_applicable,not_applicable,not_applicable,not_applicable,2,not_applicable,not_applicable,5,not_applicable,last,missing,missing,missing,missing,arXiv:2106.06860 Table 2 [TD3+BC] dataset as printed: halfcheetah-medium-replay,reported_mean_over_seeds,Table 2 prints environment (e.g. 'HalfCheetah') under a dataset-group row label (Random/Medium/Medium Replay/Medium Expert/Expert); dataset name here is composed from group + environment. ± is std over seeds. v0 datasets.
2106.06860,TD3+BC,"[""normalize@state"", ""regularize@policy"", ""scale@gradient""]",behavior_regularized_actor_critic,hopper-medium-replay,v0,main_v0,31.4,3.0,256,0.0003,1000000,256,2,0.99,not_applicable,not_applicable,not_applicable,not_applicable,not_applicable,2,not_applicable,not_applicable,5,not_applicable,last,missing,missing,missing,missing,arXiv:2106.06860 Table 2 [TD3+BC] dataset as printed: hopper-medium-replay,reported_mean_over_seeds,Table 2 prints environment (e.g. 'HalfCheetah') under a dataset-group row label (Random/Medium/Medium Replay/Medium Expert/Expert); dataset name here is composed from group + environment. ± is std over seeds. v0 datasets.
2106.06860,TD3+BC,"[""normalize@state"", ""regularize@policy"", ""scale@gradient""]",behavior_regularized_actor_critic,walker2d-medium-replay,v0,main_v0,25.2,5.1,256,0.0003,1000000,256,2,0.99,not_applicable,not_applicable,not_applicable,not_applicable,not_applicable,2,not_applicable,not_applicable,5,not_applicable,last,missing,missing,missing,missing,arXiv:2106.06860 Table 2 [TD3+BC] dataset as printed: walker2d-medium-replay,reported_mean_over_seeds,Table 2 prints environment (e.g. 'HalfCheetah') under a dataset-group row label (Random/Medium/Medium Replay/Medium Expert/Expert); dataset name here is composed from group + environment. ± is std over seeds. v0 datasets.
2106.06860,TD3+BC,"[""normalize@state"", ""regularize@policy"", ""scale@gradient""]",behavior_regularized_actor_critic,halfcheetah-medium-expert,v0,main_v0,97.9,4.4,256,0.0003,1000000,256,2,0.99,not_applicable,not_applicable,not_applicable,not_applicable,not_applicable,2,not_applicable,not_applicable,5,not_applicable,last,missing,missing,missing,missing,arXiv:2106.06860 Table 2 [TD3+BC] dataset as printed: halfcheetah-medium-expert,reported_mean_over_seeds,Table 2 prints environment (e.g. 'HalfCheetah') under a dataset-group row label (Random/Medium/Medium Replay/Medium Expert/Expert); dataset name here is composed from group + environment. ± is std over seeds. v0 datasets.
2106.06860,TD3+BC,"[""normalize@state"", ""regularize@policy"", ""scale@gradient""]",behavior_regularized_actor_critic,hopper-medium-expert,v0,main_v0,112.2,0.2,256,0.0003,1000000,256,2,0.99,not_applicable,not_applicable,not_applicable,not_applicable,not_applicable,2,not_applicable,not_applicable,5,not_applicable,last,missing,missing,missing,missing,arXiv:2106.06860 Table 2 [TD3+BC] dataset as printed: hopper-medium-expert,reported_mean_over_seeds,Table 2 prints environment (e.g. 'HalfCheetah') under a dataset-group row label (Random/Medium/Medium Replay/Medium Expert/Expert); dataset name here is composed from group + environment. ± is std over seeds. v0 datasets.
2106.06860,TD3+BC,"[""normalize@state"", ""regularize@policy"", ""scale@gradient""]",behavior_regularized_actor_critic,walker2d-medium-expert,v0,main_v0,101.1,9.3,256,0.0003,1000000,256,2,0.99,not_applicable,not_applicable,not_applicable,not_applicable,not_applicable,2,not_applicable,not_applicable,5,not_applicable,last,missing,missing,missing,missing,arXiv:2106.06860 Table 2 [TD3+BC] dataset as printed: walker2d-medium-expert,reported_mean_over_seeds,Table 2 prints environment (e.g. 'HalfCheetah') under a dataset-group row label (Random/Medium/Medium Replay/Medium Expert/Expert); dataset name here is composed from group + environment. ± is std over seeds. v0 datasets.
2106.06860,TD3+BC,"[""normalize@state"", ""regularize@policy"", ""scale@gradient""]",behavior_regularized_actor_critic,halfcheetah-expert,v0,main_v0,105.7,1.9,256,0.0003,1000000,256,2,0.99,not_applicable,not_applicable,not_applicable,not_applicable,not_applicable,2,not_applicable,not_applicable,5,not_applicable,last,missing,missing,missing,missing,arXiv:2106.06860 Table 2 [TD3+BC] dataset as printed: halfcheetah-expert,reported_mean_over_seeds,Table 2 prints environment (e.g. 'HalfCheetah') under a dataset-group row label (Random/Medium/Medium Replay/Medium Expert/Expert); dataset name here is composed from group + environment. ± is std over seeds. v0 datasets.
2106.06860,TD3+BC,"[""normalize@state"", ""regularize@policy"", ""scale@gradient""]",behavior_regularized_actor_critic,hopper-expert,v0,main_v0,112.2,0.2,256,0.0003,1000000,256,2,0.99,not_applicable,not_applicable,not_applicable,not_applicable,not_applicable,2,not_applicable,not_applicable,5,not_applicable,last,missing,missing,missing,missing,arXiv:2106.06860 Table 2 [TD3+BC] dataset as printed: hopper-expert,reported_mean_over_seeds,Table 2 prints environment (e.g. 'HalfCheetah') under a dataset-group row label (Random/Medium/Medium Replay/Medium Expert/Expert); dataset name here is composed from group + environment. ± is std over seeds. v0 datasets.
2106.06860,TD3+BC,"[""normalize@state"", ""regularize@policy"", ""scale@gradient""]",behavior_regularized_actor_critic,walker2d-expert,v0,main_v0,105.7,2.7,256,0.0003,1000000,256,2,0.99,not_applicable,not_applicable,not_applicable,not_applicable,not_applicable,2,not_applicable,not_applicable,5,not_applicable,last,missing,missing,missing,missing,arXiv:2106.06860 Table 2 [TD3+BC] dataset as printed: walker2d-expert,reported_mean_over_seeds,Table 2 prints environment (e.g. 'HalfCheetah') under a dataset-group row label (Random/Medium/Medium Replay/Medium Expert/Expert); dataset name here is composed from group + environment. ± is std over seeds. v0 datasets.
2106.06860,TD3+BC,"[""normalize@state"", ""regularize@policy"", ""scale@gradient""]",behavior_regularized_actor_critic,halfcheetah-random,v2,main_v2,11.0,1.1,256,0.0003,1000000,256,2,0.99,not_applicable,not_applicable,not_applicable,not_applicable,not_applicable,2,not_applicable,not_applicable,5,not_applicable,last,missing,missing,missing,missing,arXiv:2106.06860 Table 9 [TD3+BC] dataset as printed: halfcheetah-random-v2,reported_mean_over_seeds,Same algorithm/hyperparameters re-run on D4RL -v2 datasets (Appendix C.3). Dataset name composed from group + environment + '-v2'. ± is std over seeds.
2106.06860,TD3+BC,"[""normalize@state"", ""regularize@policy"", ""scale@gradient""]",behavior_regularized_actor_critic,hopper-random,v2,main_v2,8.5,0.6,256,0.0003,1000000,256,2,0.99,not_applicable,not_applicable,not_applicable,not_applicable,not_applicable,2,not_applicable,not_applicable,5,not_applicable,last,missing,missing,missing,missing,arXiv:2106.06860 Table 9 [TD3+BC] dataset as printed: hopper-random-v2,reported_mean_over_seeds,Same algorithm/hyperparameters re-run on D4RL -v2 datasets (Appendix C.3). Dataset name composed from group + environment + '-v2'. ± is std over seeds.
2106.06860,TD3+BC,"[""normalize@state"", ""regularize@policy"", ""scale@gradient""]",behavior_regularized_actor_critic,walker2d-random,v2,main_v2,1.6,1.7,256,0.0003,1000000,256,2,0.99,not_applicable,not_applicable,not_applicable,not_applicable,not_applicable,2,not_applicable,not_applicable,5,not_applicable,last,missing,missing,missing,missing,arXiv:2106.06860 Table 9 [TD3+BC] dataset as printed: walker2d-random-v2,reported_mean_over_seeds,Same algorithm/hyperparameters re-run on D4RL -v2 datasets (Appendix C.3). Dataset name composed from group + environment + '-v2'. ± is std over seeds.
2106.06860,TD3+BC,"[""normalize@state"", ""regularize@policy"", ""scale@gradient""]",behavior_regularized_actor_critic,halfcheetah-medium,v2,main_v2,48.3,0.3,256,0.0003,1000000,256,2,0.99,not_applicable,not_applicable,not_applicable,not_applicable,not_applicable,2,not_applicable,not_applicable,5,not_applicable,last,missing,missing,missing,missing,arXiv:2106.06860 Table 9 [TD3+BC] dataset as printed: halfcheetah-medium-v2,reported_mean_over_seeds,Same algorithm/hyperparameters re-run on D4RL -v2 datasets (Appendix C.3). Dataset name composed from group + environment + '-v2'. ± is std over seeds.
2106.06860,TD3+BC,"[""normalize@state"", ""regularize@policy"", ""scale@gradient""]",behavior_regularized_actor_critic,hopper-medium,v2,main_v2,59.3,4.2,256,0.0003,1000000,256,2,0.99,not_applicable,not_applicable,not_applicable,not_applicable,not_applicable,2,not_applicable,not_applicable,5,not_applicable,last,missing,missing,missing,missing,arXiv:2106.06860 Table 9 [TD3+BC] dataset as printed: hopper-medium-v2,reported_mean_over_seeds,Same algorithm/hyperparameters re-run on D4RL -v2 datasets (Appendix C.3). Dataset name composed from group + environment + '-v2'. ± is std over seeds.
2106.06860,TD3+BC,"[""normalize@state"", ""regularize@policy"", ""scale@gradient""]",behavior_regularized_actor_critic,walker2d-medium,v2,main_v2,83.7,2.1,256,0.0003,1000000,256,2,0.99,not_applicable,not_applicable,not_applicable,not_applicable,not_applicable,2,not_applicable,not_applicable,5,not_applicable,last,missing,missing,missing,missing,arXiv:2106.06860 Table 9 [TD3+BC] dataset as printed: walker2d-medium-v2,reported_mean_over_seeds,Same algorithm/hyperparameters re-run on D4RL -v2 datasets (Appendix C.3). Dataset name composed from group + environment + '-v2'. ± is std over seeds.
2106.06860,TD3+BC,"[""normalize@state"", ""regularize@policy"", ""scale@gradient""]",behavior_regularized_actor_critic,halfcheetah-medium-replay,v2,main_v2,44.6,0.5,256,0.0003,1000000,256,2,0.99,not_applicable,not_applicable,not_applicable,not_applicable,not_applicable,2,not_applicable,not_applicable,5,not_applicable,last,missing,missing,missing,missing,arXiv:2106.06860 Table 9 [TD3+BC] dataset as printed: halfcheetah-medium-replay-v2,reported_mean_over_seeds,Same algorithm/hyperparameters re-run on D4RL -v2 datasets (Appendix C.3). Dataset name composed from group + environment + '-v2'. ± is std over seeds.
2106.06860,TD3+BC,"[""normalize@state"", ""regularize@policy"", ""scale@gradient""]",behavior_regularized_actor_critic,hopper-medium-replay,v2,main_v2,60.9,18.8,256,0.0003,1000000,256,2,0.99,not_applicable,not_applicable,not_applicable,not_applicable,not_applicable,2,not_applicable,not_applicable,5,not_applicable,last,missing,missing,missing,missing,arXiv:2106.06860 Table 9 [TD3+BC] dataset as printed: hopper-medium-replay-v2,reported_mean_over_seeds,Same algorithm/hyperparameters re-run on D4RL -v2 datasets (Appendix C.3). Dataset name composed from group + environment + '-v2'. ± is std over seeds.
2106.06860,TD3+BC,"[""normalize@state"", ""regularize@policy"", ""scale@gradient""]",behavior_regularized_actor_critic,walker2d-medium-replay,v2,main_v2,81.8,5.5,256,0.0003,1000000,256,2,0.99,not_applicable,not_applicable,not_applicable,not_applicable,not_applicable,2,not_applicable,not_applicable,5,not_applicable,last,missing,missing,missing,missing,arXiv:2106.06860 Table 9 [TD3+BC] dataset as printed: walker2d-medium-replay-v2,reported_mean_over_seeds,Same algorithm/hyperparameters re-run on D4RL -v2 datasets (Appendix C.3). Dataset name composed from group + environment + '-v2'. ± is std over seeds.
2106.06860,TD3+BC,"[""normalize@state"", ""regularize@policy"", ""scale@gradient""]",behavior_regularized_actor_critic,halfcheetah-medium-expert,v2,main_v2,90.7,4.3,256,0.0003,1000000,256,2,0.99,not_applicable,not_applicable,not_applicable,not_applicable,not_applicable,2,not_applicable,not_applicable,5,not_applicable,last,missing,missing,missing,missing,arXiv:2106.06860 Table 9 [TD3+BC] dataset as printed: halfcheetah-medium-expert-v2,reported_mean_over_seeds,Same algorithm/hyperparameters re-run on D4RL -v2 datasets (Appendix C.3). Dataset name composed from group + environment + '-v2'. ± is std over seeds.
2106.06860,TD3+BC,"[""normalize@state"", ""regularize@policy"", ""scale@gradient""]",behavior_regularized_actor_critic,hopper-medium-expert,v2,main_v2,98.0,9.4,256,0.0003,1000000,256,2,0.99,not_applicable,not_applicable,not_applicable,not_applicable,not_applicable,2,not_applicable,not_applicable,5,not_applicable,last,missing,missing,missing,missing,arXiv:2106.06860 Table 9 [TD3+BC] dataset as printed: hopper-medium-expert-v2,reported_mean_over_seeds,Same algorithm/hyperparameters re-run on D4RL -v2 datasets (Appendix C.3). Dataset name composed from group + environment + '-v2'. ± is std over seeds.
2106.06860,TD3+BC,"[""normalize@state"", ""regularize@policy"", ""scale@gradient""]",behavior_regularized_actor_critic,walker2d-medium-expert,v2,main_v2,110.1,0.5,256,0.0003,1000000,256,2,0.99,not_applicable,not_applicable,not_applicable,not_applicable,not_applicable,2,not_applicable,not_applicable,5,not_applicable,last,missing,missing,missing,missing,arXiv:2106.06860 Table 9 [TD3+BC] dataset as printed: walker2d-medium-expert-v2,reported_mean_over_seeds,Same algorithm/hyperparameters re-run on D4RL -v2 datasets (Appendix C.3). Dataset name composed from group + environment + '-v2'. ± is std over seeds.
2106.06860,TD3+BC,"[""normalize@state"", ""regularize@policy"", ""scale@gradient""]",behavior_regularized_actor_critic,halfcheetah-expert,v2,main_v2,96.7,1.1,256,0.0003,1000000,256,2,0.99,not_applicable,not_applicable,not_applicable,not_applicable,not_applicable,2,not_applicable,not_applicable,5,not_applicable,last,missing,missing,missing,missing,arXiv:2106.06860 Table 9 [TD3+BC] dataset as printed: halfcheetah-expert-v2,reported_mean_over_seeds,Same algorithm/hyperparameters re-run on D4RL -v2 datasets (Appendix C.3). Dataset name composed from group + environment + '-v2'. ± is std over seeds.
2106.06860,TD3+BC,"[""normalize@state"", ""regularize@policy"", ""scale@gradient""]",behavior_regularized_actor_critic,hopper-expert,v2,main_v2,107.8,7.0,256,0.0003,1000000,256,2,0.99,not_applicable,not_applicable,not_applicable,not_applicable,not_applicable,2,not_applicable,not_applicable,5,not_applicable,last,missing,missing,missing,missing,arXiv:2106.06860 Table 9 [TD3+BC] dataset as printed: hopper-expert-v2,reported_mean_over_seeds,Same algorithm/hyperparameters re-run on D4RL -v2 datasets (Appendix C.3). Dataset name composed from group + environment + '-v2'. ± is std over seeds. Table prints '±7' for hopper-expert std (no decimal).
2106.06860,TD3+BC,"[""normalize@state"", ""regularize@policy"", ""scale@gradient""]",behavior_regularized_actor_critic,walker2d-expert,v2,main_v2,110.2,0.3,256,0.0003,1000000,256,2,0.99,not_applicable,not_applicable,not_applicable,not_applicable,not_applicable,2,not_applicable,not_applicable,5,not_applicable,last,missing,missing,missing,missing,arXiv:2106.06860 Table 9 [TD3+BC] dataset as printed: walker2d-expert-v2,reported_mean_over_seeds,Same algorithm/hyperparameters re-run on D4RL -v2 datasets (Appendix C.3). Dataset name composed from group + environment + '-v2'. ± is std over seeds.
2305.09836,ReBRAC,"[""normalize q function@value"", ""penalize actor@parameter"", ""penalize critic@parameter""]",behavior_regularized_actor_critic,halfcheetah-random,v2,main,29.5,1.5,1024,0.001,1000000,256,3,0.99,not_applicable,not_applicable,not_applicable,not_applicable,not_applicable,2,not_applicable,not_applicable,10,not_applicable,last,yes,missing,missing,missing,arXiv:2305.09836 Table 2 [ReBRAC] dataset as printed: halfcheetah-random,reported_mean_over_seeds,"column 'ReBRAC, our'; final (last checkpoint) score averaged over 10 unseen training seeds; std across seeds"
2305.09836,ReBRAC,"[""normalize q function@value"", ""penalize actor@parameter"", ""penalize critic@parameter""]",behavior_regularized_actor_critic,halfcheetah-medium,v2,main,65.6,1.0,1024,0.001,1000000,256,3,0.99,not_applicable,not_applicable,not_applicable,not_applicable,not_applicable,2,not_applicable,not_applicable,10,not_applicable,last,yes,missing,missing,missing,arXiv:2305.09836 Table 2 [ReBRAC] dataset as printed: halfcheetah-medium,reported_mean_over_seeds,"column 'ReBRAC, our'; final (last checkpoint) score averaged over 10 unseen training seeds; std across seeds"
2305.09836,ReBRAC,"[""normalize q function@value"", ""penalize actor@parameter"", ""penalize critic@parameter""]",behavior_regularized_actor_critic,halfcheetah-expert,v2,main,105.9,1.7,1024,0.001,1000000,256,3,0.99,not_applicable,not_applicable,not_applicable,not_applicable,not_applicable,2,not_applicable,not_applicable,10,not_applicable,last,yes,missing,missing,missing,arXiv:2305.09836 Table 2 [ReBRAC] dataset as printed: halfcheetah-expert,reported_mean_over_seeds,"column 'ReBRAC, our'; final (last checkpoint) score averaged over 10 unseen training seeds; std across seeds"
2305.09836,ReBRAC,"[""normalize q function@value"", ""penalize actor@parameter"", ""penalize critic@parameter""]",behavior_regularized_actor_critic,halfcheetah-medium-expert,v2,main,101.1,5.2,1024,0.001,1000000,256,3,0.99,not_applicable,not_applicable,not_applicable,not_applicable,not_applicable,2,not_applicable,not_applicable,10,not_applicable,last,yes,missing,missing,missing,arXiv:2305.09836 Table 2 [ReBRAC] dataset as printed: halfcheetah-medium-expert,reported_mean_over_seeds,"column 'ReBRAC, our'; final (last checkpoint) score averaged over 10 unseen training seeds; std across seeds"
2305.09836,ReBRAC,"[""normalize q function@value"", ""penalize actor@parameter"", ""penalize critic@parameter""]",behavior_regularized_actor_critic,halfcheetah-medium-replay,v2,main,51.0,0.8,1024,0.001,1000000,256,3,0.99,not_applicable,not_applicable,not_applicable,not_applicable,not_applicable,2,not_applicable,not_applicable,10,not_applicable,last,yes,missing,missing,missing,arXiv:2305.09836 Table 2 [ReBRAC] dataset as printed: halfcheetah-medium-replay,reported_mean_over_seeds,"column 'ReBRAC, our'; final (last checkpoint) score averaged over 10 unseen training seeds; std across seeds"
2305.09836,ReBRAC,"[""normalize q function@value"", ""penalize actor@parameter"", ""penalize critic@parameter""]",behavior_regularized_actor_critic,halfcheetah-full-replay,v2,main,82.1,1.1,1024,0.001,1000000,256,3,0.99,not_applicable,not_applicable,not_applicable,not_applicable,not_applicable,2,not_applicable,not_applicable,10,not_applicable,last,yes,missing,missing,missing,arXiv:2305.09836 Table 2 [ReBRAC] dataset as printed: halfcheetah-full-replay,reported_mean_over_seeds,"column 'ReBRAC, our'; final (last checkpoint) score averaged over 10 unseen training seeds; std across seeds"
2305.09836,ReBRAC,"[""normalize q function@value"", ""penalize actor@parameter"", ""penalize critic@parameter""]",behavior_regularized_actor_critic,hopper-random,v2,main,8.1,2.4,1024,0.001,1000000,256,3,0.99,not_applicable,not_applicable,not_applicable,not_applicable,not_applicable,2,not_applicable,not_applicable,10,not_applicable,last,yes,missing,missing,missing,arXiv:2305.09836 Table 2 [ReBRAC] dataset as printed: hopper-random,reported_mean_over_seeds,"column 'ReBRAC, our'; final (last checkpoint) score averaged over 10 unseen training seeds; std across seeds"
2305.09836,ReBRAC,"[""normalize q function@value"", ""penalize actor@parameter"", ""penalize critic@parameter""]",behavior_regularized_actor_critic,hopper-medium,v2,main,102.0,1.0,1024,0.001,1000000,256,3,0.99,not_applicable,not_applicable,not_applicable,not_applicable,not_applicable,2,not_applicable,not_applicable,10,not_applicable,last,yes,missing,missing,missing,arXiv:2305.09836 Table 2 [ReBRAC] dataset as printed: hopper-medium,reported_mean_over_seeds,"column 'ReBRAC, our'; final (last checkpoint) score averaged over 10 unseen training seeds; std across seeds"
2305.09836,ReBRAC,"[""normalize q function@value"", ""penalize actor@parameter"", ""penalize critic@parameter""]",behavior_regularized_actor_critic,hopper-expert,v2,main,100.1,8.3,1024,0.001,1000000,256,3,0.99,not_applicable,not_applicable,not_applicable,not_applicable,not_applicable,2,not_applicable,not_applicable,10,not_applicable,last,yes,missing,missing,missing,arXiv:2305.09836 Table 2 [ReBRAC] dataset as printed: hopper-expert,reported_mean_over_seeds,"column 'ReBRAC, our'; final (last checkpoint) score averaged over 10 unseen training seeds; std across seeds"
2305.09836,ReBRAC,"[""normalize q function@value"", ""penalize actor@parameter"", ""penalize critic@parameter""]",behavior_regularized_actor_critic,hopper-medium-expert,v2,main,107.0,6.4,1024,0.001,1000000,256,3,0.99,not_applicable,not_applicable,not_applicable,not_applicable,not_applicable,2,not_applicable,not_applicable,10,not_applicable,last,yes,missing,missing,missing,arXiv:2305.09836 Table 2 [ReBRAC] dataset as printed: hopper-medium-expert,reported_mean_over_seeds,"column 'ReBRAC, our'; final (last checkpoint) score averaged over 10 unseen training seeds; std across seeds"
2305.09836,ReBRAC,"[""normalize q function@value"", ""penalize actor@parameter"", ""penalize critic@parameter""]",behavior_regularized_actor_critic,hopper-medium-replay,v2,main,98.1,5.3,1024,0.001,1000000,256,3,0.99,not_applicable,not_applicable,not_applicable,not_applicable,not_applicable,2,not_applicable,not_applicable,10,not_applicable,last,yes,missing,missing,missing,arXiv:2305.09836 Table 2 [ReBRAC] dataset as printed: hopper-medium-replay,reported_mean_over_seeds,"column 'ReBRAC, our'; final (last checkpoint) score averaged over 10 unseen training seeds; std across seeds"
2305.09836,ReBRAC,"[""normalize q function@value"", ""penalize actor@parameter"", ""penalize critic@parameter""]",behavior_regularized_actor_critic,hopper-full-replay,v2,main,107.1,0.4,1024,0.001,1000000,256,3,0.99,not_applicable,not_applicable,not_applicable,not_applicable,not_applicable,2,not_applicable,not_applicable,10,not_applicable,last,yes,missing,missing,missing,arXiv:2305.09836 Table 2 [ReBRAC] dataset as printed: hopper-full-replay,reported_mean_over_seeds,"column 'ReBRAC, our'; final (last checkpoint) score averaged over 10 unseen training seeds; std across seeds"
2305.09836,ReBRAC,"[""normalize q function@value"", ""penalize actor@parameter"", ""penalize critic@parameter""]",behavior_regularized_actor_critic,walker2d-random,v2,main,18.4,4.5,1024,0.001,1000000,256,3,0.99,not_applicable,not_applicable,not_applicable,not_applicable,not_applicable,2,not_applicable,not_applicable,10,not_applicable,last,yes,missing,missing,missing,arXiv:2305.09836 Table 2 [ReBRAC] dataset as printed: walker2d-random,reported_mean_over_seeds,"column 'ReBRAC, our'; final (last checkpoint) score averaged over 10 unseen training seeds; std across seeds"
2305.09836,ReBRAC,"[""normalize q function@value"", ""penalize actor@parameter"", ""penalize critic@parameter""]",behavior_regularized_actor_critic,walker2d-medium,v2,main,82.5,3.6,1024,0.001,1000000,256,3,0.99,not_applicable,not_applicable,not_applicable,not_applicable,not_applicable,2,not_applicable,not_applicable,10,not_applicable,last,yes,missing,missing,missing,arXiv:2305.09836 Table 2 [ReBRAC] dataset as printed: walker2d-medium,reported_mean_over_seeds,"column 'ReBRAC, our'; final (last checkpoint) score averaged over 10 unseen training seeds; std across seeds"
2305.09836,ReBRAC,"[""normalize q function@value"", ""penalize actor@parameter"", ""penalize critic@parameter""]",behavior_regularized_actor_critic,walker2d-expert,v2,main,112.3,0.2,1024,0.001,1000000,256,3,0.99,not_applicable,not_applicable,not_applicable,not_applicable,not_applicable,2,not_applicable,not_applicable,10,not_applicable,last,yes,missing,missing,missing,arXiv:2305.09836 Table 2 [ReBRAC] dataset as printed: walker2d-expert,reported_mean_over_seeds,"column 'ReBRAC, our'; final (last checkpoint) score averaged over 10 unseen training seeds; std across seeds"
2305.09836,ReBRAC,"[""normalize q function@value"", ""penalize actor@parameter"", ""penalize critic@parameter""]",behavior_regularized_actor_critic,walker2d-medium-expert,v2,main,111.6,0.3,1024,0.001,1000000,256,3,0.99,not_applicable,not_applicable,not_applicable,not_applicable,not_applicable,2,not_applicable,not_applicable,10,not_applicable,last,yes,missing,missing,missing,arXiv:2305.09836 Table 2 [ReBRAC] dataset as printed: walker2d-medium-expert,reported_mean_over_seeds,"column 'ReBRAC, our'; final (last checkpoint) score averaged over 10 unseen training seeds; std across seeds"
2305.09836,ReBRAC,"[""normalize q function@value"", ""penalize actor@parameter"", ""penalize critic@parameter""]",behavior_regularized_actor_critic,walker2d-medium-replay,v2,main,77.3,7.9,1024,0.001,1000000,256,3,0.99,not_applicable,not_applicable,not_applicable,not_applicable,not_applicable,2,not_applicable,not_applicable,10,not_applicable,last,yes,missing,missing,missing,arXiv:2305.09836 Table 2 [ReBRAC] dataset as printed: walker2d-medium-replay,reported_mean_over_seeds,"column 'ReBRAC, our'; final (last checkpoint) score averaged over 10 unseen training seeds; std across seeds"
2305.09836,ReBRAC,"[""normalize q function@value"", ""penalize actor@parameter"", ""penalize critic@parameter""]",behavior_regularized_actor_critic,walker2d-full-replay,v2,main,102.2,1.7,1024,0.001,1000000,256,3,0.99,not_applicable,not_applicable,not_applicable,not_applicable,not_applicable,2,not_applicable,not_applicable,10,not_applicable,last,yes,missing,missing,missing,arXiv:2305.09836 Table 2 [ReBRAC] dataset as printed: walker2d-full-replay,reported_mean_over_seeds,"column 'ReBRAC, our'; final (last checkpoint) score averaged over 10 unseen training seeds; std across seeds"
2305.09836,ReBRAC,"[""normalize q function@value"", ""penalize actor@parameter"", ""penalize critic@parameter""]",behavior_regularized_actor_critic,halfcheetah-random,v2,no_layernorm,32.0,1.5,1024,0.001,1000000,256,3,0.99,not_applicable,not_applicable,not_applicable,not_applicable,not_applicable,2,not_applicable,not_applicable,4,not_applicable,last,no,missing,missing,missing,arXiv:2305.09836 Table 33 [ReBRAC] dataset as printed: halfcheetah-random,reported_mean_over_seeds,"Appendix G ablation row 'ReBRAC w/o LN'; averaged over 4 unseen training seeds (not 10); table header gives only dataset suffix, environment from caption. Per-dataset beta values for ablation rows assumed same as Table 11 (paper says 'each modification was disabled while keeping all the others')."
2305.09836,ReBRAC,"[""normalize q function@value"", ""penalize actor@parameter"", ""penalize critic@parameter""]",behavior_regularized_actor_critic,halfcheetah-medium,v2,no_layernorm,64.3,4.1,1024,0.001,1000000,256,3,0.99,not_applicable,not_applicable,not_applicable,not_applicable,not_applicable,2,not_applicable,not_applicable,4,not_applicable,last,no,missing,missing,missing,arXiv:2305.09836 Table 33 [ReBRAC] dataset as printed: halfcheetah-medium,reported_mean_over_seeds,"Appendix G ablation row 'ReBRAC w/o LN'; averaged over 4 unseen training seeds (not 10); table header gives only dataset suffix, environment from caption. Per-dataset beta values for ablation rows assumed same as Table 11 (paper says 'each modification was disabled while keeping all the others')."
2305.09836,ReBRAC,"[""normalize q function@value"", ""penalize actor@parameter"", ""penalize critic@parameter""]",behavior_regularized_actor_critic,halfcheetah-expert,v2,no_layernorm,61.7,20.4,1024,0.001,1000000,256,3,0.99,not_applicable,not_applicable,not_applicable,not_applicable,not_applicable,2,not_applicable,not_applicable,4,not_applicable,last,no,missing,missing,missing,arXiv:2305.09836 Table 33 [ReBRAC] dataset as printed: halfcheetah-expert,reported_mean_over_seeds,"Appendix G ablation row 'ReBRAC w/o LN'; averaged over 4 unseen training seeds (not 10); table header gives only dataset suffix, environment from caption. Per-dataset beta values for ablation rows assumed same as Table 11 (paper says 'each modification was disabled while keeping all the others')."
2305.09836,ReBRAC,"[""normalize q function@value"", ""penalize actor@parameter"", ""penalize critic@parameter""]",behavior_regularized_actor_critic,halfcheetah-medium-expert,v2,no_layernorm,86.7,0.9,1024,0.001,1000000,256,3,0.99,not_applicable,not_applicable,not_applicable,not_applicable,not_applicable,2,not_applicable,not_applicable,4,not_applicable,last,no,missing,missing,missing,arXiv:2305.09836 Table 33 [ReBRAC] dataset as printed: halfcheetah-medium-expert,reported_mean_over_seeds,"Appendix G ablation row 'ReBRAC w/o LN'; averaged over 4 unseen training seeds (not 10); table header gives only dataset suffix, environment from caption. Per-dataset beta values for ablation rows assumed same as Table 11 (paper says 'each modification was disabled while keeping all the others')."
2305.09836,ReBRAC,"[""normalize q function@value"", ""penalize actor@parameter"", ""penalize critic@parameter""]",behavior_regularized_actor_critic,halfcheetah-medium-replay,v2,no_layernorm,52.8,2.4,1024,0.001,1000000,256,3,0.99,not_applicable,not_applicable,not_applicable,not_applicable,not_applicable,2,not_applicable,not_applicable,4,not_applicable,last,no,missing,missing,missing,arXiv:2305.09836 Table 33 [ReBRAC] dataset as printed: halfcheetah-medium-replay,reported_mean_over_seeds,"Appendix G ablation row 'ReBRAC w/o LN'; averaged over 4 unseen training seeds (not 10); table header gives only dataset suffix, environment from caption. Per-dataset beta values for ablation rows assumed same as Table 11 (paper says 'each modification was disabled while keeping all the others')."
2305.09836,ReBRAC,"[""normalize q function@value"", ""penalize actor@parameter"", ""penalize critic@parameter""]",behavior_regularized_actor_critic,halfcheetah-full-replay,v2,no_layernorm,82.1,2.1,1024,0.001,1000000,256,3,0.99,not_applicable,not_applicable,not_applicable,not_applicable,not_applicable,2,not_applicable,not_applicable,4,not_applicable,last,no,missing,missing,missing,arXiv:2305.09836 Table 33 [ReBRAC] dataset as printed: halfcheetah-full-replay,reported_mean_over_seeds,"Appendix G ablation row 'ReBRAC w/o LN'; averaged over 4 unseen training seeds (not 10); table header gives only dataset suffix, environment from caption. Per-dataset beta values for ablation rows assumed same as Table 11 (paper says 'each modification was disabled while keeping all the others')."
2305.09836,ReBRAC,"[""normalize q function@value"", ""penalize actor@parameter"", ""penalize critic@parameter""]",behavior_regularized_actor_critic,halfcheetah-random,v2,layers_2,27.8,3.4,1024,0.001,1000000,256,2,0.99,not_applicable,not_applicable,not_applicable,not_applicable,not_applicable,2,not_applicable,not_applicable,4,not_applicable,last,yes,missing,missing,missing,arXiv:2305.09836 Table 33 [ReBRAC] dataset as printed: halfcheetah-random,reported_mean_over_seeds,"Appendix G ablation row 'ReBRAC w/o layer'; averaged over 4 unseen training seeds (not 10); table header gives only dataset suffix, environment from caption. Per-dataset beta values for ablation rows assumed same as Table 11 (paper says 'each modification was disabled while keeping all the others')."
2305.09836,ReBRAC,"[""normalize q function@value"", ""penalize actor@parameter"", ""penalize critic@parameter""]",behavior_regularized_actor_critic,halfcheetah-medium,v2,layers_2,65.0,1.6,1024,0.001,1000000,256,2,0.99,not_applicable,not_applicable,not_applicable,not_applicable,not_applicable,2,not_applicable,not_applicable,4,not_applicable,last,yes,missing,missing,missing,arXiv:2305.09836 Table 33 [ReBRAC] dataset as printed: halfcheetah-medium,reported_mean_over_seeds,"Appendix G ablation row 'ReBRAC w/o layer'; averaged over 4 unseen training seeds (not 10); table header gives only dataset suffix, environment from caption. Per-dataset beta values for ablation rows assumed same as Table 11 (paper says 'each modification was disabled while keeping all the others')."
2305.09836,ReBRAC,"[""normalize q function@value"", ""penalize actor@parameter"", ""penalize critic@parameter""]",behavior_regularized_actor_critic,halfcheetah-expert,v2,layers_2,74.4,26.7,1024,0.001,1000000,256,2,0.99,not_applicable,not_applicable,not_applicable,not_applicable,not_applicable,2,not_applicable,not_applicable,4,not_applicable,last,yes,missing,missing,missing,arXiv:2305.09836 Table 33 [ReBRAC] dataset as printed: halfcheetah-expert,reported_mean_over_seeds,"Appendix G ablation row 'ReBRAC w/o layer'; averaged over 4 unseen training seeds (not 10); table header gives only dataset suffix, environment from caption. Per-dataset beta values for ablation rows assumed same as Table 11 (paper says 'each modification was disabled while keeping all the others')."
2305.09836,ReBRAC,"[""normalize q function@value"", ""penalize actor@parameter"", ""penalize critic@parameter""]",behavior_regularized_actor_critic,halfcheetah-medium-expert,v2,layers_2,86.7,8.8,1024,0.001,1000000,256,2,0.99,not_applicable,not_applicable,not_applicable,not_applicable,not_applicable,2,not_applicable,not_applicable,4,not_applicable,last,yes,missing,missing,missing,arXiv:2305.09836 Table 33 [ReBRAC] dataset as printed: halfcheetah-medium-expert,reported_mean_over_seeds,"Appendix G ablation row 'ReBRAC w/o layer'; averaged over 4 unseen training seeds (not 10); table header gives only dataset suffix, environment from caption. Per-dataset beta values for ablation rows assumed same as Table 11 (paper says 'each modification was disabled while keeping all the others')."
2305.09836,ReBRAC,"[""normalize q function@value"", ""penalize actor@parameter"", ""penalize critic@parameter""]",behavior_regularized_actor_critic,halfcheetah-medium-replay,v2,layers_2,50.4,0.7,1024,0.001,1000000,256,2,0.99,not_applicable,not_applicable,not_applicable,not_applicable,not_applicable,2,not_applicable,not_applicable,4,not_applicable,last,yes,missing,missing,missing,arXiv:2305.09836 Table 33 [ReBRAC] dataset as printed: halfcheetah-medium-replay,reported_mean_over_seeds,"Appendix G ablation row 'ReBRAC w/o layer'; averaged over 4 unseen training seeds (not 10); table header gives only dataset suffix, environment from caption. Per-dataset beta values for ablation rows assumed same as Table 11 (paper says 'each modification was disabled while keeping all the others')."
2305.09836,ReBRAC,"[""normalize q function@value"", ""penalize actor@parameter"", ""penalize critic@parameter""]",behavior_regularized_actor_critic,halfcheetah-full-replay,v2,layers_2,80.9,1.1,1024,0.001,1000000,256,2,0.99,not_applicable,not_applicable,not_applicable,not_applicable,not_applicable,2,not_applicable,not_applicable,4,not_applicable,last,yes,missing,missing,missing,arXiv:2305.09836 Table 33 [ReBRAC] dataset as printed: halfcheetah-full-replay,reported_mean_over_seeds,"Appendix G ablation row 'ReBRAC w/o layer'; averaged over 4 unseen training seeds (not 10); table header gives only dataset suffix, environment from caption. Per-dataset beta values for ablation rows assumed same as Table 11 (paper says 'each modification was disabled while keeping all the others')."
2305.09836,ReBRAC,"[""normalize q function@value"", ""penalize actor@parameter"", ""penalize critic@parameter""]",behavior_regularized_actor_critic,halfcheetah-random,v2,batch_256,21.0,15.7,256,0.001,1000000,256,3,0.99,not_applicable,not_applicable,not_applicable,not_applicable,not_applicable,2,not_applicable,not_applicable,4,not_applicable,last,yes,missing,missing,missing,arXiv:2305.09836 Table 33 [ReBRAC] dataset as printed: halfcheetah-random,reported_mean_over_seeds,"Appendix G ablation row 'ReBRAC w/o large batch'; averaged over 4 unseen training seeds (not 10); table header gives only dataset suffix, environment from caption. Per-dataset beta values for ablation rows assumed same as Table 11 (paper says 'each modification was disabled while keeping all the others')."
2305.09836,ReBRAC,"[""normalize q function@value"", ""penalize actor@parameter"", ""penalize critic@parameter""]",behavior_regularized_actor_critic,halfcheetah-medium,v2,batch_256,65.8,0.7,256,0.001,1000000,256,3,0.99,not_applicable,not_applicable,not_applicable,not_applicable,not_applicable,2,not_applicable,not_applicable,4,not_applicable,last,yes,missing,missing,missing,arXiv:2305.09836 Table 33 [ReBRAC] dataset as printed: halfcheetah-medium,reported_mean_over_seeds,"Appendix G ablation row 'ReBRAC w/o large batch'; averaged over 4 unseen training seeds (not 10); table header gives only dataset suffix, environment from caption. Per-dataset beta values for ablation rows assumed same as Table 11 (paper says 'each modification was disabled while keeping all the others')."
2305.09836,ReBRAC,"[""normalize q function@value"", ""penalize actor@parameter"", ""penalize critic@parameter""]",behavior_regularized_actor_critic,halfcheetah-expert,v2,batch_256,62.6,24.3,256,0.001,1000000,256,3,0.99,not_applicable,not_applicable,not_applicable,not_applicable,not_applicable,2,not_applicable,not_applicable,4,not_applicable,last,yes,missing,missing,missing,arXiv:2305.09836 Table 33 [ReBRAC] dataset as printed: halfcheetah-expert,reported_mean_over_seeds,"Appendix G ablation row 'ReBRAC w/o large batch'; averaged over 4 unseen training seeds (not 10); table header gives only dataset suffix, environment from caption. Per-dataset beta values for ablation rows assumed same as Table 11 (paper says 'each modification was disabled while keeping all the others')."
2305.09836,ReBRAC,"[""normalize q function@value"", ""penalize actor@parameter"", ""penalize critic@parameter""]",behavior_regularized_actor_critic,halfcheetah-medium-expert,v2,batch_256,85.2,7.3,256,0.001,1000000,256,3,0.99,not_applicable,not_applicable,not_applicable,not_applicable,not_applicable,2,not_applicable,not_applicable,4,not_applicable,last,yes,missing,missing,missing,arXiv:2305.09836 Table 33 [ReBRAC] dataset as printed: halfcheetah-medium-expert,reported_mean_over_seeds,"Appendix G ablation row 'ReBRAC w/o large batch'; averaged over 4 unseen training seeds (not 10); table header gives only dataset suffix, environment from caption. Per-dataset beta values for ablation rows assumed same as Table 11 (paper says 'each modification was disabled while keeping all the others')."
2305.09836,ReBRAC,"[""normalize q function@value"", ""penalize actor@parameter"", ""penalize critic@parameter""]",behavior_regularized_actor_critic,halfcheetah-medium-replay,v2,batch_256,50.7,1.1,256,0.001,1000000,256,3,0.99,not_applicable,not_applicable,not_applicable,not_applicable,not_applicable,2,not_applicable,not_applicable,4,not_applicable,last,yes,missing,missing,missing,arXiv:2305.09836 Table 33 [ReBRAC] dataset as printed: halfcheetah-medium-replay,reported_mean_over_seeds,"Appendix G ablation row 'ReBRAC w/o large batch'; averaged over 4 unseen training seeds (not 10); table header gives only dataset suffix, environment from caption. Per-dataset beta values for ablation rows assumed same as Table 11 (paper says 'each modification was disabled while keeping all the others')."
2305.09836,ReBRAC,"[""normalize q function@value"", ""penalize actor@parameter"", ""penalize critic@parameter""]",behavior_regularized_actor_critic,halfcheetah-full-replay,v2,batch_256,81.9,1.4,256,0.001,1000000,256,3,0.99,not_applicable,not_applicable,not_applicable,not_applicable,not_applicable,2,not_applicable,not_applicable,4,not_applicable,last,yes,missing,missing,missing,arXiv:2305.09836 Table 33 [ReBRAC] dataset as printed: halfcheetah-full-replay,reported_mean_over_seeds,"Appendix G ablation row 'ReBRAC w/o large batch'; averaged over 4 unseen training seeds (not 10); table header gives only dataset suffix, environment from caption. Per-dataset beta values for ablation rows assumed same as Table 11 (paper says 'each modification was disabled while keeping all the others')."
2305.09836,ReBRAC,"[""normalize q function@value"", ""penalize actor@parameter"", ""penalize critic@parameter""]",behavior_regularized_actor_critic,hopper-random,v2,no_layernorm,12.2,13.3,1024,0.001,1000000,256,3,0.99,not_applicable,not_applicable,not_applicable,not_applicable,not_applicable,2,not_applicable,not_applicable,4,not_applicable,last,no,missing,missing,missing,arXiv:2305.09836 Table 34 [ReBRAC] dataset as printed: hopper-random,reported_mean_over_seeds,"Appendix G ablation row 'ReBRAC w/o LN'; averaged over 4 unseen training seeds (not 10); table header gives only dataset suffix, environment from caption. Per-dataset beta values for ablation rows assumed same as Table 11 (paper says 'each modification was disabled while keeping all the others')."
2305.09836,ReBRAC,"[""normalize q function@value"", ""penalize actor@parameter"", ""penalize critic@parameter""]",behavior_regularized_actor_critic,hopper-medium,v2,no_layernorm,1.0,0.6,1024,0.001,1000000,256,3,0.99,not_applicable,not_applicable,not_applicable,not_applicable,not_applicable,2,not_applicable,not_applicable,4,not_applicable,last,no,missing,missing,missing,arXiv:2305.09836 Table 34 [ReBRAC] dataset as printed: hopper-medium,reported_mean_over_seeds,"Appendix G ablation row 'ReBRAC w/o LN'; averaged over 4 unseen training seeds (not 10); table header gives only dataset suffix, environment from caption. Per-dataset beta values for ablation rows assumed same as Table 11 (paper says 'each modification was disabled while keeping all the others')."
2305.09836,ReBRAC,"[""normalize q function@value"", ""penalize actor@parameter"", ""penalize critic@parameter""]",behavior_regularized_actor_critic,hopper-expert,v2,no_layernorm,111.1,1.0,1024,0.001,1000000,256,3,0.99,not_applicable,not_applicable,not_applicable,not_applicable,not_applicable,2,not_applicable,not_applicable,4,not_applicable,last,no,missing,missing,missing,arXiv:2305.09836 Table 34 [ReBRAC] dataset as printed: hopper-expert,reported_mean_over_seeds,"Appendix G ablation row 'ReBRAC w/o LN'; averaged over 4 unseen training seeds (not 10); table header gives only dataset suffix, environment from caption. Per-dataset beta values for ablation rows assumed same as Table 11 (paper says 'each modification was disabled while keeping all the others')."
2305.09836,ReBRAC,"[""normalize q function@value"", ""penalize actor@parameter"", ""penalize critic@parameter""]",behavior_regularized_actor_critic,hopper-medium-expert,v2,no_layernorm,112.4,0.7,1024,0.001,1000000,256,3,0.99,not_applicable,not_applicable,not_applicable,not_applicable,not_applicable,2,not_applicable,not_applicable,4,not_applicable,last,no,missing,missing,missing,arXiv:2305.09836 Table 34 [ReBRAC] dataset as printed: hopper-medium-expert,reported_mean_over_seeds,"Appendix G ablation row 'ReBRAC w/o LN'; averaged over 4 unseen training seeds (not 10); table header gives only dataset suffix, environment from caption. Per-dataset beta values for ablation rows assumed same as Table 11 (paper says 'each modification was disabled while keeping all the others')."
2305.09836,ReBRAC,"[""normalize q function@value"", ""penalize actor@parameter"", ""penalize critic@parameter""]",behavior_regularized_actor_critic,hopper-medium-replay,v2,no_layernorm,57.4,25.0,1024,0.001,1000000,256,3,0.99,not_applicable,not_applicable,not_applicable,not_applicable,not_applicable,2,not_applicable,not_applicable,4,not_applicable,last,no,missing,missing,missing,arXiv:2305.09836 Table 34 [ReBRAC] dataset as printed: hopper-medium-replay,reported_mean_over_seeds,"Appendix G ablation row 'ReBRAC w/o LN'; averaged over 4 unseen training seeds (not 10); table header gives only dataset suffix, environment from caption. Per-dataset beta values for ablation rows assumed same as Table 11 (paper says 'each modification was disabled while keeping all the others')."
2305.09836,ReBRAC,"[""normalize q function@value"", ""penalize actor@parameter"", ""penalize critic@parameter""]",behavior_regularized_actor_critic,hopper-full-replay,v2,no_layernorm,107.2,2.0,1024,0.001,1000000,256,3,0.99,not_applicable,not_applicable,not_applicable,not_applicable,not_applicable,2,not_applicable,not_applicable,4,not_applicable,last,no,missing,missing,missing,arXiv:2305.09836 Table 34 [ReBRAC] dataset as printed: hopper-full-replay,reported_mean_over_seeds,"Appendix G ablation row 'ReBRAC w/o LN'; averaged over 4 unseen training seeds (not 10); table header gives only dataset suffix, environment from caption. Per-dataset beta values for ablation rows assumed same as Table 11 (paper says 'each modification was disabled while keeping all the others')."
2305.09836,ReBRAC,"[""normalize q function@value"", ""penalize actor@parameter"", ""penalize critic@parameter""]",behavior_regularized_actor_critic,hopper-random,v2,layers_2,8.8,0.6,1024,0.001,1000000,256,2,0.99,not_applicable,not_applicable,not_applicable,not_applicable,not_applicable,2,not_applicable,not_applicable,4,not_applicable,last,yes,missing,missing,missing,arXiv:2305.09836 Table 34 [ReBRAC] dataset as printed: hopper-random,reported_mean_over_seeds,"Appendix G ablation row 'ReBRAC w/o layer'; averaged over 4 unseen training seeds (not 10); table header gives only dataset suffix, environment from caption. Per-dataset beta values for ablation rows assumed same as Table 11 (paper says 'each modification was disabled while keeping all the others')."
2305.09836,ReBRAC,"[""normalize q function@value"", ""penalize actor@parameter"", ""penalize critic@parameter""]",behavior_regularized_actor_critic,hopper-medium,v2,layers_2,101.8,0.2,1024,0.001,1000000,256,2,0.99,not_applicable,not_applicable,not_applicable,not_applicable,not_applicable,2,not_applicable,not_applicable,4,not_applicable,last,yes,missing,missing,missing,arXiv:2305.09836 Table 34 [ReBRAC] dataset as printed: hopper-medium,reported_mean_over_seeds,"Appendix G ablation row 'ReBRAC w/o layer'; averaged over 4 unseen training seeds (not 10); table header gives only dataset suffix, environment from caption. Per-dataset beta values for ablation rows assumed same as Table 11 (paper says 'each modification was disabled while keeping all the others')."
2305.09836,ReBRAC,"[""normalize q function@value"", ""penalize actor@parameter"", ""penalize critic@parameter""]",behavior_regularized_actor_critic,hopper-expert,v2,layers_2,103.7,5.1,1024,0.001,1000000,256,2,0.99,not_applicable,not_applicable,not_applicable,not_applicable,not_applicable,2,not_applicable,not_applicable,4,not_applicable,last,yes,missing,missing,missing,arXiv:2305.09836 Table 34 [ReBRAC] dataset as printed: hopper-expert,reported_mean_over_seeds,"Appendix G ablation row 'ReBRAC w/o layer'; averaged over 4 unseen training seeds (not 10); table header gives only dataset suffix, environment from caption. Per-dataset beta values for ablation rows assumed same as Table 11 (paper says 'each modification was disabled while keeping all the others')."
2305.09836,ReBRAC,"[""normalize q function@value"", ""penalize actor@parameter"", ""penalize critic@parameter""]",behavior_regularized_actor_critic,hopper-medium-expert,v2,layers_2,104.1,7.7,1024,0.001,1000000,256,2,0.99,not_applicable,not_applicable,not_applicable,not_applicable,not_applicable,2,not_applicable,not_applicable,4,not_applicable,last,yes,missing,missing,missing,arXiv:2305.09836 Table 34 [ReBRAC] dataset as printed: hopper-medium-expert,reported_mean_over_seeds,"Appendix G ablation row 'ReBRAC w/o layer'; averaged over 4 unseen training seeds (not 10); table header gives only dataset suffix, environment from caption. Per-dataset beta values for ablation rows assumed same as Table 11 (paper says 'each modification was disabled while keeping all the others')."
2305.09836,ReBRAC,"[""normalize q function@value"", ""penalize actor@parameter"", ""penalize critic@parameter""]",behavior_regularized_actor_critic,hopper-medium-replay,v2,layers_2,97.5,3.5,1024,0.001,1000000,256,2,0.99,not_applicable,not_applicable,not_applicable,not_applicable,not_applicable,2,not_applicable,not_applicable,4,not_applicable,last,yes,missing,missing,missing,arXiv:2305.09836 Table 34 [ReBRAC] dataset as printed: hopper-medium-replay,reported_mean_over_seeds,"Appendix G ablation row 'ReBRAC w/o layer'; averaged over 4 unseen training seeds (not 10); table header gives only dataset suffix, environment from caption. Per-dataset beta values for ablation rows assumed same as Table 11 (paper says 'each modification was disabled while keeping all the others')."
2305.09836,ReBRAC,"[""normalize q function@value"", ""penalize actor@parameter"", ""penalize critic@parameter""]",behavior_regularized_actor_critic,hopper-full-replay,v2,layers_2,106.5,0.3,1024,0.001,1000000,256,2,0.99,not_applicable,not_applicable,not_applicable,not_applicable,not_applicable,2,not_applicable,not_applicable,4,not_applicable,last,yes,missing,missing,missing,arXiv:2305.09836 Table 34 [ReBRAC] dataset as printed: hopper-full-replay,reported_mean_over_seeds,"Appendix G ablation row 'ReBRAC w/o layer'; averaged over 4 unseen training seeds (not 10); table header gives only dataset suffix, environment from caption. Per-dataset beta values for ablation rows assumed same as Table 11 (paper says 'each modification was disabled while keeping all the others')."
2305.09836,ReBRAC,"[""normalize q function@value"", ""penalize actor@parameter"", ""penalize critic@parameter""]",behavior_regularized_actor_critic,hopper-random,v2,batch_256,8.6,0.5,256,0.001,1000000,256,3,0.99,not_applicable,not_applicable,not_applicable,not_applicable,not_applicable,2,not_applicable,not_applicable,4,not_applicable,last,yes,missing,missing,missing,arXiv:2305.09836 Table 34 [ReBRAC] dataset as printed: hopper-random,reported_mean_over_seeds,"Appendix G ablation row 'ReBRAC w/o large batch'; averaged over 4 unseen training seeds (not 10); table header gives only dataset suffix, environment from caption. Per-dataset beta values for ablation rows assumed same as Table 11 (paper says 'each modification was disabled while keeping all the others')."
2305.09836,ReBRAC,"[""normalize q function@value"", ""penalize actor@parameter"", ""penalize critic@parameter""]",behavior_regularized_actor_critic,hopper-medium,v2,batch_256,98.9,5.2,256,0.001,1000000,256,3,0.99,not_applicable,not_applicable,not_applicable,not_applicable,not_applicable,2,not_applicable,not_applicable,4,not_applicable,last,yes,missing,missing,missing,arXiv:2305.09836 Table 34 [ReBRAC] dataset as printed: hopper-medium,reported_mean_over_seeds,"Appendix G ablation row 'ReBRAC w/o large batch'; averaged over 4 unseen training seeds (not 10); table header gives only dataset suffix, environment from caption. Per-dataset beta values for ablation rows assumed same as Table 11 (paper says 'each modification was disabled while keeping all the others')."
2305.09836,ReBRAC,"[""normalize q function@value"", ""penalize actor@parameter"", ""penalize critic@parameter""]",behavior_regularized_actor_critic,hopper-expert,v2,batch_256,98.8,13.4,256,0.001,1000000,256,3,0.99,not_applicable,not_applicable,not_applicable,not_applicable,not_applicable,2,not_applicable,not_applicable,4,not_applicable,last,yes,missing,missing,missing,arXiv:2305.09836 Table 34 [ReBRAC] dataset as printed: hopper-expert,reported_mean_over_seeds,"Appendix G ablation row 'ReBRAC w/o large batch'; averaged over 4 unseen training seeds (not 10); table header gives only dataset suffix, environment from caption. Per-dataset beta values for ablation rows assumed same as Table 11 (paper says 'each modification was disabled while keeping all the others')."
2305.09836,ReBRAC,"[""normalize q function@value"", ""penalize actor@parameter"", ""penalize critic@parameter""]",behavior_regularized_actor_critic,hopper-medium-expert,v2,batch_256,107.8,2.9,256,0.001,1000000,256,3,0.99,not_applicable,not_applicable,not_applicable,not_applicable,not_applicable,2,not_applicable,not_applicable,4,not_applicable,last,yes,missing,missing,missing,arXiv:2305.09836 Table 34 [ReBRAC] dataset as printed: hopper-medium-expert,reported_mean_over_seeds,"Appendix G ablation row 'ReBRAC w/o large batch'; averaged over 4 unseen training seeds (not 10); table header gives only dataset suffix, environment from caption. Per-dataset beta values for ablation rows assumed same as Table 11 (paper says 'each modification was disabled while keeping all the others')."
2305.09836,ReBRAC,"[""normalize q function@value"", ""penalize actor@parameter"", ""penalize critic@parameter""]",behavior_regularized_actor_critic,hopper-medium-replay,v2,batch_256,96.2,7.6,256,0.001,1000000,256,3,0.99,not_applicable,not_applicable,not_applicable,not_applicable,not_applicable,2,not_applicable,not_applicable,4,not_applicable,last,yes,missing,missing,missing,arXiv:2305.09836 Table 34 [ReBRAC] dataset as printed: hopper-medium-replay,reported_mean_over_seeds,"Appendix G ablation row 'ReBRAC w/o large batch'; averaged over 4 unseen training seeds (not 10); table header gives only dataset suffix, environment from caption. Per-dataset beta values for ablation rows assumed same as Table 11 (paper says 'each modification was disabled while keeping all the others')."
2305.09836,ReBRAC,"[""normalize q function@value"", ""penalize actor@parameter"", ""penalize critic@parameter""]",behavior_regularized_actor_critic,hopper-full-replay,v2,batch_256,106.6,0.2,256,0.001,1000000,256,3,0.99,not_applicable,not_applicable,not_applicable,not_applicable,not_applicable,2,not_applicable,not_applicable,4,not_applicable,last,yes,missing,missing,missing,arXiv:2305.09836 Table 34 [ReBRAC] dataset as printed: hopper-full-replay,reported_mean_over_seeds,"Appendix G ablation row 'ReBRAC w/o large batch'; averaged over 4 unseen training seeds (not 10); table header gives only dataset suffix, environment from caption. Per-dataset beta values for ablation rows assumed same as Table 11 (paper says 'each modification was disabled while keeping all the others')."
2305.09836,ReBRAC,"[""normalize q function@value"", ""penalize actor@parameter"", ""penalize critic@parameter""]",behavior_regularized_actor_critic,walker2d-random,v2,no_layernorm,1.3,1.5,1024,0.001,1000000,256,3,0.99,not_applicable,not_applicable,not_applicable,not_applicable,not_applicable,2,not_applicable,not_applicable,4,not_applicable,last,no,missing,missing,missing,arXiv:2305.09836 Table 35 [ReBRAC] dataset as printed: walker2d-random,reported_mean_over_seeds,"Appendix G ablation row 'ReBRAC w/o LN'; averaged over 4 unseen training seeds (not 10); table header gives only dataset suffix, environment from caption. Per-dataset beta values for ablation rows assumed same as Table 11 (paper says 'each modification was disabled while keeping all the others')."
2305.09836,ReBRAC,"[""normalize q function@value"", ""penalize actor@parameter"", ""penalize critic@parameter""]",behavior_regularized_actor_critic,walker2d-medium,v2,no_layernorm,84.3,2.5,1024,0.001,1000000,256,3,0.99,not_applicable,not_applicable,not_applicable,not_applicable,not_applicable,2,not_applicable,not_applicable,4,not_applicable,last,no,missing,missing,missing,arXiv:2305.09836 Table 35 [ReBRAC] dataset as printed: walker2d-medium,reported_mean_over_seeds,"Appendix G ablation row 'ReBRAC w/o LN'; averaged over 4 unseen training seeds (not 10); table header gives only dataset suffix, environment from caption. Per-dataset beta values for ablation rows assumed same as Table 11 (paper says 'each modification was disabled while keeping all the others')."
2305.09836,ReBRAC,"[""normalize q function@value"", ""penalize actor@parameter"", ""penalize critic@parameter""]",behavior_regularized_actor_critic,walker2d-expert,v2,no_layernorm,8.3,3.1,1024,0.001,1000000,256,3,0.99,not_applicable,not_applicable,not_applicable,not_applicable,not_applicable,2,not_applicable,not_applicable,4,not_applicable,last,no,missing,missing,missing,arXiv:2305.09836 Table 35 [ReBRAC] dataset as printed: walker2d-expert,reported_mean_over_seeds,"Appendix G ablation row 'ReBRAC w/o LN'; averaged over 4 unseen training seeds (not 10); table header gives only dataset suffix, environment from caption. Per-dataset beta values for ablation rows assumed same as Table 11 (paper says 'each modification was disabled while keeping all the others')."
2305.09836,ReBRAC,"[""normalize q function@value"", ""penalize actor@parameter"", ""penalize critic@parameter""]",behavior_regularized_actor_critic,walker2d-medium-expert,v2,no_layernorm,52.7,53.9,1024,0.001,1000000,256,3,0.99,not_applicable,not_applicable,not_applicable,not_applicable,not_applicable,2,not_applicable,not_applicable,4,not_applicable,last,no,missing,missing,missing,arXiv:2305.09836 Table 35 [ReBRAC] dataset as printed: walker2d-medium-expert,reported_mean_over_seeds,"Appendix G ablation row 'ReBRAC w/o LN'; averaged over 4 unseen training seeds (not 10); table header gives only dataset suffix, environment from caption. Per-dataset beta values for ablation rows assumed same as Table 11 (paper says 'each modification was disabled while keeping all the others')."
2305.09836,ReBRAC,"[""normalize q function@value"", ""penalize actor@parameter"", ""penalize critic@parameter""]",behavior_regularized_actor_critic,walker2d-medium-replay,v2,no_layernorm,78.9,8.4,1024,0.001,1000000,256,3,0.99,not_applicable,not_applicable,not_applicable,not_applicable,not_applicable,2,not_applicable,not_applicable,4,not_applicable,last,no,missing,missing,missing,arXiv:2305.09836 Table 35 [ReBRAC] dataset as printed: walker2d-medium-replay,reported_mean_over_seeds,"Appendix G ablation row 'ReBRAC w/o LN'; averaged over 4 unseen training seeds (not 10); table header gives only dataset suffix, environment from caption. Per-dataset beta values for ablation rows assumed same as Table 11 (paper says 'each modification was disabled while keeping all the others')."
2305.09836,ReBRAC,"[""normalize q function@value"", ""penalize actor@parameter"", ""penalize critic@parameter""]",behavior_regularized_actor_critic,walker2d-full-replay,v2,no_layernorm,61.1,46.6,1024,0.001,1000000,256,3,0.99,not_applicable,not_applicable,not_applicable,not_applicable,not_applicable,2,not_applicable,not_applicable,4,not_applicable,last,no,missing,missing,missing,arXiv:2305.09836 Table 35 [ReBRAC] dataset as printed: walker2d-full-replay,reported_mean_over_seeds,"Appendix G ablation row 'ReBRAC w/o LN'; averaged over 4 unseen training seeds (not 10); table header gives only dataset suffix, environment from caption. Per-dataset beta values for ablation rows assumed same as Table 11 (paper says 'each modification was disabled while keeping all the others')."
2305.09836,ReBRAC,"[""normalize q function@value"", ""penalize actor@parameter"", ""penalize critic@parameter""]",behavior_regularized_actor_critic,walker2d-random,v2,layers_2,11.4,11.9,1024,0.001,1000000,256,2,0.99,not_applicable,not_applicable,not_applicable,not_applicable,not_applicable,2,not_applicable,not_applicable,4,not_applicable,last,yes,missing,missing,missing,arXiv:2305.09836 Table 35 [ReBRAC] dataset as printed: walker2d-random,reported_mean_over_seeds,"Appendix G ablation row 'ReBRAC w/o layer'; averaged over 4 unseen training seeds (not 10); table header gives only dataset suffix, environment from caption. Per-dataset beta values for ablation rows assumed same as Table 11 (paper says 'each modification was disabled while keeping all the others')."
2305.09836,ReBRAC,"[""normalize q function@value"", ""penalize actor@parameter"", ""penalize critic@parameter""]",behavior_regularized_actor_critic,walker2d-medium,v2,layers_2,86.2,0.9,1024,0.001,1000000,256,2,0.99,not_applicable,not_applicable,not_applicable,not_applicable,not_applicable,2,not_applicable,not_applicable,4,not_applicable,last,yes,missing,missing,missing,arXiv:2305.09836 Table 35 [ReBRAC] dataset as printed: walker2d-medium,reported_mean_over_seeds,"Appendix G ablation row 'ReBRAC w/o layer'; averaged over 4 unseen training seeds (not 10); table header gives only dataset suffix, environment from caption. Per-dataset beta values for ablation rows assumed same as Table 11 (paper says 'each modification was disabled while keeping all the others')."
2305.09836,ReBRAC,"[""normalize q function@value"", ""penalize actor@parameter"", ""penalize critic@parameter""]",behavior_regularized_actor_critic,walker2d-expert,v2,layers_2,112.1,0.1,1024,0.001,1000000,256,2,0.99,not_applicable,not_applicable,not_applicable,not_applicable,not_applicable,2,not_applicable,not_applicable,4,not_applicable,last,yes,missing,missing,missing,arXiv:2305.09836 Table 35 [ReBRAC] dataset as printed: walker2d-expert,reported_mean_over_seeds,"Appendix G ablation row 'ReBRAC w/o layer'; averaged over 4 unseen training seeds (not 10); table header gives only dataset suffix, environment from caption. Per-dataset beta values for ablation rows assumed same as Table 11 (paper says 'each modification was disabled while keeping all the others')."
2305.09836,ReBRAC,"[""normalize q function@value"", ""penalize actor@parameter"", ""penalize critic@parameter""]",behavior_regularized_actor_critic,walker2d-medium-expert,v2,layers_2,111.9,0.2,1024,0.001,1000000,256,2,0.99,not_applicable,not_applicable,not_applicable,not_applicable,not_applicable,2,not_applicable,not_applicable,4,not_applicable,last,yes,missing,missing,missing,arXiv:2305.09836 Table 35 [ReBRAC] dataset as printed: walker2d-medium-expert,reported_mean_over_seeds,"Appendix G ablation row 'ReBRAC w/o layer'; averaged over 4 unseen training seeds (not 10); table header gives only dataset suffix, environment from caption. Per-dataset beta values for ablation rows assumed same as Table 11 (paper says 'each modification was disabled while keeping all the others')."
2305.09836,ReBRAC,"[""normalize q function@value"", ""penalize actor@parameter"", ""penalize critic@parameter""]",behavior_regularized_actor_critic,walker2d-medium-replay,v2,layers_2,83.9,5.4,1024,0.001,1000000,256,2,0.99,not_applicable,not_applicable,not_applicable,not_applicable,not_applicable,2,not_applicable,not_applicable,4,not_applicable,last,yes,missing,missing,missing,arXiv:2305.09836 Table 35 [ReBRAC] dataset as printed: walker2d-medium-replay,reported_mean_over_seeds,"Appendix G ablation row 'ReBRAC w/o layer'; averaged over 4 unseen training seeds (not 10); table header gives only dataset suffix, environment from caption. Per-dataset beta values for ablation rows assumed same as Table 11 (paper says 'each modification was disabled while keeping all the others')."
2305.09836,ReBRAC,"[""normalize q function@value"", ""penalize actor@parameter"", ""penalize critic@parameter""]",behavior_regularized_actor_critic,walker2d-full-replay,v2,layers_2,101.8,0.9,1024,0.001,1000000,256,2,0.99,not_applicable,not_applicable,not_applicable,not_applicable,not_applicable,2,not_applicable,not_applicable,4,not_applicable,last,yes,missing,missing,missing,arXiv:2305.09836 Table 35 [ReBRAC] dataset as printed: walker2d-full-replay,reported_mean_over_seeds,"Appendix G ablation row 'ReBRAC w/o layer'; averaged over 4 unseen training seeds (not 10); table header gives only dataset suffix, environment from caption. Per-dataset beta values for ablation rows assumed same as Table 11 (paper says 'each modification was disabled while keeping all the others')."
2305.09836,ReBRAC,"[""normalize q function@value"", ""penalize actor@parameter"", ""penalize critic@parameter""]",behavior_regularized_actor_critic,walker2d-random,v2,batch_256,5.6,0.2,256,0.001,1000000,256,3,0.99,not_applicable,not_applicable,not_applicable,not_applicable,not_applicable,2,not_applicable,not_applicable,4,not_applicable,last,yes,missing,missing,missing,arXiv:2305.09836 Table 35 [ReBRAC] dataset as printed: walker2d-random,reported_mean_over_seeds,"Appendix G ablation row 'ReBRAC w/o large batch'; averaged over 4 unseen training seeds (not 10); table header gives only dataset suffix, environment from caption. Per-dataset beta values for ablation rows assumed same as Table 11 (paper says 'each modification was disabled while keeping all the others')."
2305.09836,ReBRAC,"[""normalize q function@value"", ""penalize actor@parameter"", ""penalize critic@parameter""]",behavior_regularized_actor_critic,walker2d-medium,v2,batch_256,84.8,1.0,256,0.001,1000000,256,3,0.99,not_applicable,not_applicable,not_applicable,not_applicable,not_applicable,2,not_applicable,not_applicable,4,not_applicable,last,yes,missing,missing,missing,arXiv:2305.09836 Table 35 [ReBRAC] dataset as printed: walker2d-medium,reported_mean_over_seeds,"Appendix G ablation row 'ReBRAC w/o large batch'; averaged over 4 unseen training seeds (not 10); table header gives only dataset suffix, environment from caption. Per-dataset beta values for ablation rows assumed same as Table 11 (paper says 'each modification was disabled while keeping all the others')."
2305.09836,ReBRAC,"[""normalize q function@value"", ""penalize actor@parameter"", ""penalize critic@parameter""]",behavior_regularized_actor_critic,walker2d-expert,v2,batch_256,112.2,0.2,256,0.001,1000000,256,3,0.99,not_applicable,not_applicable,not_applicable,not_applicable,not_applicable,2,not_applicable,not_applicable,4,not_applicable,last,yes,missing,missing,missing,arXiv:2305.09836 Table 35 [ReBRAC] dataset as printed: walker2d-expert,reported_mean_over_seeds,"Appendix G ablation row 'ReBRAC w/o large batch'; averaged over 4 unseen training seeds (not 10); table header gives only dataset suffix, environment from caption. Per-dataset beta values for ablation rows assumed same as Table 11 (paper says 'each modification was disabled while keeping all the others')."
2305.09836,ReBRAC,"[""normalize q function@value"", ""penalize actor@parameter"", ""penalize critic@parameter""]",behavior_regularized_actor_critic,walker2d-medium-expert,v2,batch_256,110.9,0.2,256,0.001,1000000,256,3,0.99,not_applicable,not_applicable,not_applicable,not_applicable,not_applicable,2,not_applicable,not_applicable,4,not_applicable,last,yes,missing,missing,missing,arXiv:2305.09836 Table 35 [ReBRAC] dataset as printed: walker2d-medium-expert,reported_mean_over_seeds,"Appendix G ablation row 'ReBRAC w/o large batch'; averaged over 4 unseen training seeds (not 10); table header gives only dataset suffix, environment from caption. Per-dataset beta values for ablation rows assumed same as Table 11 (paper says 'each modification was disabled while keeping all the others')."
2305.09836,ReBRAC,"[""normalize q function@value"", ""penalize actor@parameter"", ""penalize critic@parameter""]",behavior_regularized_actor_critic,walker2d-medium-replay,v2,batch_256,71.7,20.2,256,0.001,1000000,256,3,0.99,not_applicable,not_applicable,not_applicable,not_applicable,not_applicable,2,not_applicable,not_applicable,4,not_applicable,last,yes,missing,missing,missing,arXiv:2305.09836 Table 35 [ReBRAC] dataset as printed: walker2d-medium-replay,reported_mean_over_seeds,"Appendix G ablation row 'ReBRAC w/o large batch'; averaged over 4 unseen training seeds (not 10); table header gives only dataset suffix, environment from caption. Per-dataset beta values for ablation rows assumed same as Table 11 (paper says 'each modification was disabled while keeping all the others')."
2305.09836,ReBRAC,"[""normalize q function@value"", ""penalize actor@parameter"", ""penalize critic@parameter""]",behavior_regularized_actor_critic,walker2d-full-replay,v2,batch_256,97.7,5.8,256,0.001,1000000,256,3,0.99,not_applicable,not_applicable,not_applicable,not_applicable,not_applicable,2,not_applicable,not_applicable,4,not_applicable,last,yes,missing,missing,missing,arXiv:2305.09836 Table 35 [ReBRAC] dataset as printed: walker2d-full-replay,reported_mean_over_seeds,"Appendix G ablation row 'ReBRAC w/o large batch'; averaged over 4 unseen training seeds (not 10); table header gives only dataset suffix, environment from caption. Per-dataset beta values for ablation rows assumed same as Table 11 (paper says 'each modification was disabled while keeping all the others')."
2103.08050,FisherBRC,"[""approximate@distribution"", ""correct@parameter"", ""regularize@gradient"", ""train@parameter""]",behavior_regularized_actor_critic,halfcheetah-random,unknown,main,33.3,1.3,missing,missing,1000000,256,3,missing,not_applicable,not_applicable,not_applicable,not_applicable,not_applicable,missing,not_applicable,not_applicable,5,not_applicable,last,missing,missing,missing,missing,arXiv:2103.08050 Table 1 [F-BRC] dataset as printed: halfcheetah-random,reported_mean_over_seeds,"column 'F-BRC (Ours)' (last column); normalized return at end of training, 5 seeds x 10 episodes."
2103.08050,FisherBRC,"[""approximate@distribution"", ""correct@parameter"", ""regularize@gradient"", ""train@parameter""]",behavior_regularized_actor_critic,hopper-random,unknown,main,11.3,0.2,missing,missing,1000000,256,3,missing,not_applicable,not_applicable,not_applicable,not_applicable,not_applicable,missing,not_applicable,not_applicable,5,not_applicable,last,missing,missing,missing,missing,arXiv:2103.08050 Table 1 [F-BRC] dataset as printed: hopper-random,reported_mean_over_seeds,"column 'F-BRC (Ours)' (last column); normalized return at end of training, 5 seeds x 10 episodes."
2103.08050,FisherBRC,"[""approximate@distribution"", ""correct@parameter"", ""regularize@gradient"", ""train@parameter""]",behavior_regularized_actor_critic,walker2d-random,unknown,main,1.5,0.7,missing,missing,1000000,256,3,missing,not_applicable,not_applicable,not_applicable,not_applicable,not_applicable,missing,not_applicable,not_applicable,5,not_applicable,last,missing,missing,missing,missing,arXiv:2103.08050 Table 1 [F-BRC] dataset as printed: walker2d-random,reported_mean_over_seeds,"column 'F-BRC (Ours)' (last column); normalized return at end of training, 5 seeds x 10 episodes."
2103.08050,FisherBRC,"[""approximate@distribution"", ""correct@parameter"", ""regularize@gradient"", ""train@parameter""]",behavior_regularized_actor_critic,halfcheetah-medium,unknown,main,41.3,0.3,missing,missing,1000000,256,3,missing,not_applicable,not_applicable,not_applicable,not_applicable,not_applicable,missing,not_applicable,not_applicable,5,not_applicable,last,missing,missing,missing,missing,arXiv:2103.08050 Table 1 [F-BRC] dataset as printed: halfcheetah-medium,reported_mean_over_seeds,"column 'F-BRC (Ours)' (last column); normalized return at end of training, 5 seeds x 10 episodes."
2103.08050,FisherBRC,"[""approximate@distribution"", ""correct@parameter"", ""regularize@gradient"", ""train@parameter""]",behavior_regularized_actor_critic,walker2d-medium,unknown,main,78.8,1.0,missing,missing,1000000,256,3,missing,not_applicable,not_applicable,not_applicable,not_applicable,not_applicable,missing,not_applicable,not_applicable,5,not_applicable,last,missing,missing,missing,missing,arXiv:2103.08050 Table 1 [F-BRC] dataset as printed: walker2d-medium,reported_mean_over_seeds,"column 'F-BRC (Ours)' (last column); normalized return at end of training, 5 seeds x 10 episodes."
2103.08050,FisherBRC,"[""approximate@distribution"", ""correct@parameter"", ""regularize@gradient"", ""train@parameter""]",behavior_regularized_actor_critic,hopper-medium,unknown,main,99.4,0.3,missing,missing,1000000,256,3,missing,not_applicable,not_applicable,not_applicable,not_applicable,not_applicable,missing,not_applicable,not_applicable,5,not_applicable,last,missing,missing,missing,missing,arXiv:2103.08050 Table 1 [F-BRC] dataset as printed: hopper-medium,reported_mean_over_seeds,"column 'F-BRC (Ours)' (last column); normalized return at end of training, 5 seeds x 10 episodes."
2103.08050,FisherBRC,"[""approximate@distribution"", ""correct@parameter"", ""regularize@gradient"", ""train@parameter""]",behavior_regularized_actor_critic,halfcheetah-expert,unknown,main,108.4,0.5,missing,missing,1000000,256,3,missing,not_applicable,not_applicable,not_applicable,not_applicable,not_applicable,missing,not_applicable,not_applicable,5,not_applicable,last,missing,missing,missing,missing,arXiv:2103.08050 Table 1 [F-BRC] dataset as printed: halfcheetah-expert,reported_mean_over_seeds,"column 'F-BRC (Ours)' (last column); normalized return at end of training, 5 seeds x 10 episodes. MBOP column is '-' on this line (3 ± cells); F-BRC is still the last ± cell."
2103.08050,FisherBRC,"[""approximate@distribution"", ""correct@parameter"", ""regularize@gradient"", ""train@parameter""]",behavior_regularized_actor_critic,hopper-expert,unknown,main,112.3,0.1,missing,missing,1000000,256,3,missing,not_applicable,not_applicable,not_applicable,not_applicable,not_applicable,missing,not_applicable,not_applicable,5,not_applicable,last,missing,missing,missing,missing,arXiv:2103.08050 Table 1 [F-BRC] dataset as printed: hopper-expert,reported_mean_over_seeds,"column 'F-BRC (Ours)' (last column); normalized return at end of training, 5 seeds x 10 episodes. MBOP column is '-' on this line (3 ± cells); F-BRC is still the last ± cell."
2103.08050,FisherBRC,"[""approximate@distribution"", ""correct@parameter"", ""regularize@gradient"", ""train@parameter""]",behavior_regularized_actor_critic,walker2d-expert,unknown,main,103.0,5.0,missing,missing,1000000,256,3,missing,not_applicable,not_applicable,not_applicable,not_applicable,not_applicable,missing,not_applicable,not_applicable,5,not_applicable,last,missing,missing,missing,missing,arXiv:2103.08050 Table 1 [F-BRC] dataset as printed: walker2d-expert,reported_mean_over_seeds,"column 'F-BRC (Ours)' (last column); normalized return at end of training, 5 seeds x 10 episodes. MBOP column is '-' on this line (3 ± cells); F-BRC is still the last ± cell."
2103.08050,FisherBRC,"[""approximate@distribution"", ""correct@parameter"", ""regularize@gradient"", ""train@parameter""]",behavior_regularized_actor_critic,halfcheetah-medium-expert,unknown,main,93.3,10.2,missing,missing,1000000,256,3,missing,not_applicable,not_applicable,not_applicable,not_applicable,not_applicable,missing,not_applicable,not_applicable,5,not_applicable,last,missing,missing,missing,missing,arXiv:2103.08050 Table 1 [F-BRC] dataset as printed: halfcheetah-medium-expert,reported_mean_over_seeds,"column 'F-BRC (Ours)' (last column); normalized return at end of training, 5 seeds x 10 episodes."
2103.08050,FisherBRC,"[""approximate@distribution"", ""correct@parameter"", ""regularize@gradient"", ""train@parameter""]",behavior_regularized_actor_critic,walker2d-medium-expert,unknown,main,105.2,3.9,missing,missing,1000000,256,3,missing,not_applicable,not_applicable,not_applicable,not_applicable,not_applicable,missing,not_applicable,not_applicable,5,not_applicable,last,missing,missing,missing,missing,arXiv:2103.08050 Table 1 [F-BRC] dataset as printed: walker2d-medium-expert,reported_mean_over_seeds,"column 'F-BRC (Ours)' (last column); normalized return at end of training, 5 seeds x 10 episodes."
2103.08050,FisherBRC,"[""approximate@distribution"", ""correct@parameter"", ""regularize@gradient"", ""train@parameter""]",behavior_regularized_actor_critic,hopper-medium-expert,unknown,main,112.4,0.3,missing,missing,1000000,256,3,missing,not_applicable,not_applicable,not_applicable,not_applicable,not_applicable,missing,not_applicable,not_applicable,5,not_applicable,last,missing,missing,missing,missing,arXiv:2103.08050 Table 1 [F-BRC] dataset as printed: hopper-medium-expert,reported_mean_over_seeds,"column 'F-BRC (Ours)' (last column); normalized return at end of training, 5 seeds x 10 episodes."
2103.08050,FisherBRC,"[""approximate@distribution"", ""correct@parameter"", ""regularize@gradient"", ""train@parameter""]",behavior_regularized_actor_critic,halfcheetah-medium-replay,unknown,main,43.2,1.5,missing,missing,1000000,256,3,missing,not_applicable,not_applicable,not_applicable,not_applicable,not_applicable,missing,not_applicable,not_applicable,5,not_applicable,last,missing,missing,missing,missing,arXiv:2103.08050 Table 1 [F-BRC] dataset as printed: halfcheetah-mixed,reported_mean_over_seeds,"column 'F-BRC (Ours)' (last column); normalized return at end of training, 5 seeds x 10 episodes. Dataset printed as '-mixed' (v0-era D4RL naming); paper does not state its mapping to medium-replay."
2103.08050,FisherBRC,"[""approximate@distribution"", ""correct@parameter"", ""regularize@gradient"", ""train@parameter""]",behavior_regularized_actor_critic,hopper-medium-replay,unknown,main,35.6,1.0,missing,missing,1000000,256,3,missing,not_applicable,not_applicable,not_applicable,not_applicable,not_applicable,missing,not_applicable,not_applicable,5,not_applicable,last,missing,missing,missing,missing,arXiv:2103.08050 Table 1 [F-BRC] dataset as printed: hopper-mixed,reported_mean_over_seeds,"column 'F-BRC (Ours)' (last column); normalized return at end of training, 5 seeds x 10 episodes. Dataset printed as '-mixed' (v0-era D4RL naming); paper does not state its mapping to medium-replay."
2103.08050,FisherBRC,"[""approximate@distribution"", ""correct@parameter"", ""regularize@gradient"", ""train@parameter""]",behavior_regularized_actor_critic,walker2d-medium-replay,unknown,main,41.8,7.9,missing,missing,1000000,256,3,missing,not_applicable,not_applicable,not_applicable,not_applicable,not_applicable,missing,not_applicable,not_applicable,5,not_applicable,last,missing,missing,missing,missing,arXiv:2103.08050 Table 1 [F-BRC] dataset as printed: walker2d-mixed,reported_mean_over_seeds,"column 'F-BRC (Ours)' (last column); normalized return at end of training, 5 seeds x 10 episodes. Dataset printed as '-mixed' (v0-era D4RL naming); paper does not state its mapping to medium-replay."
2011.07213,PLAS,"[""encode@latent"", ""intervene@action"", ""project@action"", ""reconstruct@action""]",behavior_regularized_actor_critic,walker2d-medium-expert,unknown,main,89.6,,100,0.0001,500000,400,2,missing,not_applicable,not_applicable,not_applicable,not_applicable,not_applicable,2,not_applicable,not_applicable,3,not_applicable,missing,missing,missing,missing,missing,arXiv:2011.07213 Table 3 [PLAS] dataset as printed: walker2d-medium-expert,reported_mean_over_seeds,
2011.07213,PLAS,"[""encode@latent"", ""intervene@action"", ""project@action"", ""reconstruct@action""]",behavior_regularized_actor_critic,halfcheetah-medium-expert,unknown,main,96.6,,100,0.0001,500000,400,2,missing,not_applicable,not_applicable,not_applicable,not_applicable,not_applicable,2,not_applicable,not_applicable,3,not_applicable,missing,missing,missing,missing,missing,arXiv:2011.07213 Table 3 [PLAS] dataset as printed: halfcheetah-medium-expert,reported_mean_over_seeds,
2011.07213,PLAS,"[""encode@latent"", ""intervene@action"", ""project@action"", ""reconstruct@action""]",behavior_regularized_actor_critic,walker2d-medium-replay,unknown,main,30.2,,100,0.0001,500000,400,2,missing,not_applicable,not_applicable,not_applicable,not_applicable,not_applicable,2,not_applicable,not_applicable,3,not_applicable,missing,missing,missing,missing,missing,arXiv:2011.07213 Table 3 [PLAS] dataset as printed: walker2d-medium-replay,reported_mean_over_seeds,
2011.07213,PLAS,"[""encode@latent"", ""intervene@action"", ""project@action"", ""reconstruct@action""]",behavior_regularized_actor_critic,hopper-medium-replay,unknown,main,27.9,,100,0.0001,500000,400,2,missing,not_applicable,not_applicable,not_applicable,not_applicable,not_applicable,2,not_applicable,not_applicable,3,not_applicable,missing,missing,missing,missing,missing,arXiv:2011.07213 Table 3 [PLAS] dataset as printed: hopper-medium-replay,reported_mean_over_seeds,
2011.07213,PLAS,"[""encode@latent"", ""intervene@action"", ""project@action"", ""reconstruct@action""]",behavior_regularized_actor_critic,halfcheetah-medium-replay,unknown,main,43.9,,100,0.0001,500000,400,2,missing,not_applicable,not_applicable,not_applicable,not_applicable,not_applicable,2,not_applicable,not_applicable,3,not_applicable,missing,missing,missing,missing,missing,arXiv:2011.07213 Table 3 [PLAS] dataset as printed: halfcheetah-medium-replay,reported_mean_over_seeds,
2011.07213,PLAS,"[""encode@latent"", ""intervene@action"", ""project@action"", ""reconstruct@action""]",behavior_regularized_actor_critic,walker2d-medium,unknown,main,44.6,,100,0.0001,500000,400,2,missing,not_applicable,not_applicable,not_applicable,not_applicable,not_applicable,2,not_applicable,not_applicable,3,not_applicable,missing,missing,missing,missing,missing,arXiv:2011.07213 Table 3 [PLAS] dataset as printed: walker2d-medium,reported_mean_over_seeds,
2011.07213,PLAS,"[""encode@latent"", ""intervene@action"", ""project@action"", ""reconstruct@action""]",behavior_regularized_actor_critic,hopper-medium,unknown,main,32.9,,100,0.0001,500000,400,2,missing,not_applicable,not_applicable,not_applicable,not_applicable,not_applicable,2,not_applicable,not_applicable,3,not_applicable,missing,missing,missing,missing,missing,arXiv:2011.07213 Table 3 [PLAS] dataset as printed: hopper-medium,reported_mean_over_seeds,
2011.07213,PLAS,"[""encode@latent"", ""intervene@action"", ""project@action"", ""reconstruct@action""]",behavior_regularized_actor_critic,halfcheetah-medium,unknown,main,39.3,,100,0.0001,500000,400,2,missing,not_applicable,not_applicable,not_applicable,not_applicable,not_applicable,2,not_applicable,not_applicable,3,not_applicable,missing,missing,missing,missing,missing,arXiv:2011.07213 Table 3 [PLAS] dataset as printed: halfcheetah-medium,reported_mean_over_seeds,
2011.07213,PLAS,"[""encode@latent"", ""intervene@action"", ""project@action"", ""reconstruct@action""]",behavior_regularized_actor_critic,walker2d-random,unknown,main,3.1,,100,0.0001,500000,400,2,missing,not_applicable,not_applicable,not_applicable,not_applicable,not_applicable,2,not_applicable,not_applicable,3,not_applicable,missing,missing,missing,missing,missing,arXiv:2011.07213 Table 3 [PLAS] dataset as printed: walker2d-random,reported_mean_over_seeds,paper notes 'all the experiments for walker2d-random are unstable' (Appendix C)
2011.07213,PLAS,"[""encode@latent"", ""intervene@action"", ""project@action"", ""reconstruct@action""]",behavior_regularized_actor_critic,hopper-random,unknown,main,10.5,,100,0.0001,500000,400,2,missing,not_applicable,not_applicable,not_applicable,not_applicable,not_applicable,2,not_applicable,not_applicable,3,not_applicable,missing,missing,missing,missing,missing,arXiv:2011.07213 Table 3 [PLAS] dataset as printed: hopper-random,reported_mean_over_seeds,
2011.07213,PLAS,"[""encode@latent"", ""intervene@action"", ""project@action"", ""reconstruct@action""]",behavior_regularized_actor_critic,halfcheetah-random,unknown,main,25.8,,100,0.0001,500000,400,2,missing,not_applicable,not_applicable,not_applicable,not_applicable,not_applicable,2,not_applicable,not_applicable,3,not_applicable,missing,missing,missing,missing,missing,arXiv:2011.07213 Table 3 [PLAS] dataset as printed: halfcheetah-random,reported_mean_over_seeds,
2106.08909,OneStepRL,"[""evaluate@value"", ""improve@policy""]",behavior_regularized_actor_critic,halfcheetah-medium,v2,easy_bcq,52.6,0.1,512,0.0001,100000,1024,2,missing,not_applicable,not_applicable,not_applicable,not_applicable,not_applicable,missing,not_applicable,not_applicable,10,not_applicable,last,missing,easy_bcq,missing,missing,arXiv:2106.08909 Table 1 [One-step Easy BCQ] dataset as printed: halfcheetah-m,reported_mean_over_seeds,"Dataset printed abbreviated; caption: 'We use m for medium, m-e for medium-expert, m-re for medium-replay, r for random'. ± is standard error over 10 seeds (not std). Hyperparameter chosen per dataset from sweep by online evaluation; chosen value not reported. std field holds standard error."
2106.08909,OneStepRL,"[""evaluate@value"", ""improve@policy""]",behavior_regularized_actor_critic,walker2d-medium,v2,easy_bcq,86.9,0.4,512,0.0001,100000,1024,2,missing,not_applicable,not_applicable,not_applicable,not_applicable,not_applicable,missing,not_applicable,not_applicable,10,not_applicable,last,missing,easy_bcq,missing,missing,arXiv:2106.08909 Table 1 [One-step Easy BCQ] dataset as printed: walker2d-m,reported_mean_over_seeds,"Dataset printed abbreviated; caption: 'We use m for medium, m-e for medium-expert, m-re for medium-replay, r for random'. ± is standard error over 10 seeds (not std). Hyperparameter chosen per dataset from sweep by online evaluation; chosen value not reported. std field holds standard error."
2106.08909,OneStepRL,"[""evaluate@value"", ""improve@policy""]",behavior_regularized_actor_critic,hopper-medium,v2,easy_bcq,69.7,2.1,512,0.0001,100000,1024,2,missing,not_applicable,not_applicable,not_applicable,not_applicable,not_applicable,missing,not_applicable,not_applicable,10,not_applicable,last,missing,easy_bcq,missing,missing,arXiv:2106.08909 Table 1 [One-step Easy BCQ] dataset as printed: hopper-m,reported_mean_over_seeds,"Dataset printed abbreviated; caption: 'We use m for medium, m-e for medium-expert, m-re for medium-replay, r for random'. ± is standard error over 10 seeds (not std). Hyperparameter chosen per dataset from sweep by online evaluation; chosen value not reported. std field holds standard error."
2106.08909,OneStepRL,"[""evaluate@value"", ""improve@policy""]",behavior_regularized_actor_critic,halfcheetah-medium-expert,v2,easy_bcq,77.0,0.9,512,0.0001,100000,1024,2,missing,not_applicable,not_applicable,not_applicable,not_applicable,not_applicable,missing,not_applicable,not_applicable,10,not_applicable,last,missing,easy_bcq,missing,missing,arXiv:2106.08909 Table 1 [One-step Easy BCQ] dataset as printed: halfcheetah-m-e,reported_mean_over_seeds,"Dataset printed abbreviated; caption: 'We use m for medium, m-e for medium-expert, m-re for medium-replay, r for random'. ± is standard error over 10 seeds (not std). Hyperparameter chosen per dataset from sweep by online evaluation; chosen value not reported. std field holds standard error."
2106.08909,OneStepRL,"[""evaluate@value"", ""improve@policy""]",behavior_regularized_actor_critic,walker2d-medium-expert,v2,easy_bcq,111.8,0.2,512,0.0001,100000,1024,2,missing,not_applicable,not_applicable,not_applicable,not_applicable,not_applicable,missing,not_applicable,not_applicable,10,not_applicable,last,missing,easy_bcq,missing,missing,arXiv:2106.08909 Table 1 [One-step Easy BCQ] dataset as printed: walker2d-m-e,reported_mean_over_seeds,"Dataset printed abbreviated; caption: 'We use m for medium, m-e for medium-expert, m-re for medium-replay, r for random'. ± is standard error over 10 seeds (not std). Hyperparameter chosen per dataset from sweep by online evaluation; chosen value not reported. std field holds standard error."
2106.08909,OneStepRL,"[""evaluate@value"", ""improve@policy""]",behavior_regularized_actor_critic,hopper-medium-expert,v2,easy_bcq,81.4,1.9,512,0.0001,100000,1024,2,missing,not_applicable,not_applicable,not_applicable,not_applicable,not_applicable,missing,not_applicable,not_applicable,10,not_applicable,last,missing,easy_bcq,missing,missing,arXiv:2106.08909 Table 1 [One-step Easy BCQ] dataset as printed: hopper-m-e,reported_mean_over_seeds,"Dataset printed abbreviated; caption: 'We use m for medium, m-e for medium-expert, m-re for medium-replay, r for random'. ± is standard error over 10 seeds (not std). Hyperparameter chosen per dataset from sweep by online evaluation; chosen value not reported. std field holds standard error."
2106.08909,OneStepRL,"[""evaluate@value"", ""improve@policy""]",behavior_regularized_actor_critic,halfcheetah-medium-replay,v2,easy_bcq,38.4,0.3,512,0.0001,100000,1024,2,missing,not_applicable,not_applicable,not_applicable,not_applicable,not_applicable,missing,not_applicable,not_applicable,10,not_applicable,last,missing,easy_bcq,missing,missing,arXiv:2106.08909 Table 1 [One-step Easy BCQ] dataset as printed: halfcheetah-m-re,reported_mean_over_seeds,"Dataset printed abbreviated; caption: 'We use m for medium, m-e for medium-expert, m-re for medium-replay, r for random'. ± is standard error over 10 seeds (not std). Hyperparameter chosen per dataset from sweep by online evaluation; chosen value not reported. std field holds standard error."
2106.08909,OneStepRL,"[""evaluate@value"", ""improve@policy""]",behavior_regularized_actor_critic,walker2d-medium-replay,v2,easy_bcq,66.4,2.0,512,0.0001,100000,1024,2,missing,not_applicable,not_applicable,not_applicable,not_applicable,not_applicable,missing,not_applicable,not_applicable,10,not_applicable,last,missing,easy_bcq,missing,missing,arXiv:2106.08909 Table 1 [One-step Easy BCQ] dataset as printed: walker2d-m-re,reported_mean_over_seeds,"Dataset printed abbreviated; caption: 'We use m for medium, m-e for medium-expert, m-re for medium-replay, r for random'. ± is standard error over 10 seeds (not std). Hyperparameter chosen per dataset from sweep by online evaluation; chosen value not reported. std field holds standard error."
2106.08909,OneStepRL,"[""evaluate@value"", ""improve@policy""]",behavior_regularized_actor_critic,hopper-medium-replay,v2,easy_bcq,77.3,2.7,512,0.0001,100000,1024,2,missing,not_applicable,not_applicable,not_applicable,not_applicable,not_applicable,missing,not_applicable,not_applicable,10,not_applicable,last,missing,easy_bcq,missing,missing,arXiv:2106.08909 Table 1 [One-step Easy BCQ] dataset as printed: hopper-m-re,reported_mean_over_seeds,"Dataset printed abbreviated; caption: 'We use m for medium, m-e for medium-expert, m-re for medium-replay, r for random'. ± is standard error over 10 seeds (not std). Hyperparameter chosen per dataset from sweep by online evaluation; chosen value not reported. std field holds standard error."
2106.08909,OneStepRL,"[""evaluate@value"", ""improve@policy""]",behavior_regularized_actor_critic,halfcheetah-random,v2,easy_bcq,5.4,0.1,512,0.0001,100000,1024,2,missing,not_applicable,not_applicable,not_applicable,not_applicable,not_applicable,missing,not_applicable,not_applicable,10,not_applicable,last,missing,easy_bcq,missing,missing,arXiv:2106.08909 Table 1 [One-step Easy BCQ] dataset as printed: halfcheetah-r,reported_mean_over_seeds,"Dataset printed abbreviated; caption: 'We use m for medium, m-e for medium-expert, m-re for medium-replay, r for random'. ± is standard error over 10 seeds (not std). Hyperparameter chosen per dataset from sweep by online evaluation; chosen value not reported. std field holds standard error."
2106.08909,OneStepRL,"[""evaluate@value"", ""improve@policy""]",behavior_regularized_actor_critic,walker2d-random,v2,easy_bcq,4.2,0.2,512,0.0001,100000,1024,2,missing,not_applicable,not_applicable,not_applicable,not_applicable,not_applicable,missing,not_applicable,not_applicable,10,not_applicable,last,missing,easy_bcq,missing,missing,arXiv:2106.08909 Table 1 [One-step Easy BCQ] dataset as printed: walker2d-r,reported_mean_over_seeds,"Dataset printed abbreviated; caption: 'We use m for medium, m-e for medium-expert, m-re for medium-replay, r for random'. ± is standard error over 10 seeds (not std). Hyperparameter chosen per dataset from sweep by online evaluation; chosen value not reported. std field holds standard error."
2106.08909,OneStepRL,"[""evaluate@value"", ""improve@policy""]",behavior_regularized_actor_critic,hopper-random,v2,easy_bcq,6.7,0.1,512,0.0001,100000,1024,2,missing,not_applicable,not_applicable,not_applicable,not_applicable,not_applicable,missing,not_applicable,not_applicable,10,not_applicable,last,missing,easy_bcq,missing,missing,arXiv:2106.08909 Table 1 [One-step Easy BCQ] dataset as printed: hopper-r,reported_mean_over_seeds,"Dataset printed abbreviated; caption: 'We use m for medium, m-e for medium-expert, m-re for medium-replay, r for random'. ± is standard error over 10 seeds (not std). Hyperparameter chosen per dataset from sweep by online evaluation; chosen value not reported. std field holds standard error."
2106.08909,OneStepRL,"[""evaluate@value"", ""improve@policy""]",behavior_regularized_actor_critic,halfcheetah-medium,v2,rev_kl,55.6,0.2,512,0.0001,100000,1024,2,missing,not_applicable,not_applicable,not_applicable,not_applicable,not_applicable,missing,not_applicable,not_applicable,10,not_applicable,last,missing,rev_kl,missing,missing,arXiv:2106.08909 Table 1 [One-step Rev. KL Reg] dataset as printed: halfcheetah-m,reported_mean_over_seeds,"Dataset printed abbreviated; caption: 'We use m for medium, m-e for medium-expert, m-re for medium-replay, r for random'. ± is standard error over 10 seeds (not std). Hyperparameter chosen per dataset from sweep by online evaluation; chosen value not reported. std field holds standard error."
2106.08909,OneStepRL,"[""evaluate@value"", ""improve@policy""]",behavior_regularized_actor_critic,walker2d-medium,v2,rev_kl,85.6,0.4,512,0.0001,100000,1024,2,missing,not_applicable,not_applicable,not_applicable,not_applicable,not_applicable,missing,not_applicable,not_applicable,10,not_applicable,last,missing,rev_kl,missing,missing,arXiv:2106.08909 Table 1 [One-step Rev. KL Reg] dataset as printed: walker2d-m,reported_mean_over_seeds,"Dataset printed abbreviated; caption: 'We use m for medium, m-e for medium-expert, m-re for medium-replay, r for random'. ± is standard error over 10 seeds (not std). Hyperparameter chosen per dataset from sweep by online evaluation; chosen value not reported. std field holds standard error."
2106.08909,OneStepRL,"[""evaluate@value"", ""improve@policy""]",behavior_regularized_actor_critic,hopper-medium,v2,rev_kl,83.3,1.4,512,0.0001,100000,1024,2,missing,not_applicable,not_applicable,not_applicable,not_applicable,not_applicable,missing,not_applicable,not_applicable,10,not_applicable,last,missing,rev_kl,missing,missing,arXiv:2106.08909 Table 1 [One-step Rev. KL Reg] dataset as printed: hopper-m,reported_mean_over_seeds,"Dataset printed abbreviated; caption: 'We use m for medium, m-e for medium-expert, m-re for medium-replay, r for random'. ± is standard error over 10 seeds (not std). Hyperparameter chosen per dataset from sweep by online evaluation; chosen value not reported. std field holds standard error."
2106.08909,OneStepRL,"[""evaluate@value"", ""improve@policy""]",behavior_regularized_actor_critic,halfcheetah-medium-expert,v2,rev_kl,93.5,0.1,512,0.0001,100000,1024,2,missing,not_applicable,not_applicable,not_applicable,not_applicable,not_applicable,missing,not_applicable,not_applicable,10,not_applicable,last,missing,rev_kl,missing,missing,arXiv:2106.08909 Table 1 [One-step Rev. KL Reg] dataset as printed: halfcheetah-m-e,reported_mean_over_seeds,"Dataset printed abbreviated; caption: 'We use m for medium, m-e for medium-expert, m-re for medium-replay, r for random'. ± is standard error over 10 seeds (not std). Hyperparameter chosen per dataset from sweep by online evaluation; chosen value not reported. std field holds standard error."
2106.08909,OneStepRL,"[""evaluate@value"", ""improve@policy""]",behavior_regularized_actor_critic,walker2d-medium-expert,v2,rev_kl,110.9,0.1,512,0.0001,100000,1024,2,missing,not_applicable,not_applicable,not_applicable,not_applicable,not_applicable,missing,not_applicable,not_applicable,10,not_applicable,last,missing,rev_kl,missing,missing,arXiv:2106.08909 Table 1 [One-step Rev. KL Reg] dataset as printed: walker2d-m-e,reported_mean_over_seeds,"Dataset printed abbreviated; caption: 'We use m for medium, m-e for medium-expert, m-re for medium-replay, r for random'. ± is standard error over 10 seeds (not std). Hyperparameter chosen per dataset from sweep by online evaluation; chosen value not reported. std field holds standard error."
2106.08909,OneStepRL,"[""evaluate@value"", ""improve@policy""]",behavior_regularized_actor_critic,hopper-medium-expert,v2,rev_kl,102.1,1.3,512,0.0001,100000,1024,2,missing,not_applicable,not_applicable,not_applicable,not_applicable,not_applicable,missing,not_applicable,not_applicable,10,not_applicable,last,missing,rev_kl,missing,missing,arXiv:2106.08909 Table 1 [One-step Rev. KL Reg] dataset as printed: hopper-m-e,reported_mean_over_seeds,"Dataset printed abbreviated; caption: 'We use m for medium, m-e for medium-expert, m-re for medium-replay, r for random'. ± is standard error over 10 seeds (not std). Hyperparameter chosen per dataset from sweep by online evaluation; chosen value not reported. std field holds standard error."
2106.08909,OneStepRL,"[""evaluate@value"", ""improve@policy""]",behavior_regularized_actor_critic,halfcheetah-medium-replay,v2,rev_kl,42.4,0.1,512,0.0001,100000,1024,2,missing,not_applicable,not_applicable,not_applicable,not_applicable,not_applicable,missing,not_applicable,not_applicable,10,not_applicable,last,missing,rev_kl,missing,missing,arXiv:2106.08909 Table 1 [One-step Rev. KL Reg] dataset as printed: halfcheetah-m-re,reported_mean_over_seeds,"Dataset printed abbreviated; caption: 'We use m for medium, m-e for medium-expert, m-re for medium-replay, r for random'. ± is standard error over 10 seeds (not std). Hyperparameter chosen per dataset from sweep by online evaluation; chosen value not reported. std field holds standard error."
2106.08909,OneStepRL,"[""evaluate@value"", ""improve@policy""]",behavior_regularized_actor_critic,walker2d-medium-replay,v2,rev_kl,71.6,3.1,512,0.0001,100000,1024,2,missing,not_applicable,not_applicable,not_applicable,not_applicable,not_applicable,missing,not_applicable,not_applicable,10,not_applicable,last,missing,rev_kl,missing,missing,arXiv:2106.08909 Table 1 [One-step Rev. KL Reg] dataset as printed: walker2d-m-re,reported_mean_over_seeds,"Dataset printed abbreviated; caption: 'We use m for medium, m-e for medium-expert, m-re for medium-replay, r for random'. ± is standard error over 10 seeds (not std). Hyperparameter chosen per dataset from sweep by online evaluation; chosen value not reported. std field holds standard error."
2106.08909,OneStepRL,"[""evaluate@value"", ""improve@policy""]",behavior_regularized_actor_critic,hopper-medium-replay,v2,rev_kl,71.0,8.1,512,0.0001,100000,1024,2,missing,not_applicable,not_applicable,not_applicable,not_applicable,not_applicable,missing,not_applicable,not_applicable,10,not_applicable,last,missing,rev_kl,missing,missing,arXiv:2106.08909 Table 1 [One-step Rev. KL Reg] dataset as printed: hopper-m-re,reported_mean_over_seeds,"Dataset printed abbreviated; caption: 'We use m for medium, m-e for medium-expert, m-re for medium-replay, r for random'. ± is standard error over 10 seeds (not std). Hyperparameter chosen per dataset from sweep by online evaluation; chosen value not reported. std field holds standard error."
2106.08909,OneStepRL,"[""evaluate@value"", ""improve@policy""]",behavior_regularized_actor_critic,halfcheetah-random,v2,rev_kl,6.9,1.0,512,0.0001,100000,1024,2,missing,not_applicable,not_applicable,not_applicable,not_applicable,not_applicable,missing,not_applicable,not_applicable,10,not_applicable,last,missing,rev_kl,missing,missing,arXiv:2106.08909 Table 1 [One-step Rev. KL Reg] dataset as printed: halfcheetah-r,reported_mean_over_seeds,"Dataset printed abbreviated; caption: 'We use m for medium, m-e for medium-expert, m-re for medium-replay, r for random'. ± is standard error over 10 seeds (not std). Hyperparameter chosen per dataset from sweep by online evaluation; chosen value not reported. std field holds standard error."
2106.08909,OneStepRL,"[""evaluate@value"", ""improve@policy""]",behavior_regularized_actor_critic,walker2d-random,v2,rev_kl,6.1,0.3,512,0.0001,100000,1024,2,missing,not_applicable,not_applicable,not_applicable,not_applicable,not_applicable,missing,not_applicable,not_applicable,10,not_applicable,last,missing,rev_kl,missing,missing,arXiv:2106.08909 Table 1 [One-step Rev. KL Reg] dataset as printed: walker2d-r,reported_mean_over_seeds,"Dataset printed abbreviated; caption: 'We use m for medium, m-e for medium-expert, m-re for medium-replay, r for random'. ± is standard error over 10 seeds (not std). Hyperparameter chosen per dataset from sweep by online evaluation; chosen value not reported. std field holds standard error."
2106.08909,OneStepRL,"[""evaluate@value"", ""improve@policy""]",behavior_regularized_actor_critic,hopper-random,v2,rev_kl,7.8,0.3,512,0.0001,100000,1024,2,missing,not_applicable,not_applicable,not_applicable,not_applicable,not_applicable,missing,not_applicable,not_applicable,10,not_applicable,last,missing,rev_kl,missing,missing,arXiv:2106.08909 Table 1 [One-step Rev. KL Reg] dataset as printed: hopper-r,reported_mean_over_seeds,"Dataset printed abbreviated; caption: 'We use m for medium, m-e for medium-expert, m-re for medium-replay, r for random'. ± is standard error over 10 seeds (not std). Hyperparameter chosen per dataset from sweep by online evaluation; chosen value not reported. std field holds standard error."
2106.08909,OneStepRL,"[""evaluate@value"", ""improve@policy""]",behavior_regularized_actor_critic,halfcheetah-medium,v2,exp_weight,48.6,0.0,512,0.0001,100000,1024,2,missing,not_applicable,not_applicable,not_applicable,not_applicable,not_applicable,missing,not_applicable,not_applicable,10,not_applicable,last,missing,exp_weight,missing,missing,arXiv:2106.08909 Table 1 [One-step Exp. Weight] dataset as printed: halfcheetah-m,reported_mean_over_seeds,"Dataset printed abbreviated; caption: 'We use m for medium, m-e for medium-expert, m-re for medium-replay, r for random'. ± is standard error over 10 seeds (not std). Hyperparameter chosen per dataset from sweep by online evaluation; chosen value not reported. std field holds standard error."
2106.08909,OneStepRL,"[""evaluate@value"", ""improve@policy""]",behavior_regularized_actor_critic,walker2d-medium,v2,exp_weight,80.3,1.1,512,0.0001,100000,1024,2,missing,not_applicable,not_applicable,not_applicable,not_applicable,not_applicable,missing,not_applicable,not_applicable,10,not_applicable,last,missing,exp_weight,missing,missing,arXiv:2106.08909 Table 1 [One-step Exp. Weight] dataset as printed: walker2d-m,reported_mean_over_seeds,"Dataset printed abbreviated; caption: 'We use m for medium, m-e for medium-expert, m-re for medium-replay, r for random'. ± is standard error over 10 seeds (not std). Hyperparameter chosen per dataset from sweep by online evaluation; chosen value not reported. std field holds standard error."
2106.08909,OneStepRL,"[""evaluate@value"", ""improve@policy""]",behavior_regularized_actor_critic,hopper-medium,v2,exp_weight,56.7,0.8,512,0.0001,100000,1024,2,missing,not_applicable,not_applicable,not_applicable,not_applicable,not_applicable,missing,not_applicable,not_applicable,10,not_applicable,last,missing,exp_weight,missing,missing,arXiv:2106.08909 Table 1 [One-step Exp. Weight] dataset as printed: hopper-m,reported_mean_over_seeds,"Dataset printed abbreviated; caption: 'We use m for medium, m-e for medium-expert, m-re for medium-replay, r for random'. ± is standard error over 10 seeds (not std). Hyperparameter chosen per dataset from sweep by online evaluation; chosen value not reported. std field holds standard error."
2106.08909,OneStepRL,"[""evaluate@value"", ""improve@policy""]",behavior_regularized_actor_critic,halfcheetah-medium-expert,v2,exp_weight,91.7,0.9,512,0.0001,100000,1024,2,missing,not_applicable,not_applicable,not_applicable,not_applicable,not_applicable,missing,not_applicable,not_applicable,10,not_applicable,last,missing,exp_weight,missing,missing,arXiv:2106.08909 Table 1 [One-step Exp. Weight] dataset as printed: halfcheetah-m-e,reported_mean_over_seeds,"Dataset printed abbreviated; caption: 'We use m for medium, m-e for medium-expert, m-re for medium-replay, r for random'. ± is standard error over 10 seeds (not std). Hyperparameter chosen per dataset from sweep by online evaluation; chosen value not reported. std field holds standard error."
2106.08909,OneStepRL,"[""evaluate@value"", ""improve@policy""]",behavior_regularized_actor_critic,walker2d-medium-expert,v2,exp_weight,112.9,0.2,512,0.0001,100000,1024,2,missing,not_applicable,not_applicable,not_applicable,not_applicable,not_applicable,missing,not_applicable,not_applicable,10,not_applicable,last,missing,exp_weight,missing,missing,arXiv:2106.08909 Table 1 [One-step Exp. Weight] dataset as printed: walker2d-m-e,reported_mean_over_seeds,"Dataset printed abbreviated; caption: 'We use m for medium, m-e for medium-expert, m-re for medium-replay, r for random'. ± is standard error over 10 seeds (not std). Hyperparameter chosen per dataset from sweep by online evaluation; chosen value not reported. std field holds standard error."
2106.08909,OneStepRL,"[""evaluate@value"", ""improve@policy""]",behavior_regularized_actor_critic,hopper-medium-expert,v2,exp_weight,83.1,7.0,512,0.0001,100000,1024,2,missing,not_applicable,not_applicable,not_applicable,not_applicable,not_applicable,missing,not_applicable,not_applicable,10,not_applicable,last,missing,exp_weight,missing,missing,arXiv:2106.08909 Table 1 [One-step Exp. Weight] dataset as printed: hopper-m-e,reported_mean_over_seeds,"Dataset printed abbreviated; caption: 'We use m for medium, m-e for medium-expert, m-re for medium-replay, r for random'. ± is standard error over 10 seeds (not std). Hyperparameter chosen per dataset from sweep by online evaluation; chosen value not reported. std field holds standard error."
2106.08909,OneStepRL,"[""evaluate@value"", ""improve@policy""]",behavior_regularized_actor_critic,halfcheetah-medium-replay,v2,exp_weight,38.6,0.5,512,0.0001,100000,1024,2,missing,not_applicable,not_applicable,not_applicable,not_applicable,not_applicable,missing,not_applicable,not_applicable,10,not_applicable,last,missing,exp_weight,missing,missing,arXiv:2106.08909 Table 1 [One-step Exp. Weight] dataset as printed: halfcheetah-m-re,reported_mean_over_seeds,"Dataset printed abbreviated; caption: 'We use m for medium, m-e for medium-expert, m-re for medium-replay, r for random'. ± is standard error over 10 seeds (not std). Hyperparameter chosen per dataset from sweep by online evaluation; chosen value not reported. std field holds standard error."
2106.08909,OneStepRL,"[""evaluate@value"", ""improve@policy""]",behavior_regularized_actor_critic,walker2d-medium-replay,v2,exp_weight,49.3,3.5,512,0.0001,100000,1024,2,missing,not_applicable,not_applicable,not_applicable,not_applicable,not_applicable,missing,not_applicable,not_applicable,10,not_applicable,last,missing,exp_weight,missing,missing,arXiv:2106.08909 Table 1 [One-step Exp. Weight] dataset as printed: walker2d-m-re,reported_mean_over_seeds,"Dataset printed abbreviated; caption: 'We use m for medium, m-e for medium-expert, m-re for medium-replay, r for random'. ± is standard error over 10 seeds (not std). Hyperparameter chosen per dataset from sweep by online evaluation; chosen value not reported. std field holds standard error."
2106.08909,OneStepRL,"[""evaluate@value"", ""improve@policy""]",behavior_regularized_actor_critic,hopper-medium-replay,v2,exp_weight,94.1,2.4,512,0.0001,100000,1024,2,missing,not_applicable,not_applicable,not_applicable,not_applicable,not_applicable,missing,not_applicable,not_applicable,10,not_applicable,last,missing,exp_weight,missing,missing,arXiv:2106.08909 Table 1 [One-step Exp. Weight] dataset as printed: hopper-m-re,reported_mean_over_seeds,"Dataset printed abbreviated; caption: 'We use m for medium, m-e for medium-expert, m-re for medium-replay, r for random'. ± is standard error over 10 seeds (not std). Hyperparameter chosen per dataset from sweep by online evaluation; chosen value not reported. std field holds standard error."
2106.08909,OneStepRL,"[""evaluate@value"", ""improve@policy""]",behavior_regularized_actor_critic,halfcheetah-random,v2,exp_weight,3.7,0.2,512,0.0001,100000,1024,2,missing,not_applicable,not_applicable,not_applicable,not_applicable,not_applicable,missing,not_applicable,not_applicable,10,not_applicable,last,missing,exp_weight,missing,missing,arXiv:2106.08909 Table 1 [One-step Exp. Weight] dataset as printed: halfcheetah-r,reported_mean_over_seeds,"Dataset printed abbreviated; caption: 'We use m for medium, m-e for medium-expert, m-re for medium-replay, r for random'. ± is standard error over 10 seeds (not std). Hyperparameter chosen per dataset from sweep by online evaluation; chosen value not reported. std field holds standard error."
2106.08909,OneStepRL,"[""evaluate@value"", ""improve@policy""]",behavior_regularized_actor_critic,walker2d-random,v2,exp_weight,5.2,0.2,512,0.0001,100000,1024,2,missing,not_applicable,not_applicable,not_applicable,not_applicable,not_applicable,missing,not_applicable,not_applicable,10,not_applicable,last,missing,exp_weight,missing,missing,arXiv:2106.08909 Table 1 [One-step Exp. Weight] dataset as printed: walker2d-r,reported_mean_over_seeds,"Dataset printed abbreviated; caption: 'We use m for medium, m-e for medium-expert, m-re for medium-replay, r for random'. ± is standard error over 10 seeds (not std). Hyperparameter chosen per dataset from sweep by online evaluation; chosen value not reported. std field holds standard error."
2106.08909,OneStepRL,"[""evaluate@value"", ""improve@policy""]",behavior_regularized_actor_critic,hopper-random,v2,exp_weight,5.6,0.6,512,0.0001,100000,1024,2,missing,not_applicable,not_applicable,not_applicable,not_applicable,not_applicable,missing,not_applicable,not_applicable,10,not_applicable,last,missing,exp_weight,missing,missing,arXiv:2106.08909 Table 1 [One-step Exp. Weight] dataset as printed: hopper-r,reported_mean_over_seeds,"Dataset printed abbreviated; caption: 'We use m for medium, m-e for medium-expert, m-re for medium-replay, r for random'. ± is standard error over 10 seeds (not std). Hyperparameter chosen per dataset from sweep by online evaluation; chosen value not reported. std field holds standard error."
2110.01548,EDAC,"[""clip@value"", ""penalize@error"", ""predict@distribution""]",uncertainty_based_offline_rl,halfcheetah-random,v2,SAC-N_eta0,28.0,0.9,missing,missing,3000000,missing,3,missing,not_applicable,not_applicable,not_applicable,not_applicable,not_applicable,10,not_applicable,not_applicable,4,not_applicable,missing,missing,missing,missing,missing,arXiv:2110.01548 Table 1 [SAC-N] dataset as printed: halfcheetah-random,reported_mean_over_seeds,std is across 4 seeds; column 'SAC-N (Ours)'
2110.01548,EDAC,"[""clip@value"", ""penalize@error"", ""predict@distribution""]",uncertainty_based_offline_rl,halfcheetah-medium,v2,SAC-N_eta0,67.5,1.2,missing,missing,3000000,missing,3,missing,not_applicable,not_applicable,not_applicable,not_applicable,not_applicable,10,not_applicable,not_applicable,4,not_applicable,missing,missing,missing,missing,missing,arXiv:2110.01548 Table 1 [SAC-N] dataset as printed: halfcheetah-medium,reported_mean_over_seeds,std is across 4 seeds; column 'SAC-N (Ours)'
2110.01548,EDAC,"[""clip@value"", ""penalize@error"", ""predict@distribution""]",uncertainty_based_offline_rl,halfcheetah-expert,v2,SAC-N_eta0,105.2,2.6,missing,missing,3000000,missing,3,missing,not_applicable,not_applicable,not_applicable,not_applicable,not_applicable,10,not_applicable,not_applicable,4,not_applicable,missing,missing,missing,missing,missing,arXiv:2110.01548 Table 1 [SAC-N] dataset as printed: halfcheetah-expert,reported_mean_over_seeds,std is across 4 seeds; column 'SAC-N (Ours)'
2110.01548,EDAC,"[""clip@value"", ""penalize@error"", ""predict@distribution""]",uncertainty_based_offline_rl,halfcheetah-medium-expert,v2,SAC-N_eta0,107.1,2.0,missing,missing,3000000,missing,3,missing,not_applicable,not_applicable,not_applicable,not_applicable,not_applicable,10,not_applicable,not_applicable,4,not_applicable,missing,missing,missing,missing,missing,arXiv:2110.01548 Table 1 [SAC-N] dataset as printed: halfcheetah-medium-expert,reported_mean_over_seeds,std is across 4 seeds; column 'SAC-N (Ours)'
2110.01548,EDAC,"[""clip@value"", ""penalize@error"", ""predict@distribution""]",uncertainty_based_offline_rl,halfcheetah-medium-replay,v2,SAC-N_eta0,63.9,0.8,missing,missing,3000000,missing,3,missing,not_applicable,not_applicable,not_applicable,not_applicable,not_applicable,10,not_applicable,not_applicable,4,not_applicable,missing,missing,missing,missing,missing,arXiv:2110.01548 Table 1 [SAC-N] dataset as printed: halfcheetah-medium-replay,reported_mean_over_seeds,std is across 4 seeds; column 'SAC-N (Ours)'
2110.01548,EDAC,"[""clip@value"", ""penalize@error"", ""predict@distribution""]",uncertainty_based_offline_rl,halfcheetah-full-replay,v2,SAC-N_eta0,84.5,1.2,missing,missing,3000000,missing,3,missing,not_applicable,not_applicable,not_applicable,not_applicable,not_applicable,10,not_applicable,not_applicable,4,not_applicable,missing,missing,missing,missing,missing,arXiv:2110.01548 Table 1 [SAC-N] dataset as printed: halfcheetah-full-replay,reported_mean_over_seeds,std is across 4 seeds; column 'SAC-N (Ours)'
2110.01548,EDAC,"[""clip@value"", ""penalize@error"", ""predict@distribution""]",uncertainty_based_offline_rl,hopper-random,v2,SAC-N_eta0,31.3,0.0,missing,missing,3000000,missing,3,missing,not_applicable,not_applicable,not_applicable,not_applicable,not_applicable,500,not_applicable,not_applicable,4,not_applicable,missing,missing,missing,missing,missing,arXiv:2110.01548 Table 1 [SAC-N] dataset as printed: hopper-random,reported_mean_over_seeds,std is across 4 seeds; column 'SAC-N (Ours)'
2110.01548,EDAC,"[""clip@value"", ""penalize@error"", ""predict@distribution""]",uncertainty_based_offline_rl,hopper-medium,v2,SAC-N_eta0,100.3,0.3,missing,missing,3000000,missing,3,missing,not_applicable,not_applicable,not_applicable,not_applicable,not_applicable,500,not_applicable,not_applicable,4,not_applicable,missing,missing,missing,missing,missing,arXiv:2110.01548 Table 1 [SAC-N] dataset as printed: hopper-medium,reported_mean_over_seeds,std is across 4 seeds; column 'SAC-N (Ours)'
2110.01548,EDAC,"[""clip@value"", ""penalize@error"", ""predict@distribution""]",uncertainty_based_offline_rl,hopper-expert,v2,SAC-N_eta0,110.3,0.3,missing,missing,3000000,missing,3,missing,not_applicable,not_applicable,not_applicable,not_applicable,not_applicable,500,not_applicable,not_applicable,4,not_applicable,missing,missing,missing,missing,missing,arXiv:2110.01548 Table 1 [SAC-N] dataset as printed: hopper-expert,reported_mean_over_seeds,std is across 4 seeds; column 'SAC-N (Ours)'
2110.01548,EDAC,"[""clip@value"", ""penalize@error"", ""predict@distribution""]",uncertainty_based_offline_rl,hopper-medium-expert,v2,SAC-N_eta0,110.1,0.3,missing,missing,3000000,missing,3,missing,not_applicable,not_applicable,not_applicable,not_applicable,not_applicable,200,not_applicable,not_applicable,4,not_applicable,missing,missing,missing,missing,missing,arXiv:2110.01548 Table 1 [SAC-N] dataset as printed: hopper-medium-expert,reported_mean_over_seeds,std is across 4 seeds; column 'SAC-N (Ours)'
2110.01548,EDAC,"[""clip@value"", ""penalize@error"", ""predict@distribution""]",uncertainty_based_offline_rl,hopper-medium-replay,v2,SAC-N_eta0,101.8,0.5,missing,missing,3000000,missing,3,missing,not_applicable,not_applicable,not_applicable,not_applicable,not_applicable,200,not_applicable,not_applicable,4,not_applicable,missing,missing,missing,missing,missing,arXiv:2110.01548 Table 1 [SAC-N] dataset as printed: hopper-medium-replay,reported_mean_over_seeds,std is across 4 seeds; column 'SAC-N (Ours)'
2110.01548,EDAC,"[""clip@value"", ""penalize@error"", ""predict@distribution""]",uncertainty_based_offline_rl,hopper-full-replay,v2,SAC-N_eta0,102.9,0.3,missing,missing,3000000,missing,3,missing,not_applicable,not_applicable,not_applicable,not_applicable,not_applicable,200,not_applicable,not_applicable,4,not_applicable,missing,missing,missing,missing,missing,arXiv:2110.01548 Table 1 [SAC-N] dataset as printed: hopper-full-replay,reported_mean_over_seeds,std is across 4 seeds; column 'SAC-N (Ours)'
2110.01548,EDAC,"[""clip@value"", ""penalize@error"", ""predict@distribution""]",uncertainty_based_offline_rl,walker2d-random,v2,SAC-N_eta0,21.7,0.0,missing,missing,3000000,missing,3,missing,not_applicable,not_applicable,not_applicable,not_applicable,not_applicable,20,not_applicable,not_applicable,4,not_applicable,missing,missing,missing,missing,missing,arXiv:2110.01548 Table 1 [SAC-N] dataset as printed: walker2d-random,reported_mean_over_seeds,std is across 4 seeds; column 'SAC-N (Ours)'
2110.01548,EDAC,"[""clip@value"", ""penalize@error"", ""predict@distribution""]",uncertainty_based_offline_rl,walker2d-medium,v2,SAC-N_eta0,87.9,0.2,missing,missing,3000000,missing,3,missing,not_applicable,not_applicable,not_applicable,not_applicable,not_applicable,20,not_applicable,not_applicable,4,not_applicable,missing,missing,missing,missing,missing,arXiv:2110.01548 Table 1 [SAC-N] dataset as printed: walker2d-medium,reported_mean_over_seeds,std is across 4 seeds; column 'SAC-N (Ours)'
2110.01548,EDAC,"[""clip@value"", ""penalize@error"", ""predict@distribution""]",uncertainty_based_offline_rl,walker2d-expert,v2,SAC-N_eta0,107.4,2.4,missing,missing,3000000,missing,3,missing,not_applicable,not_applicable,not_applicable,not_applicable,not_applicable,100,not_applicable,not_applicable,4,not_applicable,missing,missing,missing,missing,missing,arXiv:2110.01548 Table 1 [SAC-N] dataset as printed: walker2d-expert,reported_mean_over_seeds,std is across 4 seeds; column 'SAC-N (Ours)'
2110.01548,EDAC,"[""clip@value"", ""penalize@error"", ""predict@distribution""]",uncertainty_based_offline_rl,walker2d-medium-expert,v2,SAC-N_eta0,116.7,0.4,missing,missing,3000000,missing,3,missing,not_applicable,not_applicable,not_applicable,not_applicable,not_applicable,20,not_applicable,not_applicable,4,not_applicable,missing,missing,missing,missing,missing,arXiv:2110.01548 Table 1 [SAC-N] dataset as printed: walker2d-medium-expert,reported_mean_over_seeds,std is across 4 seeds; column 'SAC-N (Ours)'
2110.01548,EDAC,"[""clip@value"", ""penalize@error"", ""predict@distribution""]",uncertainty_based_offline_rl,walker2d-medium-replay,v2,SAC-N_eta0,78.7,0.7,missing,missing,3000000,missing,3,missing,not_applicable,not_applicable,not_applicable,not_applicable,not_applicable,20,not_applicable,not_applicable,4,not_applicable,missing,missing,missing,missing,missing,arXiv:2110.01548 Table 1 [SAC-N] dataset as printed: walker2d-medium-replay,reported_mean_over_seeds,std is across 4 seeds; column 'SAC-N (Ours)'
2110.01548,EDAC,"[""clip@value"", ""penalize@error"", ""predict@distribution""]",uncertainty_based_offline_rl,walker2d-full-replay,v2,SAC-N_eta0,94.6,0.5,missing,missing,3000000,missing,3,missing,not_applicable,not_applicable,not_applicable,not_applicable,not_applicable,20,not_applicable,not_applicable,4,not_applicable,missing,missing,missing,missing,missing,arXiv:2110.01548 Table 1 [SAC-N] dataset as printed: walker2d-full-replay,reported_mean_over_seeds,std is across 4 seeds; column 'SAC-N (Ours)'
2110.01548,EDAC,"[""clip@value"", ""penalize@error"", ""predict@distribution""]",uncertainty_based_offline_rl,halfcheetah-random,v2,EDAC,28.4,1.0,missing,missing,3000000,missing,3,missing,not_applicable,not_applicable,not_applicable,not_applicable,not_applicable,10,not_applicable,not_applicable,4,not_applicable,missing,missing,missing,missing,missing,arXiv:2110.01548 Table 1 [EDAC] dataset as printed: halfcheetah-random,reported_mean_over_seeds,std is across 4 seeds; column 'EDAC (Ours)'
2110.01548,EDAC,"[""clip@value"", ""penalize@error"", ""predict@distribution""]",uncertainty_based_offline_rl,halfcheetah-medium,v2,EDAC,65.9,0.6,missing,missing,3000000,missing,3,missing,not_applicable,not_applicable,not_applicable,not_applicable,not_applicable,10,not_applicable,not_applicable,4,not_applicable,missing,missing,missing,missing,missing,arXiv:2110.01548 Table 1 [EDAC] dataset as printed: halfcheetah-medium,reported_mean_over_seeds,std is across 4 seeds; column 'EDAC (Ours)'
2110.01548,EDAC,"[""clip@value"", ""penalize@error"", ""predict@distribution""]",uncertainty_based_offline_rl,halfcheetah-expert,v2,EDAC,106.8,3.4,missing,missing,3000000,missing,3,missing,not_applicable,not_applicable,not_applicable,not_applicable,not_applicable,10,not_applicable,not_applicable,4,not_applicable,missing,missing,missing,missing,missing,arXiv:2110.01548 Table 1 [EDAC] dataset as printed: halfcheetah-expert,reported_mean_over_seeds,std is across 4 seeds; column 'EDAC (Ours)'
2110.01548,EDAC,"[""clip@value"", ""penalize@error"", ""predict@distribution""]",uncertainty_based_offline_rl,halfcheetah-medium-expert,v2,EDAC,106.3,1.9,missing,missing,3000000,missing,3,missing,not_applicable,not_applicable,not_applicable,not_applicable,not_applicable,10,not_applicable,not_applicable,4,not_applicable,missing,missing,missing,missing,missing,arXiv:2110.01548 Table 1 [EDAC] dataset as printed: halfcheetah-medium-expert,reported_mean_over_seeds,std is across 4 seeds; column 'EDAC (Ours)'
2110.01548,EDAC,"[""clip@value"", ""penalize@error"", ""predict@distribution""]",uncertainty_based_offline_rl,halfcheetah-medium-replay,v2,EDAC,61.3,1.9,missing,missing,3000000,missing,3,missing,not_applicable,not_applicable,not_applicable,not_applicable,not_applicable,10,not_applicable,not_applicable,4,not_applicable,missing,missing,missing,missing,missing,arXiv:2110.01548 Table 1 [EDAC] dataset as printed: halfcheetah-medium-replay,reported_mean_over_seeds,std is across 4 seeds; column 'EDAC (Ours)'
2110.01548,EDAC,"[""clip@value"", ""penalize@error"", ""predict@distribution""]",uncertainty_based_offline_rl,halfcheetah-full-replay,v2,EDAC,84.6,0.9,missing,missing,3000000,missing,3,missing,not_applicable,not_applicable,not_applicable,not_applicable,not_applicable,10,not_applicable,not_applicable,4,not_applicable,missing,missing,missing,missing,missing,arXiv:2110.01548 Table 1 [EDAC] dataset as printed: halfcheetah-full-replay,reported_mean_over_seeds,std is across 4 seeds; column 'EDAC (Ours)'
2110.01548,EDAC,"[""clip@value"", ""penalize@error"", ""predict@distribution""]",uncertainty_based_offline_rl,hopper-random,v2,EDAC,25.3,10.4,missing,missing,3000000,missing,3,missing,not_applicable,not_applicable,not_applicable,not_applicable,not_applicable,50,not_applicable,not_applicable,4,not_applicable,missing,missing,missing,missing,missing,arXiv:2110.01548 Table 1 [EDAC] dataset as printed: hopper-random,reported_mean_over_seeds,std is across 4 seeds; column 'EDAC (Ours)'
2110.01548,EDAC,"[""clip@value"", ""penalize@error"", ""predict@distribution""]",uncertainty_based_offline_rl,hopper-medium,v2,EDAC,101.6,0.6,missing,missing,3000000,missing,3,missing,not_applicable,not_applicable,not_applicable,not_applicable,not_applicable,50,not_applicable,not_applicable,4,not_applicable,missing,missing,missing,missing,missing,arXiv:2110.01548 Table 1 [EDAC] dataset as printed: hopper-medium,reported_mean_over_seeds,std is across 4 seeds; column 'EDAC (Ours)'
2110.01548,EDAC,"[""clip@value"", ""penalize@error"", ""predict@distribution""]",uncertainty_based_offline_rl,hopper-expert,v2,EDAC,110.1,0.1,missing,missing,3000000,missing,3,missing,not_applicable,not_applicable,not_applicable,not_applicable,not_applicable,50,not_applicable,not_applicable,4,not_applicable,missing,missing,missing,missing,missing,arXiv:2110.01548 Table 1 [EDAC] dataset as printed: hopper-expert,reported_mean_over_seeds,std is across 4 seeds; column 'EDAC (Ours)'
2110.01548,EDAC,"[""clip@value"", ""penalize@error"", ""predict@distribution""]",uncertainty_based_offline_rl,hopper-medium-expert,v2,EDAC,110.7,0.1,missing,missing,3000000,missing,3,missing,not_applicable,not_applicable,not_applicable,not_applicable,not_applicable,50,not_applicable,not_applicable,4,not_applicable,missing,missing,missing,missing,missing,arXiv:2110.01548 Table 1 [EDAC] dataset as printed: hopper-medium-expert,reported_mean_over_seeds,std is across 4 seeds; column 'EDAC (Ours)'
2110.01548,EDAC,"[""clip@value"", ""penalize@error"", ""predict@distribution""]",uncertainty_based_offline_rl,hopper-medium-replay,v2,EDAC,101.0,0.5,missing,missing,3000000,missing,3,missing,not_applicable,not_applicable,not_applicable,not_applicable,not_applicable,50,not_applicable,not_applicable,4,not_applicable,missing,missing,missing,missing,missing,arXiv:2110.01548 Table 1 [EDAC] dataset as printed: hopper-medium-replay,reported_mean_over_seeds,std is across 4 seeds; column 'EDAC (Ours)'
2110.01548,EDAC,"[""clip@value"", ""penalize@error"", ""predict@distribution""]",uncertainty_based_offline_rl,hopper-full-replay,v2,EDAC,105.4,0.7,missing,missing,3000000,missing,3,missing,not_applicable,not_applicable,not_applicable,not_applicable,not_applicable,50,not_applicable,not_applicable,4,not_applicable,missing,missing,missing,missing,missing,arXiv:2110.01548 Table 1 [EDAC] dataset as printed: hopper-full-replay,reported_mean_over_seeds,std is across 4 seeds; column 'EDAC (Ours)'
2110.01548,EDAC,"[""clip@value"", ""penalize@error"", ""predict@distribution""]",uncertainty_based_offline_rl,walker2d-random,v2,EDAC,16.6,7.0,missing,missing,3000000,missing,3,missing,not_applicable,not_applicable,not_applicable,not_applicable,not_applicable,10,not_applicable,not_applicable,4,not_applicable,missing,missing,missing,missing,missing,arXiv:2110.01548 Table 1 [EDAC] dataset as printed: walker2d-random,reported_mean_over_seeds,std is across 4 seeds; column 'EDAC (Ours)'
2110.01548,EDAC,"[""clip@value"", ""penalize@error"", ""predict@distribution""]",uncertainty_based_offline_rl,walker2d-medium,v2,EDAC,92.5,0.8,missing,missing,3000000,missing,3,missing,not_applicable,not_applicable,not_applicable,not_applicable,not_applicable,10,not_applicable,not_applicable,4,not_applicable,missing,missing,missing,missing,missing,arXiv:2110.01548 Table 1 [EDAC] dataset as printed: walker2d-medium,reported_mean_over_seeds,std is across 4 seeds; column 'EDAC (Ours)'
2110.01548,EDAC,"[""clip@value"", ""penalize@error"", ""predict@distribution""]",uncertainty_based_offline_rl,walker2d-expert,v2,EDAC,115.1,1.9,missing,missing,3000000,missing,3,missing,not_applicable,not_applicable,not_applicable,not_applicable,not_applicable,10,not_applicable,not_applicable,4,not_applicable,missing,missing,missing,missing,missing,arXiv:2110.01548 Table 1 [EDAC] dataset as printed: walker2d-expert,reported_mean_over_seeds,std is across 4 seeds; column 'EDAC (Ours)'
2110.01548,EDAC,"[""clip@value"", ""penalize@error"", ""predict@distribution""]",uncertainty_based_offline_rl,walker2d-medium-expert,v2,EDAC,114.7,0.9,missing,missing,3000000,missing,3,missing,not_applicable,not_applicable,not_applicable,not_applicable,not_applicable,10,not_applicable,not_applicable,4,not_applicable,missing,missing,missing,missing,missing,arXiv:2110.01548 Table 1 [EDAC] dataset as printed: walker2d-medium-expert,reported_mean_over_seeds,std is across 4 seeds; column 'EDAC (Ours)'
2110.01548,EDAC,"[""clip@value"", ""penalize@error"", ""predict@distribution""]",uncertainty_based_offline_rl,walker2d-medium-replay,v2,EDAC,87.1,2.3,missing,missing,3000000,missing,3,missing,not_applicable,not_applicable,not_applicable,not_applicable,not_applicable,10,not_applicable,not_applicable,4,not_applicable,missing,missing,missing,missing,missing,arXiv:2110.01548 Table 1 [EDAC] dataset as printed: walker2d-medium-replay,reported_mean_over_seeds,std is across 4 seeds; column 'EDAC (Ours)'
2110.01548,EDAC,"[""clip@value"", ""penalize@error"", ""predict@distribution""]",uncertainty_based_offline_rl,walker2d-full-replay,v2,EDAC,99.8,0.7,missing,missing,3000000,missing,3,missing,not_applicable,not_applicable,not_applicable,not_applicable,not_applicable,10,not_applicable,not_applicable,4,not_applicable,missing,missing,missing,missing,missing,arXiv:2110.01548 Table 1 [EDAC] dataset as printed: walker2d-full-replay,reported_mean_over_seeds,std is across 4 seeds; column 'EDAC (Ours)'
2005.13239,MOPO,"[""bound return@other:MOPO"", ""maximize return@other:MOPO"", ""predict@distribution""]",model_based_offline_rl,halfcheetah-random,unknown,main,35.4,2.5,256,missing,missing,missing,missing,missing,not_applicable,not_applicable,not_applicable,not_applicable,not_applicable,2,5,not_applicable,6,not_applicable,last,missing,missing,missing,missing,arXiv:2005.13239 Table 1 [MOPO] dataset as printed: halfcheetah-random,reported_mean_over_seeds,"printed as 'random halfcheetah'; paper's 'mixed' = D4RL medium-replay, 'med-expert' = medium-expert. Normalized score."
2005.13239,MOPO,"[""bound return@other:MOPO"", ""maximize return@other:MOPO"", ""predict@distribution""]",model_based_offline_rl,hopper-random,unknown,main,11.7,0.4,256,missing,missing,missing,missing,missing,not_applicable,not_applicable,not_applicable,not_applicable,not_applicable,2,5,not_applicable,6,not_applicable,last,missing,missing,missing,missing,arXiv:2005.13239 Table 1 [MOPO] dataset as printed: hopper-random,reported_mean_over_seeds,"printed as 'random hopper'; paper's 'mixed' = D4RL medium-replay, 'med-expert' = medium-expert. Normalized score."
2005.13239,MOPO,"[""bound return@other:MOPO"", ""maximize return@other:MOPO"", ""predict@distribution""]",model_based_offline_rl,walker2d-random,unknown,main,13.6,2.6,256,missing,missing,missing,missing,missing,not_applicable,not_applicable,not_applicable,not_applicable,not_applicable,2,1,not_applicable,6,not_applicable,last,missing,missing,missing,missing,arXiv:2005.13239 Table 1 [MOPO] dataset as printed: walker2d-random,reported_mean_over_seeds,"printed as 'random walker2d'; paper's 'mixed' = D4RL medium-replay, 'med-expert' = medium-expert. Normalized score."
2005.13239,MOPO,"[""bound return@other:MOPO"", ""maximize return@other:MOPO"", ""predict@distribution""]",model_based_offline_rl,halfcheetah-medium,unknown,main,42.3,1.6,256,missing,missing,missing,missing,missing,not_applicable,not_applicable,not_applicable,not_applicable,not_applicable,2,1,not_applicable,6,not_applicable,last,missing,missing,missing,missing,arXiv:2005.13239 Table 1 [MOPO] dataset as printed: halfcheetah-medium,reported_mean_over_seeds,"printed as 'medium halfcheetah'; paper's 'mixed' = D4RL medium-replay, 'med-expert' = medium-expert. Normalized score."
2005.13239,MOPO,"[""bound return@other:MOPO"", ""maximize return@other:MOPO"", ""predict@distribution""]",model_based_offline_rl,hopper-medium,unknown,main,28.0,12.4,256,missing,missing,missing,missing,missing,not_applicable,not_applicable,not_applicable,not_applicable,not_applicable,2,5,not_applicable,6,not_applicable,last,missing,missing,missing,missing,arXiv:2005.13239 Table 1 [MOPO] dataset as printed: hopper-medium,reported_mean_over_seeds,"printed as 'medium hopper'; paper's 'mixed' = D4RL medium-replay, 'med-expert' = medium-expert. Normalized score."
2005.13239,MOPO,"[""bound return@other:MOPO"", ""maximize return@other:MOPO"", ""predict@distribution""]",model_based_offline_rl,walker2d-medium,unknown,main,17.8,19.3,256,missing,missing,missing,missing,missing,not_applicable,not_applicable,not_applicable,not_applicable,not_applicable,2,5,not_applicable,6,not_applicable,last,missing,missing,missing,missing,arXiv:2005.13239 Table 1 [MOPO] dataset as printed: walker2d-medium,reported_mean_over_seeds,"printed as 'medium walker2d'; paper's 'mixed' = D4RL medium-replay, 'med-expert' = medium-expert. Normalized score."
2005.13239,MOPO,"[""bound return@other:MOPO"", ""maximize return@other:MOPO"", ""predict@distribution""]",model_based_offline_rl,halfcheetah-medium-replay,unknown,main,53.1,2.0,256,missing,missing,missing,missing,missing,not_applicable,not_applicable,not_applicable,not_applicable,not_applicable,2,5,not_applicable,6,not_applicable,last,missing,missing,missing,missing,arXiv:2005.13239 Table 1 [MOPO] dataset as printed: halfcheetah-medium-replay,reported_mean_over_seeds,"printed as 'mixed halfcheetah'; paper's 'mixed' = D4RL medium-replay, 'med-expert' = medium-expert. Normalized score."
2005.13239,MOPO,"[""bound return@other:MOPO"", ""maximize return@other:MOPO"", ""predict@distribution""]",model_based_offline_rl,hopper-medium-replay,unknown,main,67.5,24.7,256,missing,missing,missing,missing,missing,not_applicable,not_applicable,not_applicable,not_applicable,not_applicable,2,5,not_applicable,6,not_applicable,last,missing,missing,missing,missing,arXiv:2005.13239 Table 1 [MOPO] dataset as printed: hopper-medium-replay,reported_mean_over_seeds,"printed as 'mixed hopper'; paper's 'mixed' = D4RL medium-replay, 'med-expert' = medium-expert. Normalized score."
2005.13239,MOPO,"[""bound return@other:MOPO"", ""maximize return@other:MOPO"", ""predict@distribution""]",model_based_offline_rl,walker2d-medium-replay,unknown,main,39.0,9.6,256,missing,missing,missing,missing,missing,not_applicable,not_applicable,not_applicable,not_applicable,not_applicable,2,1,not_applicable,6,not_applicable,last,missing,missing,missing,missing,arXiv:2005.13239 Table 1 [MOPO] dataset as printed: walker2d-medium-replay,reported_mean_over_seeds,"printed as 'mixed walker2d'; paper's 'mixed' = D4RL medium-replay, 'med-expert' = medium-expert. Normalized score."
2005.13239,MOPO,"[""bound return@other:MOPO"", ""maximize return@other:MOPO"", ""predict@distribution""]",model_based_offline_rl,halfcheetah-medium-expert,unknown,main,63.3,38.0,256,missing,missing,missing,missing,missing,not_applicable,not_applicable,not_applicable,not_applicable,not_applicable,2,5,not_applicable,6,not_applicable,last,missing,missing,missing,missing,arXiv:2005.13239 Table 1 [MOPO] dataset as printed: halfcheetah-medium-expert,reported_mean_over_seeds,"printed as 'med-expert halfcheetah'; paper's 'mixed' = D4RL medium-replay, 'med-expert' = medium-expert. Normalized score."
2005.13239,MOPO,"[""bound return@other:MOPO"", ""maximize return@other:MOPO"", ""predict@distribution""]",model_based_offline_rl,hopper-medium-expert,unknown,main,23.7,6.0,256,missing,missing,missing,missing,missing,not_applicable,not_applicable,not_applicable,not_applicable,not_applicable,2,5,not_applicable,6,not_applicable,last,missing,missing,missing,missing,arXiv:2005.13239 Table 1 [MOPO] dataset as printed: hopper-medium-expert,reported_mean_over_seeds,"printed as 'med-expert hopper'; paper's 'mixed' = D4RL medium-replay, 'med-expert' = medium-expert. Normalized score."
2005.13239,MOPO,"[""bound return@other:MOPO"", ""maximize return@other:MOPO"", ""predict@distribution""]",model_based_offline_rl,walker2d-medium-expert,unknown,main,44.6,12.9,256,missing,missing,missing,missing,missing,not_applicable,not_applicable,not_applicable,not_applicable,not_applicable,2,1,not_applicable,6,not_applicable,last,missing,missing,missing,missing,arXiv:2005.13239 Table 1 [MOPO] dataset as printed: walker2d-medium-expert,reported_mean_over_seeds,"printed as 'med-expert walker2d'; paper's 'mixed' = D4RL medium-replay, 'med-expert' = medium-expert. Normalized score."
2005.05951,MOReL,"[""construct pessimistic mdp@state"", ""construct usad@state"", ""plan@state"", ""train@state""]",model_based_offline_rl,halfcheetah-random,unknown,main,25.6,,256,0.0005,missing,32,2,missing,not_applicable,not_applicable,not_applicable,not_applicable,not_applicable,not_applicable,500,not_applicable,3,not_applicable,last,missing,missing,missing,missing,arXiv:2005.05951 Table 2 [MOReL] dataset as printed: halfcheetah-random,reported_mean_over_seeds,"no std reported; raw score = average over last 100 iterations of policy learning, averaged over 3 seeds; printed as 'random halfcheetah'"
2005.05951,MOReL,"[""construct pessimistic mdp@state"", ""construct usad@state"", ""plan@state"", ""train@state""]",model_based_offline_rl,hopper-random,unknown,main,53.6,,256,0.0005,missing,32,2,missing,not_applicable,not_applicable,not_applicable,not_applicable,not_applicable,not_applicable,400,not_applicable,3,not_applicable,last,missing,missing,missing,missing,arXiv:2005.05951 Table 2 [MOReL] dataset as printed: hopper-random,reported_mean_over_seeds,"no std reported; raw score = average over last 100 iterations of policy learning, averaged over 3 seeds; printed as 'random hopper'"
2005.05951,MOReL,"[""construct pessimistic mdp@state"", ""construct usad@state"", ""plan@state"", ""train@state""]",model_based_offline_rl,walker2d-random,unknown,main,37.3,,256,0.0005,missing,32,2,missing,not_applicable,not_applicable,not_applicable,not_applicable,not_applicable,not_applicable,400,not_applicable,3,not_applicable,last,missing,missing,missing,missing,arXiv:2005.05951 Table 2 [MOReL] dataset as printed: walker2d-random,reported_mean_over_seeds,"no std reported; raw score = average over last 100 iterations of policy learning, averaged over 3 seeds; printed as 'random walker2d'"
2005.05951,MOReL,"[""construct pessimistic mdp@state"", ""construct usad@state"", ""plan@state"", ""train@state""]",model_based_offline_rl,halfcheetah-medium,unknown,main,42.1,,256,0.0005,missing,32,2,missing,not_applicable,not_applicable,not_applicable,not_applicable,not_applicable,not_applicable,500,not_applicable,3,not_applicable,last,missing,missing,missing,missing,arXiv:2005.05951 Table 2 [MOReL] dataset as printed: halfcheetah-medium,reported_mean_over_seeds,"no std reported; raw score = average over last 100 iterations of policy learning, averaged over 3 seeds; printed as 'medium halfcheetah'"
2005.05951,MOReL,"[""construct pessimistic mdp@state"", ""construct usad@state"", ""plan@state"", ""train@state""]",model_based_offline_rl,hopper-medium,unknown,main,95.4,,256,0.0005,missing,32,2,missing,not_applicable,not_applicable,not_applicable,not_applicable,not_applicable,not_applicable,400,not_applicable,3,not_applicable,last,missing,missing,missing,missing,arXiv:2005.05951 Table 2 [MOReL] dataset as printed: hopper-medium,reported_mean_over_seeds,"no std reported; raw score = average over last 100 iterations of policy learning, averaged over 3 seeds; printed as 'medium hopper'"
2005.05951,MOReL,"[""construct pessimistic mdp@state"", ""construct usad@state"", ""plan@state"", ""train@state""]",model_based_offline_rl,walker2d-medium,unknown,main,77.8,,256,0.0005,missing,32,2,missing,not_applicable,not_applicable,not_applicable,not_applicable,not_applicable,not_applicable,400,not_applicable,3,not_applicable,last,missing,missing,missing,missing,arXiv:2005.05951 Table 2 [MOReL] dataset as printed: walker2d-medium,reported_mean_over_seeds,"no std reported; raw score = average over last 100 iterations of policy learning, averaged over 3 seeds; printed as 'medium walker2d'"
2005.05951,MOReL,"[""construct pessimistic mdp@state"", ""construct usad@state"", ""plan@state"", ""train@state""]",model_based_offline_rl,halfcheetah-medium-replay,unknown,main,40.2,,256,0.0005,missing,32,2,missing,not_applicable,not_applicable,not_applicable,not_applicable,not_applicable,not_applicable,500,not_applicable,3,not_applicable,last,missing,missing,missing,missing,arXiv:2005.05951 Table 2 [MOReL] dataset as printed: halfcheetah-medium-replay,reported_mean_over_seeds,"no std reported; raw score = average over last 100 iterations of policy learning, averaged over 3 seeds; printed as 'medium-replay halfcheetah'"
2005.05951,MOReL,"[""construct pessimistic mdp@state"", ""construct usad@state"", ""plan@state"", ""train@state""]",model_based_offline_rl,hopper-medium-replay,unknown,main,93.6,,256,0.0005,missing,32,2,missing,not_applicable,not_applicable,not_applicable,not_applicable,not_applicable,not_applicable,400,not_applicable,3,not_applicable,last,missing,missing,missing,missing,arXiv:2005.05951 Table 2 [MOReL] dataset as printed: hopper-medium-replay,reported_mean_over_seeds,"no std reported; raw score = average over last 100 iterations of policy learning, averaged over 3 seeds; printed as 'medium-replay hopper'"
2005.05951,MOReL,"[""construct pessimistic mdp@state"", ""construct usad@state"", ""plan@state"", ""train@state""]",model_based_offline_rl,walker2d-medium-replay,unknown,main,49.8,,256,0.0005,missing,32,2,missing,not_applicable,not_applicable,not_applicable,not_applicable,not_applicable,not_applicable,400,not_applicable,3,not_applicable,last,missing,missing,missing,missing,arXiv:2005.05951 Table 2 [MOReL] dataset as printed: walker2d-medium-replay,reported_mean_over_seeds,"no std reported; raw score = average over last 100 iterations of policy learning, averaged over 3 seeds; printed as 'medium-replay walker2d'"
2005.05951,MOReL,"[""construct pessimistic mdp@state"", ""construct usad@state"", ""plan@state"", ""train@state""]",model_based_offline_rl,halfcheetah-medium-expert,unknown,main,53.3,,256,0.0005,missing,32,2,missing,not_applicable,not_applicable,not_applicable,not_applicable,not_applicable,not_applicable,500,not_applicable,3,not_applicable,last,missing,missing,missing,missing,arXiv:2005.05951 Table 2 [MOReL] dataset as printed: halfcheetah-medium-expert,reported_mean_over_seeds,"no std reported; raw score = average over last 100 iterations of policy learning, averaged over 3 seeds; printed as 'medium-expert halfcheetah'"
2005.05951,MOReL,"[""construct pessimistic mdp@state"", ""construct usad@state"", ""plan@state"", ""train@state""]",model_based_offline_rl,hopper-medium-expert,unknown,main,108.7,,256,0.0005,missing,32,2,missing,not_applicable,not_applicable,not_applicable,not_applicable,not_applicable,not_applicable,400,not_applicable,3,not_applicable,last,missing,missing,missing,missing,arXiv:2005.05951 Table 2 [MOReL] dataset as printed: hopper-medium-expert,reported_mean_over_seeds,"no std reported; raw score = average over last 100 iterations of policy learning, averaged over 3 seeds; printed as 'medium-expert hopper'"
2005.05951,MOReL,"[""construct pessimistic mdp@state"", ""construct usad@state"", ""plan@state"", ""train@state""]",model_based_offline_rl,walker2d-medium-expert,unknown,main,95.6,,256,0.0005,missing,32,2,missing,not_applicable,not_applicable,not_applicable,not_applicable,not_applicable,not_applicable,400,not_applicable,3,not_applicable,last,missing,missing,missing,missing,arXiv:2005.05951 Table 2 [MOReL] dataset as printed: walker2d-medium-expert,reported_mean_over_seeds,"no std reported; raw score = average over last 100 iterations of policy learning, averaged over 3 seeds; printed as 'medium-expert walker2d'"
2102.08363,COMBO,"[""collect model rollouts@trajectory"", ""conservatively evaluate policy@value"", ""improve@policy"", ""train@parameter""]",model_based_offline_rl,halfcheetah-random,unknown,main,38.8,3.7,missing,0.0001,missing,missing,missing,missing,not_applicable,not_applicable,not_applicable,not_applicable,not_applicable,2,5,not_applicable,6,not_applicable,last,missing,missing,missing,missing,arXiv:2102.08363 Table 3 [COMBO] dataset as printed: halfcheetah-random,reported_mean_over_seeds,"± is the 95%-confidence interval, not std (Table 3 caption); printed as 'random halfcheetah'"
2102.08363,COMBO,"[""collect model rollouts@trajectory"", ""conservatively evaluate policy@value"", ""improve@policy"", ""train@parameter""]",model_based_offline_rl,hopper-random,unknown,main,17.9,1.4,missing,0.0001,missing,missing,missing,missing,not_applicable,not_applicable,not_applicable,not_applicable,not_applicable,2,5,not_applicable,6,not_applicable,last,missing,missing,missing,missing,arXiv:2102.08363 Table 3 [COMBO] dataset as printed: hopper-random,reported_mean_over_seeds,"± is the 95%-confidence interval, not std (Table 3 caption); printed as 'random hopper'"
2102.08363,COMBO,"[""collect model rollouts@trajectory"", ""conservatively evaluate policy@value"", ""improve@policy"", ""train@parameter""]",model_based_offline_rl,walker2d-random,unknown,main,7.0,3.6,missing,1e-05,missing,missing,missing,missing,not_applicable,not_applicable,not_applicable,not_applicable,not_applicable,2,1,not_applicable,6,not_applicable,last,missing,missing,missing,missing,arXiv:2102.08363 Table 3 [COMBO] dataset as printed: walker2d-random,reported_mean_over_seeds,"± is the 95%-confidence interval, not std (Table 3 caption); printed as 'random walker2d'"
2102.08363,COMBO,"[""collect model rollouts@trajectory"", ""conservatively evaluate policy@value"", ""improve@policy"", ""train@parameter""]",model_based_offline_rl,halfcheetah-medium,unknown,main,54.2,1.5,missing,0.0001,missing,missing,missing,missing,not_applicable,not_applicable,not_applicable,not_applicable,not_applicable,2,5,not_applicable,6,not_applicable,last,missing,missing,missing,missing,arXiv:2102.08363 Table 3 [COMBO] dataset as printed: halfcheetah-medium,reported_mean_over_seeds,"± is the 95%-confidence interval, not std (Table 3 caption); printed as 'medium halfcheetah'"
2102.08363,COMBO,"[""collect model rollouts@trajectory"", ""conservatively evaluate policy@value"", ""improve@policy"", ""train@parameter""]",model_based_offline_rl,hopper-medium,unknown,main,97.2,2.2,missing,0.0001,missing,missing,missing,missing,not_applicable,not_applicable,not_applicable,not_applicable,not_applicable,2,5,not_applicable,6,not_applicable,last,missing,missing,missing,missing,arXiv:2102.08363 Table 3 [COMBO] dataset as printed: hopper-medium,reported_mean_over_seeds,"± is the 95%-confidence interval, not std (Table 3 caption); printed as 'medium hopper'"
2102.08363,COMBO,"[""collect model rollouts@trajectory"", ""conservatively evaluate policy@value"", ""improve@policy"", ""train@parameter""]",model_based_offline_rl,walker2d-medium,unknown,main,81.9,2.8,missing,1e-05,missing,missing,missing,missing,not_applicable,not_applicable,not_applicable,not_applicable,not_applicable,2,1,not_applicable,6,not_applicable,last,missing,missing,missing,missing,arXiv:2102.08363 Table 3 [COMBO] dataset as printed: walker2d-medium,reported_mean_over_seeds,"± is the 95%-confidence interval, not std (Table 3 caption); printed as 'medium walker2d'"
2102.08363,COMBO,"[""collect model rollouts@trajectory"", ""conservatively evaluate policy@value"", ""improve@policy"", ""train@parameter""]",model_based_offline_rl,halfcheetah-medium-replay,unknown,main,55.1,1.0,missing,0.0001,missing,missing,missing,missing,not_applicable,not_applicable,not_applicable,not_applicable,not_applicable,2,5,not_applicable,6,not_applicable,last,missing,missing,missing,missing,arXiv:2102.08363 Table 3 [COMBO] dataset as printed: halfcheetah-medium-replay,reported_mean_over_seeds,"± is the 95%-confidence interval, not std (Table 3 caption); printed as 'medium-replay halfcheetah'"
2102.08363,COMBO,"[""collect model rollouts@trajectory"", ""conservatively evaluate policy@value"", ""improve@policy"", ""train@parameter""]",model_based_offline_rl,hopper-medium-replay,unknown,main,89.5,1.8,missing,0.0001,missing,missing,missing,missing,not_applicable,not_applicable,not_applicable,not_applicable,not_applicable,2,5,not_applicable,6,not_applicable,last,missing,missing,missing,missing,arXiv:2102.08363 Table 3 [COMBO] dataset as printed: hopper-medium-replay,reported_mean_over_seeds,"± is the 95%-confidence interval, not std (Table 3 caption); printed as 'medium-replay hopper'"
2102.08363,COMBO,"[""collect model rollouts@trajectory"", ""conservatively evaluate policy@value"", ""improve@policy"", ""train@parameter""]",model_based_offline_rl,walker2d-medium-replay,unknown,main,56.0,8.6,missing,1e-05,missing,missing,missing,missing,not_applicable,not_applicable,not_applicable,not_applicable,not_applicable,2,1,not_applicable,6,not_applicable,last,missing,missing,missing,missing,arXiv:2102.08363 Table 3 [COMBO] dataset as printed: walker2d-medium-replay,reported_mean_over_seeds,"± is the 95%-confidence interval, not std (Table 3 caption); printed as 'medium-replay walker2d'"
2102.08363,COMBO,"[""collect model rollouts@trajectory"", ""conservatively evaluate policy@value"", ""improve@policy"", ""train@parameter""]",model_based_offline_rl,halfcheetah-medium-expert,unknown,main,90.0,5.6,missing,0.0001,missing,missing,missing,missing,not_applicable,not_applicable,not_applicable,not_applicable,not_applicable,2,5,not_applicable,6,not_applicable,last,missing,missing,missing,missing,arXiv:2102.08363 Table 3 [COMBO] dataset as printed: halfcheetah-medium-expert,reported_mean_over_seeds,"± is the 95%-confidence interval, not std (Table 3 caption); printed as 'medium-expert halfcheetah'"
2102.08363,COMBO,"[""collect model rollouts@trajectory"", ""conservatively evaluate policy@value"", ""improve@policy"", ""train@parameter""]",model_based_offline_rl,hopper-medium-expert,unknown,main,111.1,2.9,missing,0.0001,missing,missing,missing,missing,not_applicable,not_applicable,not_applicable,not_applicable,not_applicable,2,5,not_applicable,6,not_applicable,last,missing,missing,missing,missing,arXiv:2102.08363 Table 3 [COMBO] dataset as printed: hopper-medium-expert,reported_mean_over_seeds,"± is the 95%-confidence interval, not std (Table 3 caption); printed as 'medium-expert hopper'"
2102.08363,COMBO,"[""collect model rollouts@trajectory"", ""conservatively evaluate policy@value"", ""improve@policy"", ""train@parameter""]",model_based_offline_rl,walker2d-medium-expert,unknown,main,103.3,5.6,missing,1e-05,missing,missing,missing,missing,not_applicable,not_applicable,not_applicable,not_applicable,not_applicable,2,1,not_applicable,6,not_applicable,last,missing,missing,missing,missing,arXiv:2102.08363 Table 3 [COMBO] dataset as printed: walker2d-medium-expert,reported_mean_over_seeds,"± is the 95%-confidence interval, not std (Table 3 caption); printed as 'medium-expert walker2d'"
2106.01345,DecisionTransformer,"[""append@other:DecisionTransformer"", ""decrement@reward"", ""encode@input"", ""interleave@sample"", ""predict@action"", ""select@action""]",return_conditioned_supervised_learning,halfcheetah-medium-expert,unknown,main,86.8,1.3,64,0.0001,100000,128,3,not_applicable,not_applicable,20,not_applicable,not_applicable,not_applicable,not_applicable,not_applicable,not_applicable,3,not_applicable,missing,missing,missing,missing,missing,arXiv:2106.01345 Table 2 [DT (Ours)] dataset as printed: halfcheetah-medium-expert,reported_mean_over_seeds,Dataset printed as 'Medium-Expert / HalfCheetah' style; 'Walker' = walker2d. Std is over 3 seeds ('mean and variance for three seeds').
2106.01345,DecisionTransformer,"[""append@other:DecisionTransformer"", ""decrement@reward"", ""encode@input"", ""interleave@sample"", ""predict@action"", ""select@action""]",return_conditioned_supervised_learning,hopper-medium-expert,unknown,main,107.6,1.8,64,0.0001,100000,128,3,not_applicable,not_applicable,20,not_applicable,not_applicable,not_applicable,not_applicable,not_applicable,not_applicable,3,not_applicable,missing,missing,missing,missing,missing,arXiv:2106.01345 Table 2 [DT (Ours)] dataset as printed: hopper-medium-expert,reported_mean_over_seeds,Dataset printed as 'Medium-Expert / HalfCheetah' style; 'Walker' = walker2d. Std is over 3 seeds ('mean and variance for three seeds').
2106.01345,DecisionTransformer,"[""append@other:DecisionTransformer"", ""decrement@reward"", ""encode@input"", ""interleave@sample"", ""predict@action"", ""select@action""]",return_conditioned_supervised_learning,walker2d-medium-expert,unknown,main,108.1,0.2,64,0.0001,100000,128,3,not_applicable,not_applicable,20,not_applicable,not_applicable,not_applicable,not_applicable,not_applicable,not_applicable,3,not_applicable,missing,missing,missing,missing,missing,arXiv:2106.01345 Table 2 [DT (Ours)] dataset as printed: walker2d-medium-expert,reported_mean_over_seeds,Dataset printed as 'Medium-Expert / HalfCheetah' style; 'Walker' = walker2d. Std is over 3 seeds ('mean and variance for three seeds').
2106.01345,DecisionTransformer,"[""append@other:DecisionTransformer"", ""decrement@reward"", ""encode@input"", ""interleave@sample"", ""predict@action"", ""select@action""]",return_conditioned_supervised_learning,halfcheetah-medium,unknown,main,42.6,0.1,64,0.0001,100000,128,3,not_applicable,not_applicable,20,not_applicable,not_applicable,not_applicable,not_applicable,not_applicable,not_applicable,3,not_applicable,missing,missing,missing,missing,missing,arXiv:2106.01345 Table 2 [DT (Ours)] dataset as printed: halfcheetah-medium,reported_mean_over_seeds,Dataset printed as 'Medium-Expert / HalfCheetah' style; 'Walker' = walker2d. Std is over 3 seeds ('mean and variance for three seeds').
2106.01345,DecisionTransformer,"[""append@other:DecisionTransformer"", ""decrement@reward"", ""encode@input"", ""interleave@sample"", ""predict@action"", ""select@action""]",return_conditioned_supervised_learning,hopper-medium,unknown,main,67.6,1.0,64,0.0001,100000,128,3,not_applicable,not_applicable,20,not_applicable,not_applicable,not_applicable,not_applicable,not_applicable,not_applicable,3,not_applicable,missing,missing,missing,missing,missing,arXiv:2106.01345 Table 2 [DT (Ours)] dataset as printed: hopper-medium,reported_mean_over_seeds,Dataset printed as 'Medium-Expert / HalfCheetah' style; 'Walker' = walker2d. Std is over 3 seeds ('mean and variance for three seeds').
2106.01345,DecisionTransformer,"[""append@other:DecisionTransformer"", ""decrement@reward"", ""encode@input"", ""interleave@sample"", ""predict@action"", ""select@action""]",return_conditioned_supervised_learning,walker2d-medium,unknown,main,74.0,1.4,64,0.0001,100000,128,3,not_applicable,not_applicable,20,not_applicable,not_applicable,not_applicable,not_applicable,not_applicable,not_applicable,3,not_applicable,missing,missing,missing,missing,missing,arXiv:2106.01345 Table 2 [DT (Ours)] dataset as printed: walker2d-medium,reported_mean_over_seeds,Dataset printed as 'Medium-Expert / HalfCheetah' style; 'Walker' = walker2d. Std is over 3 seeds ('mean and variance for three seeds').
2106.01345,DecisionTransformer,"[""append@other:DecisionTransformer"", ""decrement@reward"", ""encode@input"", ""interleave@sample"", ""predict@action"", ""select@action""]",return_conditioned_supervised_learning,halfcheetah-medium-replay,unknown,main,36.6,0.8,64,0.0001,100000,128,3,not_applicable,not_applicable,20,not_applicable,not_applicable,not_applicable,not_applicable,not_applicable,not_applicable,3,not_applicable,missing,missing,missing,missing,missing,arXiv:2106.01345 Table 2 [DT (Ours)] dataset as printed: halfcheetah-medium-replay,reported_mean_over_seeds,Dataset printed as 'Medium-Expert / HalfCheetah' style; 'Walker' = walker2d. Std is over 3 seeds ('mean and variance for three seeds').
2106.01345,DecisionTransformer,"[""append@other:DecisionTransformer"", ""decrement@reward"", ""encode@input"", ""interleave@sample"", ""predict@action"", ""select@action""]",return_conditioned_supervised_learning,hopper-medium-replay,unknown,main,82.7,7.0,64,0.0001,100000,128,3,not_applicable,not_applicable,20,not_applicable,not_applicable,not_applicable,not_applicable,not_applicable,not_applicable,3,not_applicable,missing,missing,missing,missing,missing,arXiv:2106.01345 Table 2 [DT (Ours)] dataset as printed: hopper-medium-replay,reported_mean_over_seeds,Dataset printed as 'Medium-Expert / HalfCheetah' style; 'Walker' = walker2d. Std is over 3 seeds ('mean and variance for three seeds').
2106.01345,DecisionTransformer,"[""append@other:DecisionTransformer"", ""decrement@reward"", ""encode@input"", ""interleave@sample"", ""predict@action"", ""select@action""]",return_conditioned_supervised_learning,walker2d-medium-replay,unknown,main,66.6,3.0,64,0.0001,100000,128,3,not_applicable,not_applicable,20,not_applicable,not_applicable,not_applicable,not_applicable,not_applicable,not_applicable,3,not_applicable,missing,missing,missing,missing,missing,arXiv:2106.01345 Table 2 [DT (Ours)] dataset as printed: walker2d-medium-replay,reported_mean_over_seeds,Dataset printed as 'Medium-Expert / HalfCheetah' style; 'Walker' = walker2d. Std is over 3 seeds ('mean and variance for three seeds').
2310.03022,DecisionConvFormer,"[""convolve@latent"", ""encode@input"", ""feed forward@latent"", ""normalize@latent"", ""tokenize@input""]",return_conditioned_supervised_learning,halfcheetah-medium,v2,main,43.0,,64,0.001,100000,128,3,not_applicable,not_applicable,8,not_applicable,not_applicable,not_applicable,not_applicable,not_applicable,not_applicable,5,not_applicable,missing,missing,missing,missing,missing,arXiv:2310.03022 Table 1 [DC] dataset as printed: halfcheetah-medium,reported_mean_over_seeds,"Column 'DC'. No std reported. Target RTG: 'We examine six target RTG values, each being a multiple of the default target RTG in Chen et al. (2021)... We subsequently report the highest score achieved for each algorithm.'"
2310.03022,DecisionConvFormer,"[""convolve@latent"", ""encode@input"", ""feed forward@latent"", ""normalize@latent"", ""tokenize@input""]",return_conditioned_supervised_learning,hopper-medium,v2,main,92.5,,64,0.0001,100000,256,3,not_applicable,not_applicable,8,not_applicable,not_applicable,not_applicable,not_applicable,not_applicable,not_applicable,5,not_applicable,missing,missing,missing,missing,missing,arXiv:2310.03022 Table 1 [DC] dataset as printed: hopper-medium,reported_mean_over_seeds,"Column 'DC'. No std reported. Target RTG: 'We examine six target RTG values, each being a multiple of the default target RTG in Chen et al. (2021)... We subsequently report the highest score achieved for each algorithm.'"
2310.03022,DecisionConvFormer,"[""convolve@latent"", ""encode@input"", ""feed forward@latent"", ""normalize@latent"", ""tokenize@input""]",return_conditioned_supervised_learning,walker2d-medium,v2,main,79.2,,64,0.0001,100000,128,3,not_applicable,not_applicable,8,not_applicable,not_applicable,not_applicable,not_applicable,not_applicable,not_applicable,5,not_applicable,missing,missing,missing,missing,missing,arXiv:2310.03022 Table 1 [DC] dataset as printed: walker2d-medium,reported_mean_over_seeds,"Column 'DC'. No std reported. Target RTG: 'We examine six target RTG values, each being a multiple of the default target RTG in Chen et al. (2021)... We subsequently report the highest score achieved for each algorithm.'"
2310.03022,DecisionConvFormer,"[""convolve@latent"", ""encode@input"", ""feed forward@latent"", ""normalize@latent"", ""tokenize@input""]",return_conditioned_supervised_learning,halfcheetah-medium-replay,v2,main,41.3,,64,0.001,100000,128,3,not_applicable,not_applicable,8,not_applicable,not_applicable,not_applicable,not_applicable,not_applicable,not_applicable,5,not_applicable,missing,missing,missing,missing,missing,arXiv:2310.03022 Table 1 [DC] dataset as printed: halfcheetah-medium-replay,reported_mean_over_seeds,"Column 'DC'. No std reported. Target RTG: 'We examine six target RTG values, each being a multiple of the default target RTG in Chen et al. (2021)... We subsequently report the highest score achieved for each algorithm.'"
2310.03022,DecisionConvFormer,"[""convolve@latent"", ""encode@input"", ""feed forward@latent"", ""normalize@latent"", ""tokenize@input""]",return_conditioned_supervised_learning,hopper-medium-replay,v2,main,94.2,,64,0.0001,100000,256,3,not_applicable,not_applicable,8,not_applicable,not_applicable,not_applicable,not_applicable,not_applicable,not_applicable,5,not_applicable,missing,missing,missing,missing,missing,arXiv:2310.03022 Table 1 [DC] dataset as printed: hopper-medium-replay,reported_mean_over_seeds,"Column 'DC'. No std reported. Target RTG: 'We examine six target RTG values, each being a multiple of the default target RTG in Chen et al. (2021)... We subsequently report the highest score achieved for each algorithm.'"
2310.03022,DecisionConvFormer,"[""convolve@latent"", ""encode@input"", ""feed forward@latent"", ""normalize@latent"", ""tokenize@input""]",return_conditioned_supervised_learning,walker2d-medium-replay,v2,main,76.6,,64,0.001,100000,128,3,not_applicable,not_applicable,8,not_applicable,not_applicable,not_applicable,not_applicable,not_applicable,not_applicable,5,not_applicable,missing,missing,missing,missing,missing,arXiv:2310.03022 Table 1 [DC] dataset as printed: walker2d-medium-replay,reported_mean_over_seeds,"Column 'DC'. No std reported. Target RTG: 'We examine six target RTG values, each being a multiple of the default target RTG in Chen et al. (2021)... We subsequently report the highest score achieved for each algorithm.'"
2310.03022,DecisionConvFormer,"[""convolve@latent"", ""encode@input"", ""feed forward@latent"", ""normalize@latent"", ""tokenize@input""]",return_conditioned_supervised_learning,halfcheetah-medium-expert,v2,main,93.0,,64,0.001,100000,128,3,not_applicable,not_applicable,8,not_applicable,not_applicable,not_applicable,not_applicable,not_applicable,not_applicable,5,not_applicable,missing,missing,missing,missing,missing,arXiv:2310.03022 Table 1 [DC] dataset as printed: halfcheetah-medium-expert,reported_mean_over_seeds,"Column 'DC'. No std reported. Target RTG: 'We examine six target RTG values, each being a multiple of the default target RTG in Chen et al. (2021)... We subsequently report the highest score achieved for each algorithm.'"
2310.03022,DecisionConvFormer,"[""convolve@latent"", ""encode@input"", ""feed forward@latent"", ""normalize@latent"", ""tokenize@input""]",return_conditioned_supervised_learning,hopper-medium-expert,v2,main,110.4,,64,0.001,100000,128,3,not_applicable,not_applicable,8,not_applicable,not_applicable,not_applicable,not_applicable,not_applicable,not_applicable,5,not_applicable,missing,missing,missing,missing,missing,arXiv:2310.03022 Table 1 [DC] dataset as printed: hopper-medium-expert,reported_mean_over_seeds,"Column 'DC'. No std reported. Target RTG: 'We examine six target RTG values, each being a multiple of the default target RTG in Chen et al. (2021)... We subsequently report the highest score achieved for each algorithm.'"
2310.03022,DecisionConvFormer,"[""convolve@latent"", ""encode@input"", ""feed forward@latent"", ""normalize@latent"", ""tokenize@input""]",return_conditioned_supervised_learning,walker2d-medium-expert,v2,main,109.6,,64,0.001,100000,128,3,not_applicable,not_applicable,8,not_applicable,not_applicable,not_applicable,not_applicable,not_applicable,not_applicable,5,not_applicable,missing,missing,missing,missing,missing,arXiv:2310.03022 Table 1 [DC] dataset as printed: walker2d-medium-expert,reported_mean_over_seeds,"Column 'DC'. No std reported. Target RTG: 'We examine six target RTG values, each being a multiple of the default target RTG in Chen et al. (2021)... We subsequently report the highest score achieved for each algorithm.'"
2310.03022,DecisionConvFormer,"[""convolve@latent"", ""encode@input"", ""feed forward@latent"", ""normalize@latent"", ""tokenize@input""]",return_conditioned_supervised_learning,hopper-medium,v2,embed_128,69.7,,64,0.0001,100000,128,3,not_applicable,not_applicable,8,not_applicable,not_applicable,not_applicable,not_applicable,not_applicable,not_applicable,5,not_applicable,missing,missing,missing,missing,missing,arXiv:2310.03022 Table 5 [DC] dataset as printed: hopper-medium,reported_mean_over_seeds,"Columns: DT-128, DT-256, DC-128, DC-256. DC-256 (92.5) equals Table 1 main."
2310.03022,DecisionConvFormer,"[""convolve@latent"", ""encode@input"", ""feed forward@latent"", ""normalize@latent"", ""tokenize@input""]",return_conditioned_supervised_learning,hopper-medium-replay,v2,embed_128,88.2,,64,0.0001,100000,128,3,not_applicable,not_applicable,8,not_applicable,not_applicable,not_applicable,not_applicable,not_applicable,not_applicable,5,not_applicable,missing,missing,missing,missing,missing,arXiv:2310.03022 Table 5 [DC] dataset as printed: hopper-medium-replay,reported_mean_over_seeds,"Columns: DT-128, DT-256, DC-128, DC-256. DC-256 (94.2) equals Table 1 main."
2310.03022,DecisionConvFormer,"[""convolve@latent"", ""encode@input"", ""feed forward@latent"", ""normalize@latent"", ""tokenize@input""]",return_conditioned_supervised_learning,hopper-medium,v2,context_20,94.2,,64,0.0001,100000,256,3,not_applicable,not_applicable,20,not_applicable,not_applicable,not_applicable,not_applicable,not_applicable,not_applicable,5,not_applicable,missing,missing,missing,missing,missing,arXiv:2310.03022 Table 18 [DC] dataset as printed: hopper-medium,reported_mean_over_seeds,"Grid: rows K in {8,20}, columns L in {3,6,30}. K=8,L=6 = 92.5 = main (not duplicated). K=8,L=30 is '-' (not run)."
2209.03993,QDT,"[""compute state value@value"", ""regenerate rtg@reward"", ""relabel rtg values@reward"", ""train@value""]",return_conditioned_supervised_learning,hopper-medium,v2,main,66.5,6.3,64,missing,100000,missing,missing,not_applicable,not_applicable,missing,not_applicable,not_applicable,not_applicable,not_applicable,not_applicable,not_applicable,5,not_applicable,last,missing,missing,missing,missing,arXiv:2209.03993 Table 4 [QDT] dataset as printed: hopper-medium,reported_mean_over_seeds,Last column = QDT Results. Rows grouped under vertical labels 'Medium' (first 3) and 'Replay' (last 3); medium-replay assignment confirmed by DT Ref column matching Chen et al. medium-replay values (82.7/36.6/66.6).
2209.03993,QDT,"[""compute state value@value"", ""regenerate rtg@reward"", ""relabel rtg values@reward"", ""train@value""]",return_conditioned_supervised_learning,halfcheetah-medium,v2,main,42.3,0.4,64,missing,100000,missing,missing,not_applicable,not_applicable,missing,not_applicable,not_applicable,not_applicable,not_applicable,not_applicable,not_applicable,5,not_applicable,last,missing,missing,missing,missing,arXiv:2209.03993 Table 4 [QDT] dataset as printed: halfcheetah-medium,reported_mean_over_seeds,Last column = QDT Results. Rows grouped under vertical labels 'Medium' (first 3) and 'Replay' (last 3); medium-replay assignment confirmed by DT Ref column matching Chen et al. medium-replay values (82.7/36.6/66.6).
2209.03993,QDT,"[""compute state value@value"", ""regenerate rtg@reward"", ""relabel rtg values@reward"", ""train@value""]",return_conditioned_supervised_learning,walker2d-medium,v2,main,67.1,3.2,64,missing,100000,missing,missing,not_applicable,not_applicable,missing,not_applicable,not_applicable,not_applicable,not_applicable,not_applicable,not_applicable,5,not_applicable,last,missing,missing,missing,missing,arXiv:2209.03993 Table 4 [QDT] dataset as printed: walker2d-medium,reported_mean_over_seeds,Last column = QDT Results. Rows grouped under vertical labels 'Medium' (first 3) and 'Replay' (last 3); medium-replay assignment confirmed by DT Ref column matching Chen et al. medium-replay values (82.7/36.6/66.6).
2209.03993,QDT,"[""compute state value@value"", ""regenerate rtg@reward"", ""relabel rtg values@reward"", ""train@value""]",return_conditioned_supervised_learning,hopper-medium-replay,v2,main,52.1,20.3,64,missing,100000,missing,missing,not_applicable,not_applicable,missing,not_applicable,not_applicable,not_applicable,not_applicable,not_applicable,not_applicable,5,not_applicable,last,missing,missing,missing,missing,arXiv:2209.03993 Table 4 [QDT] dataset as printed: hopper-medium-replay,reported_mean_over_seeds,Last column = QDT Results. Rows grouped under vertical labels 'Medium' (first 3) and 'Replay' (last 3); medium-replay assignment confirmed by DT Ref column matching Chen et al. medium-replay values (82.7/36.6/66.6).
2209.03993,QDT,"[""compute state value@value"", ""regenerate rtg@reward"", ""relabel rtg values@reward"", ""train@value""]",return_conditioned_supervised_learning,halfcheetah-medium-replay,v2,main,35.6,0.5,64,missing,100000,missing,missing,not_applicable,not_applicable,missing,not_applicable,not_applicable,not_applicable,not_applicable,not_applicable,not_applicable,5,not_applicable,last,missing,missing,missing,missing,arXiv:2209.03993 Table 4 [QDT] dataset as printed: halfcheetah-medium-replay,reported_mean_over_seeds,Last column = QDT Results. Rows grouped under vertical labels 'Medium' (first 3) and 'Replay' (last 3); medium-replay assignment confirmed by DT Ref column matching Chen et al. medium-replay values (82.7/36.6/66.6).
2209.03993,QDT,"[""compute state value@value"", ""regenerate rtg@reward"", ""relabel rtg values@reward"", ""train@value""]",return_conditioned_supervised_learning,walker2d-medium-replay,v2,main,58.2,5.1,64,missing,100000,missing,missing,not_applicable,not_applicable,missing,not_applicable,not_applicable,not_applicable,not_applicable,not_applicable,not_applicable,5,not_applicable,last,missing,missing,missing,missing,arXiv:2209.03993 Table 4 [QDT] dataset as printed: walker2d-medium-replay,reported_mean_over_seeds,Last column = QDT Results. Rows grouped under vertical labels 'Medium' (first 3) and 'Replay' (last 3); medium-replay assignment confirmed by DT Ref column matching Chen et al. medium-replay values (82.7/36.6/66.6).
2112.10751,RvS,"[""compute@gradient"", ""correct@parameter"", ""sample@trajectory""]",return_conditioned_supervised_learning,halfcheetah-random,v2,main,3.9,,16384,0.001,missing,1024,2,not_applicable,not_applicable,not_applicable,not_applicable,not_applicable,not_applicable,not_applicable,not_applicable,not_applicable,5,not_applicable,missing,missing,missing,missing,missing,arXiv:2112.10751 Table 1 [RvS-R] dataset as printed: halfcheetah-random-v2,reported_mean_over_seeds,RvS-R is the last number in the row; CQL-p and RvS-G columns blank for Gym
2112.10751,RvS,"[""compute@gradient"", ""correct@parameter"", ""sample@trajectory""]",return_conditioned_supervised_learning,hopper-random,v2,main,7.7,,16384,0.001,missing,1024,2,not_applicable,not_applicable,not_applicable,not_applicable,not_applicable,not_applicable,not_applicable,not_applicable,not_applicable,5,not_applicable,missing,missing,missing,missing,missing,arXiv:2112.10751 Table 1 [RvS-R] dataset as printed: hopper-random-v2,reported_mean_over_seeds,
2112.10751,RvS,"[""compute@gradient"", ""correct@parameter"", ""sample@trajectory""]",return_conditioned_supervised_learning,walker2d-random,v2,main,-0.2,,16384,0.001,missing,1024,2,not_applicable,not_applicable,not_applicable,not_applicable,not_applicable,not_applicable,not_applicable,not_applicable,not_applicable,5,not_applicable,missing,missing,missing,missing,missing,arXiv:2112.10751 Table 1 [RvS-R] dataset as printed: walker2d-random-v2,reported_mean_over_seeds,
2112.10751,RvS,"[""compute@gradient"", ""correct@parameter"", ""sample@trajectory""]",return_conditioned_supervised_learning,halfcheetah-medium-replay,v2,main,38.0,,16384,0.001,missing,1024,2,not_applicable,not_applicable,not_applicable,not_applicable,not_applicable,not_applicable,not_applicable,not_applicable,not_applicable,5,not_applicable,missing,missing,missing,missing,missing,arXiv:2112.10751 Table 1 [RvS-R] dataset as printed: halfcheetah-medium-replay-v2,reported_mean_over_seeds,
2112.10751,RvS,"[""compute@gradient"", ""correct@parameter"", ""sample@trajectory""]",return_conditioned_supervised_learning,hopper-medium-replay,v2,main,73.5,,16384,0.001,missing,1024,2,not_applicable,not_applicable,not_applicable,not_applicable,not_applicable,not_applicable,not_applicable,not_applicable,not_applicable,5,not_applicable,missing,missing,missing,missing,missing,arXiv:2112.10751 Table 1 [RvS-R] dataset as printed: hopper-medium-replay-v2,reported_mean_over_seeds,
2112.10751,RvS,"[""compute@gradient"", ""correct@parameter"", ""sample@trajectory""]",return_conditioned_supervised_learning,walker2d-medium-replay,v2,main,60.6,,16384,0.001,missing,1024,2,not_applicable,not_applicable,not_applicable,not_applicable,not_applicable,not_applicable,not_applicable,not_applicable,not_applicable,5,not_applicable,missing,missing,missing,missing,missing,arXiv:2112.10751 Table 1 [RvS-R] dataset as printed: walker2d-medium-replay-v2,reported_mean_over_seeds,
2112.10751,RvS,"[""compute@gradient"", ""correct@parameter"", ""sample@trajectory""]",return_conditioned_supervised_learning,halfcheetah-medium,v2,main,41.6,,16384,0.001,missing,1024,2,not_applicable,not_applicable,not_applicable,not_applicable,not_applicable,not_applicable,not_applicable,not_applicable,not_applicable,5,not_applicable,missing,missing,missing,missing,missing,arXiv:2112.10751 Table 1 [RvS-R] dataset as printed: halfcheetah-medium-v2,reported_mean_over_seeds,
2112.10751,RvS,"[""compute@gradient"", ""correct@parameter"", ""sample@trajectory""]",return_conditioned_supervised_learning,hopper-medium,v2,main,60.2,,16384,0.001,missing,1024,2,not_applicable,not_applicable,not_applicable,not_applicable,not_applicable,not_applicable,not_applicable,not_applicable,not_applicable,5,not_applicable,missing,missing,missing,missing,missing,arXiv:2112.10751 Table 1 [RvS-R] dataset as printed: hopper-medium-v2,reported_mean_over_seeds,leading '7' is page number artifact
2112.10751,RvS,"[""compute@gradient"", ""correct@parameter"", ""sample@trajectory""]",return_conditioned_supervised_learning,walker2d-medium,v2,main,71.7,,16384,0.001,missing,1024,2,not_applicable,not_applicable,not_applicable,not_applicable,not_applicable,not_applicable,not_applicable,not_applicable,not_applicable,5,not_applicable,missing,missing,missing,missing,missing,arXiv:2112.10751 Table 1 [RvS-R] dataset as printed: walker2d-medium-v2,reported_mean_over_seeds,
2112.10751,RvS,"[""compute@gradient"", ""correct@parameter"", ""sample@trajectory""]",return_conditioned_supervised_learning,halfcheetah-medium-expert,v2,main,92.2,,16384,0.001,missing,1024,2,not_applicable,not_applicable,not_applicable,not_applicable,not_applicable,not_applicable,not_applicable,not_applicable,not_applicable,5,not_applicable,missing,missing,missing,missing,missing,arXiv:2112.10751 Table 1 [RvS-R] dataset as printed: halfcheetah-medium-expert-v2,reported_mean_over_seeds,
2112.10751,RvS,"[""compute@gradient"", ""correct@parameter"", ""sample@trajectory""]",return_conditioned_supervised_learning,hopper-medium-expert,v2,main,101.7,,16384,0.001,missing,1024,2,not_applicable,not_applicable,not_applicable,not_applicable,not_applicable,not_applicable,not_applicable,not_applicable,not_applicable,5,not_applicable,missing,missing,missing,missing,missing,arXiv:2112.10751 Table 1 [RvS-R] dataset as printed: hopper-medium-expert-v2,reported_mean_over_seeds,
2112.10751,RvS,"[""compute@gradient"", ""correct@parameter"", ""sample@trajectory""]",return_conditioned_supervised_learning,walker2d-medium-expert,v2,main,106.0,,16384,0.001,missing,1024,2,not_applicable,not_applicable,not_applicable,not_applicable,not_applicable,not_applicable,not_applicable,not_applicable,not_applicable,5,not_applicable,missing,missing,missing,missing,missing,arXiv:2112.10751 Table 1 [RvS-R] dataset as printed: walker2d-medium-expert-v2,reported_mean_over_seeds,
2106.02039,TrajectoryTransformer,"[""beam search@trajectory"", ""discretize@state"", ""reconstruct@trajectory"", ""tokenize@state""]",sequence_model_planning,halfcheetah-medium-expert,v2,uniform,40.8,2.3,256,0.00025,missing,128,4,missing,15,5,not_applicable,not_applicable,256,not_applicable,not_applicable,not_applicable,15,not_applicable,missing,missing,missing,missing,uniform,arXiv:2106.02039 Table 1 [TT (uniform)] dataset as printed: halfcheetah-medium-expert,reported_mean_over_seeds,± is standard ERROR (not std) over 15 random seeds (5 transformers × 3 trajectories). Column: 'TT (uniform)'.
2106.02039,TrajectoryTransformer,"[""beam search@trajectory"", ""discretize@state"", ""reconstruct@trajectory"", ""tokenize@state""]",sequence_model_planning,hopper-medium-expert,v2,uniform,106.0,0.28,256,0.00025,missing,128,4,missing,15,5,not_applicable,not_applicable,256,not_applicable,not_applicable,not_applicable,15,not_applicable,missing,missing,missing,missing,uniform,arXiv:2106.02039 Table 1 [TT (uniform)] dataset as printed: hopper-medium-expert,reported_mean_over_seeds,± is standard ERROR (not std) over 15 random seeds (5 transformers × 3 trajectories). Column: 'TT (uniform)'.
2106.02039,TrajectoryTransformer,"[""beam search@trajectory"", ""discretize@state"", ""reconstruct@trajectory"", ""tokenize@state""]",sequence_model_planning,walker2d-medium-expert,v2,uniform,91.0,2.8,256,0.00025,missing,128,4,missing,15,5,not_applicable,not_applicable,256,not_applicable,not_applicable,not_applicable,15,not_applicable,missing,missing,missing,missing,uniform,arXiv:2106.02039 Table 1 [TT (uniform)] dataset as printed: walker2d-medium-expert,reported_mean_over_seeds,± is standard ERROR (not std) over 15 random seeds (5 transformers × 3 trajectories). Column: 'TT (uniform)'.
2106.02039,TrajectoryTransformer,"[""beam search@trajectory"", ""discretize@state"", ""reconstruct@trajectory"", ""tokenize@state""]",sequence_model_planning,halfcheetah-medium,v2,uniform,44.0,0.31,256,0.00025,missing,128,4,missing,15,5,not_applicable,not_applicable,256,not_applicable,not_applicable,not_applicable,15,not_applicable,missing,missing,missing,missing,uniform,arXiv:2106.02039 Table 1 [TT (uniform)] dataset as printed: halfcheetah-medium,reported_mean_over_seeds,± is standard ERROR (not std) over 15 random seeds (5 transformers × 3 trajectories). Column: 'TT (uniform)'.
2106.02039,TrajectoryTransformer,"[""beam search@trajectory"", ""discretize@state"", ""reconstruct@trajectory"", ""tokenize@state""]",sequence_model_planning,hopper-medium,v2,uniform,67.4,2.9,256,0.00025,missing,128,4,missing,15,5,not_applicable,not_applicable,256,not_applicable,not_applicable,not_applicable,15,not_applicable,missing,missing,missing,missing,uniform,arXiv:2106.02039 Table 1 [TT (uniform)] dataset as printed: hopper-medium,reported_mean_over_seeds,± is standard ERROR (not std) over 15 random seeds (5 transformers × 3 trajectories). Column: 'TT (uniform)'.
2106.02039,TrajectoryTransformer,"[""beam search@trajectory"", ""discretize@state"", ""reconstruct@trajectory"", ""tokenize@state""]",sequence_model_planning,walker2d-medium,v2,uniform,81.3,2.1,256,0.00025,missing,128,4,missing,15,5,not_applicable,not_applicable,256,not_applicable,not_applicable,not_applicable,15,not_applicable,missing,missing,missing,missing,uniform,arXiv:2106.02039 Table 1 [TT (uniform)] dataset as printed: walker2d-medium,reported_mean_over_seeds,± is standard ERROR (not std) over 15 random seeds (5 transformers × 3 trajectories). Column: 'TT (uniform)'.
2106.02039,TrajectoryTransformer,"[""beam search@trajectory"", ""discretize@state"", ""reconstruct@trajectory"", ""tokenize@state""]",sequence_model_planning,halfcheetah-medium-replay,v2,uniform,44.1,0.9,256,0.00025,missing,128,4,missing,15,5,not_applicable,not_applicable,256,not_applicable,not_applicable,not_applicable,15,not_applicable,missing,missing,missing,missing,uniform,arXiv:2106.02039 Table 1 [TT (uniform)] dataset as printed: halfcheetah-medium-replay,reported_mean_over_seeds,± is standard ERROR (not std) over 15 random seeds (5 transformers × 3 trajectories). Column: 'TT (uniform)'.
2106.02039,TrajectoryTransformer,"[""beam search@trajectory"", ""discretize@state"", ""reconstruct@trajectory"", ""tokenize@state""]",sequence_model_planning,hopper-medium-replay,v2,uniform,99.4,3.2,256,0.00025,missing,128,4,missing,15,5,not_applicable,not_applicable,256,not_applicable,not_applicable,not_applicable,15,not_applicable,missing,missing,missing,missing,uniform,arXiv:2106.02039 Table 1 [TT (uniform)] dataset as printed: hopper-medium-replay,reported_mean_over_seeds,± is standard ERROR (not std) over 15 random seeds (5 transformers × 3 trajectories). Column: 'TT (uniform)'.
2106.02039,TrajectoryTransformer,"[""beam search@trajectory"", ""discretize@state"", ""reconstruct@trajectory"", ""tokenize@state""]",sequence_model_planning,walker2d-medium-replay,v2,uniform,79.4,3.3,256,0.00025,missing,128,4,missing,15,5,not_applicable,not_applicable,256,not_applicable,not_applicable,not_applicable,15,not_applicable,missing,missing,missing,missing,uniform,arXiv:2106.02039 Table 1 [TT (uniform)] dataset as printed: walker2d-medium-replay,reported_mean_over_seeds,± is standard ERROR (not std) over 15 random seeds (5 transformers × 3 trajectories). Column: 'TT (uniform)'.
2106.02039,TrajectoryTransformer,"[""beam search@trajectory"", ""discretize@state"", ""reconstruct@trajectory"", ""tokenize@state""]",sequence_model_planning,halfcheetah-medium-expert,v2,quantile,95.0,0.2,256,0.00025,missing,128,4,missing,15,5,not_applicable,not_applicable,256,not_applicable,not_applicable,not_applicable,15,not_applicable,missing,missing,missing,missing,quantile,arXiv:2106.02039 Table 1 [TT (quantile)] dataset as printed: halfcheetah-medium-expert,reported_mean_over_seeds,± is standard ERROR (not std) over 15 random seeds (5 transformers × 3 trajectories). Column: 'TT (quantile)'.
2106.02039,TrajectoryTransformer,"[""beam search@trajectory"", ""discretize@state"", ""reconstruct@trajectory"", ""tokenize@state""]",sequence_model_planning,hopper-medium-expert,v2,quantile,110.0,2.7,256,0.00025,missing,128,4,missing,15,5,not_applicable,not_applicable,256,not_applicable,not_applicable,not_applicable,15,not_applicable,missing,missing,missing,missing,quantile,arXiv:2106.02039 Table 1 [TT (quantile)] dataset as printed: hopper-medium-expert,reported_mean_over_seeds,± is standard ERROR (not std) over 15 random seeds (5 transformers × 3 trajectories). Column: 'TT (quantile)'.
2106.02039,TrajectoryTransformer,"[""beam search@trajectory"", ""discretize@state"", ""reconstruct@trajectory"", ""tokenize@state""]",sequence_model_planning,walker2d-medium-expert,v2,quantile,101.9,6.8,256,0.00025,missing,128,4,missing,15,5,not_applicable,not_applicable,256,not_applicable,not_applicable,not_applicable,15,not_applicable,missing,missing,missing,missing,quantile,arXiv:2106.02039 Table 1 [TT (quantile)] dataset as printed: walker2d-medium-expert,reported_mean_over_seeds,± is standard ERROR (not std) over 15 random seeds (5 transformers × 3 trajectories). Column: 'TT (quantile)'.
2106.02039,TrajectoryTransformer,"[""beam search@trajectory"", ""discretize@state"", ""reconstruct@trajectory"", ""tokenize@state""]",sequence_model_planning,halfcheetah-medium,v2,quantile,46.9,0.4,256,0.00025,missing,128,4,missing,15,5,not_applicable,not_applicable,256,not_applicable,not_applicable,not_applicable,15,not_applicable,missing,missing,missing,missing,quantile,arXiv:2106.02039 Table 1 [TT (quantile)] dataset as printed: halfcheetah-medium,reported_mean_over_seeds,± is standard ERROR (not std) over 15 random seeds (5 transformers × 3 trajectories). Column: 'TT (quantile)'.
2106.02039,TrajectoryTransformer,"[""beam search@trajectory"", ""discretize@state"", ""reconstruct@trajectory"", ""tokenize@state""]",sequence_model_planning,hopper-medium,v2,quantile,61.1,3.6,256,0.00025,missing,128,4,missing,15,5,not_applicable,not_applicable,256,not_applicable,not_applicable,not_applicable,15,not_applicable,missing,missing,missing,missing,quantile,arXiv:2106.02039 Table 1 [TT (quantile)] dataset as printed: hopper-medium,reported_mean_over_seeds,± is standard ERROR (not std) over 15 random seeds (5 transformers × 3 trajectories). Column: 'TT (quantile)'.
2106.02039,TrajectoryTransformer,"[""beam search@trajectory"", ""discretize@state"", ""reconstruct@trajectory"", ""tokenize@state""]",sequence_model_planning,walker2d-medium,v2,quantile,79.0,2.8,256,0.00025,missing,128,4,missing,15,5,not_applicable,not_applicable,256,not_applicable,not_applicable,not_applicable,15,not_applicable,missing,missing,missing,missing,quantile,arXiv:2106.02039 Table 1 [TT (quantile)] dataset as printed: walker2d-medium,reported_mean_over_seeds,± is standard ERROR (not std) over 15 random seeds (5 transformers × 3 trajectories). Column: 'TT (quantile)'.
2106.02039,TrajectoryTransformer,"[""beam search@trajectory"", ""discretize@state"", ""reconstruct@trajectory"", ""tokenize@state""]",sequence_model_planning,halfcheetah-medium-replay,v2,quantile,41.9,2.5,256,0.00025,missing,128,4,missing,15,5,not_applicable,not_applicable,256,not_applicable,not_applicable,not_applicable,15,not_applicable,missing,missing,missing,missing,quantile,arXiv:2106.02039 Table 1 [TT (quantile)] dataset as printed: halfcheetah-medium-replay,reported_mean_over_seeds,± is standard ERROR (not std) over 15 random seeds (5 transformers × 3 trajectories). Column: 'TT (quantile)'.
2106.02039,TrajectoryTransformer,"[""beam search@trajectory"", ""discretize@state"", ""reconstruct@trajectory"", ""tokenize@state""]",sequence_model_planning,hopper-medium-replay,v2,quantile,91.5,3.6,256,0.00025,missing,128,4,missing,15,5,not_applicable,not_applicable,256,not_applicable,not_applicable,not_applicable,15,not_applicable,missing,missing,missing,missing,quantile,arXiv:2106.02039 Table 1 [TT (quantile)] dataset as printed: hopper-medium-replay,reported_mean_over_seeds,± is standard ERROR (not std) over 15 random seeds (5 transformers × 3 trajectories). Column: 'TT (quantile)'.
2106.02039,TrajectoryTransformer,"[""beam search@trajectory"", ""discretize@state"", ""reconstruct@trajectory"", ""tokenize@state""]",sequence_model_planning,walker2d-medium-replay,v2,quantile,82.6,6.9,256,0.00025,missing,128,4,missing,15,5,not_applicable,not_applicable,256,not_applicable,not_applicable,not_applicable,15,not_applicable,missing,missing,missing,missing,quantile,arXiv:2106.02039 Table 1 [TT (quantile)] dataset as printed: walker2d-medium-replay,reported_mean_over_seeds,± is standard ERROR (not std) over 15 random seeds (5 transformers × 3 trajectories). Column: 'TT (quantile)'.
2208.10291,TAP,"[""concatenate@sample"", ""encode@input"", ""project@sample"", ""quantize@sample"", ""reconstruct@sample"", ""sample@distribution"", ""tile@sample""]",sequence_model_planning,halfcheetah-medium-expert,v2,main,91.8,0.8,512,0.0002,missing,512,4,0.99,15,missing,not_applicable,not_applicable,64,not_applicable,not_applicable,not_applicable,5,not_applicable,missing,missing,missing,missing,missing,arXiv:2208.10291 Table 1 [TAP] dataset as printed: halfcheetah-medium-expert,reported_mean_over_seeds,printed as 'Medium-Expert Halfcheetah'; ± is not defined in the caption (std or SE unstated); 5 seeds x 20 episodes
2208.10291,TAP,"[""concatenate@sample"", ""encode@input"", ""project@sample"", ""quantize@sample"", ""reconstruct@sample"", ""sample@distribution"", ""tile@sample""]",sequence_model_planning,hopper-medium-expert,v2,main,105.5,1.7,512,0.0002,missing,512,4,0.99,15,missing,not_applicable,not_applicable,64,not_applicable,not_applicable,not_applicable,5,not_applicable,missing,missing,missing,missing,missing,arXiv:2208.10291 Table 1 [TAP] dataset as printed: hopper-medium-expert,reported_mean_over_seeds,printed as 'Medium-Expert Hopper'; ± is not defined in the caption (std or SE unstated); 5 seeds x 20 episodes
2208.10291,TAP,"[""concatenate@sample"", ""encode@input"", ""project@sample"", ""quantize@sample"", ""reconstruct@sample"", ""sample@distribution"", ""tile@sample""]",sequence_model_planning,walker2d-medium-expert,v2,main,107.4,0.9,512,0.0002,missing,512,4,0.99,15,missing,not_applicable,not_applicable,64,not_applicable,not_applicable,not_applicable,5,not_applicable,missing,missing,missing,missing,missing,arXiv:2208.10291 Table 1 [TAP] dataset as printed: walker2d-medium-expert,reported_mean_over_seeds,printed as 'Medium-Expert Walker2D'; ± is not defined in the caption (std or SE unstated); 5 seeds x 20 episodes
2208.10291,TAP,"[""concatenate@sample"", ""encode@input"", ""project@sample"", ""quantize@sample"", ""reconstruct@sample"", ""sample@distribution"", ""tile@sample""]",sequence_model_planning,halfcheetah-medium,v2,main,45.0,0.1,512,0.0002,missing,512,4,0.99,15,missing,not_applicable,not_applicable,64,not_applicable,not_applicable,not_applicable,5,not_applicable,missing,missing,missing,missing,missing,arXiv:2208.10291 Table 1 [TAP] dataset as printed: halfcheetah-medium,reported_mean_over_seeds,printed as 'Medium Halfcheetah'; ± is not defined in the caption (std or SE unstated); 5 seeds x 20 episodes
2208.10291,TAP,"[""concatenate@sample"", ""encode@input"", ""project@sample"", ""quantize@sample"", ""reconstruct@sample"", ""sample@distribution"", ""tile@sample""]",sequence_model_planning,hopper-medium,v2,main,63.4,1.4,512,0.0002,missing,512,4,0.99,15,missing,not_applicable,not_applicable,64,not_applicable,not_applicable,not_applicable,5,not_applicable,missing,missing,missing,missing,missing,arXiv:2208.10291 Table 1 [TAP] dataset as printed: hopper-medium,reported_mean_over_seeds,printed as 'Medium Hopper'; ± is not defined in the caption (std or SE unstated); 5 seeds x 20 episodes
2208.10291,TAP,"[""concatenate@sample"", ""encode@input"", ""project@sample"", ""quantize@sample"", ""reconstruct@sample"", ""sample@distribution"", ""tile@sample""]",sequence_model_planning,walker2d-medium,v2,main,64.9,2.1,512,0.0002,missing,512,4,0.99,15,missing,not_applicable,not_applicable,64,not_applicable,not_applicable,not_applicable,5,not_applicable,missing,missing,missing,missing,missing,arXiv:2208.10291 Table 1 [TAP] dataset as printed: walker2d-medium,reported_mean_over_seeds,printed as 'Medium Walker2D'; ± is not defined in the caption (std or SE unstated); 5 seeds x 20 episodes
2208.10291,TAP,"[""concatenate@sample"", ""encode@input"", ""project@sample"", ""quantize@sample"", ""reconstruct@sample"", ""sample@distribution"", ""tile@sample""]",sequence_model_planning,halfcheetah-medium-replay,v2,main,40.8,0.6,512,0.0002,missing,512,4,0.99,15,missing,not_applicable,not_applicable,64,not_applicable,not_applicable,not_applicable,5,not_applicable,missing,missing,missing,missing,missing,arXiv:2208.10291 Table 1 [TAP] dataset as printed: halfcheetah-medium-replay,reported_mean_over_seeds,printed as 'Medium-Replay Halfcheetah'; ± is not defined in the caption (std or SE unstated); 5 seeds x 20 episodes
2208.10291,TAP,"[""concatenate@sample"", ""encode@input"", ""project@sample"", ""quantize@sample"", ""reconstruct@sample"", ""sample@distribution"", ""tile@sample""]",sequence_model_planning,hopper-medium-replay,v2,main,87.3,2.3,512,0.0002,missing,512,4,0.99,15,missing,not_applicable,not_applicable,64,not_applicable,not_applicable,not_applicable,5,not_applicable,missing,missing,missing,missing,missing,arXiv:2208.10291 Table 1 [TAP] dataset as printed: hopper-medium-replay,reported_mean_over_seeds,printed as 'Medium-Replay Hopper'; ± is not defined in the caption (std or SE unstated); 5 seeds x 20 episodes
2208.10291,TAP,"[""concatenate@sample"", ""encode@input"", ""project@sample"", ""quantize@sample"", ""reconstruct@sample"", ""sample@distribution"", ""tile@sample""]",sequence_model_planning,walker2d-medium-replay,v2,main,66.8,3.1,512,0.0002,missing,512,4,0.99,15,missing,not_applicable,not_applicable,64,not_applicable,not_applicable,not_applicable,5,not_applicable,missing,missing,missing,missing,missing,arXiv:2208.10291 Table 1 [TAP] dataset as printed: walker2d-medium-replay,reported_mean_over_seeds,printed as 'Medium-Replay Walker2D'; ± is not defined in the caption (std or SE unstated); 5 seeds x 20 episodes
2208.10291,TAP,"[""concatenate@sample"", ""encode@input"", ""project@sample"", ""quantize@sample"", ""reconstruct@sample"", ""sample@distribution"", ""tile@sample""]",sequence_model_planning,halfcheetah-medium-expert,v2,horizon_3,91.74,,512,0.0002,missing,512,4,0.99,3,missing,not_applicable,not_applicable,64,not_applicable,not_applicable,not_applicable,5,not_applicable,missing,missing,missing,missing,missing,arXiv:2208.10291 Table 3 [TAP] dataset as printed: halfcheetah-medium-expert,reported_mean_over_seeds,planning-horizon ablation; no std; horizon=15 is the main setting
2208.10291,TAP,"[""concatenate@sample"", ""encode@input"", ""project@sample"", ""quantize@sample"", ""reconstruct@sample"", ""sample@distribution"", ""tile@sample""]",sequence_model_planning,halfcheetah-medium-expert,v2,horizon_9,91.17,,512,0.0002,missing,512,4,0.99,9,missing,not_applicable,not_applicable,64,not_applicable,not_applicable,not_applicable,5,not_applicable,missing,missing,missing,missing,missing,arXiv:2208.10291 Table 3 [TAP] dataset as printed: halfcheetah-medium-expert,reported_mean_over_seeds,planning-horizon ablation; no std; horizon=15 is the main setting
2208.10291,TAP,"[""concatenate@sample"", ""encode@input"", ""project@sample"", ""quantize@sample"", ""reconstruct@sample"", ""sample@distribution"", ""tile@sample""]",sequence_model_planning,halfcheetah-medium-expert,v2,horizon_21,90.6,,512,0.0002,missing,512,4,0.99,21,missing,not_applicable,not_applicable,64,not_applicable,not_applicable,not_applicable,5,not_applicable,missing,missing,missing,missing,missing,arXiv:2208.10291 Table 3 [TAP] dataset as printed: halfcheetah-medium-expert,reported_mean_over_seeds,planning-horizon ablation; no std; horizon=15 is the main setting
2208.10291,TAP,"[""concatenate@sample"", ""encode@input"", ""project@sample"", ""quantize@sample"", ""reconstruct@sample"", ""sample@distribution"", ""tile@sample""]",sequence_model_planning,hopper-medium-expert,v2,horizon_3,88.3,,512,0.0002,missing,512,4,0.99,3,missing,not_applicable,not_applicable,64,not_applicable,not_applicable,not_applicable,5,not_applicable,missing,missing,missing,missing,missing,arXiv:2208.10291 Table 3 [TAP] dataset as printed: hopper-medium-expert,reported_mean_over_seeds,planning-horizon ablation; no std; horizon=15 is the main setting
2208.10291,TAP,"[""concatenate@sample"", ""encode@input"", ""project@sample"", ""quantize@sample"", ""reconstruct@sample"", ""sample@distribution"", ""tile@sample""]",sequence_model_planning,hopper-medium-expert,v2,horizon_9,104.01,,512,0.0002,missing,512,4,0.99,9,missing,not_applicable,not_applicable,64,not_applicable,not_applicable,not_applicable,5,not_applicable,missing,missing,missing,missing,missing,arXiv:2208.10291 Table 3 [TAP] dataset as printed: hopper-medium-expert,reported_mean_over_seeds,planning-horizon ablation; no std; horizon=15 is the main setting
2208.10291,TAP,"[""concatenate@sample"", ""encode@input"", ""project@sample"", ""quantize@sample"", ""reconstruct@sample"", ""sample@distribution"", ""tile@sample""]",sequence_model_planning,hopper-medium-expert,v2,horizon_21,96.4,,512,0.0002,missing,512,4,0.99,21,missing,not_applicable,not_applicable,64,not_applicable,not_applicable,not_applicable,5,not_applicable,missing,missing,missing,missing,missing,arXiv:2208.10291 Table 3 [TAP] dataset as printed: hopper-medium-expert,reported_mean_over_seeds,planning-horizon ablation; no std; horizon=15 is the main setting
2208.10291,TAP,"[""concatenate@sample"", ""encode@input"", ""project@sample"", ""quantize@sample"", ""reconstruct@sample"", ""sample@distribution"", ""tile@sample""]",sequence_model_planning,walker2d-medium-expert,v2,horizon_3,99.4,,512,0.0002,missing,512,4,0.99,3,missing,not_applicable,not_applicable,64,not_applicable,not_applicable,not_applicable,5,not_applicable,missing,missing,missing,missing,missing,arXiv:2208.10291 Table 3 [TAP] dataset as printed: walker2d-medium-expert,reported_mean_over_seeds,planning-horizon ablation; no std; horizon=15 is the main setting
2208.10291,TAP,"[""concatenate@sample"", ""encode@input"", ""project@sample"", ""quantize@sample"", ""reconstruct@sample"", ""sample@distribution"", ""tile@sample""]",sequence_model_planning,walker2d-medium-expert,v2,horizon_9,107.25,,512,0.0002,missing,512,4,0.99,9,missing,not_applicable,not_applicable,64,not_applicable,not_applicable,not_applicable,5,not_applicable,missing,missing,missing,missing,missing,arXiv:2208.10291 Table 3 [TAP] dataset as printed: walker2d-medium-expert,reported_mean_over_seeds,planning-horizon ablation; no std; horizon=15 is the main setting
2208.10291,TAP,"[""concatenate@sample"", ""encode@input"", ""project@sample"", ""quantize@sample"", ""reconstruct@sample"", ""sample@distribution"", ""tile@sample""]",sequence_model_planning,walker2d-medium-expert,v2,horizon_21,108.82,,512,0.0002,missing,512,4,0.99,21,missing,not_applicable,not_applicable,64,not_applicable,not_applicable,not_applicable,5,not_applicable,missing,missing,missing,missing,missing,arXiv:2208.10291 Table 3 [TAP] dataset as printed: walker2d-medium-expert,reported_mean_over_seeds,planning-horizon ablation; no std; horizon=15 is the main setting
2208.10291,TAP,"[""concatenate@sample"", ""encode@input"", ""project@sample"", ""quantize@sample"", ""reconstruct@sample"", ""sample@distribution"", ""tile@sample""]",sequence_model_planning,halfcheetah-medium,v2,horizon_3,44.01,,512,0.0002,missing,512,4,0.99,3,missing,not_applicable,not_applicable,64,not_applicable,not_applicable,not_applicable,5,not_applicable,missing,missing,missing,missing,missing,arXiv:2208.10291 Table 3 [TAP] dataset as printed: halfcheetah-medium,reported_mean_over_seeds,planning-horizon ablation; no std; horizon=15 is the main setting
2208.10291,TAP,"[""concatenate@sample"", ""encode@input"", ""project@sample"", ""quantize@sample"", ""reconstruct@sample"", ""sample@distribution"", ""tile@sample""]",sequence_model_planning,halfcheetah-medium,v2,horizon_9,44.98,,512,0.0002,missing,512,4,0.99,9,missing,not_applicable,not_applicable,64,not_applicable,not_applicable,not_applicable,5,not_applicable,missing,missing,missing,missing,missing,arXiv:2208.10291 Table 3 [TAP] dataset as printed: halfcheetah-medium,reported_mean_over_seeds,planning-horizon ablation; no std; horizon=15 is the main setting
2208.10291,TAP,"[""concatenate@sample"", ""encode@input"", ""project@sample"", ""quantize@sample"", ""reconstruct@sample"", ""sample@distribution"", ""tile@sample""]",sequence_model_planning,halfcheetah-medium,v2,horizon_21,44.7,,512,0.0002,missing,512,4,0.99,21,missing,not_applicable,not_applicable,64,not_applicable,not_applicable,not_applicable,5,not_applicable,missing,missing,missing,missing,missing,arXiv:2208.10291 Table 3 [TAP] dataset as printed: halfcheetah-medium,reported_mean_over_seeds,planning-horizon ablation; no std; horizon=15 is the main setting
2208.10291,TAP,"[""concatenate@sample"", ""encode@input"", ""project@sample"", ""quantize@sample"", ""reconstruct@sample"", ""sample@distribution"", ""tile@sample""]",sequence_model_planning,hopper-medium,v2,horizon_3,49.7,,512,0.0002,missing,512,4,0.99,3,missing,not_applicable,not_applicable,64,not_applicable,not_applicable,not_applicable,5,not_applicable,missing,missing,missing,missing,missing,arXiv:2208.10291 Table 3 [TAP] dataset as printed: hopper-medium,reported_mean_over_seeds,planning-horizon ablation; no std; horizon=15 is the main setting
2208.10291,TAP,"[""concatenate@sample"", ""encode@input"", ""project@sample"", ""quantize@sample"", ""reconstruct@sample"", ""sample@distribution"", ""tile@sample""]",sequence_model_planning,hopper-medium,v2,horizon_9,64.44,,512,0.0002,missing,512,4,0.99,9,missing,not_applicable,not_applicable,64,not_applicable,not_applicable,not_applicable,5,not_applicable,missing,missing,missing,missing,missing,arXiv:2208.10291 Table 3 [TAP] dataset as printed: hopper-medium,reported_mean_over_seeds,planning-horizon ablation; no std; horizon=15 is the main setting
2208.10291,TAP,"[""concatenate@sample"", ""encode@input"", ""project@sample"", ""quantize@sample"", ""reconstruct@sample"", ""sample@distribution"", ""tile@sample""]",sequence_model_planning,hopper-medium,v2,horizon_21,66.7,,512,0.0002,missing,512,4,0.99,21,missing,not_applicable,not_applicable,64,not_applicable,not_applicable,not_applicable,5,not_applicable,missing,missing,missing,missing,missing,arXiv:2208.10291 Table 3 [TAP] dataset as printed: hopper-medium,reported_mean_over_seeds,planning-horizon ablation; no std; horizon=15 is the main setting
2208.10291,TAP,"[""concatenate@sample"", ""encode@input"", ""project@sample"", ""quantize@sample"", ""reconstruct@sample"", ""sample@distribution"", ""tile@sample""]",sequence_model_planning,walker2d-medium,v2,horizon_3,65.04,,512,0.0002,missing,512,4,0.99,3,missing,not_applicable,not_applicable,64,not_applicable,not_applicable,not_applicable,5,not_applicable,missing,missing,missing,missing,missing,arXiv:2208.10291 Table 3 [TAP] dataset as printed: walker2d-medium,reported_mean_over_seeds,planning-horizon ablation; no std; horizon=15 is the main setting
2208.10291,TAP,"[""concatenate@sample"", ""encode@input"", ""project@sample"", ""quantize@sample"", ""reconstruct@sample"", ""sample@distribution"", ""tile@sample""]",sequence_model_planning,walker2d-medium,v2,horizon_9,63.21,,512,0.0002,missing,512,4,0.99,9,missing,not_applicable,not_applicable,64,not_applicable,not_applicable,not_applicable,5,not_applicable,missing,missing,missing,missing,missing,arXiv:2208.10291 Table 3 [TAP] dataset as printed: walker2d-medium,reported_mean_over_seeds,planning-horizon ablation; no std; horizon=15 is the main setting
2208.10291,TAP,"[""concatenate@sample"", ""encode@input"", ""project@sample"", ""quantize@sample"", ""reconstruct@sample"", ""sample@distribution"", ""tile@sample""]",sequence_model_planning,walker2d-medium,v2,horizon_21,52.03,,512,0.0002,missing,512,4,0.99,21,missing,not_applicable,not_applicable,64,not_applicable,not_applicable,not_applicable,5,not_applicable,missing,missing,missing,missing,missing,arXiv:2208.10291 Table 3 [TAP] dataset as printed: walker2d-medium,reported_mean_over_seeds,planning-horizon ablation; no std; horizon=15 is the main setting
2208.10291,TAP,"[""concatenate@sample"", ""encode@input"", ""project@sample"", ""quantize@sample"", ""reconstruct@sample"", ""sample@distribution"", ""tile@sample""]",sequence_model_planning,halfcheetah-medium-replay,v2,horizon_3,40.59,,512,0.0002,missing,512,4,0.99,3,missing,not_applicable,not_applicable,64,not_applicable,not_applicable,not_applicable,5,not_applicable,missing,missing,missing,missing,missing,arXiv:2208.10291 Table 3 [TAP] dataset as printed: halfcheetah-medium-replay,reported_mean_over_seeds,planning-horizon ablation; no std; horizon=15 is the main setting
2208.10291,TAP,"[""concatenate@sample"", ""encode@input"", ""project@sample"", ""quantize@sample"", ""reconstruct@sample"", ""sample@distribution"", ""tile@sample""]",sequence_model_planning,halfcheetah-medium-replay,v2,horizon_9,41.51,,512,0.0002,missing,512,4,0.99,9,missing,not_applicable,not_applicable,64,not_applicable,not_applicable,not_applicable,5,not_applicable,missing,missing,missing,missing,missing,arXiv:2208.10291 Table 3 [TAP] dataset as printed: halfcheetah-medium-replay,reported_mean_over_seeds,planning-horizon ablation; no std; horizon=15 is the main setting
2208.10291,TAP,"[""concatenate@sample"", ""encode@input"", ""project@sample"", ""quantize@sample"", ""reconstruct@sample"", ""sample@distribution"", ""tile@sample""]",sequence_model_planning,halfcheetah-medium-replay,v2,horizon_21,41.36,,512,0.0002,missing,512,4,0.99,21,missing,not_applicable,not_applicable,64,not_applicable,not_applicable,not_applicable,5,not_applicable,missing,missing,missing,missing,missing,arXiv:2208.10291 Table 3 [TAP] dataset as printed: halfcheetah-medium-replay,reported_mean_over_seeds,planning-horizon ablation; no std; horizon=15 is the main setting
2208.10291,TAP,"[""concatenate@sample"", ""encode@input"", ""project@sample"", ""quantize@sample"", ""reconstruct@sample"", ""sample@distribution"", ""tile@sample""]",sequence_model_planning,hopper-medium-replay,v2,horizon_3,29.39,,512,0.0002,missing,512,4,0.99,3,missing,not_applicable,not_applicable,64,not_applicable,not_applicable,not_applicable,5,not_applicable,missing,missing,missing,missing,missing,arXiv:2208.10291 Table 3 [TAP] dataset as printed: hopper-medium-replay,reported_mean_over_seeds,planning-horizon ablation; no std; horizon=15 is the main setting
2208.10291,TAP,"[""concatenate@sample"", ""encode@input"", ""project@sample"", ""quantize@sample"", ""reconstruct@sample"", ""sample@distribution"", ""tile@sample""]",sequence_model_planning,hopper-medium-replay,v2,horizon_9,90.17,,512,0.0002,missing,512,4,0.99,9,missing,not_applicable,not_applicable,64,not_applicable,not_applicable,not_applicable,5,not_applicable,missing,missing,missing,missing,missing,arXiv:2208.10291 Table 3 [TAP] dataset as printed: hopper-medium-replay,reported_mean_over_seeds,planning-horizon ablation; no std; horizon=15 is the main setting
2208.10291,TAP,"[""concatenate@sample"", ""encode@input"", ""project@sample"", ""quantize@sample"", ""reconstruct@sample"", ""sample@distribution"", ""tile@sample""]",sequence_model_planning,hopper-medium-replay,v2,horizon_21,96.35,,512,0.0002,missing,512,4,0.99,21,missing,not_applicable,not_applicable,64,not_applicable,not_applicable,not_applicable,5,not_applicable,missing,missing,missing,missing,missing,arXiv:2208.10291 Table 3 [TAP] dataset as printed: hopper-medium-replay,reported_mean_over_seeds,planning-horizon ablation; no std; horizon=15 is the main setting
2208.10291,TAP,"[""concatenate@sample"", ""encode@input"", ""project@sample"", ""quantize@sample"", ""reconstruct@sample"", ""sample@distribution"", ""tile@sample""]",sequence_model_planning,walker2d-medium-replay,v2,horizon_3,57.58,,512,0.0002,missing,512,4,0.99,3,missing,not_applicable,not_applicable,64,not_applicable,not_applicable,not_applicable,5,not_applicable,missing,missing,missing,missing,missing,arXiv:2208.10291 Table 3 [TAP] dataset as printed: walker2d-medium-replay,reported_mean_over_seeds,planning-horizon ablation; no std; horizon=15 is the main setting
2208.10291,TAP,"[""concatenate@sample"", ""encode@input"", ""project@sample"", ""quantize@sample"", ""reconstruct@sample"", ""sample@distribution"", ""tile@sample""]",sequence_model_planning,walker2d-medium-replay,v2,horizon_9,58.41,,512,0.0002,missing,512,4,0.99,9,missing,not_applicable,not_applicable,64,not_applicable,not_applicable,not_applicable,5,not_applicable,missing,missing,missing,missing,missing,arXiv:2208.10291 Table 3 [TAP] dataset as printed: walker2d-medium-replay,reported_mean_over_seeds,planning-horizon ablation; no std; horizon=15 is the main setting
2208.10291,TAP,"[""concatenate@sample"", ""encode@input"", ""project@sample"", ""quantize@sample"", ""reconstruct@sample"", ""sample@distribution"", ""tile@sample""]",sequence_model_planning,walker2d-medium-replay,v2,horizon_21,69.25,,512,0.0002,missing,512,4,0.99,21,missing,not_applicable,not_applicable,64,not_applicable,not_applicable,not_applicable,5,not_applicable,missing,missing,missing,missing,missing,arXiv:2208.10291 Table 3 [TAP] dataset as printed: walker2d-medium-replay,reported_mean_over_seeds,planning-horizon ablation; no std; horizon=15 is the main setting
phase23_ddim_sweep,Diffuser,"[""predict@trajectory"", ""reconstruct@trajectory"", ""sample@trajectory""]",diffusion_planning,halfcheetah-medium,v2,ddim-2,38.95,0.23,32,4e-05,800000,missing,missing,0.997,4,not_applicable,2,0.001,64,not_applicable,not_applicable,not_applicable,3,ddim,last,missing,missing,missing,missing,"phase23/results_collected.csv env=halfcheetah-medium-v2 sampler=ddim steps=2, mean of seeds 0-2 x100",own_run_mean_over_seeds,"Phase 23 pilot rows: gymnasium v4 dynamics with D4RL v2 data (see phase23_results.md); pretrained Diffuser checkpoint, 1000-step episodes"
phase23_ddim_sweep,Diffuser,"[""predict@trajectory"", ""reconstruct@trajectory"", ""sample@trajectory""]",diffusion_planning,halfcheetah-medium,v2,ddim-5,40.93,1.38,32,4e-05,800000,missing,missing,0.997,4,not_applicable,5,0.001,64,not_applicable,not_applicable,not_applicable,3,ddim,last,missing,missing,missing,missing,"phase23/results_collected.csv env=halfcheetah-medium-v2 sampler=ddim steps=5, mean of seeds 0-2 x100",own_run_mean_over_seeds,"Phase 23 pilot rows: gymnasium v4 dynamics with D4RL v2 data (see phase23_results.md); pretrained Diffuser checkpoint, 1000-step episodes"
phase23_ddim_sweep,Diffuser,"[""predict@trajectory"", ""reconstruct@trajectory"", ""sample@trajectory""]",diffusion_planning,halfcheetah-medium,v2,ddim-10,42.32,0.26,32,4e-05,800000,missing,missing,0.997,4,not_applicable,10,0.001,64,not_applicable,not_applicable,not_applicable,3,ddim,last,missing,missing,missing,missing,"phase23/results_collected.csv env=halfcheetah-medium-v2 sampler=ddim steps=10, mean of seeds 0-2 x100",own_run_mean_over_seeds,"Phase 23 pilot rows: gymnasium v4 dynamics with D4RL v2 data (see phase23_results.md); pretrained Diffuser checkpoint, 1000-step episodes"
phase23_ddim_sweep,Diffuser,"[""predict@trajectory"", ""reconstruct@trajectory"", ""sample@trajectory""]",diffusion_planning,halfcheetah-medium,v2,ddim-20,42.43,0.56,32,4e-05,800000,missing,missing,0.997,4,not_applicable,20,0.001,64,not_applicable,not_applicable,not_applicable,3,ddim,last,missing,missing,missing,missing,"phase23/results_collected.csv env=halfcheetah-medium-v2 sampler=ddim steps=20, mean of seeds 0-2 x100",own_run_mean_over_seeds,"Phase 23 pilot rows: gymnasium v4 dynamics with D4RL v2 data (see phase23_results.md); pretrained Diffuser checkpoint, 1000-step episodes"
phase23_ddim_sweep,Diffuser,"[""predict@trajectory"", ""reconstruct@trajectory"", ""sample@trajectory""]",diffusion_planning,halfcheetah-medium,v2,ddpm-20,43.15,1.55,32,4e-05,800000,missing,missing,0.997,4,not_applicable,20,0.001,64,not_applicable,not_applicable,not_applicable,3,ddpm,last,missing,missing,missing,missing,"phase23/results_collected.csv env=halfcheetah-medium-v2 sampler=ddpm steps=20, mean of seeds 0-2 x100",own_run_mean_over_seeds,"Phase 23 pilot rows: gymnasium v4 dynamics with D4RL v2 data (see phase23_results.md); pretrained Diffuser checkpoint, 1000-step episodes"
phase23_ddim_sweep,Diffuser,"[""predict@trajectory"", ""reconstruct@trajectory"", ""sample@trajectory""]",diffusion_planning,hopper-medium,v2,ddim-2,53.82,11.85,32,4e-05,800000,missing,missing,0.997,32,not_applicable,2,0.1,64,not_applicable,not_applicable,not_applicable,3,ddim,last,missing,missing,missing,missing,"phase23/results_collected.csv env=hopper-medium-v2 sampler=ddim steps=2, mean of seeds 0-2 x100",own_run_mean_over_seeds,"Phase 23 pilot rows: gymnasium v4 dynamics with D4RL v2 data (see phase23_results.md); pretrained Diffuser checkpoint, 1000-step episodes"
phase23_ddim_sweep,Diffuser,"[""predict@trajectory"", ""reconstruct@trajectory"", ""sample@trajectory""]",diffusion_planning,hopper-medium,v2,ddim-5,62.08,8.14,32,4e-05,800000,missing,missing,0.997,32,not_applicable,5,0.1,64,not_applicable,not_applicable,not_applicable,3,ddim,last,missing,missing,missing,missing,"phase23/results_collected.csv env=hopper-medium-v2 sampler=ddim steps=5, mean of seeds 0-2 x100",own_run_mean_over_seeds,"Phase 23 pilot rows: gymnasium v4 dynamics with D4RL v2 data (see phase23_results.md); pretrained Diffuser checkpoint, 1000-step episodes"
phase23_ddim_sweep,Diffuser,"[""predict@trajectory"", ""reconstruct@trajectory"", ""sample@trajectory""]",diffusion_planning,hopper-medium,v2,ddim-10,83.47,16.37,32,4e-05,800000,missing,missing,0.997,32,not_applicable,10,0.1,64,not_applicable,not_applicable,not_applicable,3,ddim,last,missing,missing,missing,missing,"phase23/results_collected.csv env=hopper-medium-v2 sampler=ddim steps=10, mean of seeds 0-2 x100",own_run_mean_over_seeds,"Phase 23 pilot rows: gymnasium v4 dynamics with D4RL v2 data (see phase23_results.md); pretrained Diffuser checkpoint, 1000-step episodes"
phase23_ddim_sweep,Diffuser,"[""predict@trajectory"", ""reconstruct@trajectory"", ""sample@trajectory""]",diffusion_planning,hopper-medium,v2,ddim-20,50.51,5.43,32,4e-05,800000,missing,missing,0.997,32,not_applicable,20,0.1,64,not_applicable,not_applicable,not_applicable,3,ddim,last,missing,missing,missing,missing,"phase23/results_collected.csv env=hopper-medium-v2 sampler=ddim steps=20, mean of seeds 0-2 x100",own_run_mean_over_seeds,"Phase 23 pilot rows: gymnasium v4 dynamics with D4RL v2 data (see phase23_results.md); pretrained Diffuser checkpoint, 1000-step episodes"
phase23_ddim_sweep,Diffuser,"[""predict@trajectory"", ""reconstruct@trajectory"", ""sample@trajectory""]",diffusion_planning,hopper-medium,v2,ddpm-20,47.53,5.63,32,4e-05,800000,missing,missing,0.997,32,not_applicable,20,0.1,64,not_applicable,not_applicable,not_applicable,3,ddpm,last,missing,missing,missing,missing,"phase23/results_collected.csv env=hopper-medium-v2 sampler=ddpm steps=20, mean of seeds 0-2 x100",own_run_mean_over_seeds,"Phase 23 pilot rows: gymnasium v4 dynamics with D4RL v2 data (see phase23_results.md); pretrained Diffuser checkpoint, 1000-step episodes"
phase23_ddim_sweep,Diffuser,"[""predict@trajectory"", ""reconstruct@trajectory"", ""sample@trajectory""]",diffusion_planning,walker2d-medium,v2,ddim-2,55.36,24.89,32,4e-05,800000,missing,missing,0.997,32,not_applicable,2,0.1,64,not_applicable,not_applicable,not_applicable,3,ddim,last,missing,missing,missing,missing,"phase23/results_collected.csv env=walker2d-medium-v2 sampler=ddim steps=2, mean of seeds 0-2 x100",own_run_mean_over_seeds,"Phase 23 pilot rows: gymnasium v4 dynamics with D4RL v2 data (see phase23_results.md); pretrained Diffuser checkpoint, 1000-step episodes"
phase23_ddim_sweep,Diffuser,"[""predict@trajectory"", ""reconstruct@trajectory"", ""sample@trajectory""]",diffusion_planning,walker2d-medium,v2,ddim-5,77.35,10.25,32,4e-05,800000,missing,missing,0.997,32,not_applicable,5,0.1,64,not_applicable,not_applicable,not_applicable,3,ddim,last,missing,missing,missing,missing,"phase23/results_collected.csv env=walker2d-medium-v2 sampler=ddim steps=5, mean of seeds 0-2 x100",own_run_mean_over_seeds,"Phase 23 pilot rows: gymnasium v4 dynamics with D4RL v2 data (see phase23_results.md); pretrained Diffuser checkpoint, 1000-step episodes"
phase23_ddim_sweep,Diffuser,"[""predict@trajectory"", ""reconstruct@trajectory"", ""sample@trajectory""]",diffusion_planning,walker2d-medium,v2,ddim-10,75.54,16.37,32,4e-05,800000,missing,missing,0.997,32,not_applicable,10,0.1,64,not_applicable,not_applicable,not_applicable,3,ddim,last,missing,missing,missing,missing,"phase23/results_collected.csv env=walker2d-medium-v2 sampler=ddim steps=10, mean of seeds 0-2 x100",own_run_mean_over_seeds,"Phase 23 pilot rows: gymnasium v4 dynamics with D4RL v2 data (see phase23_results.md); pretrained Diffuser checkpoint, 1000-step episodes"
phase23_ddim_sweep,Diffuser,"[""predict@trajectory"", ""reconstruct@trajectory"", ""sample@trajectory""]",diffusion_planning,walker2d-medium,v2,ddim-20,57.82,20.94,32,4e-05,800000,missing,missing,0.997,32,not_applicable,20,0.1,64,not_applicable,not_applicable,not_applicable,3,ddim,last,missing,missing,missing,missing,"phase23/results_collected.csv env=walker2d-medium-v2 sampler=ddim steps=20, mean of seeds 0-2 x100",own_run_mean_over_seeds,"Phase 23 pilot rows: gymnasium v4 dynamics with D4RL v2 data (see phase23_results.md); pretrained Diffuser checkpoint, 1000-step episodes"
phase23_ddim_sweep,Diffuser,"[""predict@trajectory"", ""reconstruct@trajectory"", ""sample@trajectory""]",diffusion_planning,walker2d-medium,v2,ddpm-20,71.49,13.6,32,4e-05,800000,missing,missing,0.997,32,not_applicable,20,0.1,64,not_applicable,not_applicable,not_applicable,3,ddpm,last,missing,missing,missing,missing,"phase23/results_collected.csv env=walker2d-medium-v2 sampler=ddpm steps=20, mean of seeds 0-2 x100",own_run_mean_over_seeds,"Phase 23 pilot rows: gymnasium v4 dynamics with D4RL v2 data (see phase23_results.md); pretrained Diffuser checkpoint, 1000-step episodes"
